{"type":"FeatureCollection","features":[{"type":"Feature","properties":{"id":"R0001","name":"Tambaram - Mudichur - Sriperumbudur Road","highway":"primary","osm_way":1550494061,"width_m":16.0,"length_m":12.4,"surface_area":197.7,"catchment_m2":939.0,"inlet_capacity_lps":14.4,"nearest_drain":"MH-014","from_node":"J294084846","to_node":"J3871662040"},"geometry":{"type":"LineString","coordinates":[[80.093361,12.921817],[80.093472,12.921846]]}},{"type":"Feature","properties":{"id":"R0002","name":"Tambaram - Mudichur - Sriperumbudur Road","highway":"primary","osm_way":1550494061,"width_m":16.0,"length_m":178.6,"surface_area":2857.8,"catchment_m2":13574.8,"inlet_capacity_lps":86.4,"nearest_drain":"MH-025","from_node":"J809418210","to_node":"J3875896663"},"geometry":{"type":"LineString","coordinates":[[80.095807,12.922537],[80.096232,12.922788],[80.096615,12.923031],[80.097005,12.923265],[80.097206,12.923386]]}},{"type":"Feature","properties":{"id":"R0003","name":"Tambaram - Mudichur - Sriperumbudur Road","highway":"primary","osm_way":1550494061,"width_m":16.0,"length_m":44.8,"surface_area":716.2,"catchment_m2":3401.9,"inlet_capacity_lps":14.4,"nearest_drain":"MH-024","from_node":"J2184983141","to_node":"J2184983143"},"geometry":{"type":"LineString","coordinates":[[80.094778,12.922202],[80.094934,12.922241],[80.095178,12.922302]]}},{"type":"Feature","properties":{"id":"R0004","name":"Tambaram - Mudichur - Sriperumbudur Road","highway":"primary","osm_way":1550494061,"width_m":16.0,"length_m":73.1,"surface_area":1170.1,"catchment_m2":5557.9,"inlet_capacity_lps":28.8,"nearest_drain":"MH-025","from_node":"J2184983143","to_node":"J809418210"},"geometry":{"type":"LineString","coordinates":[[80.095178,12.922302],[80.095333,12.922347],[80.095394,12.922372],[80.095605,12.92245],[80.095807,12.922537]]}},{"type":"Feature","properties":{"id":"R0005","name":"Tambaram - Mudichur - Sriperumbudur Road","highway":"primary","osm_way":313544483,"width_m":16.0,"length_m":106.9,"surface_area":1711.0,"catchment_m2":8127.2,"inlet_capacity_lps":57.6,"nearest_drain":"MH-013","from_node":"J2185019758","to_node":"J294084846"},"geometry":{"type":"LineString","coordinates":[[80.092401,12.921595],[80.093361,12.921817]]}},{"type":"Feature","properties":{"id":"R0006","name":"Tambaram - Mudichur - Sriperumbudur Road","highway":"primary","osm_way":1550494061,"width_m":16.0,"length_m":73.7,"surface_area":1179.5,"catchment_m2":5602.6,"inlet_capacity_lps":28.8,"nearest_drain":"MH-024","from_node":"J3871662040","to_node":"J3876480963"},"geometry":{"type":"LineString","coordinates":[[80.093472,12.921846],[80.094124,12.922031]]}},{"type":"Feature","properties":{"id":"R0007","name":"Tambaram - Mudichur - Sriperumbudur Road","highway":"primary","osm_way":1369891461,"width_m":16.0,"length_m":49.5,"surface_area":792.6,"catchment_m2":3765.1,"inlet_capacity_lps":28.8,"nearest_drain":"MH-054","from_node":"J3871662045","to_node":"J12818578382"},"geometry":{"type":"LineString","coordinates":[[80.098532,12.924282],[80.098728,12.924381],[80.098917,12.924475],[80.098939,12.924485]]}},{"type":"Feature","properties":{"id":"R0008","name":"Tambaram - Mudichur - Sriperumbudur Road","highway":"primary","osm_way":1369891461,"width_m":16.0,"length_m":70.4,"surface_area":1125.7,"catchment_m2":5347.0,"inlet_capacity_lps":28.8,"nearest_drain":"MH-040","from_node":"J3875896138","to_node":"J3871662045"},"geometry":{"type":"LineString","coordinates":[[80.097999,12.923921],[80.098116,12.924012],[80.098427,12.924215],[80.098532,12.924282]]}},{"type":"Feature","properties":{"id":"R0009","name":"Tambaram - Mudichur - Sriperumbudur Road","highway":"primary","osm_way":1369891464,"width_m":16.0,"length_m":10.1,"surface_area":161.4,"catchment_m2":766.6,"inlet_capacity_lps":14.4,"nearest_drain":"MH-040","from_node":"J3875896663","to_node":"J9691340437"},"geometry":{"type":"LineString","coordinates":[[80.097206,12.923386],[80.097267,12.923427],[80.097283,12.923438]]}},{"type":"Feature","properties":{"id":"R0010","name":"Tambaram - Mudichur - Sriperumbudur Road","highway":"primary","osm_way":1550494061,"width_m":16.0,"length_m":35.1,"surface_area":560.9,"catchment_m2":2664.4,"inlet_capacity_lps":14.4,"nearest_drain":"MH-024","from_node":"J3876480963","to_node":"J3876480967"},"geometry":{"type":"LineString","coordinates":[[80.094124,12.922031],[80.094437,12.922111]]}},{"type":"Feature","properties":{"id":"R0011","name":"Tambaram - Mudichur - Sriperumbudur Road","highway":"primary","osm_way":1550494061,"width_m":16.0,"length_m":38.2,"surface_area":611.9,"catchment_m2":2906.5,"inlet_capacity_lps":14.4,"nearest_drain":"MH-024","from_node":"J3876480967","to_node":"J2184983141"},"geometry":{"type":"LineString","coordinates":[[80.094437,12.922111],[80.094721,12.922188],[80.094778,12.922202]]}},{"type":"Feature","properties":{"id":"R0012","name":"Tambaram - Mudichur - Sriperumbudur Road","highway":"primary","osm_way":313544483,"width_m":16.0,"length_m":85.9,"surface_area":1373.9,"catchment_m2":6525.9,"inlet_capacity_lps":43.2,"nearest_drain":"MH-001","from_node":"J6307353103","to_node":"J11648599006"},"geometry":{"type":"LineString","coordinates":[[80.088339,12.92033],[80.088489,12.920432],[80.08902,12.920723]]}},{"type":"Feature","properties":{"id":"R0013","name":"Tambaram - Mudichur - Sriperumbudur Road","highway":"primary","osm_way":1369891461,"width_m":16.0,"length_m":22.4,"surface_area":358.0,"catchment_m2":1700.4,"inlet_capacity_lps":14.4,"nearest_drain":"MH-055","from_node":"J6771848357","to_node":"J3871662046"},"geometry":{"type":"LineString","coordinates":[[80.099674,12.924804],[80.09986,12.924892]]}},{"type":"Feature","properties":{"id":"R0014","name":"Tambaram - Mudichur - Sriperumbudur Road","highway":"primary","osm_way":313544483,"width_m":16.0,"length_m":301.3,"surface_area":4820.4,"catchment_m2":22896.9,"inlet_capacity_lps":144.0,"nearest_drain":"MH-002","from_node":"J6771848358","to_node":"J2185019758"},"geometry":{"type":"LineString","coordinates":[[80.089706,12.920933],[80.091594,12.921373],[80.092401,12.921595]]}},{"type":"Feature","properties":{"id":"R0015","name":"Tambaram - Mudichur - Sriperumbudur Road","highway":"primary","osm_way":1369891460,"width_m":16.0,"length_m":24.6,"surface_area":393.2,"catchment_m2":1867.8,"inlet_capacity_lps":14.4,"nearest_drain":"MH-055","from_node":"J6771862069","to_node":"J6771862070"},"geometry":{"type":"LineString","coordinates":[[80.099892,12.924823],[80.099686,12.924731]]}},{"type":"Feature","properties":{"id":"R0016","name":"Tambaram - Mudichur - Sriperumbudur Road","highway":"primary","osm_way":1369891460,"width_m":16.0,"length_m":85.0,"surface_area":1359.4,"catchment_m2":6457.2,"inlet_capacity_lps":43.2,"nearest_drain":"MH-055","from_node":"J6771862070","to_node":"J6771862072"},"geometry":{"type":"LineString","coordinates":[[80.099686,12.924731],[80.099599,12.924685],[80.098965,12.924432]]}},{"type":"Feature","properties":{"id":"R0017","name":"Tambaram - Mudichur - Sriperumbudur Road","highway":"primary","osm_way":1369891460,"width_m":16.0,"length_m":98.1,"surface_area":1568.8,"catchment_m2":7451.8,"inlet_capacity_lps":43.2,"nearest_drain":"MH-054","from_node":"J6771862072","to_node":"J6771862076"},"geometry":{"type":"LineString","coordinates":[[80.098965,12.924432],[80.098764,12.924313],[80.098571,12.924216],[80.09847,12.924152],[80.098197,12.923968]]}},{"type":"Feature","properties":{"id":"R0018","name":"Tambaram - Mudichur - Sriperumbudur Road","highway":"primary","osm_way":1369891460,"width_m":16.0,"length_m":97.9,"surface_area":1567.1,"catchment_m2":7443.7,"inlet_capacity_lps":43.2,"nearest_drain":"MH-054","from_node":"J6771862076","to_node":"J12686568072"},"geometry":{"type":"LineString","coordinates":[[80.098197,12.923968],[80.098045,12.92386],[80.097672,12.923608],[80.097457,12.923463]]}},{"type":"Feature","properties":{"id":"R0019","name":"Tambaram - Mudichur - Sriperumbudur Road","highway":"primary","osm_way":1476152060,"width_m":16.0,"length_m":9.9,"surface_area":158.7,"catchment_m2":754.0,"inlet_capacity_lps":14.4,"nearest_drain":"MH-040","from_node":"J6771862079","to_node":"J6771862080"},"geometry":{"type":"LineString","coordinates":[[80.097312,12.923364],[80.097234,12.923318]]}},{"type":"Feature","properties":{"id":"R0020","name":"Tambaram - Mudichur - Sriperumbudur Road","highway":"primary","osm_way":1550494059,"width_m":16.0,"length_m":24.2,"surface_area":387.3,"catchment_m2":1839.6,"inlet_capacity_lps":14.4,"nearest_drain":"MH-040","from_node":"J6771862080","to_node":"J6771862081"},"geometry":{"type":"LineString","coordinates":[[80.097234,12.923318],[80.097046,12.923201]]}},{"type":"Feature","properties":{"id":"R0021","name":"Tambaram - Mudichur - Sriperumbudur Road","highway":"primary","osm_way":1550494059,"width_m":16.0,"length_m":153.6,"surface_area":2458.0,"catchment_m2":11675.4,"inlet_capacity_lps":72.0,"nearest_drain":"MH-025","from_node":"J6771862081","to_node":"J6771862084"},"geometry":{"type":"LineString","coordinates":[[80.097046,12.923201],[80.096657,12.922966],[80.096274,12.922723],[80.095844,12.922469]]}},{"type":"Feature","properties":{"id":"R0022","name":"Tambaram - Mudichur - Sriperumbudur Road","highway":"primary","osm_way":1550494059,"width_m":16.0,"length_m":49.3,"surface_area":788.4,"catchment_m2":3744.9,"inlet_capacity_lps":28.8,"nearest_drain":"MH-025","from_node":"J6771862084","to_node":"J6771862086"},"geometry":{"type":"LineString","coordinates":[[80.095844,12.922469],[80.095635,12.92238],[80.095423,12.922301]]}},{"type":"Feature","properties":{"id":"R0023","name":"Tambaram - Mudichur - Sriperumbudur Road","highway":"primary","osm_way":1550494059,"width_m":16.0,"length_m":44.7,"surface_area":716.0,"catchment_m2":3400.8,"inlet_capacity_lps":14.4,"nearest_drain":"MH-024","from_node":"J6771862086","to_node":"J6771862089"},"geometry":{"type":"LineString","coordinates":[[80.095423,12.922301],[80.09536,12.922275],[80.095199,12.922228],[80.095028,12.922187]]}},{"type":"Feature","properties":{"id":"R0024","name":"Tambaram - Mudichur - Sriperumbudur Road","highway":"primary","osm_way":1550494059,"width_m":16.0,"length_m":25.8,"surface_area":413.2,"catchment_m2":1962.9,"inlet_capacity_lps":14.4,"nearest_drain":"MH-024","from_node":"J6771862089","to_node":"J6771862090"},"geometry":{"type":"LineString","coordinates":[[80.095028,12.922187],[80.094797,12.922128]]}},{"type":"Feature","properties":{"id":"R0025","name":"Tambaram - Mudichur - Sriperumbudur Road","highway":"primary","osm_way":1550494059,"width_m":16.0,"length_m":38.1,"surface_area":609.9,"catchment_m2":2897.1,"inlet_capacity_lps":14.4,"nearest_drain":"MH-024","from_node":"J6771862090","to_node":"J6771862092"},"geometry":{"type":"LineString","coordinates":[[80.094797,12.922128],[80.094741,12.922114],[80.094458,12.922037]]}},{"type":"Feature","properties":{"id":"R0026","name":"Tambaram - Mudichur - Sriperumbudur Road","highway":"primary","osm_way":1550494059,"width_m":16.0,"length_m":107.9,"surface_area":1726.2,"catchment_m2":8199.4,"inlet_capacity_lps":57.6,"nearest_drain":"MH-024","from_node":"J6771862092","to_node":"J6771862094"},"geometry":{"type":"LineString","coordinates":[[80.094458,12.922037],[80.094145,12.921958],[80.093926,12.9219],[80.093497,12.921785]]}},{"type":"Feature","properties":{"id":"R0027","name":"Tambaram - Mudichur - Sriperumbudur Road","highway":"primary","osm_way":721905363,"width_m":16.0,"length_m":13.0,"surface_area":207.7,"catchment_m2":986.6,"inlet_capacity_lps":14.4,"nearest_drain":"MH-014","from_node":"J6771862094","to_node":"J14102508414"},"geometry":{"type":"LineString","coordinates":[[80.093497,12.921785],[80.093409,12.921765],[80.09338,12.921758]]}},{"type":"Feature","properties":{"id":"R0028","name":"Tambaram - Mudichur - Sriperumbudur Road","highway":"primary","osm_way":721905363,"width_m":16.0,"length_m":85.6,"surface_area":1370.3,"catchment_m2":6508.8,"inlet_capacity_lps":43.2,"nearest_drain":"MH-013","from_node":"J6771862096","to_node":"J6771862097"},"geometry":{"type":"LineString","coordinates":[[80.092428,12.921511],[80.091663,12.921317]]}},{"type":"Feature","properties":{"id":"R0029","name":"Tambaram - Mudichur - Sriperumbudur Road","highway":"primary","osm_way":721905363,"width_m":16.0,"length_m":33.9,"surface_area":542.3,"catchment_m2":2575.9,"inlet_capacity_lps":14.4,"nearest_drain":"MH-012","from_node":"J6771862097","to_node":"J7799828608"},"geometry":{"type":"LineString","coordinates":[[80.091663,12.921317],[80.091359,12.921246]]}},{"type":"Feature","properties":{"id":"R0030","name":"Tambaram - Mudichur - Sriperumbudur Road","highway":"primary","osm_way":721905363,"width_m":16.0,"length_m":161.2,"surface_area":2579.1,"catchment_m2":12250.8,"inlet_capacity_lps":72.0,"nearest_drain":"MH-002","from_node":"J6771862098","to_node":"J6771862101"},"geometry":{"type":"LineString","coordinates":[[80.089726,12.920864],[80.089327,12.920776],[80.089209,12.920737],[80.089109,12.920694],[80.088531,12.920367],[80.08838,12.92028]]}},{"type":"Feature","properties":{"id":"R0031","name":"Tambaram - Mudichur - Sriperumbudur Road","highway":"primary","osm_way":721905363,"width_m":16.0,"length_m":181.9,"surface_area":2911.1,"catchment_m2":13827.5,"inlet_capacity_lps":86.4,"nearest_drain":"MH-012","from_node":"J7799828608","to_node":"J6771862098"},"geometry":{"type":"LineString","coordinates":[[80.091359,12.921246],[80.089726,12.920864]]}},{"type":"Feature","properties":{"id":"R0032","name":"Tambaram - Mudichur - Sriperumbudur Road","highway":"primary","osm_way":1369891462,"width_m":16.0,"length_m":18.7,"surface_area":298.8,"catchment_m2":1419.1,"inlet_capacity_lps":14.4,"nearest_drain":"MH-040","from_node":"J9691340437","to_node":"J12686568073"},"geometry":{"type":"LineString","coordinates":[[80.097283,12.923438],[80.097424,12.923533]]}},{"type":"Feature","properties":{"id":"R0033","name":"Tambaram - Mudichur - Sriperumbudur Road","highway":"primary","osm_way":313544483,"width_m":16.0,"length_m":78.5,"surface_area":1255.8,"catchment_m2":5964.8,"inlet_capacity_lps":43.2,"nearest_drain":"MH-002","from_node":"J11648599006","to_node":"J6771848358"},"geometry":{"type":"LineString","coordinates":[[80.08902,12.920723],[80.08909,12.920761],[80.08918,12.920809],[80.089282,12.920836],[80.089581,12.920904],[80.089706,12.920933]]}},{"type":"Feature","properties":{"id":"R0034","name":"Tambaram - Mudichur - Sriperumbudur Road","highway":"primary","osm_way":1369891463,"width_m":16.0,"length_m":19.2,"surface_area":306.6,"catchment_m2":1456.2,"inlet_capacity_lps":14.4,"nearest_drain":"MH-040","from_node":"J12686568072","to_node":"J6771862079"},"geometry":{"type":"LineString","coordinates":[[80.097457,12.923463],[80.097312,12.923364]]}},{"type":"Feature","properties":{"id":"R0035","name":"Tambaram - Mudichur - Sriperumbudur Road","highway":"primary","osm_way":1369891461,"width_m":16.0,"length_m":75.8,"surface_area":1212.0,"catchment_m2":5757.0,"inlet_capacity_lps":43.2,"nearest_drain":"MH-040","from_node":"J12686568073","to_node":"J3875896138"},"geometry":{"type":"LineString","coordinates":[[80.097424,12.923533],[80.097628,12.923671],[80.097999,12.923921]]}},{"type":"Feature","properties":{"id":"R0036","name":"Tambaram - Mudichur - Sriperumbudur Road","highway":"primary","osm_way":1369891461,"width_m":16.0,"length_m":87.3,"surface_area":1396.7,"catchment_m2":6634.5,"inlet_capacity_lps":43.2,"nearest_drain":"MH-055","from_node":"J12818578382","to_node":"J6771848357"},"geometry":{"type":"LineString","coordinates":[[80.098939,12.924485],[80.099568,12.924755],[80.099605,12.924771],[80.099674,12.924804]]}},{"type":"Feature","properties":{"id":"R0037","name":"Tambaram - Mudichur - Sriperumbudur Road","highway":"primary","osm_way":721905363,"width_m":16.0,"length_m":106.8,"surface_area":1709.0,"catchment_m2":8117.8,"inlet_capacity_lps":57.6,"nearest_drain":"MH-013","from_node":"J14102508414","to_node":"J6771862096"},"geometry":{"type":"LineString","coordinates":[[80.09338,12.921758],[80.092428,12.921511]]}},{"type":"Feature","properties":{"id":"R0038","name":"Service Road","highway":"tertiary","osm_way":1026670990,"width_m":9.0,"length_m":55.8,"surface_area":502.3,"catchment_m2":2734.7,"inlet_capacity_lps":28.8,"nearest_drain":"MH-099","from_node":"J362181660","to_node":"J5475572848"},"geometry":{"type":"LineString","coordinates":[[80.099739,12.928536],[80.099689,12.929036]]}},{"type":"Feature","properties":{"id":"R0039","name":"Service Road","highway":"tertiary","osm_way":1026670990,"width_m":9.0,"length_m":62.1,"surface_area":559.2,"catchment_m2":3044.7,"inlet_capacity_lps":28.8,"nearest_drain":"MH-091","from_node":"J362181664","to_node":"J5475572850"},"geometry":{"type":"LineString","coordinates":[[80.099888,12.926944],[80.09986,12.927502]]}},{"type":"Feature","properties":{"id":"R0040","name":"Service Road","highway":"tertiary","osm_way":1434349106,"width_m":9.0,"length_m":91.0,"surface_area":818.8,"catchment_m2":4457.7,"inlet_capacity_lps":43.2,"nearest_drain":"MH-091","from_node":"J362181664","to_node":"J3875896130"},"geometry":{"type":"LineString","coordinates":[[80.099888,12.926944],[80.099979,12.92613]]}},{"type":"Feature","properties":{"id":"R0041","name":"Service Road","highway":"tertiary","osm_way":569340934,"width_m":9.0,"length_m":51.8,"surface_area":466.5,"catchment_m2":2540.0,"inlet_capacity_lps":28.8,"nearest_drain":"MH-141","from_node":"J5475572841","to_node":"J5475572840"},"geometry":{"type":"LineString","coordinates":[[80.099239,12.933461],[80.099187,12.933924]]}},{"type":"Feature","properties":{"id":"R0042","name":"Service Road","highway":"tertiary","osm_way":569340934,"width_m":9.0,"length_m":41.4,"surface_area":372.7,"catchment_m2":2029.2,"inlet_capacity_lps":14.4,"nearest_drain":"MH-136","from_node":"J5475572842","to_node":"J7772177236"},"geometry":{"type":"LineString","coordinates":[[80.099306,12.932703],[80.099284,12.933075]]}},{"type":"Feature","properties":{"id":"R0043","name":"Service Road","highway":"tertiary","osm_way":569340934,"width_m":9.0,"length_m":109.7,"surface_area":987.6,"catchment_m2":5377.1,"inlet_capacity_lps":57.6,"nearest_drain":"MH-136","from_node":"J5475572843","to_node":"J5475572842"},"geometry":{"type":"LineString","coordinates":[[80.099415,12.931722],[80.099306,12.932703]]}},{"type":"Feature","properties":{"id":"R0044","name":"Service Road","highway":"tertiary","osm_way":1026670990,"width_m":9.0,"length_m":37.0,"surface_area":333.4,"catchment_m2":1815.0,"inlet_capacity_lps":14.4,"nearest_drain":"MH-119","from_node":"J5475572846","to_node":"J7783327125"},"geometry":{"type":"LineString","coordinates":[[80.099599,12.929951],[80.099569,12.930282]]}},{"type":"Feature","properties":{"id":"R0045","name":"Service Road","highway":"tertiary","osm_way":1026670990,"width_m":9.0,"length_m":45.3,"surface_area":407.4,"catchment_m2":2217.8,"inlet_capacity_lps":28.8,"nearest_drain":"MH-119","from_node":"J5475572847","to_node":"J5475572846"},"geometry":{"type":"LineString","coordinates":[[80.099639,12.929545],[80.099599,12.929951]]}},{"type":"Feature","properties":{"id":"R0046","name":"Service Road","highway":"tertiary","osm_way":1026670990,"width_m":9.0,"length_m":56.9,"surface_area":512.2,"catchment_m2":2788.8,"inlet_capacity_lps":28.8,"nearest_drain":"MH-108","from_node":"J5475572848","to_node":"J5475572847"},"geometry":{"type":"LineString","coordinates":[[80.099689,12.929036],[80.099639,12.929545]]}},{"type":"Feature","properties":{"id":"R0047","name":"Service Road","highway":"tertiary","osm_way":1026670990,"width_m":9.0,"length_m":115.7,"surface_area":1041.7,"catchment_m2":5671.4,"inlet_capacity_lps":57.6,"nearest_drain":"MH-099","from_node":"J5475572850","to_node":"J362181660"},"geometry":{"type":"LineString","coordinates":[[80.09986,12.927502],[80.099776,12.928208],[80.099739,12.928536]]}},{"type":"Feature","properties":{"id":"R0048","name":"Service Road","highway":"tertiary","osm_way":569340934,"width_m":9.0,"length_m":43.2,"surface_area":388.9,"catchment_m2":2117.4,"inlet_capacity_lps":14.4,"nearest_drain":"MH-141","from_node":"J7772177236","to_node":"J5475572841"},"geometry":{"type":"LineString","coordinates":[[80.099284,12.933075],[80.099239,12.933461]]}},{"type":"Feature","properties":{"id":"R0049","name":"Service Road","highway":"tertiary","osm_way":1026670990,"width_m":9.0,"length_m":160.9,"surface_area":1448.4,"catchment_m2":7885.9,"inlet_capacity_lps":72.0,"nearest_drain":"MH-130","from_node":"J7783327125","to_node":"J5475572843"},"geometry":{"type":"LineString","coordinates":[[80.099569,12.930282],[80.099462,12.931157],[80.099415,12.931722]]}},{"type":"Feature","properties":{"id":"R0050","name":null,"highway":"tertiary","osm_way":832533091,"width_m":9.0,"length_m":33.8,"surface_area":304.2,"catchment_m2":1656.4,"inlet_capacity_lps":14.4,"nearest_drain":"MH-112","from_node":"J256203317","to_node":"J3875886310"},"geometry":{"type":"LineString","coordinates":[[80.092411,12.930209],[80.092706,12.93011]]}},{"type":"Feature","properties":{"id":"R0051","name":null,"highway":"tertiary","osm_way":383857989,"width_m":9.0,"length_m":42.8,"surface_area":384.9,"catchment_m2":2095.8,"inlet_capacity_lps":14.4,"nearest_drain":"MH-023","from_node":"J294084846","to_node":"J3876480961"},"geometry":{"type":"LineString","coordinates":[[80.093361,12.921817],[80.093296,12.922196]]}},{"type":"Feature","properties":{"id":"R0052","name":null,"highway":"tertiary","osm_way":32254041,"width_m":9.0,"length_m":41.2,"surface_area":370.6,"catchment_m2":2017.9,"inlet_capacity_lps":14.4,"nearest_drain":"MH-091","from_node":"J362181329","to_node":"J3875886334"},"geometry":{"type":"LineString","coordinates":[[80.099622,12.927542],[80.099586,12.927173]]}},{"type":"Feature","properties":{"id":"R0053","name":null,"highway":"tertiary","osm_way":32254041,"width_m":9.0,"length_m":65.1,"surface_area":586.0,"catchment_m2":3190.6,"inlet_capacity_lps":28.8,"nearest_drain":"MH-107","from_node":"J362181657","to_node":"J2184983254"},"geometry":{"type":"LineString","coordinates":[[80.096493,12.929124],[80.097083,12.929014]]}},{"type":"Feature","properties":{"id":"R0054","name":null,"highway":"tertiary","osm_way":32254041,"width_m":9.0,"length_m":56.4,"surface_area":507.2,"catchment_m2":2761.5,"inlet_capacity_lps":28.8,"nearest_drain":"MH-099","from_node":"J362181660","to_node":"J2184983250"},"geometry":{"type":"LineString","coordinates":[[80.099739,12.928536],[80.099674,12.928033]]}},{"type":"Feature","properties":{"id":"R0055","name":null,"highway":"tertiary","osm_way":32254041,"width_m":9.0,"length_m":34.4,"surface_area":309.7,"catchment_m2":1686.0,"inlet_capacity_lps":14.4,"nearest_drain":"MH-091","from_node":"J362181662","to_node":"J362181664"},"geometry":{"type":"LineString","coordinates":[[80.099578,12.927008],[80.099888,12.926944]]}},{"type":"Feature","properties":{"id":"R0056","name":null,"highway":"tertiary","osm_way":383857989,"width_m":9.0,"length_m":39.6,"surface_area":356.6,"catchment_m2":1941.7,"inlet_capacity_lps":14.4,"nearest_drain":"MH-035","from_node":"J2184983152","to_node":"J2184983156"},"geometry":{"type":"LineString","coordinates":[[80.092981,12.923346],[80.092891,12.923691]]}},{"type":"Feature","properties":{"id":"R0057","name":null,"highway":"tertiary","osm_way":383857989,"width_m":9.0,"length_m":24.8,"surface_area":222.9,"catchment_m2":1213.5,"inlet_capacity_lps":14.4,"nearest_drain":"MH-035","from_node":"J2184983156","to_node":"J3875896674"},"geometry":{"type":"LineString","coordinates":[[80.092891,12.923691],[80.092831,12.923906]]}},{"type":"Feature","properties":{"id":"R0058","name":null,"highway":"tertiary","osm_way":383857989,"width_m":9.0,"length_m":36.6,"surface_area":329.1,"catchment_m2":1791.8,"inlet_capacity_lps":14.4,"nearest_drain":"MH-048","from_node":"J2184983170","to_node":"J3875896676"},"geometry":{"type":"LineString","coordinates":[[80.092759,12.924163],[80.092672,12.924481]]}},{"type":"Feature","properties":{"id":"R0059","name":null,"highway":"tertiary","osm_way":208174905,"width_m":9.0,"length_m":68.7,"surface_area":618.7,"catchment_m2":3368.5,"inlet_capacity_lps":28.8,"nearest_drain":"MH-062","from_node":"J2184983192","to_node":"J3875954214"},"geometry":{"type":"LineString","coordinates":[[80.092511,12.925083],[80.092367,12.925685]]}},{"type":"Feature","properties":{"id":"R0060","name":null,"highway":"tertiary","osm_way":32254041,"width_m":9.0,"length_m":54.9,"surface_area":494.2,"catchment_m2":2690.6,"inlet_capacity_lps":28.8,"nearest_drain":"MH-099","from_node":"J2184983250","to_node":"J362181329"},"geometry":{"type":"LineString","coordinates":[[80.099674,12.928033],[80.099622,12.927542]]}},{"type":"Feature","properties":{"id":"R0061","name":null,"highway":"tertiary","osm_way":32254041,"width_m":9.0,"length_m":292.7,"surface_area":2634.2,"catchment_m2":14341.9,"inlet_capacity_lps":144.0,"nearest_drain":"MH-107","from_node":"J2184983254","to_node":"J362181660"},"geometry":{"type":"LineString","coordinates":[[80.097083,12.929014],[80.099739,12.928536]]}},{"type":"Feature","properties":{"id":"R0062","name":null,"highway":"tertiary","osm_way":383857989,"width_m":9.0,"length_m":15.3,"surface_area":137.9,"catchment_m2":750.8,"inlet_capacity_lps":14.4,"nearest_drain":"MH-035","from_node":"J2185019791","to_node":"J2184983152"},"geometry":{"type":"LineString","coordinates":[[80.093017,12.923212],[80.092981,12.923346]]}},{"type":"Feature","properties":{"id":"R0063","name":null,"highway":"tertiary","osm_way":208174905,"width_m":9.0,"length_m":113.9,"surface_area":1025.3,"catchment_m2":5581.9,"inlet_capacity_lps":57.6,"nearest_drain":"MH-061","from_node":"J2185019872","to_node":"J3875954212"},"geometry":{"type":"LineString","coordinates":[[80.091707,12.92591],[80.091688,12.926934]]}},{"type":"Feature","properties":{"id":"R0064","name":null,"highway":"tertiary","osm_way":208174905,"width_m":9.0,"length_m":58.7,"surface_area":528.4,"catchment_m2":2876.6,"inlet_capacity_lps":28.8,"nearest_drain":"MH-103","from_node":"J2185019923","to_node":"J2185019926"},"geometry":{"type":"LineString","coordinates":[[80.092188,12.929456],[80.092278,12.92964],[80.09231,12.929962]]}},{"type":"Feature","properties":{"id":"R0065","name":null,"highway":"tertiary","osm_way":208174905,"width_m":9.0,"length_m":29.6,"surface_area":266.2,"catchment_m2":1449.5,"inlet_capacity_lps":14.4,"nearest_drain":"MH-112","from_node":"J2185019926","to_node":"J256203317"},"geometry":{"type":"LineString","coordinates":[[80.09231,12.929962],[80.092411,12.930209]]}},{"type":"Feature","properties":{"id":"R0066","name":null,"highway":"tertiary","osm_way":208174905,"width_m":9.0,"length_m":47.1,"surface_area":424.0,"catchment_m2":2308.5,"inlet_capacity_lps":28.8,"nearest_drain":"MH-094","from_node":"J3681347722","to_node":"J7155536572"},"geometry":{"type":"LineString","coordinates":[[80.092039,12.928745],[80.092077,12.928785],[80.092095,12.929154]]}},{"type":"Feature","properties":{"id":"R0067","name":null,"highway":"tertiary","osm_way":208174905,"width_m":9.0,"length_m":39.0,"surface_area":350.9,"catchment_m2":1910.3,"inlet_capacity_lps":14.4,"nearest_drain":"MH-094","from_node":"J3681347723","to_node":"J3681347722"},"geometry":{"type":"LineString","coordinates":[[80.091692,12.928768],[80.091728,12.92879],[80.091996,12.928738],[80.092039,12.928745]]}},{"type":"Feature","properties":{"id":"R0068","name":null,"highway":"tertiary","osm_way":832533091,"width_m":9.0,"length_m":111.9,"surface_area":1007.1,"catchment_m2":5483.1,"inlet_capacity_lps":57.6,"nearest_drain":"MH-104","from_node":"J3875886310","to_node":"J3875886315"},"geometry":{"type":"LineString","coordinates":[[80.092706,12.93011],[80.093706,12.929862]]}},{"type":"Feature","properties":{"id":"R0069","name":null,"highway":"tertiary","osm_way":832533091,"width_m":9.0,"length_m":92.3,"surface_area":830.7,"catchment_m2":4522.5,"inlet_capacity_lps":43.2,"nearest_drain":"MH-104","from_node":"J3875886315","to_node":"J3875886324"},"geometry":{"type":"LineString","coordinates":[[80.093706,12.929862],[80.094532,12.92966]]}},{"type":"Feature","properties":{"id":"R0070","name":null,"highway":"tertiary","osm_way":832533091,"width_m":9.0,"length_m":159.9,"surface_area":1439.1,"catchment_m2":7835.2,"inlet_capacity_lps":72.0,"nearest_drain":"MH-105","from_node":"J3875886324","to_node":"J3875886327"},"geometry":{"type":"LineString","coordinates":[[80.094532,12.92966],[80.09595,12.929262]]}},{"type":"Feature","properties":{"id":"R0071","name":null,"highway":"tertiary","osm_way":832533091,"width_m":9.0,"length_m":25.4,"surface_area":228.4,"catchment_m2":1243.8,"inlet_capacity_lps":14.4,"nearest_drain":"MH-106","from_node":"J3875886327","to_node":"J7772699284"},"geometry":{"type":"LineString","coordinates":[[80.09595,12.929262],[80.096182,12.929228]]}},{"type":"Feature","properties":{"id":"R0072","name":null,"highway":"tertiary","osm_way":32254041,"width_m":9.0,"length_m":18.4,"surface_area":165.2,"catchment_m2":899.5,"inlet_capacity_lps":14.4,"nearest_drain":"MH-091","from_node":"J3875886334","to_node":"J362181662"},"geometry":{"type":"LineString","coordinates":[[80.099586,12.927173],[80.099578,12.927008]]}},{"type":"Feature","properties":{"id":"R0073","name":null,"highway":"tertiary","osm_way":383857989,"width_m":9.0,"length_m":29.6,"surface_area":266.7,"catchment_m2":1451.8,"inlet_capacity_lps":14.4,"nearest_drain":"MH-035","from_node":"J3875896674","to_node":"J2184983170"},"geometry":{"type":"LineString","coordinates":[[80.092831,12.923906],[80.092759,12.924163]]}},{"type":"Feature","properties":{"id":"R0074","name":null,"highway":"tertiary","osm_way":383857989,"width_m":9.0,"length_m":30.1,"surface_area":270.7,"catchment_m2":1474.0,"inlet_capacity_lps":14.4,"nearest_drain":"MH-048","from_node":"J3875896676","to_node":"J3875896678"},"geometry":{"type":"LineString","coordinates":[[80.092672,12.924481],[80.092601,12.924742]]}},{"type":"Feature","properties":{"id":"R0075","name":null,"highway":"tertiary","osm_way":383857989,"width_m":9.0,"length_m":39.1,"surface_area":351.8,"catchment_m2":1915.4,"inlet_capacity_lps":14.4,"nearest_drain":"MH-062","from_node":"J3875896678","to_node":"J2184983192"},"geometry":{"type":"LineString","coordinates":[[80.092601,12.924742],[80.092525,12.925022],[80.092511,12.925083]]}},{"type":"Feature","properties":{"id":"R0076","name":null,"highway":"tertiary","osm_way":208174905,"width_m":9.0,"length_m":204.8,"surface_area":1843.4,"catchment_m2":10036.2,"inlet_capacity_lps":100.8,"nearest_drain":"MH-084","from_node":"J3875954212","to_node":"J3681347723"},"geometry":{"type":"LineString","coordinates":[[80.091688,12.926934],[80.091676,12.92763],[80.091662,12.928717],[80.091692,12.928768]]}},{"type":"Feature","properties":{"id":"R0077","name":null,"highway":"tertiary","osm_way":208174905,"width_m":9.0,"length_m":94.6,"surface_area":851.1,"catchment_m2":4633.5,"inlet_capacity_lps":43.2,"nearest_drain":"MH-062","from_node":"J3875954214","to_node":"J2185019872"},"geometry":{"type":"LineString","coordinates":[[80.092367,12.925685],[80.09231,12.925927],[80.092212,12.925971],[80.091779,12.925906],[80.091707,12.92591]]}},{"type":"Feature","properties":{"id":"R0078","name":null,"highway":"tertiary","osm_way":383857989,"width_m":9.0,"length_m":83.2,"surface_area":748.4,"catchment_m2":4074.5,"inlet_capacity_lps":43.2,"nearest_drain":"MH-023","from_node":"J3876480961","to_node":"J3876480965"},"geometry":{"type":"LineString","coordinates":[[80.093296,12.922196],[80.093097,12.922918]]}},{"type":"Feature","properties":{"id":"R0079","name":null,"highway":"tertiary","osm_way":383857989,"width_m":9.0,"length_m":25.5,"surface_area":229.3,"catchment_m2":1248.6,"inlet_capacity_lps":14.4,"nearest_drain":"MH-035","from_node":"J3876480965","to_node":"J11648398356"},"geometry":{"type":"LineString","coordinates":[[80.093097,12.922918],[80.093037,12.92314]]}},{"type":"Feature","properties":{"id":"R0080","name":null,"highway":"tertiary","osm_way":208174905,"width_m":9.0,"length_m":35.0,"surface_area":315.1,"catchment_m2":1715.6,"inlet_capacity_lps":14.4,"nearest_drain":"MH-103","from_node":"J7155536572","to_node":"J2185019923"},"geometry":{"type":"LineString","coordinates":[[80.092095,12.929154],[80.092188,12.929456]]}},{"type":"Feature","properties":{"id":"R0081","name":null,"highway":"tertiary","osm_way":32254041,"width_m":9.0,"length_m":21.2,"surface_area":190.6,"catchment_m2":1037.8,"inlet_capacity_lps":14.4,"nearest_drain":"MH-107","from_node":"J7772699283","to_node":"J362181657"},"geometry":{"type":"LineString","coordinates":[[80.096311,12.929194],[80.096493,12.929124]]}},{"type":"Feature","properties":{"id":"R0082","name":null,"highway":"tertiary","osm_way":832533090,"width_m":9.0,"length_m":14.5,"surface_area":130.2,"catchment_m2":708.6,"inlet_capacity_lps":14.4,"nearest_drain":"MH-107","from_node":"J7772699284","to_node":"J7772699283"},"geometry":{"type":"LineString","coordinates":[[80.096182,12.929228],[80.096311,12.929194]]}},{"type":"Feature","properties":{"id":"R0083","name":null,"highway":"tertiary","osm_way":383857989,"width_m":9.0,"length_m":8.3,"surface_area":75.1,"catchment_m2":408.9,"inlet_capacity_lps":14.4,"nearest_drain":"MH-035","from_node":"J11648398356","to_node":"J2185019791"},"geometry":{"type":"LineString","coordinates":[[80.093037,12.92314],[80.093017,12.923212]]}},{"type":"Feature","properties":{"id":"R0084","name":null,"highway":"tertiary","osm_way":1550494062,"width_m":9.0,"length_m":6.9,"surface_area":62.0,"catchment_m2":337.7,"inlet_capacity_lps":14.4,"nearest_drain":"MH-014","from_node":"J14102508414","to_node":"J294084846"},"geometry":{"type":"LineString","coordinates":[[80.09338,12.921758],[80.093361,12.921817]]}},{"type":"Feature","properties":{"id":"R0085","name":null,"highway":"unclassified","osm_way":384296675,"width_m":6.0,"length_m":54.0,"surface_area":323.8,"catchment_m2":1942.9,"inlet_capacity_lps":14.4,"nearest_drain":"MH-137","from_node":"J3875954227","to_node":"J3875954228"},"geometry":{"type":"LineString","coordinates":[[80.092892,12.933052],[80.093361,12.93289]]}},{"type":"Feature","properties":{"id":"R0086","name":null,"highway":"unclassified","osm_way":384294568,"width_m":6.0,"length_m":28.6,"surface_area":171.4,"catchment_m2":1028.2,"inlet_capacity_lps":7.2,"nearest_drain":"MH-041","from_node":"J6771862076","to_node":"J3875930928"},"geometry":{"type":"LineString","coordinates":[[80.098197,12.923968],[80.098423,12.923835]]}},{"type":"Feature","properties":{"id":"R0087","name":"1st Street","highway":"residential","osm_way":208174980,"width_m":6.0,"length_m":248.8,"surface_area":1492.5,"catchment_m2":8955.2,"inlet_capacity_lps":57.6,"nearest_drain":"MH-020","from_node":"J2185019758","to_node":"J2185019774"},"geometry":{"type":"LineString","coordinates":[[80.092401,12.921595],[80.092283,12.921653],[80.09084,12.922139],[80.09028,12.922432]]}},{"type":"Feature","properties":{"id":"R0088","name":"2nd Street","highway":"residential","osm_way":208170784,"width_m":6.0,"length_m":119.8,"surface_area":718.8,"catchment_m2":4312.8,"inlet_capacity_lps":28.8,"nearest_drain":"MH-024","from_node":"J2184983141","to_node":"J2184983147"},"geometry":{"type":"LineString","coordinates":[[80.094778,12.922202],[80.094887,12.922886],[80.094945,12.923267]]}},{"type":"Feature","properties":{"id":"R0089","name":"2nd Street","highway":"residential","osm_way":208170784,"width_m":6.0,"length_m":71.1,"surface_area":426.5,"catchment_m2":2559.0,"inlet_capacity_lps":14.4,"nearest_drain":"MH-037","from_node":"J2184983147","to_node":"J2184983162"},"geometry":{"type":"LineString","coordinates":[[80.094945,12.923267],[80.095082,12.923892]]}},{"type":"Feature","properties":{"id":"R0090","name":"2nd Street","highway":"residential","osm_way":208174983,"width_m":6.0,"length_m":112.6,"surface_area":675.8,"catchment_m2":4055.1,"inlet_capacity_lps":28.8,"nearest_drain":"MH-027","from_node":"J2185019773","to_node":"J2185019765"},"geometry":{"type":"LineString","coordinates":[[80.097847,12.922427],[80.097955,12.922314],[80.09881,12.92211]]}},{"type":"Feature","properties":{"id":"R0091","name":"2nd Street","highway":"residential","osm_way":208174983,"width_m":6.0,"length_m":17.0,"surface_area":102.0,"catchment_m2":612.3,"inlet_capacity_lps":7.2,"nearest_drain":"MH-027","from_node":"J2185019781","to_node":"J3875930907"},"geometry":{"type":"LineString","coordinates":[[80.097594,12.922835],[80.097675,12.922704]]}},{"type":"Feature","properties":{"id":"R0092","name":"2nd Street","highway":"residential","osm_way":208174983,"width_m":6.0,"length_m":36.0,"surface_area":215.9,"catchment_m2":1295.4,"inlet_capacity_lps":7.2,"nearest_drain":"MH-027","from_node":"J3875930907","to_node":"J2185019773"},"geometry":{"type":"LineString","coordinates":[[80.097675,12.922704],[80.097847,12.922427]]}},{"type":"Feature","properties":{"id":"R0093","name":"2nd Street","highway":"residential","osm_way":208174983,"width_m":6.0,"length_m":24.9,"surface_area":149.5,"catchment_m2":897.2,"inlet_capacity_lps":7.2,"nearest_drain":"MH-040","from_node":"J3875930909","to_node":"J2185019781"},"geometry":{"type":"LineString","coordinates":[[80.097493,12.923037],[80.097594,12.922835]]}},{"type":"Feature","properties":{"id":"R0094","name":"2nd Street","highway":"residential","osm_way":208174983,"width_m":6.0,"length_m":41.4,"surface_area":248.5,"catchment_m2":1491.1,"inlet_capacity_lps":7.2,"nearest_drain":"MH-040","from_node":"J6771862079","to_node":"J3875930909"},"geometry":{"type":"LineString","coordinates":[[80.097312,12.923364],[80.097464,12.923094],[80.097493,12.923037]]}},{"type":"Feature","properties":{"id":"R0095","name":"3rd Street","highway":"residential","osm_way":208174910,"width_m":6.0,"length_m":160.5,"surface_area":962.9,"catchment_m2":5777.4,"inlet_capacity_lps":36.0,"nearest_drain":"MH-008","from_node":"J2185019747","to_node":"J2185019744"},"geometry":{"type":"LineString","coordinates":[[80.096555,12.92075],[80.098009,12.920476]]}},{"type":"Feature","properties":{"id":"R0096","name":"3rd Street","highway":"residential","osm_way":384297970,"width_m":6.0,"length_m":65.5,"surface_area":393.2,"catchment_m2":2359.5,"inlet_capacity_lps":14.4,"nearest_drain":"MH-139","from_node":"J3875973100","to_node":"J3875973107"},"geometry":{"type":"LineString","coordinates":[[80.097562,12.933026],[80.098156,12.932916]]}},{"type":"Feature","properties":{"id":"R0097","name":"3rd Street","highway":"residential","osm_way":384297970,"width_m":6.0,"length_m":126.9,"surface_area":761.2,"catchment_m2":4567.2,"inlet_capacity_lps":28.8,"nearest_drain":"MH-139","from_node":"J3875973107","to_node":"J5475572842"},"geometry":{"type":"LineString","coordinates":[[80.098156,12.932916],[80.099306,12.932703]]}},{"type":"Feature","properties":{"id":"R0098","name":"7th Street","highway":"residential","osm_way":208174926,"width_m":6.0,"length_m":60.5,"surface_area":363.2,"catchment_m2":2179.5,"inlet_capacity_lps":14.4,"nearest_drain":"MH-017","from_node":"J2185019763","to_node":"J2185019768"},"geometry":{"type":"LineString","coordinates":[[80.096169,12.921924],[80.096658,12.922186]]}},{"type":"Feature","properties":{"id":"R0099","name":"7th Street","highway":"residential","osm_way":208174926,"width_m":6.0,"length_m":124.5,"surface_area":747.0,"catchment_m2":4482.2,"inlet_capacity_lps":28.8,"nearest_drain":"MH-026","from_node":"J2185019768","to_node":"J2185019781"},"geometry":{"type":"LineString","coordinates":[[80.096658,12.922186],[80.097594,12.922835]]}},{"type":"Feature","properties":{"id":"R0100","name":"8th Cross Street","highway":"residential","osm_way":208174937,"width_m":6.0,"length_m":51.5,"surface_area":308.7,"catchment_m2":1852.5,"inlet_capacity_lps":14.4,"nearest_drain":"MH-009","from_node":"J2185019746","to_node":"J7025474279"},"geometry":{"type":"LineString","coordinates":[[80.098954,12.92066],[80.098494,12.920775]]}},{"type":"Feature","properties":{"id":"R0101","name":"8th Cross Street","highway":"residential","osm_way":208174937,"width_m":6.0,"length_m":163.4,"surface_area":980.2,"catchment_m2":5881.0,"inlet_capacity_lps":36.0,"nearest_drain":"MH-017","from_node":"J2185019749","to_node":"J809418206"},"geometry":{"type":"LineString","coordinates":[[80.098103,12.920873],[80.096643,12.921238]]}},{"type":"Feature","properties":{"id":"R0102","name":"8th Cross Street","highway":"residential","osm_way":208174937,"width_m":6.0,"length_m":43.8,"surface_area":262.7,"catchment_m2":1576.0,"inlet_capacity_lps":7.2,"nearest_drain":"MH-008","from_node":"J7025474279","to_node":"J2185019749"},"geometry":{"type":"LineString","coordinates":[[80.098494,12.920775],[80.098103,12.920873]]}},{"type":"Feature","properties":{"id":"R0103","name":"Balakrishnan Nagar","highway":"residential","osm_way":384345564,"width_m":6.0,"length_m":103.6,"surface_area":621.5,"catchment_m2":3729.1,"inlet_capacity_lps":21.6,"nearest_drain":"MH-024","from_node":"J11050440637","to_node":"J3876480967"},"geometry":{"type":"LineString","coordinates":[[80.094573,12.923033],[80.094437,12.922111]]}},{"type":"Feature","properties":{"id":"R0104","name":"Gandhi Nagar 1st main road","highway":"residential","osm_way":208170797,"width_m":6.0,"length_m":72.0,"surface_area":432.2,"catchment_m2":2593.4,"inlet_capacity_lps":14.4,"nearest_drain":"MH-002","from_node":"J2184983129","to_node":"J6771862098"},"geometry":{"type":"LineString","coordinates":[[80.089706,12.920224],[80.089762,12.920472],[80.089726,12.920864]]}},{"type":"Feature","properties":{"id":"R0105","name":"Gandhi Nagar 1st main road","highway":"residential","osm_way":208170797,"width_m":6.0,"length_m":8.0,"surface_area":47.7,"catchment_m2":286.5,"inlet_capacity_lps":7.2,"nearest_drain":"MH-002","from_node":"J6771862098","to_node":"J6771848358"},"geometry":{"type":"LineString","coordinates":[[80.089726,12.920864],[80.089706,12.920933]]}},{"type":"Feature","properties":{"id":"R0106","name":"Kannan Avenue Main Road","highway":"residential","osm_way":32253948,"width_m":6.0,"length_m":57.0,"surface_area":341.8,"catchment_m2":2050.8,"inlet_capacity_lps":14.4,"nearest_drain":"MH-004","from_node":"J2184983131","to_node":"J3875913865"},"geometry":{"type":"LineString","coordinates":[[80.093595,12.920266],[80.093717,12.920652],[80.093722,12.92076]]}},{"type":"Feature","properties":{"id":"R0107","name":"Kannan Avenue Main Road","highway":"residential","osm_way":32253948,"width_m":6.0,"length_m":48.9,"surface_area":293.1,"catchment_m2":1758.8,"inlet_capacity_lps":14.4,"nearest_drain":"MH-014","from_node":"J2185019752","to_node":"J2185019757"},"geometry":{"type":"LineString","coordinates":[[80.093659,12.921032],[80.093557,12.92146]]}},{"type":"Feature","properties":{"id":"R0108","name":"Kannan Avenue Main Road","highway":"residential","osm_way":32253948,"width_m":6.0,"length_m":36.9,"surface_area":221.7,"catchment_m2":1329.9,"inlet_capacity_lps":7.2,"nearest_drain":"MH-014","from_node":"J2185019757","to_node":"J6771862094"},"geometry":{"type":"LineString","coordinates":[[80.093557,12.92146],[80.093533,12.92168],[80.093497,12.921785]]}},{"type":"Feature","properties":{"id":"R0109","name":"Kannan Avenue Main Road","highway":"residential","osm_way":32253948,"width_m":6.0,"length_m":24.6,"surface_area":147.4,"catchment_m2":884.3,"inlet_capacity_lps":7.2,"nearest_drain":"MH-004","from_node":"J3875913864","to_node":"J2185019752"},"geometry":{"type":"LineString","coordinates":[[80.093698,12.920814],[80.093659,12.921032]]}},{"type":"Feature","properties":{"id":"R0110","name":"Kannan Avenue Main Road","highway":"residential","osm_way":32253948,"width_m":6.0,"length_m":6.5,"surface_area":39.3,"catchment_m2":235.6,"inlet_capacity_lps":7.2,"nearest_drain":"MH-004","from_node":"J3875913865","to_node":"J3875913864"},"geometry":{"type":"LineString","coordinates":[[80.093722,12.92076],[80.093698,12.920814]]}},{"type":"Feature","properties":{"id":"R0111","name":"Kannan Avenue Main Road","highway":"residential","osm_way":1550494060,"width_m":6.0,"length_m":7.3,"surface_area":43.5,"catchment_m2":261.2,"inlet_capacity_lps":7.2,"nearest_drain":"MH-014","from_node":"J6771862094","to_node":"J3871662040"},"geometry":{"type":"LineString","coordinates":[[80.093497,12.921785],[80.093472,12.921846]]}},{"type":"Feature","properties":{"id":"R0112","name":"Sakthi Nagar Road","highway":"residential","osm_way":66982153,"width_m":6.0,"length_m":33.5,"surface_area":201.1,"catchment_m2":1206.6,"inlet_capacity_lps":7.2,"nearest_drain":"MH-017","from_node":"J809418206","to_node":"J3875913891"},"geometry":{"type":"LineString","coordinates":[[80.096643,12.921238],[80.096588,12.920941]]}},{"type":"Feature","properties":{"id":"R0113","name":"Sakthi Nagar Road","highway":"residential","osm_way":1434347902,"width_m":6.0,"length_m":8.5,"surface_area":51.1,"catchment_m2":306.3,"inlet_capacity_lps":7.2,"nearest_drain":"MH-025","from_node":"J809418210","to_node":"J6771862084"},"geometry":{"type":"LineString","coordinates":[[80.095807,12.922537],[80.095844,12.922469]]}},{"type":"Feature","properties":{"id":"R0114","name":"Sakthi Nagar Road","highway":"residential","osm_way":66982153,"width_m":6.0,"length_m":44.4,"surface_area":266.7,"catchment_m2":1599.9,"inlet_capacity_lps":7.2,"nearest_drain":"MH-007","from_node":"J2185019747","to_node":"J2185019742"},"geometry":{"type":"LineString","coordinates":[[80.096555,12.92075],[80.096485,12.920357]]}},{"type":"Feature","properties":{"id":"R0115","name":"Sakthi Nagar Road","highway":"residential","osm_way":1434347902,"width_m":6.0,"length_m":32.6,"surface_area":195.8,"catchment_m2":1174.7,"inlet_capacity_lps":7.2,"nearest_drain":"MH-017","from_node":"J2185019763","to_node":"J6304983304"},"geometry":{"type":"LineString","coordinates":[[80.096169,12.921924],[80.096295,12.921657]]}},{"type":"Feature","properties":{"id":"R0116","name":"Sakthi Nagar Road","highway":"residential","osm_way":66982153,"width_m":6.0,"length_m":21.6,"surface_area":129.4,"catchment_m2":776.2,"inlet_capacity_lps":7.2,"nearest_drain":"MH-007","from_node":"J3875913891","to_node":"J2185019747"},"geometry":{"type":"LineString","coordinates":[[80.096588,12.920941],[80.096555,12.92075]]}},{"type":"Feature","properties":{"id":"R0117","name":"Sakthi Nagar Road","highway":"residential","osm_way":1434347902,"width_m":6.0,"length_m":63.2,"surface_area":379.3,"catchment_m2":2276.0,"inlet_capacity_lps":14.4,"nearest_drain":"MH-017","from_node":"J6304983304","to_node":"J809418206"},"geometry":{"type":"LineString","coordinates":[[80.096295,12.921657],[80.09645,12.921332],[80.096643,12.921238]]}},{"type":"Feature","properties":{"id":"R0118","name":"Sakthi Nagar Road","highway":"residential","osm_way":1434347902,"width_m":6.0,"length_m":70.1,"surface_area":420.8,"catchment_m2":2525.0,"inlet_capacity_lps":14.4,"nearest_drain":"MH-017","from_node":"J6771862084","to_node":"J2185019763"},"geometry":{"type":"LineString","coordinates":[[80.095844,12.922469],[80.096169,12.921924]]}},{"type":"Feature","properties":{"id":"R0119","name":null,"highway":"residential","osm_way":23648243,"width_m":6.0,"length_m":20.5,"surface_area":123.3,"catchment_m2":739.7,"inlet_capacity_lps":7.2,"nearest_drain":"MH-112","from_node":"J256203317","to_node":"J3875954236"},"geometry":{"type":"LineString","coordinates":[[80.092411,12.930209],[80.092475,12.930383]]}},{"type":"Feature","properties":{"id":"R0120","name":null,"highway":"residential","osm_way":32254037,"width_m":6.0,"length_m":26.2,"surface_area":156.9,"catchment_m2":941.6,"inlet_capacity_lps":7.2,"nearest_drain":"MH-091","from_node":"J362181329","to_node":"J5475572850"},"geometry":{"type":"LineString","coordinates":[[80.099622,12.927542],[80.09986,12.927502]]}},{"type":"Feature","properties":{"id":"R0121","name":null,"highway":"residential","osm_way":208174912,"width_m":6.0,"length_m":45.7,"surface_area":274.1,"catchment_m2":1644.6,"inlet_capacity_lps":14.4,"nearest_drain":"MH-107","from_node":"J362181657","to_node":"J6810737868"},"geometry":{"type":"LineString","coordinates":[[80.096493,12.929124],[80.096579,12.929526]]}},{"type":"Feature","properties":{"id":"R0122","name":null,"highway":"residential","osm_way":208170754,"width_m":6.0,"length_m":118.3,"surface_area":710.0,"catchment_m2":4260.0,"inlet_capacity_lps":28.8,"nearest_drain":"MH-004","from_node":"J2184983135","to_node":"J2184983131"},"geometry":{"type":"LineString","coordinates":[[80.092545,12.920557],[80.093595,12.920266]]}},{"type":"Feature","properties":{"id":"R0123","name":null,"highway":"residential","osm_way":208170792,"width_m":6.0,"length_m":86.4,"surface_area":518.4,"catchment_m2":3110.1,"inlet_capacity_lps":21.6,"nearest_drain":"MH-003","from_node":"J2184983135","to_node":"J3875913860"},"geometry":{"type":"LineString","coordinates":[[80.092545,12.920557],[80.092643,12.920857],[80.093093,12.92071]]}},{"type":"Feature","properties":{"id":"R0124","name":null,"highway":"residential","osm_way":208170791,"width_m":6.0,"length_m":166.9,"surface_area":1001.6,"catchment_m2":6009.9,"inlet_capacity_lps":43.2,"nearest_drain":"MH-038","from_node":"J2184983143","to_node":"J2184983160"},"geometry":{"type":"LineString","coordinates":[[80.095178,12.922302],[80.095364,12.923519],[80.095389,12.923789]]}},{"type":"Feature","properties":{"id":"R0125","name":null,"highway":"residential","osm_way":208170775,"width_m":6.0,"length_m":39.0,"surface_area":233.7,"catchment_m2":1402.3,"inlet_capacity_lps":7.2,"nearest_drain":"MH-037","from_node":"J2184983149","to_node":"J2184983154"},"geometry":{"type":"LineString","coordinates":[[80.094596,12.923295],[80.09466,12.923639]]}},{"type":"Feature","properties":{"id":"R0126","name":null,"highway":"residential","osm_way":208170777,"width_m":6.0,"length_m":37.9,"surface_area":227.5,"catchment_m2":1364.8,"inlet_capacity_lps":7.2,"nearest_drain":"MH-037","from_node":"J2184983149","to_node":"J2184983147"},"geometry":{"type":"LineString","coordinates":[[80.094596,12.923295],[80.094616,12.923293],[80.094945,12.923267]]}},{"type":"Feature","properties":{"id":"R0127","name":null,"highway":"residential","osm_way":208170777,"width_m":6.0,"length_m":175.2,"surface_area":1051.5,"catchment_m2":6308.8,"inlet_capacity_lps":43.2,"nearest_drain":"MH-035","from_node":"J2184983152","to_node":"J2184983149"},"geometry":{"type":"LineString","coordinates":[[80.092981,12.923346],[80.094092,12.923334],[80.094596,12.923295]]}},{"type":"Feature","properties":{"id":"R0128","name":null,"highway":"residential","osm_way":321216557,"width_m":6.0,"length_m":192.1,"surface_area":1152.8,"catchment_m2":6916.7,"inlet_capacity_lps":43.2,"nearest_drain":"MH-035","from_node":"J2184983154","to_node":"J2184983156"},"geometry":{"type":"LineString","coordinates":[[80.09466,12.923639],[80.093772,12.923715],[80.092891,12.923691]]}},{"type":"Feature","properties":{"id":"R0129","name":null,"highway":"residential","osm_way":208170791,"width_m":6.0,"length_m":45.7,"surface_area":273.9,"catchment_m2":1643.7,"inlet_capacity_lps":14.4,"nearest_drain":"MH-051","from_node":"J2184983160","to_node":"J3875896668"},"geometry":{"type":"LineString","coordinates":[[80.095389,12.923789],[80.095466,12.924192]]}},{"type":"Feature","properties":{"id":"R0130","name":null,"highway":"residential","osm_way":321216558,"width_m":6.0,"length_m":35.2,"surface_area":211.2,"catchment_m2":1267.1,"inlet_capacity_lps":7.2,"nearest_drain":"MH-037","from_node":"J2184983162","to_node":"J2184983160"},"geometry":{"type":"LineString","coordinates":[[80.095082,12.923892],[80.095389,12.923789]]}},{"type":"Feature","properties":{"id":"R0131","name":null,"highway":"residential","osm_way":321216558,"width_m":6.0,"length_m":139.1,"surface_area":834.6,"catchment_m2":5007.7,"inlet_capacity_lps":36.0,"nearest_drain":"MH-049","from_node":"J2184983168","to_node":"J2184983162"},"geometry":{"type":"LineString","coordinates":[[80.093821,12.924088],[80.094419,12.924058],[80.094748,12.92399],[80.095082,12.923892]]}},{"type":"Feature","properties":{"id":"R0132","name":null,"highway":"residential","osm_way":208170796,"width_m":6.0,"length_m":102.1,"surface_area":612.4,"catchment_m2":3674.6,"inlet_capacity_lps":21.6,"nearest_drain":"MH-049","from_node":"J2184983170","to_node":"J2184983172"},"geometry":{"type":"LineString","coordinates":[[80.092759,12.924163],[80.0937,12.924166]]}},{"type":"Feature","properties":{"id":"R0133","name":null,"highway":"residential","osm_way":208170800,"width_m":6.0,"length_m":47.4,"surface_area":284.6,"catchment_m2":1707.9,"inlet_capacity_lps":14.4,"nearest_drain":"MH-053","from_node":"J2184983176","to_node":"J3875896132"},"geometry":{"type":"LineString","coordinates":[[80.098328,12.924281],[80.098007,12.924242],[80.097893,12.924255]]}},{"type":"Feature","properties":{"id":"R0134","name":null,"highway":"residential","osm_way":384290642,"width_m":6.0,"length_m":47.0,"surface_area":281.9,"catchment_m2":1691.7,"inlet_capacity_lps":14.4,"nearest_drain":"MH-054","from_node":"J2184983176","to_node":"J3875896131"},"geometry":{"type":"LineString","coordinates":[[80.098328,12.924281],[80.098344,12.924703]]}},{"type":"Feature","properties":{"id":"R0135","name":null,"highway":"residential","osm_way":208170800,"width_m":6.0,"length_m":46.3,"surface_area":277.8,"catchment_m2":1666.6,"inlet_capacity_lps":14.4,"nearest_drain":"MH-052","from_node":"J2184983180","to_node":"J2184983182"},"geometry":{"type":"LineString","coordinates":[[80.096935,12.924306],[80.096574,12.924337],[80.096541,12.92434],[80.096509,12.924342]]}},{"type":"Feature","properties":{"id":"R0136","name":null,"highway":"residential","osm_way":208170800,"width_m":6.0,"length_m":159.8,"surface_area":958.6,"catchment_m2":5751.3,"inlet_capacity_lps":36.0,"nearest_drain":"MH-066","from_node":"J2184983182","to_node":"J7814492644"},"geometry":{"type":"LineString","coordinates":[[80.096509,12.924342],[80.096518,12.924403],[80.096718,12.925765]]}},{"type":"Feature","properties":{"id":"R0137","name":null,"highway":"residential","osm_way":834912646,"width_m":6.0,"length_m":65.4,"surface_area":392.7,"catchment_m2":2356.1,"inlet_capacity_lps":14.4,"nearest_drain":"MH-051","from_node":"J2184983182","to_node":"J7793527872"},"geometry":{"type":"LineString","coordinates":[[80.096509,12.924342],[80.096156,12.924383],[80.095911,12.924418]]}},{"type":"Feature","properties":{"id":"R0138","name":null,"highway":"residential","osm_way":208170791,"width_m":6.0,"length_m":44.5,"surface_area":267.0,"catchment_m2":1602.0,"inlet_capacity_lps":7.2,"nearest_drain":"MH-065","from_node":"J2184983188","to_node":"J2184983197"},"geometry":{"type":"LineString","coordinates":[[80.095545,12.924896],[80.09556,12.924935],[80.095686,12.925272]]}},{"type":"Feature","properties":{"id":"R0139","name":null,"highway":"residential","osm_way":208170753,"width_m":6.0,"length_m":34.7,"surface_area":208.1,"catchment_m2":1248.7,"inlet_capacity_lps":7.2,"nearest_drain":"MH-068","from_node":"J2184983190","to_node":"J3875896112"},"geometry":{"type":"LineString","coordinates":[[80.09903,12.92504],[80.09907,12.92535]]}},{"type":"Feature","properties":{"id":"R0140","name":null,"highway":"residential","osm_way":208170778,"width_m":6.0,"length_m":91.4,"surface_area":548.3,"catchment_m2":3289.9,"inlet_capacity_lps":21.6,"nearest_drain":"MH-055","from_node":"J2184983190","to_node":"J3871662046"},"geometry":{"type":"LineString","coordinates":[[80.09903,12.92504],[80.099722,12.924921],[80.099819,12.924901],[80.09986,12.924892]]}},{"type":"Feature","properties":{"id":"R0141","name":null,"highway":"residential","osm_way":208170752,"width_m":6.0,"length_m":59.8,"surface_area":359.1,"catchment_m2":2154.5,"inlet_capacity_lps":14.4,"nearest_drain":"MH-062","from_node":"J2184983194","to_node":"J2184983192"},"geometry":{"type":"LineString","coordinates":[[80.093058,12.925153],[80.092511,12.925083]]}},{"type":"Feature","properties":{"id":"R0142","name":null,"highway":"residential","osm_way":384339453,"width_m":6.0,"length_m":26.7,"surface_area":160.2,"catchment_m2":961.0,"inlet_capacity_lps":7.2,"nearest_drain":"MH-062","from_node":"J2184983194","to_node":"J3876414208"},"geometry":{"type":"LineString","coordinates":[[80.093058,12.925153],[80.093097,12.924916]]}},{"type":"Feature","properties":{"id":"R0143","name":null,"highway":"residential","osm_way":208170778,"width_m":6.0,"length_m":50.4,"surface_area":302.3,"catchment_m2":1813.7,"inlet_capacity_lps":14.4,"nearest_drain":"MH-067","from_node":"J2184983196","to_node":"J3876414204"},"geometry":{"type":"LineString","coordinates":[[80.097276,12.925273],[80.097737,12.925212]]}},{"type":"Feature","properties":{"id":"R0144","name":null,"highway":"residential","osm_way":208170791,"width_m":6.0,"length_m":70.5,"surface_area":422.9,"catchment_m2":2537.2,"inlet_capacity_lps":14.4,"nearest_drain":"MH-064","from_node":"J2184983197","to_node":"J2184983207"},"geometry":{"type":"LineString","coordinates":[[80.095686,12.925272],[80.095061,12.925446]]}},{"type":"Feature","properties":{"id":"R0145","name":null,"highway":"residential","osm_way":1253172989,"width_m":6.0,"length_m":35.4,"surface_area":212.5,"catchment_m2":1275.3,"inlet_capacity_lps":7.2,"nearest_drain":"MH-065","from_node":"J2184983197","to_node":"J11648433157"},"geometry":{"type":"LineString","coordinates":[[80.095686,12.925272],[80.096,12.925183]]}},{"type":"Feature","properties":{"id":"R0146","name":null,"highway":"residential","osm_way":208170752,"width_m":6.0,"length_m":19.2,"surface_area":115.3,"catchment_m2":691.5,"inlet_capacity_lps":7.2,"nearest_drain":"MH-062","from_node":"J2184983200","to_node":"J2184983194"},"geometry":{"type":"LineString","coordinates":[[80.093027,12.925323],[80.093058,12.925153]]}},{"type":"Feature","properties":{"id":"R0147","name":null,"highway":"residential","osm_way":384290997,"width_m":6.0,"length_m":43.0,"surface_area":258.2,"catchment_m2":1549.5,"inlet_capacity_lps":7.2,"nearest_drain":"MH-062","from_node":"J2184983200","to_node":"J3875899110"},"geometry":{"type":"LineString","coordinates":[[80.093027,12.925323],[80.092972,12.925707]]}},{"type":"Feature","properties":{"id":"R0148","name":null,"highway":"residential","osm_way":208170752,"width_m":6.0,"length_m":235.3,"surface_area":1411.7,"catchment_m2":8470.5,"inlet_capacity_lps":57.6,"nearest_drain":"MH-064","from_node":"J2184983207","to_node":"J2184983200"},"geometry":{"type":"LineString","coordinates":[[80.095061,12.925446],[80.095016,12.925359],[80.094242,12.925386],[80.094239,12.925457],[80.093959,12.925457],[80.093507,12.925415],[80.093027,12.925323]]}},{"type":"Feature","properties":{"id":"R0149","name":null,"highway":"residential","osm_way":208170753,"width_m":6.0,"length_m":35.8,"surface_area":214.9,"catchment_m2":1289.4,"inlet_capacity_lps":7.2,"nearest_drain":"MH-079","from_node":"J2184983217","to_node":"J3875886339"},"geometry":{"type":"LineString","coordinates":[[80.099145,12.925927],[80.099188,12.926246]]}},{"type":"Feature","properties":{"id":"R0150","name":null,"highway":"residential","osm_way":208170794,"width_m":6.0,"length_m":81.6,"surface_area":489.3,"catchment_m2":2935.8,"inlet_capacity_lps":21.6,"nearest_drain":"MH-079","from_node":"J2184983217","to_node":"J3875886337"},"geometry":{"type":"LineString","coordinates":[[80.099145,12.925927],[80.099354,12.925913],[80.099384,12.925922],[80.09941,12.92594],[80.099423,12.925966],[80.099456,12.926204],[80.099477,12.926401]]}},{"type":"Feature","properties":{"id":"R0151","name":null,"highway":"residential","osm_way":208170794,"width_m":6.0,"length_m":49.8,"surface_area":298.6,"catchment_m2":1791.4,"inlet_capacity_lps":14.4,"nearest_drain":"MH-078","from_node":"J2184983233","to_node":"J11648476001"},"geometry":{"type":"LineString","coordinates":[[80.097914,12.926134],[80.098366,12.926058]]}},{"type":"Feature","properties":{"id":"R0152","name":null,"highway":"residential","osm_way":384339451,"width_m":6.0,"length_m":19.3,"surface_area":116.0,"catchment_m2":696.0,"inlet_capacity_lps":7.2,"nearest_drain":"MH-077","from_node":"J2184983233","to_node":"J3876414205"},"geometry":{"type":"LineString","coordinates":[[80.097914,12.926134],[80.097923,12.926201],[80.097944,12.926306]]}},{"type":"Feature","properties":{"id":"R0153","name":null,"highway":"residential","osm_way":208170752,"width_m":6.0,"length_m":53.5,"surface_area":321.2,"catchment_m2":1927.0,"inlet_capacity_lps":14.4,"nearest_drain":"MH-065","from_node":"J2184983235","to_node":"J3875899121"},"geometry":{"type":"LineString","coordinates":[[80.095302,12.926226],[80.095173,12.92581],[80.095159,12.925765]]}},{"type":"Feature","properties":{"id":"R0154","name":null,"highway":"residential","osm_way":1250760646,"width_m":6.0,"length_m":34.7,"surface_area":208.0,"catchment_m2":1247.9,"inlet_capacity_lps":7.2,"nearest_drain":"MH-075","from_node":"J2184983247","to_node":"J9867361482"},"geometry":{"type":"LineString","coordinates":[[80.095566,12.927186],[80.095505,12.92688]]}},{"type":"Feature","properties":{"id":"R0155","name":null,"highway":"residential","osm_way":208170782,"width_m":6.0,"length_m":298.1,"surface_area":1788.6,"catchment_m2":10731.6,"inlet_capacity_lps":72.0,"nearest_drain":"MH-098","from_node":"J2184983249","to_node":"J362181329"},"geometry":{"type":"LineString","coordinates":[[80.096907,12.927972],[80.099622,12.927542]]}},{"type":"Feature","properties":{"id":"R0156","name":null,"highway":"residential","osm_way":834912630,"width_m":6.0,"length_m":35.7,"surface_area":214.1,"catchment_m2":1284.8,"inlet_capacity_lps":7.2,"nearest_drain":"MH-089","from_node":"J2184983249","to_node":"J7810384536"},"geometry":{"type":"LineString","coordinates":[[80.096907,12.927972],[80.096845,12.927657]]}},{"type":"Feature","properties":{"id":"R0157","name":null,"highway":"residential","osm_way":208170757,"width_m":6.0,"length_m":295.4,"surface_area":1772.3,"catchment_m2":10634.0,"inlet_capacity_lps":72.0,"nearest_drain":"MH-098","from_node":"J2184983251","to_node":"J2184983250"},"geometry":{"type":"LineString","coordinates":[[80.096985,12.92847],[80.099674,12.928033]]}},{"type":"Feature","properties":{"id":"R0158","name":null,"highway":"residential","osm_way":208170782,"width_m":6.0,"length_m":48.7,"surface_area":292.4,"catchment_m2":1754.5,"inlet_capacity_lps":14.4,"nearest_drain":"MH-098","from_node":"J2184983251","to_node":"J3875886331"},"geometry":{"type":"LineString","coordinates":[[80.096985,12.92847],[80.096917,12.928037]]}},{"type":"Feature","properties":{"id":"R0159","name":null,"highway":"residential","osm_way":208170782,"width_m":6.0,"length_m":61.4,"surface_area":368.2,"catchment_m2":2208.9,"inlet_capacity_lps":14.4,"nearest_drain":"MH-098","from_node":"J2184983254","to_node":"J2184983251"},"geometry":{"type":"LineString","coordinates":[[80.097083,12.929014],[80.096985,12.92847]]}},{"type":"Feature","properties":{"id":"R0160","name":null,"highway":"residential","osm_way":208174957,"width_m":6.0,"length_m":200.7,"surface_area":1204.3,"catchment_m2":7225.9,"inlet_capacity_lps":50.4,"nearest_drain":"MH-008","from_node":"J2185019742","to_node":"J3875926915"},"geometry":{"type":"LineString","coordinates":[[80.096485,12.920357],[80.097965,12.92003],[80.09804,12.920347]]}},{"type":"Feature","properties":{"id":"R0161","name":null,"highway":"residential","osm_way":208174957,"width_m":6.0,"length_m":45.3,"surface_area":272.0,"catchment_m2":1632.1,"inlet_capacity_lps":14.4,"nearest_drain":"MH-008","from_node":"J2185019744","to_node":"J2185019749"},"geometry":{"type":"LineString","coordinates":[[80.098009,12.920476],[80.098103,12.920873]]}},{"type":"Feature","properties":{"id":"R0162","name":null,"highway":"residential","osm_way":384294558,"width_m":6.0,"length_m":26.3,"surface_area":158.0,"catchment_m2":948.2,"inlet_capacity_lps":7.2,"nearest_drain":"MH-009","from_node":"J2185019746","to_node":"J7794202180"},"geometry":{"type":"LineString","coordinates":[[80.098954,12.92066],[80.099018,12.920889]]}},{"type":"Feature","properties":{"id":"R0163","name":null,"highway":"residential","osm_way":208174977,"width_m":6.0,"length_m":37.2,"surface_area":223.4,"catchment_m2":1340.3,"inlet_capacity_lps":7.2,"nearest_drain":"MH-006","from_node":"J2185019748","to_node":"J2185019754"},"geometry":{"type":"LineString","coordinates":[[80.095191,12.920938],[80.095187,12.921273]]}},{"type":"Feature","properties":{"id":"R0164","name":null,"highway":"residential","osm_way":208174977,"width_m":6.0,"length_m":166.5,"surface_area":998.8,"catchment_m2":5993.0,"inlet_capacity_lps":43.2,"nearest_drain":"MH-014","from_node":"J2185019752","to_node":"J2185019748"},"geometry":{"type":"LineString","coordinates":[[80.093659,12.921032],[80.095191,12.920938]]}},{"type":"Feature","properties":{"id":"R0165","name":null,"highway":"residential","osm_way":208174976,"width_m":6.0,"length_m":54.9,"surface_area":329.5,"catchment_m2":1976.9,"inlet_capacity_lps":14.4,"nearest_drain":"MH-018","from_node":"J2185019753","to_node":"J2185019756"},"geometry":{"type":"LineString","coordinates":[[80.099095,12.921178],[80.098606,12.921306]]}},{"type":"Feature","properties":{"id":"R0166","name":null,"highway":"residential","osm_way":384294558,"width_m":6.0,"length_m":19.3,"surface_area":115.8,"catchment_m2":694.7,"inlet_capacity_lps":7.2,"nearest_drain":"MH-018","from_node":"J2185019753","to_node":"J11594631768"},"geometry":{"type":"LineString","coordinates":[[80.099095,12.921178],[80.099144,12.921345]]}},{"type":"Feature","properties":{"id":"R0167","name":null,"highway":"residential","osm_way":208174977,"width_m":6.0,"length_m":28.2,"surface_area":169.1,"catchment_m2":1014.6,"inlet_capacity_lps":7.2,"nearest_drain":"MH-015","from_node":"J2185019754","to_node":"J2185019755"},"geometry":{"type":"LineString","coordinates":[[80.095187,12.921273],[80.094929,12.921301]]}},{"type":"Feature","properties":{"id":"R0168","name":null,"highway":"residential","osm_way":1065542715,"width_m":6.0,"length_m":18.5,"surface_area":111.2,"catchment_m2":667.2,"inlet_capacity_lps":7.2,"nearest_drain":"MH-016","from_node":"J2185019754","to_node":"J9785630380"},"geometry":{"type":"LineString","coordinates":[[80.095187,12.921273],[80.095358,12.921265]]}},{"type":"Feature","properties":{"id":"R0169","name":null,"highway":"residential","osm_way":208174911,"width_m":6.0,"length_m":99.1,"surface_area":594.3,"catchment_m2":3565.8,"inlet_capacity_lps":21.6,"nearest_drain":"MH-015","from_node":"J2185019755","to_node":"J6771862089"},"geometry":{"type":"LineString","coordinates":[[80.094929,12.921301],[80.095028,12.922187]]}},{"type":"Feature","properties":{"id":"R0170","name":null,"highway":"residential","osm_way":208174977,"width_m":6.0,"length_m":149.7,"surface_area":898.4,"catchment_m2":5390.2,"inlet_capacity_lps":36.0,"nearest_drain":"MH-014","from_node":"J2185019755","to_node":"J2185019757"},"geometry":{"type":"LineString","coordinates":[[80.094929,12.921301],[80.094396,12.921363],[80.093557,12.92146]]}},{"type":"Feature","properties":{"id":"R0171","name":null,"highway":"residential","osm_way":208174939,"width_m":6.0,"length_m":45.5,"surface_area":272.8,"catchment_m2":1636.8,"inlet_capacity_lps":14.4,"nearest_drain":"MH-018","from_node":"J2185019756","to_node":"J2185019760"},"geometry":{"type":"LineString","coordinates":[[80.098606,12.921306],[80.098705,12.921703]]}},{"type":"Feature","properties":{"id":"R0172","name":null,"highway":"residential","osm_way":208174976,"width_m":6.0,"length_m":203.5,"surface_area":1221.0,"catchment_m2":7326.2,"inlet_capacity_lps":50.4,"nearest_drain":"MH-017","from_node":"J2185019756","to_node":"J2185019762"},"geometry":{"type":"LineString","coordinates":[[80.098606,12.921306],[80.096956,12.921709],[80.09685,12.921847]]}},{"type":"Feature","properties":{"id":"R0173","name":null,"highway":"residential","osm_way":722182589,"width_m":6.0,"length_m":9.7,"surface_area":58.4,"catchment_m2":350.4,"inlet_capacity_lps":7.2,"nearest_drain":"MH-013","from_node":"J2185019758","to_node":"J6771862096"},"geometry":{"type":"LineString","coordinates":[[80.092401,12.921595],[80.092428,12.921511]]}},{"type":"Feature","properties":{"id":"R0174","name":null,"highway":"residential","osm_way":208174939,"width_m":6.0,"length_m":46.6,"surface_area":279.9,"catchment_m2":1679.3,"inlet_capacity_lps":14.4,"nearest_drain":"MH-028","from_node":"J2185019760","to_node":"J2185019765"},"geometry":{"type":"LineString","coordinates":[[80.098705,12.921703],[80.09881,12.92211]]}},{"type":"Feature","properties":{"id":"R0175","name":null,"highway":"residential","osm_way":208174976,"width_m":6.0,"length_m":43.1,"surface_area":258.4,"catchment_m2":1550.5,"inlet_capacity_lps":7.2,"nearest_drain":"MH-026","from_node":"J2185019762","to_node":"J2185019768"},"geometry":{"type":"LineString","coordinates":[[80.09685,12.921847],[80.096658,12.922186]]}},{"type":"Feature","properties":{"id":"R0176","name":null,"highway":"residential","osm_way":208174995,"width_m":6.0,"length_m":54.3,"surface_area":325.9,"catchment_m2":1955.5,"inlet_capacity_lps":14.4,"nearest_drain":"MH-017","from_node":"J2185019762","to_node":"J2185019764"},"geometry":{"type":"LineString","coordinates":[[80.09685,12.921847],[80.09728,12.922097]]}},{"type":"Feature","properties":{"id":"R0177","name":null,"highway":"residential","osm_way":208174913,"width_m":6.0,"length_m":160.5,"surface_area":963.2,"catchment_m2":5779.1,"inlet_capacity_lps":36.0,"nearest_drain":"MH-027","from_node":"J2185019764","to_node":"J2185019760"},"geometry":{"type":"LineString","coordinates":[[80.09728,12.922097],[80.098705,12.921703]]}},{"type":"Feature","properties":{"id":"R0178","name":null,"highway":"residential","osm_way":208174995,"width_m":6.0,"length_m":71.5,"surface_area":429.0,"catchment_m2":2573.9,"inlet_capacity_lps":14.4,"nearest_drain":"MH-027","from_node":"J2185019764","to_node":"J2185019773"},"geometry":{"type":"LineString","coordinates":[[80.09728,12.922097],[80.097847,12.922427]]}},{"type":"Feature","properties":{"id":"R0179","name":null,"highway":"residential","osm_way":384294559,"width_m":6.0,"length_m":77.3,"surface_area":463.7,"catchment_m2":2782.0,"inlet_capacity_lps":21.6,"nearest_drain":"MH-029","from_node":"J2185019765","to_node":"J3875930905"},"geometry":{"type":"LineString","coordinates":[[80.09881,12.92211],[80.098872,12.92228],[80.099378,12.922136]]}},{"type":"Feature","properties":{"id":"R0180","name":null,"highway":"residential","osm_way":208174966,"width_m":6.0,"length_m":42.6,"surface_area":255.7,"catchment_m2":1534.1,"inlet_capacity_lps":7.2,"nearest_drain":"MH-022","from_node":"J2185019770","to_node":"J3875908396"},"geometry":{"type":"LineString","coordinates":[[80.092615,12.922223],[80.092517,12.921852]]}},{"type":"Feature","properties":{"id":"R0181","name":null,"highway":"residential","osm_way":208174995,"width_m":6.0,"length_m":121.5,"surface_area":729.0,"catchment_m2":4374.3,"inlet_capacity_lps":28.8,"nearest_drain":"MH-041","from_node":"J2185019773","to_node":"J3875930913"},"geometry":{"type":"LineString","coordinates":[[80.097847,12.922427],[80.098414,12.922789],[80.098525,12.922871],[80.098644,12.923143]]}},{"type":"Feature","properties":{"id":"R0182","name":null,"highway":"residential","osm_way":1434347512,"width_m":6.0,"length_m":46.6,"surface_area":279.6,"catchment_m2":1677.7,"inlet_capacity_lps":14.4,"nearest_drain":"MH-020","from_node":"J2185019774","to_node":"J2185019780"},"geometry":{"type":"LineString","coordinates":[[80.09028,12.922432],[80.090305,12.922484],[80.090464,12.922811]]}},{"type":"Feature","properties":{"id":"R0183","name":null,"highway":"residential","osm_way":208174971,"width_m":6.0,"length_m":184.5,"surface_area":1106.8,"catchment_m2":6640.7,"inlet_capacity_lps":43.2,"nearest_drain":"MH-022","from_node":"J2185019779","to_node":"J2185019770"},"geometry":{"type":"LineString","coordinates":[[80.09102,12.922804],[80.092615,12.922223]]}},{"type":"Feature","properties":{"id":"R0184","name":null,"highway":"residential","osm_way":208174904,"width_m":6.0,"length_m":79.3,"surface_area":475.6,"catchment_m2":2853.4,"inlet_capacity_lps":21.6,"nearest_drain":"MH-020","from_node":"J2185019780","to_node":"J2185019779"},"geometry":{"type":"LineString","coordinates":[[80.090464,12.922811],[80.090922,12.922605],[80.09102,12.922804]]}},{"type":"Feature","properties":{"id":"R0185","name":null,"highway":"residential","osm_way":208174966,"width_m":6.0,"length_m":53.6,"surface_area":321.4,"catchment_m2":1928.2,"inlet_capacity_lps":14.4,"nearest_drain":"MH-022","from_node":"J2185019784","to_node":"J3875908394"},"geometry":{"type":"LineString","coordinates":[[80.0929,12.922925],[80.092718,12.922477]]}},{"type":"Feature","properties":{"id":"R0186","name":null,"highway":"residential","osm_way":208174971,"width_m":6.0,"length_m":14.6,"surface_area":87.9,"catchment_m2":527.3,"inlet_capacity_lps":7.2,"nearest_drain":"MH-020","from_node":"J2185019786","to_node":"J2185019779"},"geometry":{"type":"LineString","coordinates":[[80.091077,12.922923],[80.09102,12.922804]]}},{"type":"Feature","properties":{"id":"R0187","name":null,"highway":"residential","osm_way":384291738,"width_m":6.0,"length_m":8.3,"surface_area":50.1,"catchment_m2":300.4,"inlet_capacity_lps":7.2,"nearest_drain":"MH-021","from_node":"J2185019786","to_node":"J3875908393"},"geometry":{"type":"LineString","coordinates":[[80.091077,12.922923],[80.09111,12.922991]]}},{"type":"Feature","properties":{"id":"R0188","name":null,"highway":"residential","osm_way":208174904,"width_m":6.0,"length_m":34.4,"surface_area":206.3,"catchment_m2":1238.1,"inlet_capacity_lps":7.2,"nearest_drain":"MH-032","from_node":"J2185019787","to_node":"J3876480849"},"geometry":{"type":"LineString","coordinates":[[80.089509,12.923119],[80.08958,12.923245],[80.089601,12.923254],[80.089622,12.923247],[80.089729,12.923185]]}},{"type":"Feature","properties":{"id":"R0189","name":null,"highway":"residential","osm_way":384345553,"width_m":6.0,"length_m":103.9,"surface_area":623.1,"catchment_m2":3738.7,"inlet_capacity_lps":21.6,"nearest_drain":"MH-032","from_node":"J2185019787","to_node":"J11843037021"},"geometry":{"type":"LineString","coordinates":[[80.089509,12.923119],[80.08945,12.923003],[80.08945,12.922979],[80.089463,12.922962],[80.089705,12.922795],[80.090124,12.922561]]}},{"type":"Feature","properties":{"id":"R0190","name":null,"highway":"residential","osm_way":208174971,"width_m":6.0,"length_m":69.2,"surface_area":415.3,"catchment_m2":2491.7,"inlet_capacity_lps":14.4,"nearest_drain":"MH-033","from_node":"J2185019789","to_node":"J2185019786"},"geometry":{"type":"LineString","coordinates":[[80.090498,12.923185],[80.091077,12.922923]]}},{"type":"Feature","properties":{"id":"R0191","name":null,"highway":"residential","osm_way":208174966,"width_m":6.0,"length_m":35.5,"surface_area":213.0,"catchment_m2":1278.1,"inlet_capacity_lps":7.2,"nearest_drain":"MH-035","from_node":"J2185019791","to_node":"J2185019784"},"geometry":{"type":"LineString","coordinates":[[80.093017,12.923212],[80.092938,12.923122],[80.0929,12.922925]]}},{"type":"Feature","properties":{"id":"R0192","name":null,"highway":"residential","osm_way":208174969,"width_m":6.0,"length_m":90.5,"surface_area":542.8,"catchment_m2":3256.9,"inlet_capacity_lps":21.6,"nearest_drain":"MH-033","from_node":"J2185019801","to_node":"J11843064969"},"geometry":{"type":"LineString","coordinates":[[80.090841,12.923693],[80.09152,12.923381],[80.0916,12.923354]]}},{"type":"Feature","properties":{"id":"R0193","name":null,"highway":"residential","osm_way":834904812,"width_m":6.0,"length_m":36.6,"surface_area":219.6,"catchment_m2":1317.6,"inlet_capacity_lps":7.2,"nearest_drain":"MH-030","from_node":"J2185019820","to_node":"J7793438255"},"geometry":{"type":"LineString","coordinates":[[80.087898,12.924106],[80.087738,12.923816]]}},{"type":"Feature","properties":{"id":"R0194","name":null,"highway":"residential","osm_way":1275474547,"width_m":6.0,"length_m":85.1,"surface_area":510.5,"catchment_m2":3062.8,"inlet_capacity_lps":21.6,"nearest_drain":"MH-043","from_node":"J2185019820","to_node":"J11842936943"},"geometry":{"type":"LineString","coordinates":[[80.087898,12.924106],[80.088533,12.92377],[80.088588,12.923742]]}},{"type":"Feature","properties":{"id":"R0195","name":null,"highway":"residential","osm_way":384345558,"width_m":6.0,"length_m":48.9,"surface_area":293.4,"catchment_m2":1760.2,"inlet_capacity_lps":14.4,"nearest_drain":"MH-044","from_node":"J2185019836","to_node":"J3876480957"},"geometry":{"type":"LineString","coordinates":[[80.088095,12.9245],[80.087695,12.924703]]}},{"type":"Feature","properties":{"id":"R0196","name":null,"highway":"residential","osm_way":1275474547,"width_m":6.0,"length_m":48.7,"surface_area":292.2,"catchment_m2":1753.2,"inlet_capacity_lps":14.4,"nearest_drain":"MH-043","from_node":"J2185019836","to_node":"J2185019820"},"geometry":{"type":"LineString","coordinates":[[80.088095,12.9245],[80.087898,12.924106]]}},{"type":"Feature","properties":{"id":"R0197","name":null,"highway":"residential","osm_way":1275475202,"width_m":6.0,"length_m":42.3,"surface_area":254.0,"catchment_m2":1523.7,"inlet_capacity_lps":7.2,"nearest_drain":"MH-044","from_node":"J2185019836","to_node":"J11842973981"},"geometry":{"type":"LineString","coordinates":[[80.088095,12.9245],[80.088238,12.924854]]}},{"type":"Feature","properties":{"id":"R0198","name":null,"highway":"residential","osm_way":208174923,"width_m":6.0,"length_m":178.5,"surface_area":1071.2,"catchment_m2":6427.2,"inlet_capacity_lps":43.2,"nearest_drain":"MH-046","from_node":"J2185019840","to_node":"J11843066257"},"geometry":{"type":"LineString","coordinates":[[80.090355,12.924712],[80.091359,12.924278],[80.091869,12.924078]]}},{"type":"Feature","properties":{"id":"R0199","name":null,"highway":"residential","osm_way":834904814,"width_m":6.0,"length_m":66.9,"surface_area":401.5,"catchment_m2":2409.1,"inlet_capacity_lps":14.4,"nearest_drain":"MH-059","from_node":"J2185019840","to_node":"J7793438260"},"geometry":{"type":"LineString","coordinates":[[80.090355,12.924712],[80.090368,12.924828],[80.089934,12.925065]]}},{"type":"Feature","properties":{"id":"R0200","name":null,"highway":"residential","osm_way":208174928,"width_m":6.0,"length_m":43.1,"surface_area":258.8,"catchment_m2":1553.0,"inlet_capacity_lps":7.2,"nearest_drain":"MH-061","from_node":"J2185019865","to_node":"J11843031298"},"geometry":{"type":"LineString","coordinates":[[80.091091,12.92554],[80.091465,12.925407]]}},{"type":"Feature","properties":{"id":"R0201","name":null,"highway":"residential","osm_way":673258593,"width_m":6.0,"length_m":45.8,"surface_area":274.8,"catchment_m2":1649.0,"inlet_capacity_lps":14.4,"nearest_drain":"MH-061","from_node":"J2185019872","to_node":"J7793438264"},"geometry":{"type":"LineString","coordinates":[[80.091707,12.92591],[80.091287,12.925866]]}},{"type":"Feature","properties":{"id":"R0202","name":null,"highway":"residential","osm_way":832475229,"width_m":6.0,"length_m":95.2,"surface_area":571.2,"catchment_m2":3427.1,"inlet_capacity_lps":21.6,"nearest_drain":"MH-102","from_node":"J2185019923","to_node":"J7772176738"},"geometry":{"type":"LineString","coordinates":[[80.092188,12.929456],[80.091329,12.929635]]}},{"type":"Feature","properties":{"id":"R0203","name":null,"highway":"residential","osm_way":384296680,"width_m":6.0,"length_m":429.6,"surface_area":2577.4,"catchment_m2":15464.5,"inlet_capacity_lps":100.8,"nearest_drain":"MH-110","from_node":"J2185019926","to_node":"J12054567840"},"geometry":{"type":"LineString","coordinates":[[80.09231,12.929962],[80.091373,12.9302],[80.090778,12.93026],[80.090569,12.930281],[80.090533,12.930234],[80.09048,12.930161],[80.09044,12.930161],[80.089623,12.930269],[80.088892,12.930426],[80.08879,12.930441],[80.088721,12.930138]]}},{"type":"Feature","properties":{"id":"R0204","name":null,"highway":"residential","osm_way":384296668,"width_m":6.0,"length_m":107.9,"surface_area":647.2,"catchment_m2":3882.9,"inlet_capacity_lps":28.8,"nearest_drain":"MH-085","from_node":"J3681347722","to_node":"J7772699265"},"geometry":{"type":"LineString","coordinates":[[80.092039,12.928745],[80.092072,12.928641],[80.09209,12.928261],[80.092131,12.928218],[80.092226,12.928185],[80.092263,12.928141],[80.092272,12.927875]]}},{"type":"Feature","properties":{"id":"R0205","name":null,"highway":"residential","osm_way":208170800,"width_m":6.0,"length_m":22.1,"surface_area":132.7,"catchment_m2":795.9,"inlet_capacity_lps":7.2,"nearest_drain":"MH-054","from_node":"J3871662045","to_node":"J2184983176"},"geometry":{"type":"LineString","coordinates":[[80.098532,12.924282],[80.098328,12.924281]]}},{"type":"Feature","properties":{"id":"R0206","name":null,"highway":"residential","osm_way":208170778,"width_m":6.0,"length_m":8.5,"surface_area":50.9,"catchment_m2":305.5,"inlet_capacity_lps":7.2,"nearest_drain":"MH-055","from_node":"J3871662046","to_node":"J6771862069"},"geometry":{"type":"LineString","coordinates":[[80.09986,12.924892],[80.099892,12.924823]]}},{"type":"Feature","properties":{"id":"R0207","name":null,"highway":"residential","osm_way":384290116,"width_m":6.0,"length_m":139.4,"surface_area":836.3,"catchment_m2":5017.8,"inlet_capacity_lps":36.0,"nearest_drain":"MH-104","from_node":"J3875886310","to_node":"J3875886316"},"geometry":{"type":"LineString","coordinates":[[80.092706,12.93011],[80.092644,12.929837],[80.09264,12.929755],[80.092702,12.929713],[80.09351,12.929489]]}},{"type":"Feature","properties":{"id":"R0208","name":null,"highway":"residential","osm_way":384290119,"width_m":6.0,"length_m":48.1,"surface_area":288.6,"catchment_m2":1731.7,"inlet_capacity_lps":14.4,"nearest_drain":"MH-112","from_node":"J3875886310","to_node":"J3875886320"},"geometry":{"type":"LineString","coordinates":[[80.092706,12.93011],[80.092819,12.930528]]}},{"type":"Feature","properties":{"id":"R0209","name":null,"highway":"residential","osm_way":384290116,"width_m":6.0,"length_m":50.8,"surface_area":304.9,"catchment_m2":1829.3,"inlet_capacity_lps":14.4,"nearest_drain":"MH-104","from_node":"J3875886316","to_node":"J3875886315"},"geometry":{"type":"LineString","coordinates":[[80.09351,12.929489],[80.093557,12.929479],[80.093706,12.929862]]}},{"type":"Feature","properties":{"id":"R0210","name":null,"highway":"residential","osm_way":384290117,"width_m":6.0,"length_m":36.6,"surface_area":219.7,"catchment_m2":1318.5,"inlet_capacity_lps":7.2,"nearest_drain":"MH-104","from_node":"J3875886316","to_node":"J3875886318"},"geometry":{"type":"LineString","coordinates":[[80.09351,12.929489],[80.093422,12.929172]]}},{"type":"Feature","properties":{"id":"R0211","name":null,"highway":"residential","osm_way":384290117,"width_m":6.0,"length_m":11.6,"surface_area":69.5,"catchment_m2":416.9,"inlet_capacity_lps":7.2,"nearest_drain":"MH-104","from_node":"J3875886318","to_node":"J3875886317"},"geometry":{"type":"LineString","coordinates":[[80.093422,12.929172],[80.093394,12.929071]]}},{"type":"Feature","properties":{"id":"R0212","name":null,"highway":"residential","osm_way":384290118,"width_m":6.0,"length_m":56.7,"surface_area":340.0,"catchment_m2":2039.8,"inlet_capacity_lps":14.4,"nearest_drain":"MH-104","from_node":"J3875886318","to_node":"J3875886319"},"geometry":{"type":"LineString","coordinates":[[80.093422,12.929172],[80.092913,12.929291]]}},{"type":"Feature","properties":{"id":"R0213","name":null,"highway":"residential","osm_way":384290119,"width_m":6.0,"length_m":111.1,"surface_area":666.5,"catchment_m2":3999.0,"inlet_capacity_lps":28.8,"nearest_drain":"MH-113","from_node":"J3875886320","to_node":"J6810737858"},"geometry":{"type":"LineString","coordinates":[[80.092819,12.930528],[80.092928,12.930557],[80.093796,12.930284]]}},{"type":"Feature","properties":{"id":"R0214","name":null,"highway":"residential","osm_way":384290120,"width_m":6.0,"length_m":6.0,"surface_area":36.1,"catchment_m2":216.8,"inlet_capacity_lps":7.2,"nearest_drain":"MH-114","from_node":"J3875886323","to_node":"J3875886322"},"geometry":{"type":"LineString","coordinates":[[80.094617,12.929992],[80.094583,12.930036]]}},{"type":"Feature","properties":{"id":"R0215","name":null,"highway":"residential","osm_way":384290120,"width_m":6.0,"length_m":38.1,"surface_area":228.7,"catchment_m2":1371.9,"inlet_capacity_lps":7.2,"nearest_drain":"MH-114","from_node":"J3875886324","to_node":"J3875886323"},"geometry":{"type":"LineString","coordinates":[[80.094532,12.92966],[80.094617,12.929992]]}},{"type":"Feature","properties":{"id":"R0216","name":null,"highway":"residential","osm_way":384290121,"width_m":6.0,"length_m":44.0,"surface_area":263.7,"catchment_m2":1582.5,"inlet_capacity_lps":7.2,"nearest_drain":"MH-105","from_node":"J3875886324","to_node":"J14091396540"},"geometry":{"type":"LineString","coordinates":[[80.094532,12.92966],[80.094449,12.929362],[80.094426,12.929278]]}},{"type":"Feature","properties":{"id":"R0217","name":null,"highway":"residential","osm_way":384290122,"width_m":6.0,"length_m":32.8,"surface_area":196.9,"catchment_m2":1181.5,"inlet_capacity_lps":7.2,"nearest_drain":"MH-106","from_node":"J3875886326","to_node":"J3875886327"},"geometry":{"type":"LineString","coordinates":[[80.095864,12.928979],[80.09595,12.929262]]}},{"type":"Feature","properties":{"id":"R0218","name":null,"highway":"residential","osm_way":384290122,"width_m":6.0,"length_m":75.8,"surface_area":454.5,"catchment_m2":2727.3,"inlet_capacity_lps":21.6,"nearest_drain":"MH-106","from_node":"J3875886327","to_node":"J6810737867"},"geometry":{"type":"LineString","coordinates":[[80.09595,12.929262],[80.096032,12.929607],[80.095708,12.929695]]}},{"type":"Feature","properties":{"id":"R0219","name":null,"highway":"residential","osm_way":208170757,"width_m":6.0,"length_m":69.8,"surface_area":418.9,"catchment_m2":2513.3,"inlet_capacity_lps":14.4,"nearest_drain":"MH-098","from_node":"J3875886330","to_node":"J2184983251"},"geometry":{"type":"LineString","coordinates":[[80.096345,12.928539],[80.096985,12.92847]]}},{"type":"Feature","properties":{"id":"R0220","name":null,"highway":"residential","osm_way":836853437,"width_m":6.0,"length_m":18.9,"surface_area":113.6,"catchment_m2":681.9,"inlet_capacity_lps":7.2,"nearest_drain":"MH-098","from_node":"J3875886330","to_node":"J7810434386"},"geometry":{"type":"LineString","coordinates":[[80.096345,12.928539],[80.096172,12.92856]]}},{"type":"Feature","properties":{"id":"R0221","name":null,"highway":"residential","osm_way":208170782,"width_m":6.0,"length_m":7.3,"surface_area":43.8,"catchment_m2":262.8,"inlet_capacity_lps":7.2,"nearest_drain":"MH-098","from_node":"J3875886331","to_node":"J2184983249"},"geometry":{"type":"LineString","coordinates":[[80.096917,12.928037],[80.096907,12.927972]]}},{"type":"Feature","properties":{"id":"R0222","name":null,"highway":"residential","osm_way":384290123,"width_m":6.0,"length_m":84.5,"surface_area":507.0,"catchment_m2":3041.7,"inlet_capacity_lps":21.6,"nearest_drain":"MH-098","from_node":"J3875886331","to_node":"J3875886332"},"geometry":{"type":"LineString","coordinates":[[80.096917,12.928037],[80.096157,12.928206]]}},{"type":"Feature","properties":{"id":"R0223","name":null,"highway":"residential","osm_way":1201843883,"width_m":6.0,"length_m":43.7,"surface_area":262.1,"catchment_m2":1572.7,"inlet_capacity_lps":7.2,"nearest_drain":"MH-088","from_node":"J3875886332","to_node":"J11142754536"},"geometry":{"type":"LineString","coordinates":[[80.096157,12.928206],[80.096064,12.927824]]}},{"type":"Feature","properties":{"id":"R0224","name":null,"highway":"residential","osm_way":384290124,"width_m":6.0,"length_m":244.5,"surface_area":1466.8,"catchment_m2":8800.6,"inlet_capacity_lps":57.6,"nearest_drain":"MH-090","from_node":"J3875886333","to_node":"J3875886334"},"geometry":{"type":"LineString","coordinates":[[80.097364,12.927555],[80.099586,12.927173]]}},{"type":"Feature","properties":{"id":"R0225","name":null,"highway":"residential","osm_way":836851217,"width_m":6.0,"length_m":21.0,"surface_area":125.8,"catchment_m2":754.7,"inlet_capacity_lps":7.2,"nearest_drain":"MH-090","from_node":"J3875886333","to_node":"J7810392757"},"geometry":{"type":"LineString","coordinates":[[80.097364,12.927555],[80.097174,12.927588]]}},{"type":"Feature","properties":{"id":"R0226","name":null,"highway":"residential","osm_way":208170794,"width_m":6.0,"length_m":43.9,"surface_area":263.4,"catchment_m2":1580.6,"inlet_capacity_lps":7.2,"nearest_drain":"MH-079","from_node":"J3875886337","to_node":"J7810399414"},"geometry":{"type":"LineString","coordinates":[[80.099477,12.926401],[80.099478,12.926432],[80.099533,12.926792]]}},{"type":"Feature","properties":{"id":"R0227","name":null,"highway":"residential","osm_way":384290126,"width_m":6.0,"length_m":261.9,"surface_area":1571.7,"catchment_m2":9430.0,"inlet_capacity_lps":64.8,"nearest_drain":"MH-076","from_node":"J3875886337","to_node":"J3875886338"},"geometry":{"type":"LineString","coordinates":[[80.099477,12.926401],[80.097098,12.926821]]}},{"type":"Feature","properties":{"id":"R0228","name":null,"highway":"residential","osm_way":208170794,"width_m":6.0,"length_m":43.3,"surface_area":260.0,"catchment_m2":1560.2,"inlet_capacity_lps":7.2,"nearest_drain":"MH-078","from_node":"J3875896109","to_node":"J2184983217"},"geometry":{"type":"LineString","coordinates":[[80.098751,12.925993],[80.099145,12.925927]]}},{"type":"Feature","properties":{"id":"R0229","name":null,"highway":"residential","osm_way":384290636,"width_m":6.0,"length_m":33.9,"surface_area":203.1,"catchment_m2":1218.6,"inlet_capacity_lps":7.2,"nearest_drain":"MH-078","from_node":"J3875896109","to_node":"J3875896110"},"geometry":{"type":"LineString","coordinates":[[80.098751,12.925993],[80.098804,12.926293]]}},{"type":"Feature","properties":{"id":"R0230","name":null,"highway":"residential","osm_way":384290636,"width_m":6.0,"length_m":39.3,"surface_area":236.0,"catchment_m2":1415.7,"inlet_capacity_lps":7.2,"nearest_drain":"MH-078","from_node":"J3875896111","to_node":"J3875896109"},"geometry":{"type":"LineString","coordinates":[[80.0987,12.925643],[80.098751,12.925993]]}},{"type":"Feature","properties":{"id":"R0231","name":null,"highway":"residential","osm_way":208170753,"width_m":6.0,"length_m":8.0,"surface_area":47.9,"catchment_m2":287.3,"inlet_capacity_lps":7.2,"nearest_drain":"MH-068","from_node":"J3875896112","to_node":"J3875896116"},"geometry":{"type":"LineString","coordinates":[[80.09907,12.92535],[80.09908,12.925421]]}},{"type":"Feature","properties":{"id":"R0232","name":null,"highway":"residential","osm_way":384290637,"width_m":6.0,"length_m":85.9,"surface_area":515.2,"catchment_m2":3091.2,"inlet_capacity_lps":21.6,"nearest_drain":"MH-068","from_node":"J3875896112","to_node":"J11648472687"},"geometry":{"type":"LineString","coordinates":[[80.09907,12.92535],[80.09829,12.925485]]}},{"type":"Feature","properties":{"id":"R0233","name":null,"highway":"residential","osm_way":208170778,"width_m":6.0,"length_m":104.5,"surface_area":627.2,"catchment_m2":3763.1,"inlet_capacity_lps":21.6,"nearest_drain":"MH-068","from_node":"J3875896114","to_node":"J2184983190"},"geometry":{"type":"LineString","coordinates":[[80.098075,12.925167],[80.09903,12.92504]]}},{"type":"Feature","properties":{"id":"R0234","name":null,"highway":"residential","osm_way":384290638,"width_m":6.0,"length_m":43.9,"surface_area":263.5,"catchment_m2":1580.8,"inlet_capacity_lps":7.2,"nearest_drain":"MH-067","from_node":"J3875896114","to_node":"J3875896113"},"geometry":{"type":"LineString","coordinates":[[80.098075,12.925167],[80.098089,12.925225],[80.098168,12.925551]]}},{"type":"Feature","properties":{"id":"R0235","name":null,"highway":"residential","osm_way":208170753,"width_m":6.0,"length_m":56.7,"surface_area":340.0,"catchment_m2":2039.8,"inlet_capacity_lps":14.4,"nearest_drain":"MH-068","from_node":"J3875896116","to_node":"J2184983217"},"geometry":{"type":"LineString","coordinates":[[80.09908,12.925421],[80.099145,12.925927]]}},{"type":"Feature","properties":{"id":"R0236","name":null,"highway":"residential","osm_way":836473551,"width_m":6.0,"length_m":64.7,"surface_area":388.0,"catchment_m2":2328.1,"inlet_capacity_lps":14.4,"nearest_drain":"MH-068","from_node":"J3875896116","to_node":"J7807237550"},"geometry":{"type":"LineString","coordinates":[[80.09908,12.925421],[80.099665,12.925307]]}},{"type":"Feature","properties":{"id":"R0237","name":null,"highway":"residential","osm_way":208170800,"width_m":6.0,"length_m":46.3,"surface_area":277.8,"catchment_m2":1666.9,"inlet_capacity_lps":14.4,"nearest_drain":"MH-053","from_node":"J3875896132","to_node":"J7793804372"},"geometry":{"type":"LineString","coordinates":[[80.097893,12.924255],[80.097649,12.924284],[80.097468,12.924289]]}},{"type":"Feature","properties":{"id":"R0238","name":null,"highway":"residential","osm_way":384290643,"width_m":6.0,"length_m":78.4,"surface_area":470.3,"catchment_m2":2822.1,"inlet_capacity_lps":21.6,"nearest_drain":"MH-053","from_node":"J3875896132","to_node":"J3875896133"},"geometry":{"type":"LineString","coordinates":[[80.097893,12.924255],[80.09792,12.92496]]}},{"type":"Feature","properties":{"id":"R0239","name":null,"highway":"residential","osm_way":384290644,"width_m":6.0,"length_m":89.5,"surface_area":536.9,"catchment_m2":3221.5,"inlet_capacity_lps":21.6,"nearest_drain":"MH-053","from_node":"J3875896135","to_node":"J3875896138"},"geometry":{"type":"LineString","coordinates":[[80.097332,12.924066],[80.09758,12.924064],[80.097973,12.924098],[80.097999,12.923921]]}},{"type":"Feature","properties":{"id":"R0240","name":null,"highway":"residential","osm_way":835640616,"width_m":6.0,"length_m":24.8,"surface_area":148.5,"catchment_m2":891.1,"inlet_capacity_lps":7.2,"nearest_drain":"MH-053","from_node":"J3875896135","to_node":"J7799828611"},"geometry":{"type":"LineString","coordinates":[[80.097332,12.924066],[80.097333,12.923844]]}},{"type":"Feature","properties":{"id":"R0241","name":null,"highway":"residential","osm_way":384290644,"width_m":6.0,"length_m":76.0,"surface_area":455.7,"catchment_m2":2734.5,"inlet_capacity_lps":21.6,"nearest_drain":"MH-053","from_node":"J3875896139","to_node":"J3875896135"},"geometry":{"type":"LineString","coordinates":[[80.096632,12.924091],[80.097332,12.924066]]}},{"type":"Feature","properties":{"id":"R0242","name":null,"highway":"residential","osm_way":384290645,"width_m":6.0,"length_m":54.2,"surface_area":325.4,"catchment_m2":1952.4,"inlet_capacity_lps":14.4,"nearest_drain":"MH-052","from_node":"J3875896139","to_node":"J3875896140"},"geometry":{"type":"LineString","coordinates":[[80.096632,12.924091],[80.096521,12.923615]]}},{"type":"Feature","properties":{"id":"R0243","name":null,"highway":"residential","osm_way":384290647,"width_m":6.0,"length_m":29.9,"surface_area":179.5,"catchment_m2":1076.7,"inlet_capacity_lps":7.2,"nearest_drain":"MH-038","from_node":"J3875896665","to_node":"J11648439081"},"geometry":{"type":"LineString","coordinates":[[80.095588,12.923486],[80.095587,12.923464],[80.095591,12.923446],[80.095598,12.92343],[80.095618,12.923423],[80.09567,12.92341],[80.095809,12.923383]]}},{"type":"Feature","properties":{"id":"R0244","name":null,"highway":"residential","osm_way":384290648,"width_m":6.0,"length_m":81.1,"surface_area":486.5,"catchment_m2":2919.1,"inlet_capacity_lps":21.6,"nearest_drain":"MH-051","from_node":"J3875896665","to_node":"J3875896667"},"geometry":{"type":"LineString","coordinates":[[80.095588,12.923486],[80.095698,12.923928],[80.095791,12.924187]]}},{"type":"Feature","properties":{"id":"R0245","name":null,"highway":"residential","osm_way":208170791,"width_m":6.0,"length_m":42.8,"surface_area":256.8,"catchment_m2":1540.7,"inlet_capacity_lps":7.2,"nearest_drain":"MH-051","from_node":"J3875896668","to_node":"J3875899126"},"geometry":{"type":"LineString","coordinates":[[80.095466,12.924192],[80.095507,12.924575]]}},{"type":"Feature","properties":{"id":"R0246","name":null,"highway":"residential","osm_way":384290649,"width_m":6.0,"length_m":258.9,"surface_area":1553.7,"catchment_m2":9322.1,"inlet_capacity_lps":64.8,"nearest_drain":"MH-051","from_node":"J3875896668","to_node":"J6305143252"},"geometry":{"type":"LineString","coordinates":[[80.095466,12.924192],[80.094757,12.924391],[80.094609,12.924426],[80.094565,12.924406],[80.094531,12.924359],[80.093903,12.924431],[80.093842,12.92444],[80.093782,12.924457],[80.093749,12.924477],[80.093714,12.924499],[80.093652,12.924513],[80.093586,12.924513],[80.093162,12.92449]]}},{"type":"Feature","properties":{"id":"R0247","name":null,"highway":"residential","osm_way":384290650,"width_m":6.0,"length_m":59.4,"surface_area":356.3,"catchment_m2":2137.5,"inlet_capacity_lps":14.4,"nearest_drain":"MH-036","from_node":"J3875896674","to_node":"J3875896675"},"geometry":{"type":"LineString","coordinates":[[80.092831,12.923906],[80.093378,12.92389]]}},{"type":"Feature","properties":{"id":"R0248","name":null,"highway":"residential","osm_way":1190100766,"width_m":6.0,"length_m":93.0,"surface_area":557.8,"catchment_m2":3346.8,"inlet_capacity_lps":21.6,"nearest_drain":"MH-047","from_node":"J3875896676","to_node":"J3875908392"},"geometry":{"type":"LineString","coordinates":[[80.092672,12.924481],[80.09185,12.924721]]}},{"type":"Feature","properties":{"id":"R0249","name":null,"highway":"residential","osm_way":384290652,"width_m":6.0,"length_m":56.5,"surface_area":338.7,"catchment_m2":2032.4,"inlet_capacity_lps":14.4,"nearest_drain":"MH-048","from_node":"J3875896678","to_node":"J3875896679"},"geometry":{"type":"LineString","coordinates":[[80.092601,12.924742],[80.093118,12.924808]]}},{"type":"Feature","properties":{"id":"R0250","name":null,"highway":"residential","osm_way":673279902,"width_m":6.0,"length_m":35.7,"surface_area":214.2,"catchment_m2":1285.3,"inlet_capacity_lps":7.2,"nearest_drain":"MH-049","from_node":"J3875896679","to_node":"J6305143252"},"geometry":{"type":"LineString","coordinates":[[80.093118,12.924808],[80.093142,12.924667],[80.093162,12.92449]]}},{"type":"Feature","properties":{"id":"R0251","name":null,"highway":"residential","osm_way":384290997,"width_m":6.0,"length_m":130.7,"surface_area":784.3,"catchment_m2":4706.1,"inlet_capacity_lps":28.8,"nearest_drain":"MH-062","from_node":"J3875899110","to_node":"J3875899112"},"geometry":{"type":"LineString","coordinates":[[80.092972,12.925707],[80.09365,12.925836],[80.094165,12.925857]]}},{"type":"Feature","properties":{"id":"R0252","name":null,"highway":"residential","osm_way":384290998,"width_m":6.0,"length_m":34.6,"surface_area":207.3,"catchment_m2":1243.9,"inlet_capacity_lps":7.2,"nearest_drain":"MH-074","from_node":"J3875899114","to_node":"J11813507414"},"geometry":{"type":"LineString","coordinates":[[80.093997,12.926168],[80.094314,12.926194]]}},{"type":"Feature","properties":{"id":"R0253","name":null,"highway":"residential","osm_way":1250757625,"width_m":6.0,"length_m":14.8,"surface_area":89.1,"catchment_m2":534.4,"inlet_capacity_lps":7.2,"nearest_drain":"MH-073","from_node":"J3875899114","to_node":"J11626591319"},"geometry":{"type":"LineString","coordinates":[[80.093997,12.926168],[80.093996,12.926301]]}},{"type":"Feature","properties":{"id":"R0254","name":null,"highway":"residential","osm_way":384290998,"width_m":6.0,"length_m":67.2,"surface_area":403.1,"catchment_m2":2418.5,"inlet_capacity_lps":14.4,"nearest_drain":"MH-074","from_node":"J3875899115","to_node":"J2184983235"},"geometry":{"type":"LineString","coordinates":[[80.094683,12.926195],[80.095302,12.926226]]}},{"type":"Feature","properties":{"id":"R0255","name":null,"highway":"residential","osm_way":1250747156,"width_m":6.0,"length_m":12.8,"surface_area":76.5,"catchment_m2":459.2,"inlet_capacity_lps":7.2,"nearest_drain":"MH-074","from_node":"J3875899115","to_node":"J3875899117"},"geometry":{"type":"LineString","coordinates":[[80.094683,12.926195],[80.094682,12.92631]]}},{"type":"Feature","properties":{"id":"R0256","name":null,"highway":"residential","osm_way":208170752,"width_m":6.0,"length_m":6.5,"surface_area":38.9,"catchment_m2":233.1,"inlet_capacity_lps":7.2,"nearest_drain":"MH-075","from_node":"J3875899116","to_node":"J2184983235"},"geometry":{"type":"LineString","coordinates":[[80.095362,12.926231],[80.095302,12.926226]]}},{"type":"Feature","properties":{"id":"R0257","name":null,"highway":"residential","osm_way":837298916,"width_m":6.0,"length_m":145.6,"surface_area":873.4,"catchment_m2":5240.3,"inlet_capacity_lps":36.0,"nearest_drain":"MH-075","from_node":"J3875899116","to_node":"J6307286850"},"geometry":{"type":"LineString","coordinates":[[80.095362,12.926231],[80.095575,12.926163],[80.095853,12.926113],[80.096089,12.926068],[80.096373,12.926034],[80.096465,12.926018],[80.096679,12.925991]]}},{"type":"Feature","properties":{"id":"R0258","name":null,"highway":"residential","osm_way":384291002,"width_m":6.0,"length_m":36.0,"surface_area":216.2,"catchment_m2":1297.0,"inlet_capacity_lps":7.2,"nearest_drain":"MH-074","from_node":"J3875899117","to_node":"J3875899118"},"geometry":{"type":"LineString","coordinates":[[80.094682,12.92631],[80.094708,12.926633]]}},{"type":"Feature","properties":{"id":"R0259","name":null,"highway":"residential","osm_way":1250746516,"width_m":6.0,"length_m":50.4,"surface_area":302.7,"catchment_m2":1816.0,"inlet_capacity_lps":14.4,"nearest_drain":"MH-074","from_node":"J3875899118","to_node":"J7793527881"},"geometry":{"type":"LineString","coordinates":[[80.094708,12.926633],[80.094749,12.927085]]}},{"type":"Feature","properties":{"id":"R0260","name":null,"highway":"residential","osm_way":208170752,"width_m":6.0,"length_m":37.1,"surface_area":222.5,"catchment_m2":1334.9,"inlet_capacity_lps":7.2,"nearest_drain":"MH-064","from_node":"J3875899121","to_node":"J2184983207"},"geometry":{"type":"LineString","coordinates":[[80.095159,12.925765],[80.095061,12.925446]]}},{"type":"Feature","properties":{"id":"R0261","name":null,"highway":"residential","osm_way":384291005,"width_m":6.0,"length_m":75.9,"surface_area":455.3,"catchment_m2":2731.7,"inlet_capacity_lps":21.6,"nearest_drain":"MH-065","from_node":"J3875899121","to_node":"J3875899122"},"geometry":{"type":"LineString","coordinates":[[80.095159,12.925765],[80.094459,12.92575]]}},{"type":"Feature","properties":{"id":"R0262","name":null,"highway":"residential","osm_way":837300148,"width_m":6.0,"length_m":37.3,"surface_area":223.8,"catchment_m2":1343.0,"inlet_capacity_lps":7.2,"nearest_drain":"MH-065","from_node":"J3875899121","to_node":"J11648433161"},"geometry":{"type":"LineString","coordinates":[[80.095159,12.925765],[80.095187,12.925757],[80.095489,12.925667]]}},{"type":"Feature","properties":{"id":"R0263","name":null,"highway":"residential","osm_way":384291007,"width_m":6.0,"length_m":161.0,"surface_area":965.7,"catchment_m2":5794.5,"inlet_capacity_lps":36.0,"nearest_drain":"MH-051","from_node":"J3875899123","to_node":"J2184983188"},"geometry":{"type":"LineString","coordinates":[[80.094084,12.925102],[80.09478,12.92504],[80.094949,12.925052],[80.095545,12.924896]]}},{"type":"Feature","properties":{"id":"R0264","name":null,"highway":"residential","osm_way":208170791,"width_m":6.0,"length_m":29.5,"surface_area":177.3,"catchment_m2":1063.5,"inlet_capacity_lps":7.2,"nearest_drain":"MH-051","from_node":"J3875899126","to_node":"J13123044866"},"geometry":{"type":"LineString","coordinates":[[80.095507,12.924575],[80.09554,12.924839]]}},{"type":"Feature","properties":{"id":"R0265","name":null,"highway":"residential","osm_way":384291010,"width_m":6.0,"length_m":82.4,"surface_area":494.7,"catchment_m2":2968.0,"inlet_capacity_lps":21.6,"nearest_drain":"MH-051","from_node":"J3875899126","to_node":"J3875899127"},"geometry":{"type":"LineString","coordinates":[[80.095507,12.924575],[80.094772,12.924767]]}},{"type":"Feature","properties":{"id":"R0266","name":null,"highway":"residential","osm_way":1275487571,"width_m":6.0,"length_m":13.9,"surface_area":83.6,"catchment_m2":501.8,"inlet_capacity_lps":7.2,"nearest_drain":"MH-047","from_node":"J3875908392","to_node":"J11843031304"},"geometry":{"type":"LineString","coordinates":[[80.09185,12.924721],[80.091876,12.924781],[80.091878,12.924792],[80.091872,12.924801],[80.091836,12.924817]]}},{"type":"Feature","properties":{"id":"R0267","name":null,"highway":"residential","osm_way":384291738,"width_m":6.0,"length_m":183.3,"surface_area":1100.1,"catchment_m2":6600.5,"inlet_capacity_lps":43.2,"nearest_drain":"MH-022","from_node":"J3875908393","to_node":"J3875908394"},"geometry":{"type":"LineString","coordinates":[[80.09111,12.922991],[80.092718,12.922477]]}},{"type":"Feature","properties":{"id":"R0268","name":null,"highway":"residential","osm_way":384294914,"width_m":6.0,"length_m":167.1,"surface_area":1002.4,"catchment_m2":6014.5,"inlet_capacity_lps":43.2,"nearest_drain":"MH-034","from_node":"J3875908393","to_node":"J3875937658"},"geometry":{"type":"LineString","coordinates":[[80.09111,12.922991],[80.0912,12.923199],[80.0912,12.92326],[80.091177,12.92331],[80.091052,12.923352],[80.090113,12.923831]]}},{"type":"Feature","properties":{"id":"R0269","name":null,"highway":"residential","osm_way":208174966,"width_m":6.0,"length_m":30.3,"surface_area":181.8,"catchment_m2":1091.1,"inlet_capacity_lps":7.2,"nearest_drain":"MH-022","from_node":"J3875908394","to_node":"J2185019770"},"geometry":{"type":"LineString","coordinates":[[80.092718,12.922477],[80.092615,12.922223]]}},{"type":"Feature","properties":{"id":"R0270","name":null,"highway":"residential","osm_way":384291740,"width_m":6.0,"length_m":174.7,"surface_area":1048.2,"catchment_m2":6289.0,"inlet_capacity_lps":43.2,"nearest_drain":"MH-020","from_node":"J3875908395","to_node":"J3875908396"},"geometry":{"type":"LineString","coordinates":[[80.091006,12.922398],[80.092517,12.921852]]}},{"type":"Feature","properties":{"id":"R0271","name":null,"highway":"residential","osm_way":208174966,"width_m":6.0,"length_m":31.3,"surface_area":187.7,"catchment_m2":1126.0,"inlet_capacity_lps":7.2,"nearest_drain":"MH-013","from_node":"J3875908396","to_node":"J2185019758"},"geometry":{"type":"LineString","coordinates":[[80.092517,12.921852],[80.092401,12.921595]]}},{"type":"Feature","properties":{"id":"R0272","name":null,"highway":"residential","osm_way":208170792,"width_m":6.0,"length_m":40.0,"surface_area":240.0,"catchment_m2":1440.0,"inlet_capacity_lps":7.2,"nearest_drain":"MH-003","from_node":"J3875913857","to_node":"J2184983135"},"geometry":{"type":"LineString","coordinates":[[80.092439,12.920213],[80.092545,12.920557]]}},{"type":"Feature","properties":{"id":"R0273","name":null,"highway":"residential","osm_way":384292414,"width_m":6.0,"length_m":38.6,"surface_area":231.3,"catchment_m2":1388.0,"inlet_capacity_lps":7.2,"nearest_drain":"MH-003","from_node":"J3875913857","to_node":"J3875913858"},"geometry":{"type":"LineString","coordinates":[[80.092439,12.920213],[80.092776,12.920104]]}},{"type":"Feature","properties":{"id":"R0274","name":null,"highway":"residential","osm_way":384292416,"width_m":6.0,"length_m":31.0,"surface_area":185.8,"catchment_m2":1114.5,"inlet_capacity_lps":7.2,"nearest_drain":"MH-004","from_node":"J3875913861","to_node":"J3875913862"},"geometry":{"type":"LineString","coordinates":[[80.093286,12.920629],[80.093359,12.920898]]}},{"type":"Feature","properties":{"id":"R0275","name":null,"highway":"residential","osm_way":384292417,"width_m":6.0,"length_m":37.9,"surface_area":227.6,"catchment_m2":1365.9,"inlet_capacity_lps":7.2,"nearest_drain":"MH-004","from_node":"J3875913862","to_node":"J3875913864"},"geometry":{"type":"LineString","coordinates":[[80.093359,12.920898],[80.093698,12.920814]]}},{"type":"Feature","properties":{"id":"R0276","name":null,"highway":"residential","osm_way":384292417,"width_m":6.0,"length_m":16.8,"surface_area":100.5,"catchment_m2":603.2,"inlet_capacity_lps":7.2,"nearest_drain":"MH-004","from_node":"J3875913863","to_node":"J3875913862"},"geometry":{"type":"LineString","coordinates":[[80.09321,12.920939],[80.093359,12.920898]]}},{"type":"Feature","properties":{"id":"R0277","name":null,"highway":"residential","osm_way":384292418,"width_m":6.0,"length_m":77.8,"surface_area":466.8,"catchment_m2":2800.8,"inlet_capacity_lps":21.6,"nearest_drain":"MH-004","from_node":"J3875913865","to_node":"J7793804369"},"geometry":{"type":"LineString","coordinates":[[80.093722,12.92076],[80.094174,12.920657],[80.094329,12.920624],[80.094367,12.920607],[80.094408,12.920574]]}},{"type":"Feature","properties":{"id":"R0278","name":null,"highway":"residential","osm_way":384292419,"width_m":6.0,"length_m":44.5,"surface_area":266.9,"catchment_m2":1601.3,"inlet_capacity_lps":7.2,"nearest_drain":"MH-005","from_node":"J3875913866","to_node":"J3875913868"},"geometry":{"type":"LineString","coordinates":[[80.094408,12.920512],[80.094301,12.920125]]}},{"type":"Feature","properties":{"id":"R0279","name":null,"highway":"residential","osm_way":384292426,"width_m":6.0,"length_m":71.1,"surface_area":426.8,"catchment_m2":2561.0,"inlet_capacity_lps":14.4,"nearest_drain":"MH-006","from_node":"J3875913889","to_node":"J3875913890"},"geometry":{"type":"LineString","coordinates":[[80.095565,12.920468],[80.095697,12.921094]]}},{"type":"Feature","properties":{"id":"R0280","name":null,"highway":"residential","osm_way":1196366326,"width_m":6.0,"length_m":13.6,"surface_area":81.4,"catchment_m2":488.5,"inlet_capacity_lps":7.2,"nearest_drain":"MH-006","from_node":"J3875913889","to_node":"J11101477099"},"geometry":{"type":"LineString","coordinates":[[80.095565,12.920468],[80.095543,12.920348]]}},{"type":"Feature","properties":{"id":"R0281","name":null,"highway":"residential","osm_way":384292426,"width_m":6.0,"length_m":34.8,"surface_area":208.5,"catchment_m2":1251.3,"inlet_capacity_lps":7.2,"nearest_drain":"MH-016","from_node":"J3875913890","to_node":"J3875913892"},"geometry":{"type":"LineString","coordinates":[[80.095697,12.921094],[80.096014,12.921043]]}},{"type":"Feature","properties":{"id":"R0282","name":null,"highway":"residential","osm_way":673268601,"width_m":6.0,"length_m":91.4,"surface_area":548.3,"catchment_m2":3289.7,"inlet_capacity_lps":21.6,"nearest_drain":"MH-017","from_node":"J3875913890","to_node":"J6304983304"},"geometry":{"type":"LineString","coordinates":[[80.095697,12.921094],[80.095777,12.921246],[80.096295,12.921657]]}},{"type":"Feature","properties":{"id":"R0283","name":null,"highway":"residential","osm_way":384292426,"width_m":6.0,"length_m":40.8,"surface_area":245.0,"catchment_m2":1470.1,"inlet_capacity_lps":7.2,"nearest_drain":"MH-016","from_node":"J3875913892","to_node":"J11801340968"},"geometry":{"type":"LineString","coordinates":[[80.096014,12.921043],[80.096384,12.920978]]}},{"type":"Feature","properties":{"id":"R0284","name":null,"highway":"residential","osm_way":384292427,"width_m":6.0,"length_m":82.7,"surface_area":496.0,"catchment_m2":2976.0,"inlet_capacity_lps":21.6,"nearest_drain":"MH-016","from_node":"J3875913892","to_node":"J3875913893"},"geometry":{"type":"LineString","coordinates":[[80.096014,12.921043],[80.095885,12.920311]]}},{"type":"Feature","properties":{"id":"R0285","name":null,"highway":"residential","osm_way":384292428,"width_m":6.0,"length_m":70.5,"surface_area":422.8,"catchment_m2":2536.9,"inlet_capacity_lps":14.4,"nearest_drain":"MH-016","from_node":"J3875926887","to_node":"J3875913895"},"geometry":{"type":"LineString","coordinates":[[80.095441,12.922059],[80.095387,12.921428]]}},{"type":"Feature","properties":{"id":"R0286","name":null,"highway":"residential","osm_way":384293795,"width_m":6.0,"length_m":34.0,"surface_area":204.1,"catchment_m2":1224.8,"inlet_capacity_lps":7.2,"nearest_drain":"MH-025","from_node":"J3875926887","to_node":"J3875926888"},"geometry":{"type":"LineString","coordinates":[[80.095441,12.922059],[80.095751,12.92201]]}},{"type":"Feature","properties":{"id":"R0287","name":null,"highway":"residential","osm_way":208174957,"width_m":6.0,"length_m":15.2,"surface_area":91.3,"catchment_m2":547.7,"inlet_capacity_lps":7.2,"nearest_drain":"MH-008","from_node":"J3875926915","to_node":"J2185019744"},"geometry":{"type":"LineString","coordinates":[[80.09804,12.920347],[80.09801,12.920402],[80.098005,12.920424],[80.098009,12.920476]]}},{"type":"Feature","properties":{"id":"R0288","name":null,"highway":"residential","osm_way":384293811,"width_m":6.0,"length_m":103.3,"surface_area":619.6,"catchment_m2":3717.7,"inlet_capacity_lps":21.6,"nearest_drain":"MH-008","from_node":"J3875926915","to_node":"J3875926917"},"geometry":{"type":"LineString","coordinates":[[80.09804,12.920347],[80.098237,12.92029],[80.098428,12.920221],[80.098934,12.920025]]}},{"type":"Feature","properties":{"id":"R0289","name":null,"highway":"residential","osm_way":384294560,"width_m":6.0,"length_m":50.9,"surface_area":305.4,"catchment_m2":1832.5,"inlet_capacity_lps":14.4,"nearest_drain":"MH-027","from_node":"J3875930907","to_node":"J3875930908"},"geometry":{"type":"LineString","coordinates":[[80.097675,12.922704],[80.098081,12.922935]]}},{"type":"Feature","properties":{"id":"R0290","name":null,"highway":"residential","osm_way":384294561,"width_m":6.0,"length_m":75.1,"surface_area":450.5,"catchment_m2":2702.9,"inlet_capacity_lps":21.6,"nearest_drain":"MH-040","from_node":"J3875930909","to_node":"J3875930910"},"geometry":{"type":"LineString","coordinates":[[80.097493,12.923037],[80.098094,12.923372]]}},{"type":"Feature","properties":{"id":"R0291","name":null,"highway":"residential","osm_way":208174995,"width_m":6.0,"length_m":96.3,"surface_area":578.0,"catchment_m2":3467.8,"inlet_capacity_lps":21.6,"nearest_drain":"MH-041","from_node":"J3875930913","to_node":"J3875930916"},"geometry":{"type":"LineString","coordinates":[[80.098644,12.923143],[80.098768,12.923427],[80.098873,12.923667],[80.098981,12.923944]]}},{"type":"Feature","properties":{"id":"R0292","name":null,"highway":"residential","osm_way":384294563,"width_m":6.0,"length_m":41.2,"surface_area":247.4,"catchment_m2":1484.2,"inlet_capacity_lps":7.2,"nearest_drain":"MH-041","from_node":"J3875930913","to_node":"J3875930921"},"geometry":{"type":"LineString","coordinates":[[80.098644,12.923143],[80.098953,12.923023],[80.099,12.923012]]}},{"type":"Feature","properties":{"id":"R0293","name":null,"highway":"residential","osm_way":208174995,"width_m":6.0,"length_m":58.8,"surface_area":352.7,"catchment_m2":2115.9,"inlet_capacity_lps":14.4,"nearest_drain":"MH-054","from_node":"J3875930916","to_node":"J6771862072"},"geometry":{"type":"LineString","coordinates":[[80.098981,12.923944],[80.099077,12.92419],[80.098965,12.924432]]}},{"type":"Feature","properties":{"id":"R0294","name":null,"highway":"residential","osm_way":384294564,"width_m":6.0,"length_m":36.9,"surface_area":221.4,"catchment_m2":1328.3,"inlet_capacity_lps":7.2,"nearest_drain":"MH-041","from_node":"J3875930916","to_node":"J3875930920"},"geometry":{"type":"LineString","coordinates":[[80.098981,12.923944],[80.099305,12.92384]]}},{"type":"Feature","properties":{"id":"R0295","name":null,"highway":"residential","osm_way":384294564,"width_m":6.0,"length_m":83.9,"surface_area":503.3,"catchment_m2":3019.7,"inlet_capacity_lps":21.6,"nearest_drain":"MH-042","from_node":"J3875930920","to_node":"J3875930919"},"geometry":{"type":"LineString","coordinates":[[80.099305,12.92384],[80.099535,12.923766],[80.099589,12.923748],[80.099565,12.923615],[80.099514,12.923292]]}},{"type":"Feature","properties":{"id":"R0296","name":null,"highway":"residential","osm_way":384294565,"width_m":6.0,"length_m":97.8,"surface_area":586.9,"catchment_m2":3521.5,"inlet_capacity_lps":21.6,"nearest_drain":"MH-042","from_node":"J3875930920","to_node":"J3875930921"},"geometry":{"type":"LineString","coordinates":[[80.099305,12.92384],[80.099,12.923012]]}},{"type":"Feature","properties":{"id":"R0297","name":null,"highway":"residential","osm_way":384294563,"width_m":6.0,"length_m":28.5,"surface_area":170.8,"catchment_m2":1024.9,"inlet_capacity_lps":7.2,"nearest_drain":"MH-029","from_node":"J3875930921","to_node":"J3875930915"},"geometry":{"type":"LineString","coordinates":[[80.099,12.923012],[80.099255,12.922954]]}},{"type":"Feature","properties":{"id":"R0298","name":null,"highway":"residential","osm_way":384294570,"width_m":6.0,"length_m":43.6,"surface_area":261.7,"catchment_m2":1570.0,"inlet_capacity_lps":7.2,"nearest_drain":"MH-035","from_node":"J3875930933","to_node":"J3875930934"},"geometry":{"type":"LineString","coordinates":[[80.092346,12.923474],[80.092517,12.923829]]}},{"type":"Feature","properties":{"id":"R0299","name":null,"highway":"residential","osm_way":208174923,"width_m":6.0,"length_m":43.4,"surface_area":260.2,"catchment_m2":1561.4,"inlet_capacity_lps":7.2,"nearest_drain":"MH-035","from_node":"J3875930934","to_node":"J2184983156"},"geometry":{"type":"LineString","coordinates":[[80.092517,12.923829],[80.092891,12.923691]]}},{"type":"Feature","properties":{"id":"R0300","name":null,"highway":"residential","osm_way":384296667,"width_m":6.0,"length_m":43.2,"surface_area":259.2,"catchment_m2":1555.2,"inlet_capacity_lps":7.2,"nearest_drain":"MH-092","from_node":"J3875954191","to_node":"J3876414195"},"geometry":{"type":"LineString","coordinates":[[80.089711,12.928753],[80.090103,12.928681]]}},{"type":"Feature","properties":{"id":"R0301","name":null,"highway":"residential","osm_way":1201838348,"width_m":6.0,"length_m":98.2,"surface_area":589.3,"catchment_m2":3535.8,"inlet_capacity_lps":21.6,"nearest_drain":"MH-087","from_node":"J3875954204","to_node":"J11142761738"},"geometry":{"type":"LineString","coordinates":[[80.093621,12.927803],[80.093688,12.927853],[80.094356,12.92783],[80.094348,12.92768]]}},{"type":"Feature","properties":{"id":"R0302","name":null,"highway":"residential","osm_way":384296669,"width_m":6.0,"length_m":45.9,"surface_area":275.6,"catchment_m2":1653.7,"inlet_capacity_lps":14.4,"nearest_drain":"MH-085","from_node":"J3875954207","to_node":"J3876414199"},"geometry":{"type":"LineString","coordinates":[[80.092825,12.927775],[80.092826,12.92771],[80.092835,12.927362]]}},{"type":"Feature","properties":{"id":"R0303","name":null,"highway":"residential","osm_way":834912640,"width_m":6.0,"length_m":32.0,"surface_area":191.9,"catchment_m2":1151.6,"inlet_capacity_lps":7.2,"nearest_drain":"MH-072","from_node":"J3875954210","to_node":"J3875899110"},"geometry":{"type":"LineString","coordinates":[[80.092839,12.925962],[80.092888,12.9259],[80.092972,12.925707]]}},{"type":"Feature","properties":{"id":"R0304","name":null,"highway":"residential","osm_way":834912644,"width_m":6.0,"length_m":42.8,"surface_area":256.9,"catchment_m2":1541.4,"inlet_capacity_lps":7.2,"nearest_drain":"MH-072","from_node":"J3875954210","to_node":"J7793527849"},"geometry":{"type":"LineString","coordinates":[[80.092839,12.925962],[80.092957,12.926008],[80.093118,12.926046],[80.093219,12.926062]]}},{"type":"Feature","properties":{"id":"R0305","name":null,"highway":"residential","osm_way":384296670,"width_m":6.0,"length_m":45.7,"surface_area":274.0,"catchment_m2":1644.2,"inlet_capacity_lps":14.4,"nearest_drain":"MH-085","from_node":"J3875954212","to_node":"J3875954213"},"geometry":{"type":"LineString","coordinates":[[80.091688,12.926934],[80.092109,12.92693]]}},{"type":"Feature","properties":{"id":"R0306","name":null,"highway":"residential","osm_way":834912638,"width_m":6.0,"length_m":45.5,"surface_area":272.8,"catchment_m2":1636.8,"inlet_capacity_lps":14.4,"nearest_drain":"MH-072","from_node":"J3875954213","to_node":"J7793527841"},"geometry":{"type":"LineString","coordinates":[[80.092109,12.92693],[80.092108,12.926521]]}},{"type":"Feature","properties":{"id":"R0307","name":null,"highway":"residential","osm_way":384296671,"width_m":6.0,"length_m":70.5,"surface_area":422.7,"catchment_m2":2536.4,"inlet_capacity_lps":14.4,"nearest_drain":"MH-061","from_node":"J3875954214","to_node":"J3875954215"},"geometry":{"type":"LineString","coordinates":[[80.092367,12.925685],[80.091718,12.925669]]}},{"type":"Feature","properties":{"id":"R0308","name":null,"highway":"residential","osm_way":384296673,"width_m":6.0,"length_m":161.1,"surface_area":966.9,"catchment_m2":5801.3,"inlet_capacity_lps":36.0,"nearest_drain":"MH-126","from_node":"J3875954216","to_node":"J3875954218"},"geometry":{"type":"LineString","coordinates":[[80.094442,12.931547],[80.093259,12.931888],[80.093013,12.931947]]}},{"type":"Feature","properties":{"id":"R0309","name":null,"highway":"residential","osm_way":23648243,"width_m":6.0,"length_m":111.5,"surface_area":669.2,"catchment_m2":4015.2,"inlet_capacity_lps":28.8,"nearest_drain":"MH-138","from_node":"J3875954218","to_node":"J3875954228"},"geometry":{"type":"LineString","coordinates":[[80.093013,12.931947],[80.093361,12.93289]]}},{"type":"Feature","properties":{"id":"R0310","name":null,"highway":"residential","osm_way":384296673,"width_m":6.0,"length_m":44.1,"surface_area":264.8,"catchment_m2":1589.0,"inlet_capacity_lps":7.2,"nearest_drain":"MH-132","from_node":"J3875954218","to_node":"J3875954220"},"geometry":{"type":"LineString","coordinates":[[80.093013,12.931947],[80.092724,12.932008],[80.092633,12.932072]]}},{"type":"Feature","properties":{"id":"R0311","name":null,"highway":"residential","osm_way":384296673,"width_m":6.0,"length_m":112.6,"surface_area":675.8,"catchment_m2":4054.9,"inlet_capacity_lps":28.8,"nearest_drain":"MH-137","from_node":"J3875954220","to_node":"J3875954227"},"geometry":{"type":"LineString","coordinates":[[80.092633,12.932072],[80.092866,12.932884],[80.092892,12.933052]]}},{"type":"Feature","properties":{"id":"R0312","name":null,"highway":"residential","osm_way":832475226,"width_m":6.0,"length_m":42.7,"surface_area":256.5,"catchment_m2":1538.8,"inlet_capacity_lps":7.2,"nearest_drain":"MH-132","from_node":"J3875954220","to_node":"J7772765606"},"geometry":{"type":"LineString","coordinates":[[80.092633,12.932072],[80.092253,12.932176]]}},{"type":"Feature","properties":{"id":"R0313","name":null,"highway":"residential","osm_way":384296674,"width_m":6.0,"length_m":59.7,"surface_area":358.1,"catchment_m2":2148.7,"inlet_capacity_lps":14.4,"nearest_drain":"MH-143","from_node":"J3875954222","to_node":"J3875954226"},"geometry":{"type":"LineString","coordinates":[[80.093205,12.933987],[80.093742,12.933869]]}},{"type":"Feature","properties":{"id":"R0314","name":null,"highway":"residential","osm_way":384296673,"width_m":6.0,"length_m":109.4,"surface_area":656.1,"catchment_m2":3936.8,"inlet_capacity_lps":28.8,"nearest_drain":"MH-143","from_node":"J3875954227","to_node":"J3875954222"},"geometry":{"type":"LineString","coordinates":[[80.092892,12.933052],[80.093205,12.933987]]}},{"type":"Feature","properties":{"id":"R0315","name":null,"highway":"residential","osm_way":23648243,"width_m":6.0,"length_m":17.7,"surface_area":106.4,"catchment_m2":638.3,"inlet_capacity_lps":7.2,"nearest_drain":"MH-138","from_node":"J3875954228","to_node":"J7772176749"},"geometry":{"type":"LineString","coordinates":[[80.093361,12.93289],[80.093419,12.933039]]}},{"type":"Feature","properties":{"id":"R0316","name":null,"highway":"residential","osm_way":384296676,"width_m":6.0,"length_m":44.7,"surface_area":268.3,"catchment_m2":1609.5,"inlet_capacity_lps":7.2,"nearest_drain":"MH-124","from_node":"J3875954229","to_node":"J3875954230"},"geometry":{"type":"LineString","coordinates":[[80.09235,12.93129],[80.092742,12.931165]]}},{"type":"Feature","properties":{"id":"R0317","name":null,"highway":"residential","osm_way":23648243,"width_m":6.0,"length_m":8.0,"surface_area":48.0,"catchment_m2":287.7,"inlet_capacity_lps":7.2,"nearest_drain":"MH-124","from_node":"J3875954230","to_node":"J3875954231"},"geometry":{"type":"LineString","coordinates":[[80.092742,12.931165],[80.092765,12.931233]]}},{"type":"Feature","properties":{"id":"R0318","name":null,"highway":"residential","osm_way":23648243,"width_m":6.0,"length_m":29.8,"surface_area":178.6,"catchment_m2":1071.8,"inlet_capacity_lps":7.2,"nearest_drain":"MH-124","from_node":"J3875954231","to_node":"J11059208725"},"geometry":{"type":"LineString","coordinates":[[80.092765,12.931233],[80.092853,12.931487]]}},{"type":"Feature","properties":{"id":"R0319","name":null,"highway":"residential","osm_way":384296677,"width_m":6.0,"length_m":74.8,"surface_area":448.9,"catchment_m2":2693.5,"inlet_capacity_lps":14.4,"nearest_drain":"MH-124","from_node":"J3875954231","to_node":"J3875954232"},"geometry":{"type":"LineString","coordinates":[[80.092765,12.931233],[80.093428,12.931045]]}},{"type":"Feature","properties":{"id":"R0320","name":null,"highway":"residential","osm_way":384296678,"width_m":6.0,"length_m":40.9,"surface_area":245.5,"catchment_m2":1473.3,"inlet_capacity_lps":7.2,"nearest_drain":"MH-112","from_node":"J3875954233","to_node":"J3875954234"},"geometry":{"type":"LineString","coordinates":[[80.092278,12.930958],[80.092636,12.930842]]}},{"type":"Feature","properties":{"id":"R0321","name":null,"highway":"residential","osm_way":23648243,"width_m":6.0,"length_m":37.7,"surface_area":226.4,"catchment_m2":1358.5,"inlet_capacity_lps":7.2,"nearest_drain":"MH-124","from_node":"J3875954234","to_node":"J3875954230"},"geometry":{"type":"LineString","coordinates":[[80.092636,12.930842],[80.092742,12.931165]]}},{"type":"Feature","properties":{"id":"R0322","name":null,"highway":"residential","osm_way":384296679,"width_m":6.0,"length_m":6.3,"surface_area":37.7,"catchment_m2":226.1,"inlet_capacity_lps":7.2,"nearest_drain":"MH-111","from_node":"J3875954235","to_node":"J7772699264"},"geometry":{"type":"LineString","coordinates":[[80.091621,12.930599],[80.091677,12.930585]]}},{"type":"Feature","properties":{"id":"R0323","name":null,"highway":"residential","osm_way":23648243,"width_m":6.0,"length_m":53.8,"surface_area":323.1,"catchment_m2":1938.5,"inlet_capacity_lps":14.4,"nearest_drain":"MH-112","from_node":"J3875954236","to_node":"J3875954234"},"geometry":{"type":"LineString","coordinates":[[80.092475,12.930383],[80.092636,12.930842]]}},{"type":"Feature","properties":{"id":"R0324","name":null,"highway":"residential","osm_way":384297963,"width_m":6.0,"length_m":36.1,"surface_area":216.6,"catchment_m2":1299.3,"inlet_capacity_lps":7.2,"nearest_drain":"MH-117","from_node":"J3875973084","to_node":"J11626622811"},"geometry":{"type":"LineString","coordinates":[[80.097284,12.930663],[80.097616,12.930642]]}},{"type":"Feature","properties":{"id":"R0325","name":null,"highway":"residential","osm_way":384297964,"width_m":6.0,"length_m":83.2,"surface_area":499.3,"catchment_m2":2996.1,"inlet_capacity_lps":21.6,"nearest_drain":"MH-118","from_node":"J3875973088","to_node":"J11061138023"},"geometry":{"type":"LineString","coordinates":[[80.098294,12.930208],[80.099047,12.93006]]}},{"type":"Feature","properties":{"id":"R0326","name":null,"highway":"residential","osm_way":1201844189,"width_m":6.0,"length_m":107.6,"surface_area":645.4,"catchment_m2":3872.3,"inlet_capacity_lps":28.8,"nearest_drain":"MH-116","from_node":"J3875973090","to_node":"J11142817582"},"geometry":{"type":"LineString","coordinates":[[80.096539,12.929944],[80.097287,12.929762],[80.097297,12.929768],[80.097327,12.929911],[80.097357,12.929906],[80.097386,12.929902]]}},{"type":"Feature","properties":{"id":"R0327","name":null,"highway":"residential","osm_way":384297963,"width_m":6.0,"length_m":60.1,"surface_area":360.7,"catchment_m2":2164.2,"inlet_capacity_lps":14.4,"nearest_drain":"MH-118","from_node":"J3875973094","to_node":"J11061138024"},"geometry":{"type":"LineString","coordinates":[[80.09859,12.930512],[80.098629,12.930506],[80.099127,12.930378]]}},{"type":"Feature","properties":{"id":"R0328","name":null,"highway":"residential","osm_way":384297966,"width_m":6.0,"length_m":94.1,"surface_area":564.8,"catchment_m2":3388.9,"inlet_capacity_lps":21.6,"nearest_drain":"MH-129","from_node":"J3875973094","to_node":"J11664496244"},"geometry":{"type":"LineString","coordinates":[[80.09859,12.930512],[80.09878,12.931338]]}},{"type":"Feature","properties":{"id":"R0329","name":null,"highway":"residential","osm_way":384297966,"width_m":6.0,"length_m":62.5,"surface_area":374.8,"catchment_m2":2249.0,"inlet_capacity_lps":14.4,"nearest_drain":"MH-135","from_node":"J3875973095","to_node":"J3875973096"},"geometry":{"type":"LineString","coordinates":[[80.098882,12.931777],[80.099016,12.932323]]}},{"type":"Feature","properties":{"id":"R0330","name":null,"highway":"residential","osm_way":384297967,"width_m":6.0,"length_m":58.1,"surface_area":348.6,"catchment_m2":2091.7,"inlet_capacity_lps":14.4,"nearest_drain":"MH-129","from_node":"J3875973095","to_node":"J5475572843"},"geometry":{"type":"LineString","coordinates":[[80.098882,12.931777],[80.099415,12.931722]]}},{"type":"Feature","properties":{"id":"R0331","name":null,"highway":"residential","osm_way":1250766459,"width_m":6.0,"length_m":86.5,"surface_area":518.9,"catchment_m2":3113.2,"inlet_capacity_lps":21.6,"nearest_drain":"MH-134","from_node":"J3875973097","to_node":"J3875973109"},"geometry":{"type":"LineString","coordinates":[[80.097247,12.932107],[80.098027,12.931944]]}},{"type":"Feature","properties":{"id":"R0332","name":null,"highway":"residential","osm_way":384297968,"width_m":6.0,"length_m":74.7,"surface_area":448.2,"catchment_m2":2689.3,"inlet_capacity_lps":14.4,"nearest_drain":"MH-134","from_node":"J3875973099","to_node":"J3875973108"},"geometry":{"type":"LineString","coordinates":[[80.09741,12.93263],[80.098085,12.932497]]}},{"type":"Feature","properties":{"id":"R0333","name":null,"highway":"residential","osm_way":384297972,"width_m":6.0,"length_m":63.4,"surface_area":380.7,"catchment_m2":2283.9,"inlet_capacity_lps":14.4,"nearest_drain":"MH-139","from_node":"J3875973102","to_node":"J3875973106"},"geometry":{"type":"LineString","coordinates":[[80.097721,12.933707],[80.0983,12.93362]]}},{"type":"Feature","properties":{"id":"R0334","name":null,"highway":"residential","osm_way":384297972,"width_m":6.0,"length_m":103.3,"surface_area":619.7,"catchment_m2":3718.1,"inlet_capacity_lps":21.6,"nearest_drain":"MH-140","from_node":"J3875973106","to_node":"J5475572841"},"geometry":{"type":"LineString","coordinates":[[80.0983,12.93362],[80.099239,12.933461]]}},{"type":"Feature","properties":{"id":"R0335","name":null,"highway":"residential","osm_way":384297974,"width_m":6.0,"length_m":43.4,"surface_area":260.5,"catchment_m2":1562.8,"inlet_capacity_lps":7.2,"nearest_drain":"MH-140","from_node":"J3875973106","to_node":"J7772177234"},"geometry":{"type":"LineString","coordinates":[[80.0983,12.93362],[80.098211,12.93324]]}},{"type":"Feature","properties":{"id":"R0336","name":null,"highway":"residential","osm_way":384297974,"width_m":6.0,"length_m":47.2,"surface_area":283.2,"catchment_m2":1699.1,"inlet_capacity_lps":14.4,"nearest_drain":"MH-139","from_node":"J3875973107","to_node":"J3875973108"},"geometry":{"type":"LineString","coordinates":[[80.098156,12.932916],[80.098085,12.932497]]}},{"type":"Feature","properties":{"id":"R0337","name":null,"highway":"residential","osm_way":384297968,"width_m":6.0,"length_m":102.7,"surface_area":616.0,"catchment_m2":3695.7,"inlet_capacity_lps":21.6,"nearest_drain":"MH-135","from_node":"J3875973108","to_node":"J3875973096"},"geometry":{"type":"LineString","coordinates":[[80.098085,12.932497],[80.099016,12.932323]]}},{"type":"Feature","properties":{"id":"R0338","name":null,"highway":"residential","osm_way":384297974,"width_m":6.0,"length_m":23.8,"surface_area":142.9,"catchment_m2":857.6,"inlet_capacity_lps":7.2,"nearest_drain":"MH-134","from_node":"J3875973108","to_node":"J11626656738"},"geometry":{"type":"LineString","coordinates":[[80.098085,12.932497],[80.098051,12.932286]]}},{"type":"Feature","properties":{"id":"R0339","name":null,"highway":"residential","osm_way":384297967,"width_m":6.0,"length_m":94.5,"surface_area":566.8,"catchment_m2":3400.9,"inlet_capacity_lps":21.6,"nearest_drain":"MH-129","from_node":"J3875973109","to_node":"J3875973095"},"geometry":{"type":"LineString","coordinates":[[80.098027,12.931944],[80.098882,12.931777]]}},{"type":"Feature","properties":{"id":"R0340","name":null,"highway":"residential","osm_way":1250768995,"width_m":6.0,"length_m":31.2,"surface_area":187.3,"catchment_m2":1124.1,"inlet_capacity_lps":7.2,"nearest_drain":"MH-134","from_node":"J3875973109","to_node":"J11626670534"},"geometry":{"type":"LineString","coordinates":[[80.098027,12.931944],[80.097997,12.931665]]}},{"type":"Feature","properties":{"id":"R0341","name":null,"highway":"residential","osm_way":1250766458,"width_m":6.0,"length_m":31.8,"surface_area":190.6,"catchment_m2":1143.7,"inlet_capacity_lps":7.2,"nearest_drain":"MH-128","from_node":"J3875973111","to_node":"J7772704157"},"geometry":{"type":"LineString","coordinates":[[80.097924,12.931272],[80.097632,12.931298]]}},{"type":"Feature","properties":{"id":"R0342","name":null,"highway":"residential","osm_way":1250768996,"width_m":6.0,"length_m":12.9,"surface_area":77.4,"catchment_m2":464.3,"inlet_capacity_lps":7.2,"nearest_drain":"MH-128","from_node":"J3875973111","to_node":"J11626670535"},"geometry":{"type":"LineString","coordinates":[[80.097924,12.931272],[80.098042,12.931257]]}},{"type":"Feature","properties":{"id":"R0343","name":null,"highway":"residential","osm_way":384297976,"width_m":6.0,"length_m":22.2,"surface_area":133.0,"catchment_m2":798.2,"inlet_capacity_lps":7.2,"nearest_drain":"MH-145","from_node":"J3875973113","to_node":"J5475572840"},"geometry":{"type":"LineString","coordinates":[[80.098985,12.933892],[80.099187,12.933924]]}},{"type":"Feature","properties":{"id":"R0344","name":null,"highway":"residential","osm_way":384296667,"width_m":6.0,"length_m":35.3,"surface_area":212.1,"catchment_m2":1272.6,"inlet_capacity_lps":7.2,"nearest_drain":"MH-093","from_node":"J3876414195","to_node":"J6805777624"},"geometry":{"type":"LineString","coordinates":[[80.090103,12.928681],[80.090421,12.928611]]}},{"type":"Feature","properties":{"id":"R0345","name":null,"highway":"residential","osm_way":384339447,"width_m":6.0,"length_m":182.8,"surface_area":1096.9,"catchment_m2":6581.7,"inlet_capacity_lps":43.2,"nearest_drain":"MH-093","from_node":"J3876414195","to_node":"J6805777623"},"geometry":{"type":"LineString","coordinates":[[80.090103,12.928681],[80.090056,12.928456],[80.089954,12.928325],[80.089884,12.92808],[80.089651,12.92711]]}},{"type":"Feature","properties":{"id":"R0346","name":null,"highway":"residential","osm_way":384296669,"width_m":6.0,"length_m":135.1,"surface_area":810.8,"catchment_m2":4864.8,"inlet_capacity_lps":36.0,"nearest_drain":"MH-072","from_node":"J3876414199","to_node":"J6305143250"},"geometry":{"type":"LineString","coordinates":[[80.092835,12.927362],[80.092812,12.926453],[80.092811,12.926147]]}},{"type":"Feature","properties":{"id":"R0347","name":null,"highway":"residential","osm_way":384339448,"width_m":6.0,"length_m":76.4,"surface_area":458.5,"catchment_m2":2751.2,"inlet_capacity_lps":21.6,"nearest_drain":"MH-085","from_node":"J3876414199","to_node":"J3876414200"},"geometry":{"type":"LineString","coordinates":[[80.092835,12.927362],[80.09354,12.927381]]}},{"type":"Feature","properties":{"id":"R0348","name":null,"highway":"residential","osm_way":1201838157,"width_m":6.0,"length_m":5.8,"surface_area":35.0,"catchment_m2":210.2,"inlet_capacity_lps":7.2,"nearest_drain":"MH-086","from_node":"J3876414200","to_node":"J11142738302"},"geometry":{"type":"LineString","coordinates":[[80.09354,12.927381],[80.093584,12.927383],[80.093594,12.927384]]}},{"type":"Feature","properties":{"id":"R0349","name":null,"highway":"residential","osm_way":208170778,"width_m":6.0,"length_m":36.9,"surface_area":221.6,"catchment_m2":1329.7,"inlet_capacity_lps":7.2,"nearest_drain":"MH-067","from_node":"J3876414204","to_node":"J3875896114"},"geometry":{"type":"LineString","coordinates":[[80.097737,12.925212],[80.098075,12.925167]]}},{"type":"Feature","properties":{"id":"R0350","name":null,"highway":"residential","osm_way":384339451,"width_m":6.0,"length_m":38.2,"surface_area":229.1,"catchment_m2":1374.7,"inlet_capacity_lps":7.2,"nearest_drain":"MH-067","from_node":"J3876414204","to_node":"J7794202154"},"geometry":{"type":"LineString","coordinates":[[80.097737,12.925212],[80.097802,12.92555]]}},{"type":"Feature","properties":{"id":"R0351","name":null,"highway":"residential","osm_way":384339451,"width_m":6.0,"length_m":19.6,"surface_area":117.5,"catchment_m2":705.1,"inlet_capacity_lps":7.2,"nearest_drain":"MH-077","from_node":"J3876414205","to_node":"J3876414207"},"geometry":{"type":"LineString","coordinates":[[80.097944,12.926306],[80.097957,12.926373],[80.097976,12.926479]]}},{"type":"Feature","properties":{"id":"R0352","name":null,"highway":"residential","osm_way":837298032,"width_m":6.0,"length_m":261.4,"surface_area":1568.5,"catchment_m2":9410.8,"inlet_capacity_lps":64.8,"nearest_drain":"MH-075","from_node":"J3876414205","to_node":"J11626584793"},"geometry":{"type":"LineString","coordinates":[[80.097944,12.926306],[80.097278,12.926416],[80.096495,12.926577],[80.095579,12.926768]]}},{"type":"Feature","properties":{"id":"R0353","name":null,"highway":"residential","osm_way":384339453,"width_m":6.0,"length_m":109.6,"surface_area":657.4,"catchment_m2":3944.2,"inlet_capacity_lps":28.8,"nearest_drain":"MH-063","from_node":"J3876414208","to_node":"J3875899123"},"geometry":{"type":"LineString","coordinates":[[80.093097,12.924916],[80.093592,12.925026],[80.093733,12.925075],[80.093881,12.925101],[80.094009,12.925102],[80.094084,12.925102]]}},{"type":"Feature","properties":{"id":"R0354","name":null,"highway":"residential","osm_way":673279902,"width_m":6.0,"length_m":12.2,"surface_area":73.3,"catchment_m2":439.9,"inlet_capacity_lps":7.2,"nearest_drain":"MH-049","from_node":"J3876414208","to_node":"J3875896679"},"geometry":{"type":"LineString","coordinates":[[80.093097,12.924916],[80.093118,12.924808]]}},{"type":"Feature","properties":{"id":"R0355","name":null,"highway":"residential","osm_way":384345552,"width_m":6.0,"length_m":99.2,"surface_area":595.0,"catchment_m2":3570.2,"inlet_capacity_lps":21.6,"nearest_drain":"MH-011","from_node":"J3876480843","to_node":"J2185019774"},"geometry":{"type":"LineString","coordinates":[[80.090568,12.921885],[80.090099,12.922078],[80.09028,12.922432]]}},{"type":"Feature","properties":{"id":"R0356","name":null,"highway":"residential","osm_way":208174904,"width_m":6.0,"length_m":42.8,"surface_area":256.6,"catchment_m2":1539.8,"inlet_capacity_lps":7.2,"nearest_drain":"MH-032","from_node":"J3876480849","to_node":"J3876480853"},"geometry":{"type":"LineString","coordinates":[[80.089729,12.923185],[80.090079,12.923007]]}},{"type":"Feature","properties":{"id":"R0357","name":null,"highway":"residential","osm_way":384345554,"width_m":6.0,"length_m":32.9,"surface_area":197.4,"catchment_m2":1184.3,"inlet_capacity_lps":7.2,"nearest_drain":"MH-032","from_node":"J3876480849","to_node":"J3876480852"},"geometry":{"type":"LineString","coordinates":[[80.089729,12.923185],[80.089866,12.92345]]}},{"type":"Feature","properties":{"id":"R0358","name":null,"highway":"residential","osm_way":384345555,"width_m":6.0,"length_m":59.9,"surface_area":359.1,"catchment_m2":2154.8,"inlet_capacity_lps":14.4,"nearest_drain":"MH-032","from_node":"J3876480851","to_node":"J3876480852"},"geometry":{"type":"LineString","coordinates":[[80.089388,12.92372],[80.089866,12.92345]]}},{"type":"Feature","properties":{"id":"R0359","name":null,"highway":"residential","osm_way":384345554,"width_m":6.0,"length_m":26.5,"surface_area":159.1,"catchment_m2":954.4,"inlet_capacity_lps":7.2,"nearest_drain":"MH-032","from_node":"J3876480852","to_node":"J3876480850"},"geometry":{"type":"LineString","coordinates":[[80.089866,12.92345],[80.089975,12.923663]]}},{"type":"Feature","properties":{"id":"R0360","name":null,"highway":"residential","osm_way":208174904,"width_m":6.0,"length_m":47.1,"surface_area":282.5,"catchment_m2":1694.7,"inlet_capacity_lps":14.4,"nearest_drain":"MH-020","from_node":"J3876480853","to_node":"J2185019780"},"geometry":{"type":"LineString","coordinates":[[80.090079,12.923007],[80.090464,12.922811]]}},{"type":"Feature","properties":{"id":"R0361","name":null,"highway":"residential","osm_way":384345556,"width_m":6.0,"length_m":34.7,"surface_area":208.3,"catchment_m2":1249.9,"inlet_capacity_lps":7.2,"nearest_drain":"MH-033","from_node":"J3876480853","to_node":"J7793438258"},"geometry":{"type":"LineString","coordinates":[[80.090079,12.923007],[80.090218,12.923288]]}},{"type":"Feature","properties":{"id":"R0362","name":null,"highway":"residential","osm_way":208174904,"width_m":6.0,"length_m":120.8,"surface_area":724.7,"catchment_m2":4348.2,"inlet_capacity_lps":28.8,"nearest_drain":"MH-032","from_node":"J3876480855","to_node":"J2185019787"},"geometry":{"type":"LineString","coordinates":[[80.08857,12.923703],[80.088639,12.923652],[80.089249,12.923269],[80.089509,12.923119]]}},{"type":"Feature","properties":{"id":"R0363","name":null,"highway":"residential","osm_way":384345557,"width_m":6.0,"length_m":89.2,"surface_area":535.1,"catchment_m2":3210.9,"inlet_capacity_lps":21.6,"nearest_drain":"MH-044","from_node":"J3876480856","to_node":"J11211978849"},"geometry":{"type":"LineString","coordinates":[[80.088968,12.924561],[80.089218,12.924432],[80.089238,12.924451],[80.089325,12.924633],[80.089303,12.924658],[80.089061,12.924779]]}},{"type":"Feature","properties":{"id":"R0364","name":null,"highway":"residential","osm_way":1096230032,"width_m":6.0,"length_m":36.1,"surface_area":216.8,"catchment_m2":1300.9,"inlet_capacity_lps":7.2,"nearest_drain":"MH-043","from_node":"J3876480957","to_node":"J10038928092"},"geometry":{"type":"LineString","coordinates":[[80.087695,12.924703],[80.087398,12.924851]]}},{"type":"Feature","properties":{"id":"R0365","name":null,"highway":"residential","osm_way":384345559,"width_m":6.0,"length_m":45.8,"surface_area":274.8,"catchment_m2":1648.7,"inlet_capacity_lps":14.4,"nearest_drain":"MH-043","from_node":"J3876480958","to_node":"J2185019820"},"geometry":{"type":"LineString","coordinates":[[80.08753,12.92431],[80.087898,12.924106]]}},{"type":"Feature","properties":{"id":"R0366","name":null,"highway":"residential","osm_way":1096230032,"width_m":6.0,"length_m":47.3,"surface_area":283.8,"catchment_m2":1702.8,"inlet_capacity_lps":14.4,"nearest_drain":"MH-043","from_node":"J3876480958","to_node":"J3876480957"},"geometry":{"type":"LineString","coordinates":[[80.08753,12.92431],[80.087559,12.924401],[80.087695,12.924703]]}},{"type":"Feature","properties":{"id":"R0367","name":null,"highway":"residential","osm_way":384345561,"width_m":6.0,"length_m":101.0,"surface_area":606.0,"catchment_m2":3635.7,"inlet_capacity_lps":21.6,"nearest_drain":"MH-023","from_node":"J3876480961","to_node":"J3876480962"},"geometry":{"type":"LineString","coordinates":[[80.093296,12.922196],[80.094198,12.922424]]}},{"type":"Feature","properties":{"id":"R0368","name":null,"highway":"residential","osm_way":384345562,"width_m":6.0,"length_m":55.9,"surface_area":335.4,"catchment_m2":2012.2,"inlet_capacity_lps":14.4,"nearest_drain":"MH-024","from_node":"J3876480962","to_node":"J3876480964"},"geometry":{"type":"LineString","coordinates":[[80.094198,12.922424],[80.09423,12.922926]]}},{"type":"Feature","properties":{"id":"R0369","name":null,"highway":"residential","osm_way":384345562,"width_m":6.0,"length_m":44.4,"surface_area":266.5,"catchment_m2":1599.0,"inlet_capacity_lps":7.2,"nearest_drain":"MH-024","from_node":"J3876480963","to_node":"J3876480962"},"geometry":{"type":"LineString","coordinates":[[80.094124,12.922031],[80.094198,12.922424]]}},{"type":"Feature","properties":{"id":"R0370","name":null,"highway":"residential","osm_way":384345563,"width_m":6.0,"length_m":122.7,"surface_area":736.2,"catchment_m2":4417.1,"inlet_capacity_lps":28.8,"nearest_drain":"MH-023","from_node":"J3876480964","to_node":"J3876480965"},"geometry":{"type":"LineString","coordinates":[[80.09423,12.922926],[80.093097,12.922918]]}},{"type":"Feature","properties":{"id":"R0371","name":null,"highway":"residential","osm_way":384297965,"width_m":6.0,"length_m":19.9,"surface_area":119.2,"catchment_m2":715.5,"inlet_capacity_lps":7.2,"nearest_drain":"MH-108","from_node":"J5475572109","to_node":"J5475572847"},"geometry":{"type":"LineString","coordinates":[[80.099458,12.929574],[80.099639,12.929545]]}},{"type":"Feature","properties":{"id":"R0372","name":null,"highway":"residential","osm_way":384297964,"width_m":6.0,"length_m":12.7,"surface_area":75.9,"catchment_m2":455.4,"inlet_capacity_lps":7.2,"nearest_drain":"MH-119","from_node":"J5475572110","to_node":"J5475572846"},"geometry":{"type":"LineString","coordinates":[[80.099485,12.929973],[80.099599,12.929951]]}},{"type":"Feature","properties":{"id":"R0373","name":null,"highway":"residential","osm_way":569341014,"width_m":6.0,"length_m":44.5,"surface_area":266.8,"catchment_m2":1601.0,"inlet_capacity_lps":7.2,"nearest_drain":"MH-119","from_node":"J5475572110","to_node":"J5475572109"},"geometry":{"type":"LineString","coordinates":[[80.099485,12.929973],[80.099458,12.929574]]}},{"type":"Feature","properties":{"id":"R0374","name":null,"highway":"residential","osm_way":667070834,"width_m":6.0,"length_m":70.4,"surface_area":422.2,"catchment_m2":2533.3,"inlet_capacity_lps":14.4,"nearest_drain":"MH-029","from_node":"J6245918181","to_node":"J6245918590"},"geometry":{"type":"LineString","coordinates":[[80.098907,12.922636],[80.098998,12.922603],[80.099193,12.92255],[80.099531,12.922461]]}},{"type":"Feature","properties":{"id":"R0375","name":null,"highway":"residential","osm_way":667070836,"width_m":6.0,"length_m":96.6,"surface_area":579.4,"catchment_m2":3476.5,"inlet_capacity_lps":21.6,"nearest_drain":"MH-029","from_node":"J6245918181","to_node":"J6245918599"},"geometry":{"type":"LineString","coordinates":[[80.098907,12.922636],[80.098898,12.922574],[80.098866,12.922515],[80.098831,12.922455],[80.098812,12.922415],[80.09881,12.922397],[80.098819,12.922379],[80.09884,12.922363],[80.09916,12.922265],[80.09939,12.922193]]}},{"type":"Feature","properties":{"id":"R0376","name":null,"highway":"residential","osm_way":667070836,"width_m":6.0,"length_m":117.7,"surface_area":706.0,"catchment_m2":4235.9,"inlet_capacity_lps":28.8,"nearest_drain":"MH-029","from_node":"J6245918590","to_node":"J6245918181"},"geometry":{"type":"LineString","coordinates":[[80.099531,12.922461],[80.099565,12.922525],[80.099583,12.922578],[80.09959,12.922645],[80.099582,12.922688],[80.099549,12.92271],[80.098973,12.922818],[80.098941,12.922807],[80.09893,12.922781],[80.098907,12.922636]]}},{"type":"Feature","properties":{"id":"R0377","name":null,"highway":"residential","osm_way":667070835,"width_m":6.0,"length_m":27.4,"surface_area":164.6,"catchment_m2":987.5,"inlet_capacity_lps":7.2,"nearest_drain":"MH-029","from_node":"J6245918591","to_node":"J6245918601"},"geometry":{"type":"LineString","coordinates":[[80.09951,12.92241],[80.099444,12.922172]]}},{"type":"Feature","properties":{"id":"R0378","name":null,"highway":"residential","osm_way":667070836,"width_m":6.0,"length_m":6.1,"surface_area":36.5,"catchment_m2":218.8,"inlet_capacity_lps":7.2,"nearest_drain":"MH-029","from_node":"J6245918591","to_node":"J6245918590"},"geometry":{"type":"LineString","coordinates":[[80.09951,12.92241],[80.099531,12.922461]]}},{"type":"Feature","properties":{"id":"R0379","name":null,"highway":"residential","osm_way":667070837,"width_m":6.0,"length_m":6.4,"surface_area":38.4,"catchment_m2":230.4,"inlet_capacity_lps":7.2,"nearest_drain":"MH-029","from_node":"J6245918599","to_node":"J3875930905"},"geometry":{"type":"LineString","coordinates":[[80.09939,12.922193],[80.099383,12.92216],[80.099378,12.922136]]}},{"type":"Feature","properties":{"id":"R0380","name":null,"highway":"residential","osm_way":667070837,"width_m":6.0,"length_m":6.3,"surface_area":37.7,"catchment_m2":226.5,"inlet_capacity_lps":7.2,"nearest_drain":"MH-029","from_node":"J6245918601","to_node":"J6245918599"},"geometry":{"type":"LineString","coordinates":[[80.099444,12.922172],[80.099417,12.922185],[80.09939,12.922193]]}},{"type":"Feature","properties":{"id":"R0381","name":null,"highway":"residential","osm_way":667070837,"width_m":6.0,"length_m":168.3,"surface_area":1009.6,"catchment_m2":6057.4,"inlet_capacity_lps":43.2,"nearest_drain":"MH-029","from_node":"J6245918611","to_node":"J6245918601"},"geometry":{"type":"LineString","coordinates":[[80.099987,12.921789],[80.099924,12.921476],[80.099911,12.92146],[80.099896,12.921448],[80.099873,12.921444],[80.099647,12.921508],[80.099633,12.921515],[80.099626,12.921527],[80.099627,12.921541],[80.099745,12.922074],[80.099495,12.922139],[80.09946,12.922151],[80.099444,12.922172]]}},{"type":"Feature","properties":{"id":"R0382","name":null,"highway":"residential","osm_way":673258593,"width_m":6.0,"length_m":334.6,"surface_area":2007.4,"catchment_m2":12044.6,"inlet_capacity_lps":79.2,"nearest_drain":"MH-093","from_node":"J6304875239","to_node":"J6805777624"},"geometry":{"type":"LineString","coordinates":[[80.089715,12.925683],[80.0903,12.928004],[80.090421,12.928611]]}},{"type":"Feature","properties":{"id":"R0383","name":null,"highway":"residential","osm_way":832475230,"width_m":6.0,"length_m":127.9,"surface_area":767.4,"catchment_m2":4604.6,"inlet_capacity_lps":28.8,"nearest_drain":"MH-058","from_node":"J6304875239","to_node":"J11664543492"},"geometry":{"type":"LineString","coordinates":[[80.089715,12.925683],[80.088538,12.925771]]}},{"type":"Feature","properties":{"id":"R0384","name":null,"highway":"residential","osm_way":834912640,"width_m":6.0,"length_m":11.2,"surface_area":67.2,"catchment_m2":403.4,"inlet_capacity_lps":7.2,"nearest_drain":"MH-072","from_node":"J6305143249","to_node":"J3875954210"},"geometry":{"type":"LineString","coordinates":[[80.092813,12.926059],[80.092839,12.925962]]}},{"type":"Feature","properties":{"id":"R0385","name":null,"highway":"residential","osm_way":834912639,"width_m":6.0,"length_m":9.8,"surface_area":58.9,"catchment_m2":353.2,"inlet_capacity_lps":7.2,"nearest_drain":"MH-072","from_node":"J6305143250","to_node":"J6305143249"},"geometry":{"type":"LineString","coordinates":[[80.092811,12.926147],[80.092813,12.926059]]}},{"type":"Feature","properties":{"id":"R0386","name":null,"highway":"residential","osm_way":384290649,"width_m":6.0,"length_m":53.1,"surface_area":318.8,"catchment_m2":1912.6,"inlet_capacity_lps":14.4,"nearest_drain":"MH-048","from_node":"J6305143252","to_node":"J3875896676"},"geometry":{"type":"LineString","coordinates":[[80.093162,12.92449],[80.092672,12.924481]]}},{"type":"Feature","properties":{"id":"R0387","name":null,"highway":"residential","osm_way":384294566,"width_m":6.0,"length_m":8.3,"surface_area":49.7,"catchment_m2":298.0,"inlet_capacity_lps":7.2,"nearest_drain":"MH-055","from_node":"J6771848357","to_node":"J6771862070"},"geometry":{"type":"LineString","coordinates":[[80.099674,12.924804],[80.099686,12.924731]]}},{"type":"Feature","properties":{"id":"R0388","name":null,"highway":"residential","osm_way":384294566,"width_m":6.0,"length_m":72.0,"surface_area":431.8,"catchment_m2":2590.6,"inlet_capacity_lps":14.4,"nearest_drain":"MH-055","from_node":"J6771862070","to_node":"J3875930924"},"geometry":{"type":"LineString","coordinates":[[80.099686,12.924731],[80.099654,12.924379],[80.099602,12.924089]]}},{"type":"Feature","properties":{"id":"R0389","name":null,"highway":"residential","osm_way":208174995,"width_m":6.0,"length_m":6.5,"surface_area":38.9,"catchment_m2":233.1,"inlet_capacity_lps":7.2,"nearest_drain":"MH-054","from_node":"J6771862072","to_node":"J12818578382"},"geometry":{"type":"LineString","coordinates":[[80.098965,12.924432],[80.098939,12.924485]]}},{"type":"Feature","properties":{"id":"R0390","name":null,"highway":"residential","osm_way":1054619383,"width_m":6.0,"length_m":8.7,"surface_area":52.4,"catchment_m2":314.2,"inlet_capacity_lps":7.2,"nearest_drain":"MH-040","from_node":"J6771862079","to_node":"J9691340437"},"geometry":{"type":"LineString","coordinates":[[80.097312,12.923364],[80.097283,12.923438]]}},{"type":"Feature","properties":{"id":"R0391","name":null,"highway":"residential","osm_way":384294569,"width_m":6.0,"length_m":37.4,"surface_area":224.6,"catchment_m2":1347.7,"inlet_capacity_lps":7.2,"nearest_drain":"MH-039","from_node":"J6771862081","to_node":"J3875930931"},"geometry":{"type":"LineString","coordinates":[[80.097046,12.923201],[80.097223,12.923026],[80.097313,12.923003]]}},{"type":"Feature","properties":{"id":"R0392","name":null,"highway":"residential","osm_way":384292428,"width_m":6.0,"length_m":27.0,"surface_area":161.7,"catchment_m2":970.2,"inlet_capacity_lps":7.2,"nearest_drain":"MH-025","from_node":"J6771862086","to_node":"J3875926887"},"geometry":{"type":"LineString","coordinates":[[80.095423,12.922301],[80.095441,12.922059]]}},{"type":"Feature","properties":{"id":"R0393","name":null,"highway":"residential","osm_way":384292429,"width_m":6.0,"length_m":34.3,"surface_area":205.6,"catchment_m2":1233.7,"inlet_capacity_lps":7.2,"nearest_drain":"MH-015","from_node":"J6771862090","to_node":"J3875913897"},"geometry":{"type":"LineString","coordinates":[[80.094797,12.922128],[80.094769,12.921821]]}},{"type":"Feature","properties":{"id":"R0394","name":null,"highway":"residential","osm_way":721905348,"width_m":6.0,"length_m":51.7,"surface_area":309.9,"catchment_m2":1859.6,"inlet_capacity_lps":14.4,"nearest_drain":"MH-015","from_node":"J6771862092","to_node":"J6771848345"},"geometry":{"type":"LineString","coordinates":[[80.094458,12.922037],[80.094413,12.921575]]}},{"type":"Feature","properties":{"id":"R0395","name":null,"highway":"residential","osm_way":384300877,"width_m":6.0,"length_m":20.1,"surface_area":120.9,"catchment_m2":725.3,"inlet_capacity_lps":7.2,"nearest_drain":"MH-012","from_node":"J6771862097","to_node":"J7799828607"},"geometry":{"type":"LineString","coordinates":[[80.091663,12.921317],[80.091691,12.921224],[80.091671,12.921142]]}},{"type":"Feature","properties":{"id":"R0396","name":null,"highway":"residential","osm_way":384296667,"width_m":6.0,"length_m":51.3,"surface_area":308.0,"catchment_m2":1848.0,"inlet_capacity_lps":14.4,"nearest_drain":"MH-093","from_node":"J6805777624","to_node":"J11142826098"},"geometry":{"type":"LineString","coordinates":[[80.090421,12.928611],[80.090815,12.928531],[80.090885,12.928515]]}},{"type":"Feature","properties":{"id":"R0397","name":null,"highway":"residential","osm_way":384296667,"width_m":6.0,"length_m":26.6,"surface_area":159.3,"catchment_m2":955.8,"inlet_capacity_lps":7.2,"nearest_drain":"MH-094","from_node":"J6805777625","to_node":"J11626452376"},"geometry":{"type":"LineString","coordinates":[[80.091093,12.928474],[80.091219,12.928461],[80.091234,12.928443],[80.091228,12.928351]]}},{"type":"Feature","properties":{"id":"R0398","name":null,"highway":"residential","osm_way":673258593,"width_m":6.0,"length_m":51.1,"surface_area":306.4,"catchment_m2":1838.5,"inlet_capacity_lps":14.4,"nearest_drain":"MH-060","from_node":"J6805777626","to_node":"J7772176736"},"geometry":{"type":"LineString","coordinates":[[80.090646,12.9258],[80.090179,12.925736]]}},{"type":"Feature","properties":{"id":"R0399","name":null,"highway":"residential","osm_way":725875904,"width_m":6.0,"length_m":301.3,"surface_area":1807.5,"catchment_m2":10845.2,"inlet_capacity_lps":72.0,"nearest_drain":"MH-094","from_node":"J6805777626","to_node":"J6805777625"},"geometry":{"type":"LineString","coordinates":[[80.090646,12.9258],[80.091093,12.928474]]}},{"type":"Feature","properties":{"id":"R0400","name":null,"highway":"residential","osm_way":384297963,"width_m":6.0,"length_m":14.3,"surface_area":85.5,"catchment_m2":513.1,"inlet_capacity_lps":7.2,"nearest_drain":"MH-119","from_node":"J6810542019","to_node":"J7783327125"},"geometry":{"type":"LineString","coordinates":[[80.099438,12.930298],[80.099569,12.930282]]}},{"type":"Feature","properties":{"id":"R0401","name":null,"highway":"residential","osm_way":569341014,"width_m":6.0,"length_m":36.5,"surface_area":219.0,"catchment_m2":1314.0,"inlet_capacity_lps":7.2,"nearest_drain":"MH-119","from_node":"J6810542019","to_node":"J5475572110"},"geometry":{"type":"LineString","coordinates":[[80.099438,12.930298],[80.099485,12.929973]]}},{"type":"Feature","properties":{"id":"R0402","name":null,"highway":"residential","osm_way":384290119,"width_m":6.0,"length_m":89.7,"surface_area":538.3,"catchment_m2":3229.6,"inlet_capacity_lps":21.6,"nearest_drain":"MH-113","from_node":"J6810737858","to_node":"J3875886322"},"geometry":{"type":"LineString","coordinates":[[80.093796,12.930284],[80.094583,12.930036]]}},{"type":"Feature","properties":{"id":"R0403","name":null,"highway":"residential","osm_way":726614096,"width_m":6.0,"length_m":24.6,"surface_area":147.5,"catchment_m2":884.9,"inlet_capacity_lps":7.2,"nearest_drain":"MH-113","from_node":"J6810737858","to_node":"J6810737860"},"geometry":{"type":"LineString","coordinates":[[80.093796,12.930284],[80.093863,12.930495]]}},{"type":"Feature","properties":{"id":"R0404","name":null,"highway":"residential","osm_way":726614096,"width_m":6.0,"length_m":64.4,"surface_area":386.3,"catchment_m2":2317.7,"inlet_capacity_lps":14.4,"nearest_drain":"MH-125","from_node":"J6810737859","to_node":"J3875954232"},"geometry":{"type":"LineString","coordinates":[[80.093999,12.930882],[80.093428,12.931045]]}},{"type":"Feature","properties":{"id":"R0405","name":null,"highway":"residential","osm_way":726614096,"width_m":6.0,"length_m":45.6,"surface_area":273.3,"catchment_m2":1640.0,"inlet_capacity_lps":14.4,"nearest_drain":"MH-113","from_node":"J6810737860","to_node":"J6810737859"},"geometry":{"type":"LineString","coordinates":[[80.093863,12.930495],[80.093999,12.930882]]}},{"type":"Feature","properties":{"id":"R0406","name":null,"highway":"residential","osm_way":726614097,"width_m":6.0,"length_m":112.1,"surface_area":672.3,"catchment_m2":4033.9,"inlet_capacity_lps":28.8,"nearest_drain":"MH-113","from_node":"J6810737860","to_node":"J11101627695"},"geometry":{"type":"LineString","coordinates":[[80.093863,12.930495],[80.09287,12.930775]]}},{"type":"Feature","properties":{"id":"R0407","name":null,"highway":"residential","osm_way":832495379,"width_m":6.0,"length_m":34.1,"surface_area":204.4,"catchment_m2":1226.6,"inlet_capacity_lps":7.2,"nearest_drain":"MH-106","from_node":"J6810737861","to_node":"J7772366427"},"geometry":{"type":"LineString","coordinates":[[80.095782,12.929925],[80.096083,12.929834]]}},{"type":"Feature","properties":{"id":"R0408","name":null,"highway":"residential","osm_way":726614097,"width_m":6.0,"length_m":66.5,"surface_area":398.9,"catchment_m2":2393.4,"inlet_capacity_lps":14.4,"nearest_drain":"MH-113","from_node":"J6810737862","to_node":"J6810737860"},"geometry":{"type":"LineString","coordinates":[[80.094452,12.930328],[80.093863,12.930495]]}},{"type":"Feature","properties":{"id":"R0409","name":null,"highway":"residential","osm_way":726614098,"width_m":6.0,"length_m":151.0,"surface_area":906.1,"catchment_m2":5436.8,"inlet_capacity_lps":36.0,"nearest_drain":"MH-115","from_node":"J6810737862","to_node":"J6810737861"},"geometry":{"type":"LineString","coordinates":[[80.094452,12.930328],[80.095782,12.929925]]}},{"type":"Feature","properties":{"id":"R0410","name":null,"highway":"residential","osm_way":726614098,"width_m":6.0,"length_m":42.8,"surface_area":256.6,"catchment_m2":1539.6,"inlet_capacity_lps":7.2,"nearest_drain":"MH-114","from_node":"J6810737863","to_node":"J6810737862"},"geometry":{"type":"LineString","coordinates":[[80.094565,12.930697],[80.094452,12.930328]]}},{"type":"Feature","properties":{"id":"R0411","name":null,"highway":"residential","osm_way":832495380,"width_m":6.0,"length_m":64.7,"surface_area":388.3,"catchment_m2":2329.9,"inlet_capacity_lps":14.4,"nearest_drain":"MH-125","from_node":"J6810737863","to_node":"J6810737859"},"geometry":{"type":"LineString","coordinates":[[80.094565,12.930697],[80.093999,12.930882]]}},{"type":"Feature","properties":{"id":"R0412","name":null,"highway":"residential","osm_way":726614098,"width_m":6.0,"length_m":151.7,"surface_area":910.2,"catchment_m2":5461.4,"inlet_capacity_lps":36.0,"nearest_drain":"MH-115","from_node":"J6810737864","to_node":"J6810737863"},"geometry":{"type":"LineString","coordinates":[[80.095899,12.930285],[80.094565,12.930697]]}},{"type":"Feature","properties":{"id":"R0413","name":null,"highway":"residential","osm_way":726614099,"width_m":6.0,"length_m":46.8,"surface_area":280.8,"catchment_m2":1684.8,"inlet_capacity_lps":14.4,"nearest_drain":"MH-115","from_node":"J6810737864","to_node":"J6810737866"},"geometry":{"type":"LineString","coordinates":[[80.095899,12.930285],[80.096029,12.930686]]}},{"type":"Feature","properties":{"id":"R0414","name":null,"highway":"residential","osm_way":23648243,"width_m":6.0,"length_m":44.1,"surface_area":264.4,"catchment_m2":1586.4,"inlet_capacity_lps":7.2,"nearest_drain":"MH-124","from_node":"J6810737865","to_node":"J3875954218"},"geometry":{"type":"LineString","coordinates":[[80.092883,12.931571],[80.093013,12.931947]]}},{"type":"Feature","properties":{"id":"R0415","name":null,"highway":"residential","osm_way":726614099,"width_m":6.0,"length_m":354.9,"surface_area":2129.4,"catchment_m2":12776.6,"inlet_capacity_lps":86.4,"nearest_drain":"MH-115","from_node":"J6810737866","to_node":"J6810737865"},"geometry":{"type":"LineString","coordinates":[[80.096029,12.930686],[80.092883,12.931571]]}},{"type":"Feature","properties":{"id":"R0416","name":null,"highway":"residential","osm_way":384290122,"width_m":6.0,"length_m":122.8,"surface_area":736.7,"catchment_m2":4420.5,"inlet_capacity_lps":28.8,"nearest_drain":"MH-114","from_node":"J6810737867","to_node":"J3875886323"},"geometry":{"type":"LineString","coordinates":[[80.095708,12.929695],[80.094617,12.929992]]}},{"type":"Feature","properties":{"id":"R0417","name":null,"highway":"residential","osm_way":1201844574,"width_m":6.0,"length_m":26.8,"surface_area":160.9,"catchment_m2":965.5,"inlet_capacity_lps":7.2,"nearest_drain":"MH-115","from_node":"J6810737867","to_node":"J6810737861"},"geometry":{"type":"LineString","coordinates":[[80.095708,12.929695],[80.095782,12.929925]]}},{"type":"Feature","properties":{"id":"R0418","name":null,"highway":"residential","osm_way":208174912,"width_m":6.0,"length_m":342.6,"surface_area":2055.4,"catchment_m2":12332.4,"inlet_capacity_lps":79.2,"nearest_drain":"MH-107","from_node":"J6810737868","to_node":"J5475572848"},"geometry":{"type":"LineString","coordinates":[[80.096579,12.929526],[80.097201,12.929409],[80.097246,12.929432],[80.097729,12.929354],[80.099689,12.929036]]}},{"type":"Feature","properties":{"id":"R0419","name":null,"highway":"residential","osm_way":1250762231,"width_m":6.0,"length_m":16.3,"surface_area":97.6,"catchment_m2":585.7,"inlet_capacity_lps":7.2,"nearest_drain":"MH-107","from_node":"J6810737868","to_node":"J11626589131"},"geometry":{"type":"LineString","coordinates":[[80.096579,12.929526],[80.096434,12.929564]]}},{"type":"Feature","properties":{"id":"R0420","name":null,"highway":"residential","osm_way":751507830,"width_m":6.0,"length_m":91.6,"surface_area":549.7,"catchment_m2":3298.2,"inlet_capacity_lps":21.6,"nearest_drain":"MH-009","from_node":"J7025474279","to_node":"J7025474277"},"geometry":{"type":"LineString","coordinates":[[80.098494,12.920775],[80.098454,12.920602],[80.098425,12.920493],[80.098537,12.920448],[80.098939,12.920307]]}},{"type":"Feature","properties":{"id":"R0421","name":null,"highway":"residential","osm_way":1219996786,"width_m":6.0,"length_m":178.4,"surface_area":1070.4,"catchment_m2":6422.2,"inlet_capacity_lps":43.2,"nearest_drain":"MH-120","from_node":"J7155536540","to_node":"J7155536525"},"geometry":{"type":"LineString","coordinates":[[80.087656,12.931428],[80.087584,12.931456],[80.087342,12.931553],[80.086387,12.931961],[80.086356,12.931958],[80.086328,12.931926],[80.086264,12.93179],[80.086228,12.931792]]}},{"type":"Feature","properties":{"id":"R0422","name":null,"highway":"residential","osm_way":1219996787,"width_m":6.0,"length_m":90.8,"surface_area":544.5,"catchment_m2":3267.0,"inlet_capacity_lps":21.6,"nearest_drain":"MH-109","from_node":"J7155536548","to_node":"J11304299332"},"geometry":{"type":"LineString","coordinates":[[80.087883,12.930822],[80.087855,12.930841],[80.087765,12.930865],[80.087595,12.930903],[80.087542,12.930915],[80.087556,12.930973],[80.087565,12.931011],[80.087649,12.931373]]}},{"type":"Feature","properties":{"id":"R0423","name":null,"highway":"residential","osm_way":766144357,"width_m":6.0,"length_m":459.4,"surface_area":2756.6,"catchment_m2":16539.5,"inlet_capacity_lps":108.0,"nearest_drain":"MH-110","from_node":"J7155536572","to_node":"J7772176748"},"geometry":{"type":"LineString","coordinates":[[80.092095,12.929154],[80.091821,12.929178],[80.091257,12.929251],[80.090521,12.929381],[80.090352,12.929415],[80.090308,12.929436],[80.090276,12.929464],[80.090258,12.929489],[80.09026,12.929533],[80.09029,12.92969],[80.09029,12.929723],[80.090274,12.929761],[80.09025,12.929782],[80.090203,12.929805],[80.090091,12.929822],[80.088702,12.930086],[80.088661,12.930094],[80.088258,12.930168]]}},{"type":"Feature","properties":{"id":"R0424","name":null,"highway":"residential","osm_way":673258593,"width_m":6.0,"length_m":50.6,"surface_area":303.8,"catchment_m2":1822.9,"inlet_capacity_lps":14.4,"nearest_drain":"MH-060","from_node":"J7772176736","to_node":"J6304875239"},"geometry":{"type":"LineString","coordinates":[[80.090179,12.925736],[80.089715,12.925683]]}},{"type":"Feature","properties":{"id":"R0425","name":null,"highway":"residential","osm_way":832475228,"width_m":6.0,"length_m":53.9,"surface_area":323.5,"catchment_m2":1940.9,"inlet_capacity_lps":14.4,"nearest_drain":"MH-101","from_node":"J7772176737","to_node":"J9865030111"},"geometry":{"type":"LineString","coordinates":[[80.089299,12.929241],[80.089782,12.929129]]}},{"type":"Feature","properties":{"id":"R0426","name":null,"highway":"residential","osm_way":766144357,"width_m":6.0,"length_m":112.4,"surface_area":674.4,"catchment_m2":4046.4,"inlet_capacity_lps":28.8,"nearest_drain":"MH-110","from_node":"J7772176748","to_node":"J7155536548"},"geometry":{"type":"LineString","coordinates":[[80.088258,12.930168],[80.088099,12.930202],[80.087883,12.930246],[80.087824,12.930268],[80.087804,12.930289],[80.087793,12.930333],[80.087805,12.930395],[80.087893,12.930751],[80.087894,12.930782],[80.087883,12.930822]]}},{"type":"Feature","properties":{"id":"R0427","name":null,"highway":"residential","osm_way":23648243,"width_m":6.0,"length_m":98.7,"surface_area":592.0,"catchment_m2":3551.8,"inlet_capacity_lps":21.6,"nearest_drain":"MH-143","from_node":"J7772176749","to_node":"J3875954226"},"geometry":{"type":"LineString","coordinates":[[80.093419,12.933039],[80.093742,12.933869]]}},{"type":"Feature","properties":{"id":"R0428","name":null,"highway":"residential","osm_way":832475231,"width_m":6.0,"length_m":265.1,"surface_area":1590.8,"catchment_m2":9544.8,"inlet_capacity_lps":64.8,"nearest_drain":"MH-133","from_node":"J7772176749","to_node":"J7772176750"},"geometry":{"type":"LineString","coordinates":[[80.093419,12.933039],[80.095782,12.932422]]}},{"type":"Feature","properties":{"id":"R0429","name":null,"highway":"residential","osm_way":384297974,"width_m":6.0,"length_m":36.5,"surface_area":218.9,"catchment_m2":1313.5,"inlet_capacity_lps":7.2,"nearest_drain":"MH-139","from_node":"J7772177234","to_node":"J3875973107"},"geometry":{"type":"LineString","coordinates":[[80.098211,12.93324],[80.098156,12.932916]]}},{"type":"Feature","properties":{"id":"R0430","name":null,"highway":"residential","osm_way":832475253,"width_m":6.0,"length_m":117.8,"surface_area":706.6,"catchment_m2":4239.6,"inlet_capacity_lps":28.8,"nearest_drain":"MH-140","from_node":"J7772177234","to_node":"J7772177236"},"geometry":{"type":"LineString","coordinates":[[80.098211,12.93324],[80.09889,12.933131],[80.099284,12.933075]]}},{"type":"Feature","properties":{"id":"R0431","name":null,"highway":"residential","osm_way":832475254,"width_m":6.0,"length_m":210.1,"surface_area":1260.5,"catchment_m2":7563.1,"inlet_capacity_lps":50.4,"nearest_drain":"MH-127","from_node":"J7772177237","to_node":"J3875954216"},"geometry":{"type":"LineString","coordinates":[[80.096308,12.931036],[80.094993,12.931396],[80.094442,12.931547]]}},{"type":"Feature","properties":{"id":"R0432","name":null,"highway":"residential","osm_way":832495377,"width_m":6.0,"length_m":49.8,"surface_area":299.0,"catchment_m2":1794.3,"inlet_capacity_lps":14.4,"nearest_drain":"MH-116","from_node":"J7772366425","to_node":"J6810737864"},"geometry":{"type":"LineString","coordinates":[[80.096341,12.93016],[80.095899,12.930285]]}},{"type":"Feature","properties":{"id":"R0433","name":null,"highway":"residential","osm_way":832495378,"width_m":6.0,"length_m":49.9,"surface_area":299.3,"catchment_m2":1795.6,"inlet_capacity_lps":14.4,"nearest_drain":"MH-115","from_node":"J7772366426","to_node":"J6810737866"},"geometry":{"type":"LineString","coordinates":[[80.096478,12.930587],[80.096029,12.930686]]}},{"type":"Feature","properties":{"id":"R0434","name":null,"highway":"residential","osm_way":1219996783,"width_m":6.0,"length_m":98.2,"surface_area":589.2,"catchment_m2":3535.1,"inlet_capacity_lps":21.6,"nearest_drain":"MH-109","from_node":"J7772600955","to_node":"J7155536548"},"geometry":{"type":"LineString","coordinates":[[80.088099,12.931618],[80.088151,12.931574],[80.088163,12.931505],[80.088145,12.931391],[80.088019,12.931008],[80.087883,12.930822]]}},{"type":"Feature","properties":{"id":"R0435","name":null,"highway":"residential","osm_way":832475230,"width_m":6.0,"length_m":215.1,"surface_area":1290.5,"catchment_m2":7742.9,"inlet_capacity_lps":50.4,"nearest_drain":"MH-100","from_node":"J7772600961","to_node":"J11868111707"},"geometry":{"type":"LineString","coordinates":[[80.086977,12.927458],[80.087178,12.928717],[80.087195,12.928894],[80.087193,12.928952],[80.08717,12.92899],[80.087079,12.929024],[80.087058,12.929039],[80.087051,12.929054],[80.087048,12.929075],[80.08713,12.929283]]}},{"type":"Feature","properties":{"id":"R0436","name":null,"highway":"residential","osm_way":832522701,"width_m":6.0,"length_m":58.0,"surface_area":348.2,"catchment_m2":2089.0,"inlet_capacity_lps":14.4,"nearest_drain":"MH-080","from_node":"J7772600961","to_node":"J7772600960"},"geometry":{"type":"LineString","coordinates":[[80.086977,12.927458],[80.087505,12.927372]]}},{"type":"Feature","properties":{"id":"R0437","name":null,"highway":"residential","osm_way":832522701,"width_m":6.0,"length_m":27.5,"surface_area":164.8,"catchment_m2":989.1,"inlet_capacity_lps":7.2,"nearest_drain":"MH-080","from_node":"J7772600962","to_node":"J7772600961"},"geometry":{"type":"LineString","coordinates":[[80.086727,12.9275],[80.086977,12.927458]]}},{"type":"Feature","properties":{"id":"R0438","name":null,"highway":"residential","osm_way":832475230,"width_m":6.0,"length_m":100.6,"surface_area":603.5,"catchment_m2":3621.3,"inlet_capacity_lps":21.6,"nearest_drain":"MH-070","from_node":"J7772600967","to_node":"J7772600961"},"geometry":{"type":"LineString","coordinates":[[80.086827,12.926566],[80.086977,12.927458]]}},{"type":"Feature","properties":{"id":"R0439","name":null,"highway":"residential","osm_way":384296679,"width_m":6.0,"length_m":46.6,"surface_area":279.3,"catchment_m2":1675.9,"inlet_capacity_lps":14.4,"nearest_drain":"MH-111","from_node":"J7772699262","to_node":"J3875954236"},"geometry":{"type":"LineString","coordinates":[[80.092059,12.930488],[80.092475,12.930383]]}},{"type":"Feature","properties":{"id":"R0440","name":null,"highway":"residential","osm_way":832533083,"width_m":6.0,"length_m":21.2,"surface_area":126.9,"catchment_m2":761.6,"inlet_capacity_lps":7.2,"nearest_drain":"MH-111","from_node":"J7772699262","to_node":"J7772699261"},"geometry":{"type":"LineString","coordinates":[[80.092059,12.930488],[80.092108,12.930673]]}},{"type":"Feature","properties":{"id":"R0441","name":null,"highway":"residential","osm_way":384296679,"width_m":6.0,"length_m":42.8,"surface_area":256.7,"catchment_m2":1540.1,"inlet_capacity_lps":7.2,"nearest_drain":"MH-111","from_node":"J7772699264","to_node":"J7772699262"},"geometry":{"type":"LineString","coordinates":[[80.091677,12.930585],[80.092059,12.930488]]}},{"type":"Feature","properties":{"id":"R0442","name":null,"highway":"residential","osm_way":832533084,"width_m":6.0,"length_m":35.5,"surface_area":213.2,"catchment_m2":1279.4,"inlet_capacity_lps":7.2,"nearest_drain":"MH-111","from_node":"J7772699264","to_node":"J7772699263"},"geometry":{"type":"LineString","coordinates":[[80.091677,12.930585],[80.091746,12.930898]]}},{"type":"Feature","properties":{"id":"R0443","name":null,"highway":"residential","osm_way":384296668,"width_m":6.0,"length_m":67.7,"surface_area":406.3,"catchment_m2":2437.6,"inlet_capacity_lps":14.4,"nearest_drain":"MH-085","from_node":"J7772699265","to_node":"J3875954207"},"geometry":{"type":"LineString","coordinates":[[80.092272,12.927875],[80.092273,12.927852],[80.092292,12.927794],[80.092387,12.92776],[80.092825,12.927775]]}},{"type":"Feature","properties":{"id":"R0444","name":null,"highway":"residential","osm_way":832533085,"width_m":6.0,"length_m":34.0,"surface_area":203.9,"catchment_m2":1223.5,"inlet_capacity_lps":7.2,"nearest_drain":"MH-084","from_node":"J7772699266","to_node":"J7772699265"},"geometry":{"type":"LineString","coordinates":[[80.091959,12.927875],[80.092272,12.927875]]}},{"type":"Feature","properties":{"id":"R0445","name":null,"highway":"residential","osm_way":832533086,"width_m":6.0,"length_m":81.4,"surface_area":488.3,"catchment_m2":2929.6,"inlet_capacity_lps":21.6,"nearest_drain":"MH-097","from_node":"J7772699268","to_node":"J7772699269"},"geometry":{"type":"LineString","coordinates":[[80.093693,12.928159],[80.094437,12.928063]]}},{"type":"Feature","properties":{"id":"R0446","name":null,"highway":"residential","osm_way":832533086,"width_m":6.0,"length_m":67.1,"surface_area":402.8,"catchment_m2":2417.1,"inlet_capacity_lps":14.4,"nearest_drain":"MH-097","from_node":"J7772699269","to_node":"J7772699267"},"geometry":{"type":"LineString","coordinates":[[80.094437,12.928063],[80.095053,12.927997]]}},{"type":"Feature","properties":{"id":"R0447","name":null,"highway":"residential","osm_way":832533087,"width_m":6.0,"length_m":100.5,"surface_area":602.8,"catchment_m2":3616.8,"inlet_capacity_lps":21.6,"nearest_drain":"MH-097","from_node":"J7772699277","to_node":"J7772699269"},"geometry":{"type":"LineString","coordinates":[[80.094634,12.927342],[80.094647,12.927674],[80.094645,12.927697],[80.094629,12.927711],[80.094445,12.927723],[80.094435,12.927732],[80.094427,12.927744],[80.094433,12.927846],[80.094437,12.928063]]}},{"type":"Feature","properties":{"id":"R0448","name":null,"highway":"residential","osm_way":832533088,"width_m":6.0,"length_m":108.4,"surface_area":650.4,"catchment_m2":3902.5,"inlet_capacity_lps":28.8,"nearest_drain":"MH-087","from_node":"J7772699277","to_node":"J2184983247"},"geometry":{"type":"LineString","coordinates":[[80.094634,12.927342],[80.095554,12.927256],[80.095571,12.927223],[80.095566,12.927186]]}},{"type":"Feature","properties":{"id":"R0449","name":null,"highway":"residential","osm_way":832533088,"width_m":6.0,"length_m":59.6,"surface_area":357.5,"catchment_m2":2145.0,"inlet_capacity_lps":14.4,"nearest_drain":"MH-086","from_node":"J7772699280","to_node":"J7772699277"},"geometry":{"type":"LineString","coordinates":[[80.094085,12.927364],[80.094634,12.927342]]}},{"type":"Feature","properties":{"id":"R0450","name":null,"highway":"residential","osm_way":384296668,"width_m":6.0,"length_m":71.6,"surface_area":429.4,"catchment_m2":2576.3,"inlet_capacity_lps":14.4,"nearest_drain":"MH-085","from_node":"J7772699281","to_node":"J11142761739"},"geometry":{"type":"LineString","coordinates":[[80.092845,12.927776],[80.093505,12.927799]]}},{"type":"Feature","properties":{"id":"R0451","name":null,"highway":"residential","osm_way":832533089,"width_m":6.0,"length_m":45.6,"surface_area":273.4,"catchment_m2":1640.4,"inlet_capacity_lps":14.4,"nearest_drain":"MH-085","from_node":"J7772699282","to_node":"J7772699281"},"geometry":{"type":"LineString","coordinates":[[80.092845,12.928186],[80.092845,12.927776]]}},{"type":"Feature","properties":{"id":"R0452","name":null,"highway":"residential","osm_way":832533103,"width_m":6.0,"length_m":13.0,"surface_area":78.0,"catchment_m2":467.9,"inlet_capacity_lps":7.2,"nearest_drain":"MH-128","from_node":"J7772704155","to_node":"J7772704154"},"geometry":{"type":"LineString","coordinates":[[80.09798,12.931551],[80.0981,12.931544]]}},{"type":"Feature","properties":{"id":"R0453","name":null,"highway":"residential","osm_way":1250766458,"width_m":6.0,"length_m":31.6,"surface_area":189.9,"catchment_m2":1139.2,"inlet_capacity_lps":7.2,"nearest_drain":"MH-128","from_node":"J7772704155","to_node":"J3875973111"},"geometry":{"type":"LineString","coordinates":[[80.09798,12.931551],[80.09796,12.931454],[80.097924,12.931272]]}},{"type":"Feature","properties":{"id":"R0454","name":null,"highway":"residential","osm_way":832533103,"width_m":6.0,"length_m":42.2,"surface_area":253.0,"catchment_m2":1517.9,"inlet_capacity_lps":7.2,"nearest_drain":"MH-128","from_node":"J7772704156","to_node":"J7772704155"},"geometry":{"type":"LineString","coordinates":[[80.097593,12.931591],[80.09798,12.931551]]}},{"type":"Feature","properties":{"id":"R0455","name":null,"highway":"residential","osm_way":384297963,"width_m":6.0,"length_m":98.4,"surface_area":590.3,"catchment_m2":3542.0,"inlet_capacity_lps":21.6,"nearest_drain":"MH-117","from_node":"J7772704161","to_node":"J3875973094"},"geometry":{"type":"LineString","coordinates":[[80.097691,12.930637],[80.098287,12.930563],[80.09859,12.930512]]}},{"type":"Feature","properties":{"id":"R0456","name":null,"highway":"residential","osm_way":832533105,"width_m":6.0,"length_m":334.6,"surface_area":2007.3,"catchment_m2":12043.9,"inlet_capacity_lps":79.2,"nearest_drain":"MH-117","from_node":"J7772704161","to_node":"J11626622811"},"geometry":{"type":"LineString","coordinates":[[80.097691,12.930637],[80.097684,12.930556],[80.097677,12.930475],[80.097679,12.930414],[80.097705,12.930374],[80.097717,12.930344],[80.097714,12.930257],[80.097679,12.930164],[80.097663,12.930132],[80.097646,12.93011],[80.097424,12.930124],[80.096845,12.930158],[80.096665,12.930161],[80.096613,12.93019],[80.096613,12.930322],[80.096637,12.930452],[80.096673,12.930497],[80.096865,12.93049],[80.097162,12.930459],[80.097502,12.930416],[80.097582,12.930418],[80.0976,12.930449],[80.097608,12.930561],[80.097616,12.930642]]}},{"type":"Feature","properties":{"id":"R0457","name":null,"highway":"residential","osm_way":832475226,"width_m":6.0,"length_m":177.6,"surface_area":1065.6,"catchment_m2":6393.4,"inlet_capacity_lps":43.2,"nearest_drain":"MH-131","from_node":"J7772765606","to_node":"J7772176733"},"geometry":{"type":"LineString","coordinates":[[80.092253,12.932176],[80.091514,12.932377],[80.090679,12.932618]]}},{"type":"Feature","properties":{"id":"R0458","name":null,"highway":"residential","osm_way":832540240,"width_m":6.0,"length_m":512.1,"surface_area":3072.4,"catchment_m2":18434.3,"inlet_capacity_lps":122.4,"nearest_drain":"MH-132","from_node":"J7772765606","to_node":"J7772765598"},"geometry":{"type":"LineString","coordinates":[[80.092253,12.932176],[80.092287,12.932328],[80.092303,12.93243],[80.092279,12.932477],[80.092239,12.932511],[80.088371,12.933708],[80.088351,12.933729],[80.088339,12.933767],[80.088405,12.933974]]}},{"type":"Feature","properties":{"id":"R0459","name":null,"highway":"residential","osm_way":834904812,"width_m":6.0,"length_m":38.0,"surface_area":228.2,"catchment_m2":1369.5,"inlet_capacity_lps":7.2,"nearest_drain":"MH-031","from_node":"J7793438255","to_node":"J7793438256"},"geometry":{"type":"LineString","coordinates":[[80.087738,12.923816],[80.088049,12.923659]]}},{"type":"Feature","properties":{"id":"R0460","name":null,"highway":"residential","osm_way":1077605597,"width_m":6.0,"length_m":74.8,"surface_area":448.6,"catchment_m2":2691.6,"inlet_capacity_lps":14.4,"nearest_drain":"MH-030","from_node":"J7793438255","to_node":"J9880331101"},"geometry":{"type":"LineString","coordinates":[[80.087738,12.923816],[80.087542,12.923919],[80.087503,12.923919],[80.087473,12.923899],[80.087417,12.923819],[80.087264,12.923575]]}},{"type":"Feature","properties":{"id":"R0461","name":null,"highway":"residential","osm_way":1220231417,"width_m":6.0,"length_m":23.3,"surface_area":139.6,"catchment_m2":837.8,"inlet_capacity_lps":7.2,"nearest_drain":"MH-033","from_node":"J7793438258","to_node":"J3876480854"},"geometry":{"type":"LineString","coordinates":[[80.090218,12.923288],[80.090311,12.923477]]}},{"type":"Feature","properties":{"id":"R0462","name":null,"highway":"residential","osm_way":673258593,"width_m":6.0,"length_m":69.9,"surface_area":419.4,"catchment_m2":2516.3,"inlet_capacity_lps":14.4,"nearest_drain":"MH-061","from_node":"J7793438264","to_node":"J6805777626"},"geometry":{"type":"LineString","coordinates":[[80.091287,12.925866],[80.091169,12.92585],[80.090646,12.9258]]}},{"type":"Feature","properties":{"id":"R0463","name":null,"highway":"residential","osm_way":834912629,"width_m":6.0,"length_m":48.8,"surface_area":292.6,"catchment_m2":1755.8,"inlet_capacity_lps":14.4,"nearest_drain":"MH-089","from_node":"J7793527804","to_node":"J7793527803"},"geometry":{"type":"LineString","coordinates":[[80.096768,12.927262],[80.097206,12.927158]]}},{"type":"Feature","properties":{"id":"R0464","name":null,"highway":"residential","osm_way":834912630,"width_m":6.0,"length_m":17.3,"surface_area":103.9,"catchment_m2":623.4,"inlet_capacity_lps":7.2,"nearest_drain":"MH-089","from_node":"J7793527804","to_node":"J7793527805"},"geometry":{"type":"LineString","coordinates":[[80.096768,12.927262],[80.096729,12.927111]]}},{"type":"Feature","properties":{"id":"R0465","name":null,"highway":"residential","osm_way":208170787,"width_m":6.0,"length_m":200.2,"surface_area":1201.3,"catchment_m2":7208.1,"inlet_capacity_lps":50.4,"nearest_drain":"MH-077","from_node":"J7793527817","to_node":"J2184983180"},"geometry":{"type":"LineString","coordinates":[[80.097234,12.926076],[80.097216,12.926037],[80.097197,12.925986],[80.097105,12.925692],[80.097027,12.924967],[80.096935,12.924306]]}},{"type":"Feature","properties":{"id":"R0466","name":null,"highway":"residential","osm_way":834912631,"width_m":6.0,"length_m":38.8,"surface_area":232.6,"catchment_m2":1395.5,"inlet_capacity_lps":7.2,"nearest_drain":"MH-077","from_node":"J7793527817","to_node":"J7793527813"},"geometry":{"type":"LineString","coordinates":[[80.097234,12.926076],[80.097579,12.925986]]}},{"type":"Feature","properties":{"id":"R0467","name":null,"highway":"residential","osm_way":1191717208,"width_m":6.0,"length_m":16.7,"surface_area":100.0,"catchment_m2":600.0,"inlet_capacity_lps":7.2,"nearest_drain":"MH-076","from_node":"J7793527817","to_node":"J11064265565"},"geometry":{"type":"LineString","coordinates":[[80.097234,12.926076],[80.097186,12.926074],[80.097085,12.926106]]}},{"type":"Feature","properties":{"id":"R0468","name":null,"highway":"residential","osm_way":834912632,"width_m":6.0,"length_m":24.5,"surface_area":147.2,"catchment_m2":883.4,"inlet_capacity_lps":7.2,"nearest_drain":"MH-071","from_node":"J7793527819","to_node":"J7793527818"},"geometry":{"type":"LineString","coordinates":[[80.088649,12.926247],[80.088872,12.926209]]}},{"type":"Feature","properties":{"id":"R0469","name":null,"highway":"residential","osm_way":834912637,"width_m":6.0,"length_m":37.2,"surface_area":223.1,"catchment_m2":1338.8,"inlet_capacity_lps":7.2,"nearest_drain":"MH-071","from_node":"J7793527819","to_node":"J7793527821"},"geometry":{"type":"LineString","coordinates":[[80.088649,12.926247],[80.088732,12.926571]]}},{"type":"Feature","properties":{"id":"R0470","name":null,"highway":"residential","osm_way":834912633,"width_m":6.0,"length_m":26.0,"surface_area":156.2,"catchment_m2":937.1,"inlet_capacity_lps":7.2,"nearest_drain":"MH-071","from_node":"J7793527821","to_node":"J7793527820"},"geometry":{"type":"LineString","coordinates":[[80.088732,12.926571],[80.088966,12.926519]]}},{"type":"Feature","properties":{"id":"R0471","name":null,"highway":"residential","osm_way":834912637,"width_m":6.0,"length_m":28.6,"surface_area":171.9,"catchment_m2":1031.3,"inlet_capacity_lps":7.2,"nearest_drain":"MH-071","from_node":"J7793527821","to_node":"J7793527822"},"geometry":{"type":"LineString","coordinates":[[80.088732,12.926571],[80.088793,12.926822]]}},{"type":"Feature","properties":{"id":"R0472","name":null,"highway":"residential","osm_way":834912637,"width_m":6.0,"length_m":5.7,"surface_area":34.0,"catchment_m2":204.1,"inlet_capacity_lps":7.2,"nearest_drain":"MH-071","from_node":"J7793527822","to_node":"J11664582325"},"geometry":{"type":"LineString","coordinates":[[80.088793,12.926822],[80.088807,12.926871]]}},{"type":"Feature","properties":{"id":"R0473","name":null,"highway":"residential","osm_way":834912634,"width_m":6.0,"length_m":23.2,"surface_area":139.1,"catchment_m2":834.6,"inlet_capacity_lps":7.2,"nearest_drain":"MH-082","from_node":"J7793527823","to_node":"J11664582322"},"geometry":{"type":"LineString","coordinates":[[80.088279,12.926928],[80.088489,12.926889]]}},{"type":"Feature","properties":{"id":"R0474","name":null,"highway":"residential","osm_way":834912635,"width_m":6.0,"length_m":29.4,"surface_area":176.1,"catchment_m2":1056.7,"inlet_capacity_lps":7.2,"nearest_drain":"MH-082","from_node":"J7793527825","to_node":"J7793527824"},"geometry":{"type":"LineString","coordinates":[[80.088538,12.927268],[80.088803,12.927216]]}},{"type":"Feature","properties":{"id":"R0475","name":null,"highway":"residential","osm_way":834912636,"width_m":6.0,"length_m":12.4,"surface_area":74.5,"catchment_m2":446.8,"inlet_capacity_lps":7.2,"nearest_drain":"MH-082","from_node":"J7793527825","to_node":"J7793527826"},"geometry":{"type":"LineString","coordinates":[[80.088538,12.927268],[80.088564,12.927377]]}},{"type":"Feature","properties":{"id":"R0476","name":null,"highway":"residential","osm_way":834912636,"width_m":6.0,"length_m":27.0,"surface_area":162.1,"catchment_m2":972.4,"inlet_capacity_lps":7.2,"nearest_drain":"MH-082","from_node":"J7793527827","to_node":"J7793527825"},"geometry":{"type":"LineString","coordinates":[[80.088483,12.927031],[80.088538,12.927268]]}},{"type":"Feature","properties":{"id":"R0477","name":null,"highway":"residential","osm_way":834912637,"width_m":6.0,"length_m":24.8,"surface_area":148.8,"catchment_m2":893.1,"inlet_capacity_lps":7.2,"nearest_drain":"MH-082","from_node":"J7793527827","to_node":"J7793527828"},"geometry":{"type":"LineString","coordinates":[[80.088483,12.927031],[80.088259,12.927076]]}},{"type":"Feature","properties":{"id":"R0478","name":null,"highway":"residential","osm_way":1254795349,"width_m":6.0,"length_m":28.2,"surface_area":169.2,"catchment_m2":1015.1,"inlet_capacity_lps":7.2,"nearest_drain":"MH-071","from_node":"J7793527836","to_node":"J11664586421"},"geometry":{"type":"LineString","coordinates":[[80.088584,12.925969],[80.088838,12.925914]]}},{"type":"Feature","properties":{"id":"R0479","name":null,"highway":"residential","osm_way":834912638,"width_m":6.0,"length_m":72.6,"surface_area":435.5,"catchment_m2":2612.8,"inlet_capacity_lps":14.4,"nearest_drain":"MH-085","from_node":"J7793527843","to_node":"J3875954213"},"geometry":{"type":"LineString","coordinates":[[80.092129,12.927582],[80.092109,12.926975],[80.092109,12.92693]]}},{"type":"Feature","properties":{"id":"R0480","name":null,"highway":"residential","osm_way":834912642,"width_m":6.0,"length_m":10.6,"surface_area":63.4,"catchment_m2":380.4,"inlet_capacity_lps":7.2,"nearest_drain":"MH-073","from_node":"J7793527849","to_node":"J7793527851"},"geometry":{"type":"LineString","coordinates":[[80.093219,12.926062],[80.093221,12.926157]]}},{"type":"Feature","properties":{"id":"R0481","name":null,"highway":"residential","osm_way":834912644,"width_m":6.0,"length_m":33.5,"surface_area":201.0,"catchment_m2":1205.9,"inlet_capacity_lps":7.2,"nearest_drain":"MH-073","from_node":"J7793527849","to_node":"J7793527855"},"geometry":{"type":"LineString","coordinates":[[80.093219,12.926062],[80.093525,12.926106]]}},{"type":"Feature","properties":{"id":"R0482","name":null,"highway":"residential","osm_way":834912641,"width_m":6.0,"length_m":104.6,"surface_area":627.8,"catchment_m2":3766.6,"inlet_capacity_lps":21.6,"nearest_drain":"MH-073","from_node":"J7793527851","to_node":"J7793527850"},"geometry":{"type":"LineString","coordinates":[[80.093221,12.926157],[80.093237,12.927098]]}},{"type":"Feature","properties":{"id":"R0483","name":null,"highway":"residential","osm_way":834912644,"width_m":6.0,"length_m":51.6,"surface_area":309.6,"catchment_m2":1857.7,"inlet_capacity_lps":14.4,"nearest_drain":"MH-073","from_node":"J7793527855","to_node":"J3875899114"},"geometry":{"type":"LineString","coordinates":[[80.093525,12.926106],[80.093787,12.926135],[80.093997,12.926168]]}},{"type":"Feature","properties":{"id":"R0484","name":null,"highway":"residential","osm_way":1250758350,"width_m":6.0,"length_m":11.6,"surface_area":69.3,"catchment_m2":415.9,"inlet_capacity_lps":7.2,"nearest_drain":"MH-073","from_node":"J7793527855","to_node":"J11626585186"},"geometry":{"type":"LineString","coordinates":[[80.093525,12.926106],[80.093517,12.92621]]}},{"type":"Feature","properties":{"id":"R0485","name":null,"highway":"residential","osm_way":834912645,"width_m":6.0,"length_m":14.9,"surface_area":89.4,"catchment_m2":536.4,"inlet_capacity_lps":7.2,"nearest_drain":"MH-052","from_node":"J7793527865","to_node":"J3875896134"},"geometry":{"type":"LineString","coordinates":[[80.096565,12.924221],[80.096572,12.924198],[80.096589,12.924147],[80.096611,12.924095]]}},{"type":"Feature","properties":{"id":"R0486","name":null,"highway":"residential","osm_way":834942818,"width_m":6.0,"length_m":57.8,"surface_area":346.7,"catchment_m2":2080.0,"inlet_capacity_lps":14.4,"nearest_drain":"MH-006","from_node":"J7793804363","to_node":"J2185019748"},"geometry":{"type":"LineString","coordinates":[[80.095182,12.92042],[80.095205,12.920592],[80.095205,12.92075],[80.095191,12.920938]]}},{"type":"Feature","properties":{"id":"R0487","name":null,"highway":"residential","osm_way":834942819,"width_m":6.0,"length_m":12.2,"surface_area":73.4,"catchment_m2":440.2,"inlet_capacity_lps":7.2,"nearest_drain":"MH-006","from_node":"J7793804363","to_node":"J7793804364"},"geometry":{"type":"LineString","coordinates":[[80.095182,12.92042],[80.095291,12.920393]]}},{"type":"Feature","properties":{"id":"R0488","name":null,"highway":"residential","osm_way":384292418,"width_m":6.0,"length_m":6.9,"surface_area":41.4,"catchment_m2":248.6,"inlet_capacity_lps":7.2,"nearest_drain":"MH-005","from_node":"J7793804369","to_node":"J3875913866"},"geometry":{"type":"LineString","coordinates":[[80.094408,12.920574],[80.094408,12.920512]]}},{"type":"Feature","properties":{"id":"R0489","name":null,"highway":"residential","osm_way":834942819,"width_m":6.0,"length_m":85.7,"surface_area":514.0,"catchment_m2":3083.8,"inlet_capacity_lps":21.6,"nearest_drain":"MH-005","from_node":"J7793804369","to_node":"J7793804363"},"geometry":{"type":"LineString","coordinates":[[80.094408,12.920574],[80.094992,12.920461],[80.095079,12.920446],[80.095182,12.92042]]}},{"type":"Feature","properties":{"id":"R0490","name":null,"highway":"residential","osm_way":208170800,"width_m":6.0,"length_m":57.8,"surface_area":346.7,"catchment_m2":2080.2,"inlet_capacity_lps":14.4,"nearest_drain":"MH-052","from_node":"J7793804372","to_node":"J2184983180"},"geometry":{"type":"LineString","coordinates":[[80.097468,12.924289],[80.096935,12.924306]]}},{"type":"Feature","properties":{"id":"R0491","name":null,"highway":"residential","osm_way":834942820,"width_m":6.0,"length_m":88.5,"surface_area":531.1,"catchment_m2":3186.5,"inlet_capacity_lps":21.6,"nearest_drain":"MH-053","from_node":"J7793804372","to_node":"J7793804371"},"geometry":{"type":"LineString","coordinates":[[80.097468,12.924289],[80.09747,12.924336],[80.0975,12.925085]]}},{"type":"Feature","properties":{"id":"R0492","name":null,"highway":"residential","osm_way":384339451,"width_m":6.0,"length_m":66.2,"surface_area":397.0,"catchment_m2":2382.3,"inlet_capacity_lps":14.4,"nearest_drain":"MH-077","from_node":"J7794202154","to_node":"J2184983233"},"geometry":{"type":"LineString","coordinates":[[80.097802,12.92555],[80.097859,12.925848],[80.097914,12.926134]]}},{"type":"Feature","properties":{"id":"R0493","name":null,"highway":"residential","osm_way":834999679,"width_m":6.0,"length_m":45.3,"surface_area":271.7,"catchment_m2":1630.2,"inlet_capacity_lps":14.4,"nearest_drain":"MH-067","from_node":"J7794202155","to_node":"J7794202154"},"geometry":{"type":"LineString","coordinates":[[80.09739,12.925617],[80.097802,12.92555]]}},{"type":"Feature","properties":{"id":"R0494","name":null,"highway":"residential","osm_way":384294558,"width_m":6.0,"length_m":24.4,"surface_area":146.3,"catchment_m2":877.8,"inlet_capacity_lps":7.2,"nearest_drain":"MH-009","from_node":"J7794202180","to_node":"J11594597203"},"geometry":{"type":"LineString","coordinates":[[80.099018,12.920889],[80.099075,12.921101]]}},{"type":"Feature","properties":{"id":"R0495","name":null,"highway":"residential","osm_way":1247216785,"width_m":6.0,"length_m":7.2,"surface_area":43.3,"catchment_m2":260.0,"inlet_capacity_lps":7.2,"nearest_drain":"MH-009","from_node":"J7794202180","to_node":"J11050456469"},"geometry":{"type":"LineString","coordinates":[[80.099018,12.920889],[80.099081,12.920869]]}},{"type":"Feature","properties":{"id":"R0496","name":null,"highway":"residential","osm_way":832522704,"width_m":6.0,"length_m":40.8,"surface_area":244.7,"catchment_m2":1468.1,"inlet_capacity_lps":7.2,"nearest_drain":"MH-070","from_node":"J7799765863","to_node":"J7772600967"},"geometry":{"type":"LineString","coordinates":[[80.086456,12.92663],[80.086827,12.926566]]}},{"type":"Feature","properties":{"id":"R0497","name":null,"highway":"residential","osm_way":835637670,"width_m":6.0,"length_m":24.8,"surface_area":148.9,"catchment_m2":893.6,"inlet_capacity_lps":7.2,"nearest_drain":"MH-070","from_node":"J7799765863","to_node":"J7799765862"},"geometry":{"type":"LineString","coordinates":[[80.086456,12.92663],[80.086506,12.926847]]}},{"type":"Feature","properties":{"id":"R0498","name":null,"highway":"residential","osm_way":835637670,"width_m":6.0,"length_m":74.9,"surface_area":449.4,"catchment_m2":2696.2,"inlet_capacity_lps":14.4,"nearest_drain":"MH-070","from_node":"J7799765865","to_node":"J7799765863"},"geometry":{"type":"LineString","coordinates":[[80.08623,12.925996],[80.086362,12.926278],[80.086374,12.926305],[80.086456,12.92663]]}},{"type":"Feature","properties":{"id":"R0499","name":null,"highway":"residential","osm_way":835637672,"width_m":6.0,"length_m":55.1,"surface_area":330.8,"catchment_m2":1985.0,"inlet_capacity_lps":14.4,"nearest_drain":"MH-070","from_node":"J7799765865","to_node":"J7799765872"},"geometry":{"type":"LineString","coordinates":[[80.08623,12.925996],[80.086733,12.925917]]}},{"type":"Feature","properties":{"id":"R0500","name":null,"highway":"residential","osm_way":835637670,"width_m":6.0,"length_m":31.4,"surface_area":188.2,"catchment_m2":1129.2,"inlet_capacity_lps":7.2,"nearest_drain":"MH-056","from_node":"J7799765868","to_node":"J7799765865"},"geometry":{"type":"LineString","coordinates":[[80.086023,12.925812],[80.086089,12.925831],[80.08614,12.925891],[80.08623,12.925996]]}},{"type":"Feature","properties":{"id":"R0501","name":null,"highway":"residential","osm_way":832475230,"width_m":6.0,"length_m":72.9,"surface_area":437.2,"catchment_m2":2623.4,"inlet_capacity_lps":14.4,"nearest_drain":"MH-056","from_node":"J7799765872","to_node":"J7772600967"},"geometry":{"type":"LineString","coordinates":[[80.086733,12.925917],[80.086827,12.926566]]}},{"type":"Feature","properties":{"id":"R0502","name":null,"highway":"residential","osm_way":384300877,"width_m":6.0,"length_m":94.3,"surface_area":565.6,"catchment_m2":3393.5,"inlet_capacity_lps":21.6,"nearest_drain":"MH-012","from_node":"J7799828607","to_node":"J3876002772"},"geometry":{"type":"LineString","coordinates":[[80.091671,12.921142],[80.091648,12.921053],[80.091703,12.920944],[80.092323,12.920751]]}},{"type":"Feature","properties":{"id":"R0503","name":null,"highway":"residential","osm_way":835640615,"width_m":6.0,"length_m":35.7,"surface_area":214.2,"catchment_m2":1285.3,"inlet_capacity_lps":7.2,"nearest_drain":"MH-012","from_node":"J7799828608","to_node":"J7799828607"},"geometry":{"type":"LineString","coordinates":[[80.091359,12.921246],[80.091671,12.921142]]}},{"type":"Feature","properties":{"id":"R0504","name":null,"highway":"residential","osm_way":384291737,"width_m":6.0,"length_m":52.4,"surface_area":314.5,"catchment_m2":1887.0,"inlet_capacity_lps":14.4,"nearest_drain":"MH-060","from_node":"J7799828613","to_node":"J2185019865"},"geometry":{"type":"LineString","coordinates":[[80.090868,12.925122],[80.091091,12.92554]]}},{"type":"Feature","properties":{"id":"R0505","name":null,"highway":"residential","osm_way":1275486897,"width_m":6.0,"length_m":19.6,"surface_area":117.6,"catchment_m2":705.6,"inlet_capacity_lps":7.2,"nearest_drain":"MH-060","from_node":"J7799828613","to_node":"J11843080691"},"geometry":{"type":"LineString","coordinates":[[80.090868,12.925122],[80.090797,12.92496]]}},{"type":"Feature","properties":{"id":"R0506","name":null,"highway":"residential","osm_way":384291737,"width_m":6.0,"length_m":68.0,"surface_area":408.1,"catchment_m2":2448.7,"inlet_capacity_lps":14.4,"nearest_drain":"MH-047","from_node":"J7799828614","to_node":"J7799828613"},"geometry":{"type":"LineString","coordinates":[[80.091449,12.924901],[80.091161,12.925038],[80.091121,12.925047],[80.091041,12.92506],[80.091006,12.925068],[80.090868,12.925122]]}},{"type":"Feature","properties":{"id":"R0507","name":null,"highway":"residential","osm_way":1275486896,"width_m":6.0,"length_m":22.5,"surface_area":135.1,"catchment_m2":810.7,"inlet_capacity_lps":7.2,"nearest_drain":"MH-047","from_node":"J7799828614","to_node":"J11843080688"},"geometry":{"type":"LineString","coordinates":[[80.091449,12.924901],[80.091368,12.924714]]}},{"type":"Feature","properties":{"id":"R0508","name":null,"highway":"residential","osm_way":1201843883,"width_m":6.0,"length_m":16.6,"surface_area":99.6,"catchment_m2":597.9,"inlet_capacity_lps":7.2,"nearest_drain":"MH-098","from_node":"J7810384534","to_node":"J3875886332"},"geometry":{"type":"LineString","coordinates":[[80.096189,12.928352],[80.096157,12.928206]]}},{"type":"Feature","properties":{"id":"R0509","name":null,"highway":"residential","osm_way":836851636,"width_m":6.0,"length_m":14.3,"surface_area":85.6,"catchment_m2":513.4,"inlet_capacity_lps":7.2,"nearest_drain":"MH-088","from_node":"J7810384535","to_node":"J11142754536"},"geometry":{"type":"LineString","coordinates":[[80.095935,12.927852],[80.096064,12.927824]]}},{"type":"Feature","properties":{"id":"R0510","name":null,"highway":"residential","osm_way":834912630,"width_m":6.0,"length_m":44.7,"surface_area":268.0,"catchment_m2":1607.9,"inlet_capacity_lps":7.2,"nearest_drain":"MH-089","from_node":"J7810384536","to_node":"J7793527804"},"geometry":{"type":"LineString","coordinates":[[80.096845,12.927657],[80.096768,12.927262]]}},{"type":"Feature","properties":{"id":"R0511","name":null,"highway":"residential","osm_way":208170794,"width_m":6.0,"length_m":24.6,"surface_area":147.6,"catchment_m2":885.6,"inlet_capacity_lps":7.2,"nearest_drain":"MH-079","from_node":"J7810399414","to_node":"J362181662"},"geometry":{"type":"LineString","coordinates":[[80.099533,12.926792],[80.099543,12.926863],[80.099578,12.927008]]}},{"type":"Feature","properties":{"id":"R0512","name":null,"highway":"residential","osm_way":836850649,"width_m":6.0,"length_m":190.0,"surface_area":1140.0,"catchment_m2":6839.9,"inlet_capacity_lps":43.2,"nearest_drain":"MH-090","from_node":"J7810399414","to_node":"J7810399415"},"geometry":{"type":"LineString","coordinates":[[80.099533,12.926792],[80.097805,12.927082]]}},{"type":"Feature","properties":{"id":"R0513","name":null,"highway":"residential","osm_way":836850650,"width_m":6.0,"length_m":65.5,"surface_area":393.2,"catchment_m2":2359.3,"inlet_capacity_lps":14.4,"nearest_drain":"MH-090","from_node":"J7810399415","to_node":"J7793527803"},"geometry":{"type":"LineString","coordinates":[[80.097805,12.927082],[80.097206,12.927158]]}},{"type":"Feature","properties":{"id":"R0514","name":null,"highway":"residential","osm_way":1250760648,"width_m":6.0,"length_m":10.3,"surface_area":61.6,"catchment_m2":369.5,"inlet_capacity_lps":7.2,"nearest_drain":"MH-075","from_node":"J7814463846","to_node":"J11626584792"},"geometry":{"type":"LineString","coordinates":[[80.095435,12.926556],[80.095528,12.926538]]}},{"type":"Feature","properties":{"id":"R0515","name":null,"highway":"residential","osm_way":208170800,"width_m":6.0,"length_m":28.0,"surface_area":167.7,"catchment_m2":1006.3,"inlet_capacity_lps":7.2,"nearest_drain":"MH-076","from_node":"J7814492644","to_node":"J6307286850"},"geometry":{"type":"LineString","coordinates":[[80.096718,12.925765],[80.096725,12.925813],[80.096741,12.925924],[80.096679,12.925991]]}},{"type":"Feature","properties":{"id":"R0516","name":null,"highway":"residential","osm_way":837299382,"width_m":6.0,"length_m":49.7,"surface_area":298.2,"catchment_m2":1789.0,"inlet_capacity_lps":14.4,"nearest_drain":"MH-066","from_node":"J7814492644","to_node":"J7814492645"},"geometry":{"type":"LineString","coordinates":[[80.096718,12.925765],[80.09627,12.925861]]}},{"type":"Feature","properties":{"id":"R0517","name":null,"highway":"residential","osm_way":838543447,"width_m":6.0,"length_m":41.2,"surface_area":247.4,"catchment_m2":1484.1,"inlet_capacity_lps":7.2,"nearest_drain":"MH-074","from_node":"J7825997809","to_node":"J7825997811"},"geometry":{"type":"LineString","coordinates":[[80.095425,12.926513],[80.095261,12.926529],[80.095045,12.926524]]}},{"type":"Feature","properties":{"id":"R0518","name":null,"highway":"residential","osm_way":1250760646,"width_m":6.0,"length_m":22.8,"surface_area":137.0,"catchment_m2":822.0,"inlet_capacity_lps":7.2,"nearest_drain":"MH-075","from_node":"J7825997809","to_node":"J11626584791"},"geometry":{"type":"LineString","coordinates":[[80.095425,12.926513],[80.09538,12.926312]]}},{"type":"Feature","properties":{"id":"R0519","name":null,"highway":"residential","osm_way":1075653937,"width_m":6.0,"length_m":49.8,"surface_area":298.9,"catchment_m2":1793.1,"inlet_capacity_lps":14.4,"nearest_drain":"MH-092","from_node":"J9865030110","to_node":"J3875954191"},"geometry":{"type":"LineString","coordinates":[[80.08926,12.928835],[80.089711,12.928753]]}},{"type":"Feature","properties":{"id":"R0520","name":null,"highway":"residential","osm_way":832475228,"width_m":6.0,"length_m":210.9,"surface_area":1265.3,"catchment_m2":7591.5,"inlet_capacity_lps":50.4,"nearest_drain":"MH-101","from_node":"J9865030111","to_node":"J3681347723"},"geometry":{"type":"LineString","coordinates":[[80.089782,12.929129],[80.091176,12.928854],[80.091398,12.928828],[80.091492,12.928804],[80.091692,12.928768]]}},{"type":"Feature","properties":{"id":"R0521","name":null,"highway":"residential","osm_way":1075653938,"width_m":6.0,"length_m":42.5,"surface_area":255.1,"catchment_m2":1530.6,"inlet_capacity_lps":7.2,"nearest_drain":"MH-101","from_node":"J9865030111","to_node":"J3875954191"},"geometry":{"type":"LineString","coordinates":[[80.089782,12.929129],[80.089711,12.928753]]}},{"type":"Feature","properties":{"id":"R0522","name":null,"highway":"residential","osm_way":834904816,"width_m":6.0,"length_m":46.5,"surface_area":279.2,"catchment_m2":1675.4,"inlet_capacity_lps":14.4,"nearest_drain":"MH-087","from_node":"J9867361482","to_node":"J7793438266"},"geometry":{"type":"LineString","coordinates":[[80.095505,12.92688],[80.095078,12.926925]]}},{"type":"Feature","properties":{"id":"R0523","name":null,"highway":"residential","osm_way":1250760646,"width_m":6.0,"length_m":10.6,"surface_area":63.7,"catchment_m2":382.4,"inlet_capacity_lps":7.2,"nearest_drain":"MH-075","from_node":"J9867361482","to_node":"J9867361483"},"geometry":{"type":"LineString","coordinates":[[80.095505,12.92688],[80.095484,12.926786]]}},{"type":"Feature","properties":{"id":"R0524","name":null,"highway":"residential","osm_way":1250760646,"width_m":6.0,"length_m":26.1,"surface_area":156.8,"catchment_m2":941.1,"inlet_capacity_lps":7.2,"nearest_drain":"MH-075","from_node":"J9867361483","to_node":"J7814463846"},"geometry":{"type":"LineString","coordinates":[[80.095484,12.926786],[80.095445,12.926598],[80.095435,12.926556]]}},{"type":"Feature","properties":{"id":"R0525","name":null,"highway":"residential","osm_way":1096230032,"width_m":6.0,"length_m":10.3,"surface_area":62.0,"catchment_m2":372.3,"inlet_capacity_lps":7.2,"nearest_drain":"MH-057","from_node":"J10038928092","to_node":"J10038928095"},"geometry":{"type":"LineString","coordinates":[[80.087398,12.924851],[80.087418,12.924942]]}},{"type":"Feature","properties":{"id":"R0526","name":null,"highway":"residential","osm_way":1096230035,"width_m":6.0,"length_m":15.6,"surface_area":93.6,"catchment_m2":561.6,"inlet_capacity_lps":7.2,"nearest_drain":"MH-043","from_node":"J10038928092","to_node":"J10038928098"},"geometry":{"type":"LineString","coordinates":[[80.087398,12.924851],[80.087337,12.924724]]}},{"type":"Feature","properties":{"id":"R0527","name":null,"highway":"residential","osm_way":1096230033,"width_m":6.0,"length_m":19.2,"surface_area":115.5,"catchment_m2":692.7,"inlet_capacity_lps":7.2,"nearest_drain":"MH-044","from_node":"J10038928094","to_node":"J2185019836"},"geometry":{"type":"LineString","coordinates":[[80.088252,12.924419],[80.088095,12.9245]]}},{"type":"Feature","properties":{"id":"R0528","name":null,"highway":"residential","osm_way":1096230032,"width_m":6.0,"length_m":28.1,"surface_area":168.7,"catchment_m2":1012.3,"inlet_capacity_lps":7.2,"nearest_drain":"MH-057","from_node":"J10038928095","to_node":"J10038928096"},"geometry":{"type":"LineString","coordinates":[[80.087418,12.924942],[80.087518,12.925175]]}},{"type":"Feature","properties":{"id":"R0529","name":null,"highway":"residential","osm_way":1096230034,"width_m":6.0,"length_m":19.8,"surface_area":118.7,"catchment_m2":712.2,"inlet_capacity_lps":7.2,"nearest_drain":"MH-057","from_node":"J10038928095","to_node":"J10038928097"},"geometry":{"type":"LineString","coordinates":[[80.087418,12.924942],[80.087253,12.925018]]}},{"type":"Feature","properties":{"id":"R0530","name":null,"highway":"residential","osm_way":23648243,"width_m":6.0,"length_m":9.9,"surface_area":59.4,"catchment_m2":356.5,"inlet_capacity_lps":7.2,"nearest_drain":"MH-124","from_node":"J11059208725","to_node":"J6810737865"},"geometry":{"type":"LineString","coordinates":[[80.092853,12.931487],[80.092883,12.931571]]}},{"type":"Feature","properties":{"id":"R0531","name":null,"highway":"residential","osm_way":1191205859,"width_m":6.0,"length_m":46.2,"surface_area":277.0,"catchment_m2":1662.2,"inlet_capacity_lps":14.4,"nearest_drain":"MH-124","from_node":"J11059208725","to_node":"J11059208726"},"geometry":{"type":"LineString","coordinates":[[80.092853,12.931487],[80.092452,12.931626]]}},{"type":"Feature","properties":{"id":"R0532","name":null,"highway":"residential","osm_way":384290121,"width_m":6.0,"length_m":33.1,"surface_area":198.5,"catchment_m2":1191.2,"inlet_capacity_lps":7.2,"nearest_drain":"MH-097","from_node":"J11061136230","to_node":"J11061136231"},"geometry":{"type":"LineString","coordinates":[[80.094312,12.928866],[80.09461,12.928802]]}},{"type":"Feature","properties":{"id":"R0533","name":null,"highway":"residential","osm_way":1191342211,"width_m":6.0,"length_m":31.3,"surface_area":187.8,"catchment_m2":1126.6,"inlet_capacity_lps":7.2,"nearest_drain":"MH-097","from_node":"J11061136230","to_node":"J11061136232"},"geometry":{"type":"LineString","coordinates":[[80.094312,12.928866],[80.09403,12.928927]]}},{"type":"Feature","properties":{"id":"R0534","name":null,"highway":"residential","osm_way":384290121,"width_m":6.0,"length_m":16.9,"surface_area":101.4,"catchment_m2":608.5,"inlet_capacity_lps":7.2,"nearest_drain":"MH-097","from_node":"J11061136233","to_node":"J11061136230"},"geometry":{"type":"LineString","coordinates":[[80.094353,12.929013],[80.094312,12.928866]]}},{"type":"Feature","properties":{"id":"R0535","name":null,"highway":"residential","osm_way":1191342212,"width_m":6.0,"length_m":23.3,"surface_area":139.5,"catchment_m2":837.2,"inlet_capacity_lps":7.2,"nearest_drain":"MH-105","from_node":"J11061136233","to_node":"J11061136234"},"geometry":{"type":"LineString","coordinates":[[80.094353,12.929013],[80.094559,12.928954]]}},{"type":"Feature","properties":{"id":"R0536","name":null,"highway":"residential","osm_way":384297964,"width_m":6.0,"length_m":48.4,"surface_area":290.6,"catchment_m2":1743.9,"inlet_capacity_lps":14.4,"nearest_drain":"MH-118","from_node":"J11061138023","to_node":"J5475572110"},"geometry":{"type":"LineString","coordinates":[[80.099047,12.93006],[80.099485,12.929973]]}},{"type":"Feature","properties":{"id":"R0537","name":null,"highway":"residential","osm_way":1191342390,"width_m":6.0,"length_m":36.5,"surface_area":218.8,"catchment_m2":1313.0,"inlet_capacity_lps":7.2,"nearest_drain":"MH-118","from_node":"J11061138023","to_node":"J11061138024"},"geometry":{"type":"LineString","coordinates":[[80.099047,12.93006],[80.099127,12.930378]]}},{"type":"Feature","properties":{"id":"R0538","name":null,"highway":"residential","osm_way":384297963,"width_m":6.0,"length_m":34.9,"surface_area":209.5,"catchment_m2":1257.1,"inlet_capacity_lps":7.2,"nearest_drain":"MH-118","from_node":"J11061138024","to_node":"J6810542019"},"geometry":{"type":"LineString","coordinates":[[80.099127,12.930378],[80.099438,12.930298]]}},{"type":"Feature","properties":{"id":"R0539","name":null,"highway":"residential","osm_way":208174928,"width_m":6.0,"length_m":19.5,"surface_area":117.0,"catchment_m2":702.2,"inlet_capacity_lps":7.2,"nearest_drain":"MH-061","from_node":"J11072492142","to_node":"J2185019865"},"geometry":{"type":"LineString","coordinates":[[80.091157,12.925704],[80.091091,12.92554]]}},{"type":"Feature","properties":{"id":"R0540","name":null,"highway":"residential","osm_way":726614097,"width_m":6.0,"length_m":26.4,"surface_area":158.4,"catchment_m2":950.5,"inlet_capacity_lps":7.2,"nearest_drain":"MH-112","from_node":"J11101627695","to_node":"J3875954234"},"geometry":{"type":"LineString","coordinates":[[80.09287,12.930775],[80.092636,12.930842]]}},{"type":"Feature","properties":{"id":"R0541","name":null,"highway":"residential","osm_way":1196369550,"width_m":6.0,"length_m":28.0,"surface_area":168.1,"catchment_m2":1008.6,"inlet_capacity_lps":7.2,"nearest_drain":"MH-112","from_node":"J11101627695","to_node":"J3875886320"},"geometry":{"type":"LineString","coordinates":[[80.09287,12.930775],[80.092819,12.930528]]}},{"type":"Feature","properties":{"id":"R0542","name":null,"highway":"residential","osm_way":384339448,"width_m":6.0,"length_m":51.5,"surface_area":309.2,"catchment_m2":1854.9,"inlet_capacity_lps":14.4,"nearest_drain":"MH-085","from_node":"J11142738301","to_node":"J3876414199"},"geometry":{"type":"LineString","coordinates":[[80.09236,12.927348],[80.092835,12.927362]]}},{"type":"Feature","properties":{"id":"R0543","name":null,"highway":"residential","osm_way":836851636,"width_m":6.0,"length_m":86.7,"surface_area":520.4,"catchment_m2":3122.2,"inlet_capacity_lps":21.6,"nearest_drain":"MH-088","from_node":"J11142754536","to_node":"J7810384536"},"geometry":{"type":"LineString","coordinates":[[80.096064,12.927824],[80.096845,12.927657]]}},{"type":"Feature","properties":{"id":"R0544","name":null,"highway":"residential","osm_way":1201838349,"width_m":6.0,"length_m":12.5,"surface_area":75.2,"catchment_m2":451.3,"inlet_capacity_lps":7.2,"nearest_drain":"MH-086","from_node":"J11142761739","to_node":"J3875954204"},"geometry":{"type":"LineString","coordinates":[[80.093505,12.927799],[80.093588,12.927802],[80.093621,12.927803]]}},{"type":"Feature","properties":{"id":"R0545","name":null,"highway":"residential","osm_way":384297965,"width_m":6.0,"length_m":227.5,"surface_area":1365.1,"catchment_m2":8190.3,"inlet_capacity_lps":57.6,"nearest_drain":"MH-117","from_node":"J11142817582","to_node":"J5475572109"},"geometry":{"type":"LineString","coordinates":[[80.097386,12.929902],[80.097422,12.929894],[80.097584,12.929867],[80.09781,12.929829],[80.098167,12.929779],[80.099458,12.929574]]}},{"type":"Feature","properties":{"id":"R0546","name":null,"highway":"residential","osm_way":384296667,"width_m":6.0,"length_m":23.0,"surface_area":138.2,"catchment_m2":829.3,"inlet_capacity_lps":7.2,"nearest_drain":"MH-094","from_node":"J11142826098","to_node":"J6805777625"},"geometry":{"type":"LineString","coordinates":[[80.090885,12.928515],[80.091093,12.928474]]}},{"type":"Feature","properties":{"id":"R0547","name":null,"highway":"residential","osm_way":832475227,"width_m":6.0,"length_m":319.5,"surface_area":1917.1,"catchment_m2":11502.5,"inlet_capacity_lps":79.2,"nearest_drain":"MH-093","from_node":"J11142826098","to_node":"J7772176736"},"geometry":{"type":"LineString","coordinates":[[80.090885,12.928515],[80.090853,12.928387],[80.090804,12.928323],[80.090767,12.928269],[80.090554,12.927277],[80.090179,12.925736]]}},{"type":"Feature","properties":{"id":"R0548","name":null,"highway":"residential","osm_way":1077605597,"width_m":6.0,"length_m":64.4,"surface_area":386.4,"catchment_m2":2318.6,"inlet_capacity_lps":14.4,"nearest_drain":"MH-030","from_node":"J11211978842","to_node":"J7793438255"},"geometry":{"type":"LineString","coordinates":[[80.087462,12.923303],[80.087738,12.923816]]}},{"type":"Feature","properties":{"id":"R0549","name":null,"highway":"residential","osm_way":384345557,"width_m":6.0,"length_m":32.6,"surface_area":195.3,"catchment_m2":1172.1,"inlet_capacity_lps":7.2,"nearest_drain":"MH-045","from_node":"J11211978849","to_node":"J11211978847"},"geometry":{"type":"LineString","coordinates":[[80.089061,12.924779],[80.088793,12.924913]]}},{"type":"Feature","properties":{"id":"R0550","name":null,"highway":"residential","osm_way":1210239622,"width_m":6.0,"length_m":26.2,"surface_area":157.3,"catchment_m2":944.0,"inlet_capacity_lps":7.2,"nearest_drain":"MH-045","from_node":"J11211978849","to_node":"J3876480856"},"geometry":{"type":"LineString","coordinates":[[80.089061,12.924779],[80.088968,12.924561]]}},{"type":"Feature","properties":{"id":"R0551","name":null,"highway":"residential","osm_way":1210239622,"width_m":6.0,"length_m":89.1,"surface_area":534.5,"catchment_m2":3207.2,"inlet_capacity_lps":21.6,"nearest_drain":"MH-045","from_node":"J11211978852","to_node":"J11211978849"},"geometry":{"type":"LineString","coordinates":[[80.089631,12.924866],[80.089412,12.924986],[80.089347,12.924861],[80.089138,12.924956],[80.089061,12.924779]]}},{"type":"Feature","properties":{"id":"R0552","name":null,"highway":"residential","osm_way":1219996786,"width_m":6.0,"length_m":6.2,"surface_area":37.1,"catchment_m2":222.8,"inlet_capacity_lps":7.2,"nearest_drain":"MH-121","from_node":"J11304299332","to_node":"J7155536540"},"geometry":{"type":"LineString","coordinates":[[80.087649,12.931373],[80.087652,12.931402],[80.087656,12.931428]]}},{"type":"Feature","properties":{"id":"R0553","name":null,"highway":"residential","osm_way":834999688,"width_m":6.0,"length_m":7.1,"surface_area":42.8,"catchment_m2":256.5,"inlet_capacity_lps":7.2,"nearest_drain":"MH-019","from_node":"J11594597202","to_node":"J11594597204"},"geometry":{"type":"LineString","coordinates":[[80.099131,12.921085],[80.099193,12.921065]]}},{"type":"Feature","properties":{"id":"R0554","name":null,"highway":"residential","osm_way":1247216786,"width_m":6.0,"length_m":6.3,"surface_area":38.0,"catchment_m2":228.3,"inlet_capacity_lps":7.2,"nearest_drain":"MH-018","from_node":"J11594597202","to_node":"J11594597203"},"geometry":{"type":"LineString","coordinates":[[80.099131,12.921085],[80.099075,12.921101]]}},{"type":"Feature","properties":{"id":"R0555","name":null,"highway":"residential","osm_way":384294558,"width_m":6.0,"length_m":8.9,"surface_area":53.2,"catchment_m2":319.3,"inlet_capacity_lps":7.2,"nearest_drain":"MH-018","from_node":"J11594597203","to_node":"J2185019753"},"geometry":{"type":"LineString","coordinates":[[80.099075,12.921101],[80.09909,12.921157],[80.099095,12.921178]]}},{"type":"Feature","properties":{"id":"R0556","name":null,"highway":"residential","osm_way":834999688,"width_m":6.0,"length_m":190.7,"surface_area":1144.3,"catchment_m2":6865.9,"inlet_capacity_lps":43.2,"nearest_drain":"MH-009","from_node":"J11594597204","to_node":"J11594597205"},"geometry":{"type":"LineString","coordinates":[[80.099193,12.921065],[80.09985,12.920856],[80.099893,12.92084],[80.099913,12.920819],[80.099917,12.920793],[80.099862,12.920623],[80.099839,12.920604],[80.099814,12.920603],[80.099778,12.920614],[80.099132,12.920851]]}},{"type":"Feature","properties":{"id":"R0557","name":null,"highway":"residential","osm_way":1247216784,"width_m":6.0,"length_m":24.8,"surface_area":148.6,"catchment_m2":891.4,"inlet_capacity_lps":7.2,"nearest_drain":"MH-009","from_node":"J11594597204","to_node":"J11594597205"},"geometry":{"type":"LineString","coordinates":[[80.099193,12.921065],[80.099132,12.920851]]}},{"type":"Feature","properties":{"id":"R0558","name":null,"highway":"residential","osm_way":834999688,"width_m":6.0,"length_m":5.8,"surface_area":35.1,"catchment_m2":210.6,"inlet_capacity_lps":7.2,"nearest_drain":"MH-009","from_node":"J11594597205","to_node":"J11050456469"},"geometry":{"type":"LineString","coordinates":[[80.099132,12.920851],[80.099081,12.920869]]}},{"type":"Feature","properties":{"id":"R0559","name":null,"highway":"residential","osm_way":834942800,"width_m":6.0,"length_m":32.0,"surface_area":192.0,"catchment_m2":1151.9,"inlet_capacity_lps":7.2,"nearest_drain":"MH-019","from_node":"J11594631767","to_node":"J11594657686"},"geometry":{"type":"LineString","coordinates":[[80.099227,12.921323],[80.099508,12.921233]]}},{"type":"Feature","properties":{"id":"R0560","name":null,"highway":"residential","osm_way":834999687,"width_m":6.0,"length_m":132.2,"surface_area":793.1,"catchment_m2":4758.6,"inlet_capacity_lps":28.8,"nearest_drain":"MH-019","from_node":"J11594631767","to_node":"J7793804304"},"geometry":{"type":"LineString","coordinates":[[80.099227,12.921323],[80.099183,12.921184],[80.099177,12.921144],[80.099187,12.921129],[80.099206,12.921121],[80.099299,12.921088],[80.099918,12.920876],[80.099938,12.920875],[80.099948,12.92089],[80.099988,12.921078]]}},{"type":"Feature","properties":{"id":"R0561","name":null,"highway":"residential","osm_way":384294558,"width_m":6.0,"length_m":91.6,"surface_area":549.6,"catchment_m2":3297.5,"inlet_capacity_lps":21.6,"nearest_drain":"MH-029","from_node":"J11594631768","to_node":"J3875930905"},"geometry":{"type":"LineString","coordinates":[[80.099144,12.921345],[80.09916,12.921398],[80.099378,12.922136]]}},{"type":"Feature","properties":{"id":"R0562","name":null,"highway":"residential","osm_way":1247219217,"width_m":6.0,"length_m":5.5,"surface_area":33.1,"catchment_m2":198.6,"inlet_capacity_lps":7.2,"nearest_drain":"MH-018","from_node":"J11594631768","to_node":"J11050461562"},"geometry":{"type":"LineString","coordinates":[[80.099144,12.921345],[80.099194,12.921332]]}},{"type":"Feature","properties":{"id":"R0563","name":null,"highway":"residential","osm_way":834999687,"width_m":6.0,"length_m":34.9,"surface_area":209.4,"catchment_m2":1256.2,"inlet_capacity_lps":7.2,"nearest_drain":"MH-019","from_node":"J11594657679","to_node":"J11594657686"},"geometry":{"type":"LineString","coordinates":[[80.099661,12.921458],[80.099643,12.921462],[80.099619,12.921466],[80.099599,12.921464],[80.099585,12.921452],[80.099572,12.921439],[80.09955,12.921383],[80.099508,12.921233]]}},{"type":"Feature","properties":{"id":"R0564","name":null,"highway":"residential","osm_way":834942800,"width_m":6.0,"length_m":54.9,"surface_area":329.4,"catchment_m2":1976.5,"inlet_capacity_lps":14.4,"nearest_drain":"MH-019","from_node":"J11594657686","to_node":"J7793804304"},"geometry":{"type":"LineString","coordinates":[[80.099508,12.921233],[80.099988,12.921078]]}},{"type":"Feature","properties":{"id":"R0565","name":null,"highway":"residential","osm_way":834904815,"width_m":6.0,"length_m":195.7,"surface_area":1174.0,"catchment_m2":7044.0,"inlet_capacity_lps":50.4,"nearest_drain":"MH-061","from_node":"J11626452374","to_node":"J7793438264"},"geometry":{"type":"LineString","coordinates":[[80.091247,12.927577],[80.091222,12.926875],[80.09121,12.926639],[80.091215,12.926589],[80.09124,12.926568],[80.091277,12.92655],[80.091306,12.926528],[80.091304,12.926455],[80.091287,12.926101],[80.091287,12.925866]]}},{"type":"Feature","properties":{"id":"R0566","name":null,"highway":"residential","osm_way":1250760647,"width_m":6.0,"length_m":9.2,"surface_area":55.4,"catchment_m2":332.6,"inlet_capacity_lps":7.2,"nearest_drain":"MH-075","from_node":"J11626584791","to_node":"J3875899116"},"geometry":{"type":"LineString","coordinates":[[80.09538,12.926312],[80.095362,12.926231]]}},{"type":"Feature","properties":{"id":"R0567","name":null,"highway":"residential","osm_way":837298864,"width_m":6.0,"length_m":103.0,"surface_area":618.1,"catchment_m2":3708.7,"inlet_capacity_lps":21.6,"nearest_drain":"MH-075","from_node":"J11626584792","to_node":"J7814463847"},"geometry":{"type":"LineString","coordinates":[[80.095528,12.926538],[80.096459,12.926353]]}},{"type":"Feature","properties":{"id":"R0568","name":null,"highway":"residential","osm_way":1250760649,"width_m":6.0,"length_m":10.5,"surface_area":63.1,"catchment_m2":378.4,"inlet_capacity_lps":7.2,"nearest_drain":"MH-075","from_node":"J11626584793","to_node":"J9867361483"},"geometry":{"type":"LineString","coordinates":[[80.095579,12.926768],[80.095484,12.926786]]}},{"type":"Feature","properties":{"id":"R0569","name":null,"highway":"residential","osm_way":1250758351,"width_m":6.0,"length_m":95.0,"surface_area":569.8,"catchment_m2":3418.6,"inlet_capacity_lps":21.6,"nearest_drain":"MH-086","from_node":"J11626585186","to_node":"J11626585187"},"geometry":{"type":"LineString","coordinates":[[80.093517,12.92621],[80.093563,12.927063]]}},{"type":"Feature","properties":{"id":"R0570","name":null,"highway":"residential","osm_way":1250757626,"width_m":6.0,"length_m":87.9,"surface_area":527.2,"catchment_m2":3163.3,"inlet_capacity_lps":21.6,"nearest_drain":"MH-073","from_node":"J11626591319","to_node":"J11626591320"},"geometry":{"type":"LineString","coordinates":[[80.093996,12.926301],[80.094058,12.927089]]}},{"type":"Feature","properties":{"id":"R0571","name":null,"highway":"residential","osm_way":384297963,"width_m":6.0,"length_m":8.1,"surface_area":48.8,"catchment_m2":292.9,"inlet_capacity_lps":7.2,"nearest_drain":"MH-117","from_node":"J11626622811","to_node":"J7772704161"},"geometry":{"type":"LineString","coordinates":[[80.097616,12.930642],[80.097691,12.930637]]}},{"type":"Feature","properties":{"id":"R0572","name":null,"highway":"residential","osm_way":1250766458,"width_m":6.0,"length_m":12.8,"surface_area":76.9,"catchment_m2":461.4,"inlet_capacity_lps":7.2,"nearest_drain":"MH-128","from_node":"J11626670534","to_node":"J7772704155"},"geometry":{"type":"LineString","coordinates":[[80.097997,12.931665],[80.09798,12.931551]]}},{"type":"Feature","properties":{"id":"R0573","name":null,"highway":"residential","osm_way":1253170151,"width_m":6.0,"length_m":80.0,"surface_area":480.0,"catchment_m2":2879.8,"inlet_capacity_lps":21.6,"nearest_drain":"MH-035","from_node":"J11648398356","to_node":"J11648398357"},"geometry":{"type":"LineString","coordinates":[[80.093037,12.92314],[80.093775,12.923137]]}},{"type":"Feature","properties":{"id":"R0574","name":null,"highway":"residential","osm_way":837300148,"width_m":6.0,"length_m":26.1,"surface_area":156.3,"catchment_m2":938.1,"inlet_capacity_lps":7.2,"nearest_drain":"MH-065","from_node":"J11648433158","to_node":"J11648433163"},"geometry":{"type":"LineString","coordinates":[[80.095786,12.925578],[80.096016,12.925509]]}},{"type":"Feature","properties":{"id":"R0575","name":null,"highway":"residential","osm_way":1253172990,"width_m":6.0,"length_m":35.7,"surface_area":214.1,"catchment_m2":1284.6,"inlet_capacity_lps":7.2,"nearest_drain":"MH-065","from_node":"J11648433158","to_node":"J2184983197"},"geometry":{"type":"LineString","coordinates":[[80.095786,12.925578],[80.095695,12.925299],[80.095686,12.925272]]}},{"type":"Feature","properties":{"id":"R0576","name":null,"highway":"residential","osm_way":837300148,"width_m":6.0,"length_m":33.7,"surface_area":202.1,"catchment_m2":1212.4,"inlet_capacity_lps":7.2,"nearest_drain":"MH-065","from_node":"J11648433161","to_node":"J11648433158"},"geometry":{"type":"LineString","coordinates":[[80.095489,12.925667],[80.095719,12.925598],[80.095786,12.925578]]}},{"type":"Feature","properties":{"id":"R0577","name":null,"highway":"residential","osm_way":1253172991,"width_m":6.0,"length_m":19.1,"surface_area":114.6,"catchment_m2":687.5,"inlet_capacity_lps":7.2,"nearest_drain":"MH-065","from_node":"J11648433161","to_node":"J11648433162"},"geometry":{"type":"LineString","coordinates":[[80.095489,12.925667],[80.095538,12.925831]]}},{"type":"Feature","properties":{"id":"R0578","name":null,"highway":"residential","osm_way":837300148,"width_m":6.0,"length_m":10.1,"surface_area":60.4,"catchment_m2":362.5,"inlet_capacity_lps":7.2,"nearest_drain":"MH-065","from_node":"J11648433163","to_node":"J7814509634"},"geometry":{"type":"LineString","coordinates":[[80.096016,12.925509],[80.096105,12.925484]]}},{"type":"Feature","properties":{"id":"R0579","name":null,"highway":"residential","osm_way":1253172992,"width_m":6.0,"length_m":25.6,"surface_area":153.5,"catchment_m2":921.2,"inlet_capacity_lps":7.2,"nearest_drain":"MH-065","from_node":"J11648433163","to_node":"J11648433164"},"geometry":{"type":"LineString","coordinates":[[80.096016,12.925509],[80.096078,12.925731]]}},{"type":"Feature","properties":{"id":"R0580","name":null,"highway":"residential","osm_way":384290647,"width_m":6.0,"length_m":153.1,"surface_area":918.4,"catchment_m2":5510.4,"inlet_capacity_lps":36.0,"nearest_drain":"MH-038","from_node":"J11648439081","to_node":"J3875896663"},"geometry":{"type":"LineString","coordinates":[[80.095809,12.923383],[80.095826,12.923379],[80.095933,12.923356],[80.096153,12.923319],[80.096397,12.923305],[80.096612,12.9233],[80.096745,12.923297],[80.096941,12.923338],[80.097206,12.923386]]}},{"type":"Feature","properties":{"id":"R0581","name":null,"highway":"residential","osm_way":1253173830,"width_m":6.0,"length_m":42.9,"surface_area":257.3,"catchment_m2":1544.0,"inlet_capacity_lps":7.2,"nearest_drain":"MH-038","from_node":"J11648439081","to_node":"J11648439082"},"geometry":{"type":"LineString","coordinates":[[80.095809,12.923383],[80.095764,12.922999]]}},{"type":"Feature","properties":{"id":"R0582","name":null,"highway":"residential","osm_way":208170794,"width_m":6.0,"length_m":42.3,"surface_area":253.7,"catchment_m2":1522.5,"inlet_capacity_lps":7.2,"nearest_drain":"MH-078","from_node":"J11648476001","to_node":"J3875896109"},"geometry":{"type":"LineString","coordinates":[[80.098366,12.926058],[80.098751,12.925993]]}},{"type":"Feature","properties":{"id":"R0583","name":null,"highway":"residential","osm_way":1253178040,"width_m":6.0,"length_m":28.5,"surface_area":170.9,"catchment_m2":1025.4,"inlet_capacity_lps":7.2,"nearest_drain":"MH-068","from_node":"J11648476001","to_node":"J11648476002"},"geometry":{"type":"LineString","coordinates":[[80.098366,12.926058],[80.098318,12.925806]]}},{"type":"Feature","properties":{"id":"R0584","name":null,"highway":"residential","osm_way":1253190981,"width_m":6.0,"length_m":61.1,"surface_area":366.4,"catchment_m2":2198.3,"inlet_capacity_lps":14.4,"nearest_drain":"MH-001","from_node":"J11648599005","to_node":"J11648599006"},"geometry":{"type":"LineString","coordinates":[[80.088574,12.921059],[80.08902,12.920723]]}},{"type":"Feature","properties":{"id":"R0585","name":null,"highway":"residential","osm_way":384297966,"width_m":6.0,"length_m":22.7,"surface_area":136.2,"catchment_m2":817.2,"inlet_capacity_lps":7.2,"nearest_drain":"MH-129","from_node":"J11664496234","to_node":"J3875973095"},"geometry":{"type":"LineString","coordinates":[[80.098837,12.931578],[80.098882,12.931777]]}},{"type":"Feature","properties":{"id":"R0586","name":null,"highway":"residential","osm_way":1254791639,"width_m":6.0,"length_m":5.9,"surface_area":35.3,"catchment_m2":212.0,"inlet_capacity_lps":7.2,"nearest_drain":"MH-129","from_node":"J11664496234","to_node":"J11664496245"},"geometry":{"type":"LineString","coordinates":[[80.098837,12.931578],[80.09881,12.931581],[80.098783,12.931585]]}},{"type":"Feature","properties":{"id":"R0587","name":null,"highway":"residential","osm_way":384297966,"width_m":6.0,"length_m":27.3,"surface_area":163.9,"catchment_m2":983.3,"inlet_capacity_lps":7.2,"nearest_drain":"MH-129","from_node":"J11664496244","to_node":"J11664496234"},"geometry":{"type":"LineString","coordinates":[[80.09878,12.931338],[80.098837,12.931578]]}},{"type":"Feature","properties":{"id":"R0588","name":null,"highway":"residential","osm_way":1254791639,"width_m":6.0,"length_m":212.0,"surface_area":1272.3,"catchment_m2":7633.7,"inlet_capacity_lps":50.4,"nearest_drain":"MH-129","from_node":"J11664496245","to_node":"J11664496246"},"geometry":{"type":"LineString","coordinates":[[80.098783,12.931585],[80.098329,12.931657],[80.098223,12.931671],[80.098192,12.931656],[80.098106,12.931191],[80.098111,12.931171],[80.098123,12.931157],[80.098312,12.931141],[80.098332,12.931143],[80.098346,12.931162],[80.098382,12.931374],[80.098394,12.9314],[80.098421,12.931405],[80.098735,12.931347]]}},{"type":"Feature","properties":{"id":"R0589","name":null,"highway":"residential","osm_way":1254791640,"width_m":6.0,"length_m":27.0,"surface_area":162.0,"catchment_m2":972.0,"inlet_capacity_lps":7.2,"nearest_drain":"MH-129","from_node":"J11664496245","to_node":"J11664496246"},"geometry":{"type":"LineString","coordinates":[[80.098783,12.931585],[80.098735,12.931347]]}},{"type":"Feature","properties":{"id":"R0590","name":null,"highway":"residential","osm_way":1254791639,"width_m":6.0,"length_m":5.1,"surface_area":30.3,"catchment_m2":182.0,"inlet_capacity_lps":7.2,"nearest_drain":"MH-129","from_node":"J11664496246","to_node":"J11664496244"},"geometry":{"type":"LineString","coordinates":[[80.098735,12.931347],[80.098753,12.931343],[80.09878,12.931338]]}},{"type":"Feature","properties":{"id":"R0591","name":null,"highway":"residential","osm_way":832475230,"width_m":6.0,"length_m":232.5,"surface_area":1395.0,"catchment_m2":8370.1,"inlet_capacity_lps":57.6,"nearest_drain":"MH-056","from_node":"J11664543492","to_node":"J7799765872"},"geometry":{"type":"LineString","coordinates":[[80.088538,12.925771],[80.088232,12.925789],[80.088047,12.925779],[80.08778,12.925751],[80.08732,12.925657],[80.086881,12.925604],[80.086742,12.925624],[80.086704,12.925637],[80.086693,12.925667],[80.086733,12.925917]]}},{"type":"Feature","properties":{"id":"R0592","name":null,"highway":"residential","osm_way":834912637,"width_m":6.0,"length_m":22.5,"surface_area":135.1,"catchment_m2":810.6,"inlet_capacity_lps":7.2,"nearest_drain":"MH-058","from_node":"J11664543492","to_node":"J7793527836"},"geometry":{"type":"LineString","coordinates":[[80.088538,12.925771],[80.08855,12.925822],[80.088584,12.925969]]}},{"type":"Feature","properties":{"id":"R0593","name":null,"highway":"residential","osm_way":1254793781,"width_m":6.0,"length_m":48.0,"surface_area":287.8,"catchment_m2":1727.1,"inlet_capacity_lps":14.4,"nearest_drain":"MH-121","from_node":"J11664544153","to_node":"J7155536540"},"geometry":{"type":"LineString","coordinates":[[80.087883,12.931593],[80.087905,12.931546],[80.087885,12.93143],[80.087845,12.931375],[80.087796,12.931372],[80.087656,12.931428]]}},{"type":"Feature","properties":{"id":"R0594","name":null,"highway":"residential","osm_way":1254794784,"width_m":6.0,"length_m":19.2,"surface_area":115.5,"catchment_m2":692.8,"inlet_capacity_lps":7.2,"nearest_drain":"MH-082","from_node":"J11664582321","to_node":"J7793527825"},"geometry":{"type":"LineString","coordinates":[[80.088362,12.927295],[80.088538,12.927268]]}},{"type":"Feature","properties":{"id":"R0595","name":null,"highway":"residential","osm_way":834912634,"width_m":6.0,"length_m":33.7,"surface_area":202.2,"catchment_m2":1213.4,"inlet_capacity_lps":7.2,"nearest_drain":"MH-071","from_node":"J11664582322","to_node":"J7793527822"},"geometry":{"type":"LineString","coordinates":[[80.088489,12.926889],[80.088793,12.926822]]}},{"type":"Feature","properties":{"id":"R0596","name":null,"highway":"residential","osm_way":1254794785,"width_m":6.0,"length_m":16.8,"surface_area":100.7,"catchment_m2":604.0,"inlet_capacity_lps":7.2,"nearest_drain":"MH-082","from_node":"J11664582322","to_node":"J7793527827"},"geometry":{"type":"LineString","coordinates":[[80.088489,12.926889],[80.08847,12.926914],[80.088465,12.926951],[80.088483,12.927031]]}},{"type":"Feature","properties":{"id":"R0597","name":null,"highway":"residential","osm_way":834912637,"width_m":6.0,"length_m":46.6,"surface_area":279.4,"catchment_m2":1676.5,"inlet_capacity_lps":14.4,"nearest_drain":"MH-082","from_node":"J11664582325","to_node":"J7793527827"},"geometry":{"type":"LineString","coordinates":[[80.088807,12.926871],[80.088815,12.9269],[80.088819,12.926939],[80.088812,12.926957],[80.088786,12.926971],[80.088737,12.926984],[80.088483,12.927031]]}},{"type":"Feature","properties":{"id":"R0598","name":null,"highway":"residential","osm_way":1254794786,"width_m":6.0,"length_m":23.0,"surface_area":138.1,"catchment_m2":828.3,"inlet_capacity_lps":7.2,"nearest_drain":"MH-071","from_node":"J11664582325","to_node":"J11664582326"},"geometry":{"type":"LineString","coordinates":[[80.088807,12.926871],[80.089013,12.926824]]}},{"type":"Feature","properties":{"id":"R0599","name":null,"highway":"residential","osm_way":1254795348,"width_m":6.0,"length_m":32.1,"surface_area":192.6,"catchment_m2":1155.6,"inlet_capacity_lps":7.2,"nearest_drain":"MH-071","from_node":"J11664586418","to_node":"J11664586419"},"geometry":{"type":"LineString","coordinates":[[80.0883,12.926057],[80.088593,12.926013]]}},{"type":"Feature","properties":{"id":"R0600","name":null,"highway":"residential","osm_way":834912637,"width_m":6.0,"length_m":26.8,"surface_area":160.5,"catchment_m2":963.1,"inlet_capacity_lps":7.2,"nearest_drain":"MH-071","from_node":"J11664586419","to_node":"J7793527819"},"geometry":{"type":"LineString","coordinates":[[80.088593,12.926013],[80.088649,12.926247]]}},{"type":"Feature","properties":{"id":"R0601","name":null,"highway":"residential","osm_way":384292426,"width_m":6.0,"length_m":22.4,"surface_area":134.3,"catchment_m2":805.9,"inlet_capacity_lps":7.2,"nearest_drain":"MH-007","from_node":"J11801340968","to_node":"J3875913891"},"geometry":{"type":"LineString","coordinates":[[80.096384,12.920978],[80.096588,12.920941]]}},{"type":"Feature","properties":{"id":"R0602","name":null,"highway":"residential","osm_way":1270792143,"width_m":6.0,"length_m":40.2,"surface_area":241.1,"catchment_m2":1446.7,"inlet_capacity_lps":7.2,"nearest_drain":"MH-007","from_node":"J11801340968","to_node":"J11801358069"},"geometry":{"type":"LineString","coordinates":[[80.096384,12.920978],[80.096328,12.920621]]}},{"type":"Feature","properties":{"id":"R0603","name":null,"highway":"residential","osm_way":384290998,"width_m":6.0,"length_m":40.0,"surface_area":240.0,"catchment_m2":1440.0,"inlet_capacity_lps":7.2,"nearest_drain":"MH-074","from_node":"J11813507414","to_node":"J3875899115"},"geometry":{"type":"LineString","coordinates":[[80.094314,12.926194],[80.094342,12.926196],[80.094683,12.926195]]}},{"type":"Feature","properties":{"id":"R0604","name":null,"highway":"residential","osm_way":1275474546,"width_m":6.0,"length_m":40.3,"surface_area":242.0,"catchment_m2":1452.1,"inlet_capacity_lps":7.2,"nearest_drain":"MH-031","from_node":"J11842936940","to_node":"J3876480855"},"geometry":{"type":"LineString","coordinates":[[80.088326,12.923541],[80.088414,12.923496],[80.088431,12.923496],[80.088443,12.923503],[80.08857,12.923703]]}},{"type":"Feature","properties":{"id":"R0605","name":null,"highway":"residential","osm_way":384345557,"width_m":6.0,"length_m":100.0,"surface_area":600.0,"catchment_m2":3600.1,"inlet_capacity_lps":21.6,"nearest_drain":"MH-031","from_node":"J11842936943","to_node":"J3876480856"},"geometry":{"type":"LineString","coordinates":[[80.088588,12.923742],[80.088843,12.924292],[80.088968,12.924561]]}},{"type":"Feature","properties":{"id":"R0606","name":null,"highway":"residential","osm_way":1275475203,"width_m":6.0,"length_m":127.1,"surface_area":762.6,"catchment_m2":4575.6,"inlet_capacity_lps":28.8,"nearest_drain":"MH-044","from_node":"J11842973974","to_node":"J11842973981"},"geometry":{"type":"LineString","coordinates":[[80.088499,12.925384],[80.08827,12.925511],[80.088247,12.925513],[80.088232,12.925501],[80.087992,12.925018],[80.087985,12.924997],[80.087997,12.92498],[80.088238,12.924854]]}},{"type":"Feature","properties":{"id":"R0607","name":null,"highway":"residential","osm_way":1275475202,"width_m":6.0,"length_m":18.0,"surface_area":108.1,"catchment_m2":648.7,"inlet_capacity_lps":7.2,"nearest_drain":"MH-058","from_node":"J11842973981","to_node":"J11842973973"},"geometry":{"type":"LineString","coordinates":[[80.088238,12.924854],[80.088301,12.925004]]}},{"type":"Feature","properties":{"id":"R0608","name":null,"highway":"residential","osm_way":208174928,"width_m":6.0,"length_m":119.0,"surface_area":713.8,"catchment_m2":4283.0,"inlet_capacity_lps":28.8,"nearest_drain":"MH-061","from_node":"J11843031298","to_node":"J2184983192"},"geometry":{"type":"LineString","coordinates":[[80.091465,12.925407],[80.091893,12.925258],[80.092511,12.925083]]}},{"type":"Feature","properties":{"id":"R0609","name":null,"highway":"residential","osm_way":1275487164,"width_m":6.0,"length_m":24.1,"surface_area":144.4,"catchment_m2":866.1,"inlet_capacity_lps":7.2,"nearest_drain":"MH-061","from_node":"J11843031298","to_node":"J11843031299"},"geometry":{"type":"LineString","coordinates":[[80.091465,12.925407],[80.091536,12.925612]]}},{"type":"Feature","properties":{"id":"R0610","name":null,"highway":"residential","osm_way":1275487571,"width_m":6.0,"length_m":25.1,"surface_area":150.6,"catchment_m2":903.6,"inlet_capacity_lps":7.2,"nearest_drain":"MH-047","from_node":"J11843031300","to_node":"J3875908392"},"geometry":{"type":"LineString","coordinates":[[80.091664,12.924699],[80.091795,12.924656],[80.091815,12.92466],[80.09183,12.924673],[80.09185,12.924721]]}},{"type":"Feature","properties":{"id":"R0611","name":null,"highway":"residential","osm_way":208174969,"width_m":6.0,"length_m":31.2,"surface_area":187.0,"catchment_m2":1122.1,"inlet_capacity_lps":7.2,"nearest_drain":"MH-034","from_node":"J11843042603","to_node":"J11843042605"},"geometry":{"type":"LineString","coordinates":[[80.091872,12.923262],[80.092008,12.923216],[80.092144,12.92317]]}},{"type":"Feature","properties":{"id":"R0612","name":null,"highway":"residential","osm_way":208174969,"width_m":6.0,"length_m":86.4,"surface_area":518.3,"catchment_m2":3109.9,"inlet_capacity_lps":21.6,"nearest_drain":"MH-022","from_node":"J11843042605","to_node":"J2185019784"},"geometry":{"type":"LineString","coordinates":[[80.092144,12.92317],[80.092198,12.923152],[80.0929,12.922925]]}},{"type":"Feature","properties":{"id":"R0613","name":null,"highway":"residential","osm_way":1275484207,"width_m":6.0,"length_m":21.1,"surface_area":126.4,"catchment_m2":758.1,"inlet_capacity_lps":7.2,"nearest_drain":"MH-035","from_node":"J11843042605","to_node":"J11843042606"},"geometry":{"type":"LineString","coordinates":[[80.092144,12.92317],[80.092078,12.922992]]}},{"type":"Feature","properties":{"id":"R0614","name":null,"highway":"residential","osm_way":208174969,"width_m":6.0,"length_m":31.2,"surface_area":187.4,"catchment_m2":1124.2,"inlet_capacity_lps":7.2,"nearest_drain":"MH-034","from_node":"J11843064969","to_node":"J11843042603"},"geometry":{"type":"LineString","coordinates":[[80.0916,12.923354],[80.091872,12.923262]]}},{"type":"Feature","properties":{"id":"R0615","name":null,"highway":"residential","osm_way":1275483859,"width_m":6.0,"length_m":20.1,"surface_area":120.5,"catchment_m2":723.1,"inlet_capacity_lps":7.2,"nearest_drain":"MH-034","from_node":"J11843064969","to_node":"J11843064970"},"geometry":{"type":"LineString","coordinates":[[80.0916,12.923354],[80.091544,12.923181]]}},{"type":"Feature","properties":{"id":"R0616","name":null,"highway":"residential","osm_way":208174923,"width_m":6.0,"length_m":75.5,"surface_area":453.2,"catchment_m2":2718.9,"inlet_capacity_lps":21.6,"nearest_drain":"MH-035","from_node":"J11843066257","to_node":"J3875930934"},"geometry":{"type":"LineString","coordinates":[[80.091869,12.924078],[80.092313,12.923904],[80.092517,12.923829]]}},{"type":"Feature","properties":{"id":"R0617","name":null,"highway":"residential","osm_way":1275488059,"width_m":6.0,"length_m":19.5,"surface_area":116.8,"catchment_m2":700.9,"inlet_capacity_lps":7.2,"nearest_drain":"MH-047","from_node":"J11843066257","to_node":"J11843066258"},"geometry":{"type":"LineString","coordinates":[[80.091869,12.924078],[80.091937,12.92424]]}},{"type":"Feature","properties":{"id":"R0618","name":null,"highway":"residential","osm_way":1275486896,"width_m":6.0,"length_m":13.5,"surface_area":81.2,"catchment_m2":487.1,"inlet_capacity_lps":7.2,"nearest_drain":"MH-061","from_node":"J11843080687","to_node":"J7799828614"},"geometry":{"type":"LineString","coordinates":[[80.091497,12.925013],[80.091449,12.924901]]}},{"type":"Feature","properties":{"id":"R0619","name":null,"highway":"residential","osm_way":832475230,"width_m":6.0,"length_m":202.7,"surface_area":1216.4,"catchment_m2":7298.6,"inlet_capacity_lps":50.4,"nearest_drain":"MH-110","from_node":"J11868111707","to_node":"J7772176748"},"geometry":{"type":"LineString","coordinates":[[80.08713,12.929283],[80.087239,12.929561],[80.087282,12.929725],[80.087299,12.929788],[80.087315,12.92983],[80.08734,12.92986],[80.087396,12.929867],[80.088027,12.929758],[80.088089,12.929752],[80.088125,12.929763],[80.088159,12.929796],[80.088171,12.929837],[80.088258,12.930168]]}},{"type":"Feature","properties":{"id":"R0620","name":null,"highway":"residential","osm_way":1278399837,"width_m":6.0,"length_m":41.7,"surface_area":250.2,"catchment_m2":1501.2,"inlet_capacity_lps":7.2,"nearest_drain":"MH-100","from_node":"J11868111707","to_node":"J11868111708"},"geometry":{"type":"LineString","coordinates":[[80.08713,12.929283],[80.087498,12.929174]]}},{"type":"Feature","properties":{"id":"R0621","name":null,"highway":"residential","osm_way":208170791,"width_m":6.0,"length_m":6.4,"surface_area":38.3,"catchment_m2":229.6,"inlet_capacity_lps":7.2,"nearest_drain":"MH-051","from_node":"J13123044866","to_node":"J2184983188"},"geometry":{"type":"LineString","coordinates":[[80.09554,12.924839],[80.095545,12.924896]]}},{"type":"Feature","properties":{"id":"R0622","name":null,"highway":"residential","osm_way":834912647,"width_m":6.0,"length_m":45.7,"surface_area":274.1,"catchment_m2":1644.6,"inlet_capacity_lps":14.4,"nearest_drain":"MH-051","from_node":"J13123044866","to_node":"J7793527875"},"geometry":{"type":"LineString","coordinates":[[80.09554,12.924839],[80.095953,12.924759]]}},{"type":"Feature","properties":{"id":"R0623","name":null,"highway":"residential","osm_way":384290121,"width_m":6.0,"length_m":30.5,"surface_area":183.2,"catchment_m2":1099.1,"inlet_capacity_lps":7.2,"nearest_drain":"MH-105","from_node":"J14091396540","to_node":"J11061136233"},"geometry":{"type":"LineString","coordinates":[[80.094426,12.929278],[80.094353,12.929013]]}},{"type":"Feature","properties":{"id":"R0624","name":null,"highway":"residential","osm_way":1549275574,"width_m":6.0,"length_m":52.2,"surface_area":313.2,"catchment_m2":1879.0,"inlet_capacity_lps":14.4,"nearest_drain":"MH-105","from_node":"J14091396540","to_node":"J14091396547"},"geometry":{"type":"LineString","coordinates":[[80.094426,12.929278],[80.094889,12.929149]]}},{"type":"Feature","properties":{"id":"R0625","name":null,"highway":"residential","osm_way":1549275575,"width_m":6.0,"length_m":24.4,"surface_area":146.5,"catchment_m2":879.0,"inlet_capacity_lps":7.2,"nearest_drain":"MH-105","from_node":"J14091396546","to_node":"J14091396547"},"geometry":{"type":"LineString","coordinates":[[80.094825,12.928939],[80.094879,12.929116],[80.094889,12.929149]]}},{"type":"Feature","properties":{"id":"R0626","name":null,"highway":"residential","osm_way":1549275574,"width_m":6.0,"length_m":113.5,"surface_area":681.1,"catchment_m2":4086.5,"inlet_capacity_lps":28.8,"nearest_drain":"MH-105","from_node":"J14091396547","to_node":"J3875886326"},"geometry":{"type":"LineString","coordinates":[[80.094889,12.929149],[80.095372,12.929014],[80.095662,12.928932],[80.095737,12.928915],[80.095794,12.928913],[80.095846,12.928929],[80.095864,12.928979]]}},{"type":"Feature","properties":{"id":"R0627","name":null,"highway":"living_street","osm_way":835637669,"width_m":4.0,"length_m":89.7,"surface_area":358.9,"catchment_m2":2512.4,"inlet_capacity_lps":21.6,"nearest_drain":"MH-074","from_node":"J7799765860","to_node":"J7799765859"},"geometry":{"type":"LineString","coordinates":[[80.094313,12.926293],[80.094344,12.927099]]}},{"type":"Feature","properties":{"id":"R0628","name":null,"highway":"living_street","osm_way":1272184181,"width_m":4.0,"length_m":11.0,"surface_area":44.0,"catchment_m2":307.9,"inlet_capacity_lps":7.2,"nearest_drain":"MH-074","from_node":"J11813507414","to_node":"J7799765860"},"geometry":{"type":"LineString","coordinates":[[80.094314,12.926194],[80.094313,12.926293]]}},{"type":"Feature","properties":{"id":"R0629","name":null,"highway":"living_street","osm_way":1275484206,"width_m":4.0,"length_m":19.2,"surface_area":76.9,"catchment_m2":538.0,"inlet_capacity_lps":7.2,"nearest_drain":"MH-034","from_node":"J11843042603","to_node":"J11843042604"},"geometry":{"type":"LineString","coordinates":[[80.091872,12.923262],[80.091812,12.923099]]}}]}