{"type":"FeatureCollection","features":[{"type":"Feature","properties":{"id":"R0001","name":"100 Feet Road","highway":"primary","osm_way":1105956375,"width_m":16.0,"length_m":102.2,"surface_area":1635.8,"catchment_m2":7770.1,"inlet_capacity_lps":43.2,"nearest_drain":"MH-049","from_node":"J6583208815","to_node":"J10120160596"},"geometry":{"type":"LineString","coordinates":[[80.219821,12.976346],[80.219763,12.976488],[80.219675,12.976714],[80.219488,12.977206]]}},{"type":"Feature","properties":{"id":"R0002","name":"100 Feet Road","highway":"primary","osm_way":1105956381,"width_m":16.0,"length_m":26.6,"surface_area":425.5,"catchment_m2":2021.1,"inlet_capacity_lps":14.4,"nearest_drain":"MH-078","from_node":"J10120160572","to_node":"J11043646146"},"geometry":{"type":"LineString","coordinates":[[80.219166,12.978491],[80.219214,12.97843],[80.219271,12.978278]]}},{"type":"Feature","properties":{"id":"R0003","name":"100 Feet Road","highway":"primary","osm_way":1105956373,"width_m":16.0,"length_m":35.9,"surface_area":574.6,"catchment_m2":2729.4,"inlet_capacity_lps":14.4,"nearest_drain":"MH-063","from_node":"J10120160579","to_node":"J11832528780"},"geometry":{"type":"LineString","coordinates":[[80.219328,12.978136],[80.21942,12.978089],[80.219482,12.977956],[80.219511,12.977886]]}},{"type":"Feature","properties":{"id":"R0004","name":"100 Feet Road","highway":"primary","osm_way":1105956375,"width_m":16.0,"length_m":91.6,"surface_area":1465.1,"catchment_m2":6959.3,"inlet_capacity_lps":43.2,"nearest_drain":"MH-063","from_node":"J10120160596","to_node":"J11832488583"},"geometry":{"type":"LineString","coordinates":[[80.219488,12.977206],[80.219183,12.977974]]}},{"type":"Feature","properties":{"id":"R0005","name":"100 Feet Road","highway":"primary","osm_way":1105956375,"width_m":16.0,"length_m":67.9,"surface_area":1085.7,"catchment_m2":5157.0,"inlet_capacity_lps":28.8,"nearest_drain":"MH-036","from_node":"J10120160611","to_node":"J12294623165"},"geometry":{"type":"LineString","coordinates":[[80.220489,12.97508],[80.220491,12.975111],[80.220498,12.975155],[80.220498,12.975201],[80.220483,12.975269],[80.220451,12.975347],[80.220405,12.975431],[80.220358,12.975501],[80.220337,12.975526],[80.220307,12.97556],[80.220286,12.975585],[80.220256,12.975622]]}},{"type":"Feature","properties":{"id":"R0006","name":"100 Feet Road","highway":"primary","osm_way":1105956381,"width_m":16.0,"length_m":16.9,"surface_area":269.8,"catchment_m2":1281.5,"inlet_capacity_lps":14.4,"nearest_drain":"MH-078","from_node":"J11043646146","to_node":"J10120160579"},"geometry":{"type":"LineString","coordinates":[[80.219271,12.978278],[80.219328,12.978136]]}},{"type":"Feature","properties":{"id":"R0007","name":"100 Feet Road","highway":"primary","osm_way":1105956373,"width_m":16.0,"length_m":131.5,"surface_area":2103.8,"catchment_m2":9993.2,"inlet_capacity_lps":57.6,"nearest_drain":"MH-036","from_node":"J11043742756","to_node":"J12294623164"},"geometry":{"type":"LineString","coordinates":[[80.219953,12.976786],[80.220087,12.976461],[80.22014,12.976332],[80.220155,12.97629],[80.220161,12.976271],[80.22021,12.976145],[80.220278,12.976003],[80.220336,12.975882],[80.220391,12.975776],[80.220438,12.975704]]}},{"type":"Feature","properties":{"id":"R0008","name":"100 Feet Road","highway":"primary","osm_way":1105956375,"width_m":16.0,"length_m":9.8,"surface_area":156.5,"catchment_m2":743.2,"inlet_capacity_lps":14.4,"nearest_drain":"MH-078","from_node":"J11832488583","to_node":"J7034913510"},"geometry":{"type":"LineString","coordinates":[[80.219183,12.977974],[80.219145,12.978054]]}},{"type":"Feature","properties":{"id":"R0009","name":"100 Feet Road","highway":"primary","osm_way":1105956373,"width_m":16.0,"length_m":131.3,"surface_area":2101.5,"catchment_m2":9982.1,"inlet_capacity_lps":57.6,"nearest_drain":"MH-049","from_node":"J11832528780","to_node":"J11043742756"},"geometry":{"type":"LineString","coordinates":[[80.219511,12.977886],[80.219517,12.977873],[80.219544,12.977811],[80.219797,12.977164],[80.219953,12.976786]]}},{"type":"Feature","properties":{"id":"R0010","name":"100 Feet Road","highway":"primary","osm_way":1105956373,"width_m":16.0,"length_m":40.2,"surface_area":643.3,"catchment_m2":3055.8,"inlet_capacity_lps":14.4,"nearest_drain":"MH-036","from_node":"J12294623164","to_node":"J10120161726"},"geometry":{"type":"LineString","coordinates":[[80.220438,12.975704],[80.220464,12.975663],[80.220529,12.975587],[80.220565,12.975556],[80.220589,12.975537],[80.220637,12.975513],[80.220719,12.975485]]}},{"type":"Feature","properties":{"id":"R0011","name":"100 Feet Road","highway":"primary","osm_way":1105956375,"width_m":16.0,"length_m":94.1,"surface_area":1506.3,"catchment_m2":7155.0,"inlet_capacity_lps":43.2,"nearest_drain":"MH-036","from_node":"J12294623165","to_node":"J6583208815"},"geometry":{"type":"LineString","coordinates":[[80.220256,12.975622],[80.220243,12.975637],[80.220178,12.975708],[80.220113,12.97578],[80.220068,12.975838],[80.220029,12.975899],[80.219962,12.976014],[80.2199,12.976151],[80.219821,12.976346]]}},{"type":"Feature","properties":{"id":"R0012","name":"Major Mukund Varadharajan Salai","highway":"primary","osm_way":1105956378,"width_m":16.0,"length_m":32.8,"surface_area":524.2,"catchment_m2":2489.7,"inlet_capacity_lps":14.4,"nearest_drain":"MH-007","from_node":"J338406517","to_node":"J11059186600"},"geometry":{"type":"LineString","coordinates":[[80.219978,12.973383],[80.219861,12.973112]]}},{"type":"Feature","properties":{"id":"R0013","name":"Major Mukund Varadharajan Salai","highway":"primary","osm_way":1105956378,"width_m":16.0,"length_m":118.9,"surface_area":1902.2,"catchment_m2":9035.3,"inlet_capacity_lps":57.6,"nearest_drain":"MH-007","from_node":"J338406527","to_node":"J338406517"},"geometry":{"type":"LineString","coordinates":[[80.220405,12.974368],[80.220208,12.973933],[80.219978,12.973383]]}},{"type":"Feature","properties":{"id":"R0014","name":"Major Mukund Varadharajan Salai","highway":"primary","osm_way":1105956378,"width_m":16.0,"length_m":137.8,"surface_area":2205.5,"catchment_m2":10476.1,"inlet_capacity_lps":72.0,"nearest_drain":"MH-036","from_node":"J338406860","to_node":"J12497489527"},"geometry":{"type":"LineString","coordinates":[[80.221404,12.975994],[80.221305,12.975916],[80.221191,12.975813],[80.221148,12.975772],[80.221058,12.975686],[80.220938,12.975557],[80.220867,12.975468],[80.220839,12.975427],[80.220803,12.975355],[80.220743,12.975203],[80.220715,12.975131],[80.220668,12.975013]]}},{"type":"Feature","properties":{"id":"R0015","name":"Major Mukund Varadharajan Salai","highway":"primary","osm_way":209549882,"width_m":16.0,"length_m":104.8,"surface_area":1677.2,"catchment_m2":7966.6,"inlet_capacity_lps":43.2,"nearest_drain":"MH-007","from_node":"J1889993384","to_node":"J10281826355"},"geometry":{"type":"LineString","coordinates":[[80.219954,12.973812],[80.220335,12.974679]]}},{"type":"Feature","properties":{"id":"R0016","name":"Major Mukund Varadharajan Salai","highway":"primary","osm_way":209549882,"width_m":16.0,"length_m":51.6,"surface_area":825.2,"catchment_m2":3919.5,"inlet_capacity_lps":28.8,"nearest_drain":"MH-036","from_node":"J10120160611","to_node":"J10120161726"},"geometry":{"type":"LineString","coordinates":[[80.220489,12.97508],[80.220527,12.975157],[80.220562,12.975228],[80.220674,12.975426],[80.220719,12.975485]]}},{"type":"Feature","properties":{"id":"R0017","name":"Major Mukund Varadharajan Salai","highway":"primary","osm_way":209549882,"width_m":16.0,"length_m":11.5,"surface_area":184.3,"catchment_m2":875.5,"inlet_capacity_lps":14.4,"nearest_drain":"MH-036","from_node":"J10120161726","to_node":"J10120161745"},"geometry":{"type":"LineString","coordinates":[[80.220719,12.975485],[80.220782,12.975569]]}},{"type":"Feature","properties":{"id":"R0018","name":"Major Mukund Varadharajan Salai","highway":"primary","osm_way":209549882,"width_m":16.0,"length_m":68.7,"surface_area":1099.9,"catchment_m2":5224.5,"inlet_capacity_lps":28.8,"nearest_drain":"MH-007","from_node":"J10120161769","to_node":"J1889993384"},"geometry":{"type":"LineString","coordinates":[[80.219713,12.97324],[80.219783,12.973426],[80.219871,12.973624],[80.219954,12.973812]]}},{"type":"Feature","properties":{"id":"R0019","name":"Major Mukund Varadharajan Salai","highway":"primary","osm_way":209549882,"width_m":16.0,"length_m":47.8,"surface_area":765.0,"catchment_m2":3633.7,"inlet_capacity_lps":28.8,"nearest_drain":"MH-036","from_node":"J10281826355","to_node":"J10120160611"},"geometry":{"type":"LineString","coordinates":[[80.220335,12.974679],[80.220419,12.974862],[80.22047,12.974996],[80.220489,12.97508]]}},{"type":"Feature","properties":{"id":"R0020","name":"Major Mukund Varadharajan Salai","highway":"primary","osm_way":1105956378,"width_m":16.0,"length_m":30.9,"surface_area":494.2,"catchment_m2":2347.2,"inlet_capacity_lps":14.4,"nearest_drain":"MH-021","from_node":"J10281826356","to_node":"J338406527"},"geometry":{"type":"LineString","coordinates":[[80.220512,12.974626],[80.220418,12.974401],[80.220405,12.974368]]}},{"type":"Feature","properties":{"id":"R0021","name":"Major Mukund Varadharajan Salai","highway":"primary","osm_way":1105956378,"width_m":16.0,"length_m":46.3,"surface_area":740.3,"catchment_m2":3516.2,"inlet_capacity_lps":28.8,"nearest_drain":"MH-036","from_node":"J12497489527","to_node":"J10281826356"},"geometry":{"type":"LineString","coordinates":[[80.220668,12.975013],[80.220596,12.974827],[80.220512,12.974626]]}},{"type":"Feature","properties":{"id":"R0022","name":"Taramani Link Road","highway":"primary","osm_way":1015894847,"width_m":16.0,"length_m":76.8,"surface_area":1229.6,"catchment_m2":5840.5,"inlet_capacity_lps":43.2,"nearest_drain":"MH-050","from_node":"J243326004","to_node":"J11043778203"},"geometry":{"type":"LineString","coordinates":[[80.221333,12.976087],[80.221582,12.976248],[80.221928,12.976463]]}},{"type":"Feature","properties":{"id":"R0023","name":"Taramani Link Road","highway":"primary","osm_way":25689918,"width_m":16.0,"length_m":158.3,"surface_area":2533.5,"catchment_m2":12034.0,"inlet_capacity_lps":72.0,"nearest_drain":"MH-067","from_node":"J325209831","to_node":"J6588259895"},"geometry":{"type":"LineString","coordinates":[[80.223531,12.977457],[80.224602,12.978116],[80.224769,12.978212]]}},{"type":"Feature","properties":{"id":"R0024","name":"Taramani Link Road","highway":"primary","osm_way":25689918,"width_m":16.0,"length_m":49.3,"surface_area":788.3,"catchment_m2":3744.5,"inlet_capacity_lps":28.8,"nearest_drain":"MH-066","from_node":"J338417906","to_node":"J325209831"},"geometry":{"type":"LineString","coordinates":[[80.223144,12.977223],[80.223531,12.977457]]}},{"type":"Feature","properties":{"id":"R0025","name":"Taramani Link Road","highway":"primary","osm_way":422927236,"width_m":16.0,"length_m":47.2,"surface_area":755.1,"catchment_m2":3586.7,"inlet_capacity_lps":28.8,"nearest_drain":"MH-050","from_node":"J338461403","to_node":"J338406860"},"geometry":{"type":"LineString","coordinates":[[80.221757,12.976242],[80.221404,12.975994]]}},{"type":"Feature","properties":{"id":"R0026","name":"Taramani Link Road","highway":"primary","osm_way":422927236,"width_m":16.0,"length_m":64.8,"surface_area":1037.5,"catchment_m2":4928.3,"inlet_capacity_lps":28.8,"nearest_drain":"MH-051","from_node":"J338461405","to_node":"J338461403"},"geometry":{"type":"LineString","coordinates":[[80.222264,12.976552],[80.222109,12.976459],[80.221757,12.976242]]}},{"type":"Feature","properties":{"id":"R0027","name":"Taramani Link Road","highway":"primary","osm_way":422927236,"width_m":16.0,"length_m":30.5,"surface_area":487.9,"catchment_m2":2317.6,"inlet_capacity_lps":14.4,"nearest_drain":"MH-051","from_node":"J1457503503","to_node":"J338461405"},"geometry":{"type":"LineString","coordinates":[[80.222501,12.9767],[80.222264,12.976552]]}},{"type":"Feature","properties":{"id":"R0028","name":"Taramani Link Road","highway":"primary","osm_way":447987614,"width_m":16.0,"length_m":90.1,"surface_area":1441.5,"catchment_m2":6847.0,"inlet_capacity_lps":43.2,"nearest_drain":"MH-066","from_node":"J4226490890","to_node":"J4450473918"},"geometry":{"type":"LineString","coordinates":[[80.222067,12.97655],[80.222763,12.976993]]}},{"type":"Feature","properties":{"id":"R0029","name":"Taramani Link Road","highway":"primary","osm_way":25689918,"width_m":16.0,"length_m":48.6,"surface_area":777.3,"catchment_m2":3692.2,"inlet_capacity_lps":28.8,"nearest_drain":"MH-066","from_node":"J4450473918","to_node":"J338417906"},"geometry":{"type":"LineString","coordinates":[[80.222763,12.976993],[80.223144,12.977223]]}},{"type":"Feature","properties":{"id":"R0030","name":"Taramani Link Road","highway":"primary","osm_way":1015894847,"width_m":16.0,"length_m":17.9,"surface_area":286.6,"catchment_m2":1361.4,"inlet_capacity_lps":14.4,"nearest_drain":"MH-050","from_node":"J11043778203","to_node":"J4226490890"},"geometry":{"type":"LineString","coordinates":[[80.221928,12.976463],[80.222067,12.97655]]}},{"type":"Feature","properties":{"id":"R0031","name":"Taramani Link Road","highway":"primary","osm_way":422927236,"width_m":16.0,"length_m":310.6,"surface_area":4969.0,"catchment_m2":23602.7,"inlet_capacity_lps":144.0,"nearest_drain":"MH-083","from_node":"J12157003201","to_node":"J1457503503"},"geometry":{"type":"LineString","coordinates":[[80.224946,12.978157],[80.224696,12.978011],[80.223619,12.977369],[80.223107,12.977056],[80.222785,12.976858],[80.222501,12.9767]]}},{"type":"Feature","properties":{"id":"R0032","name":"Taramani Road","highway":"primary","osm_way":1288649399,"width_m":16.0,"length_m":29.5,"surface_area":471.8,"catchment_m2":2241.3,"inlet_capacity_lps":14.4,"nearest_drain":"MH-036","from_node":"J10120161717","to_node":"J243326004"},"geometry":{"type":"LineString","coordinates":[[80.221115,12.975928],[80.221169,12.975974],[80.221242,12.976029],[80.221333,12.976087]]}},{"type":"Feature","properties":{"id":"R0033","name":"Taramani Road","highway":"primary","osm_way":422927231,"width_m":16.0,"length_m":53.9,"surface_area":862.7,"catchment_m2":4097.9,"inlet_capacity_lps":28.8,"nearest_drain":"MH-036","from_node":"J10120161745","to_node":"J10120161717"},"geometry":{"type":"LineString","coordinates":[[80.220782,12.975569],[80.220809,12.975596],[80.220856,12.975641],[80.220897,12.975686],[80.221059,12.975874],[80.221115,12.975928]]}},{"type":"Feature","properties":{"id":"R0034","name":"Velachery Bypass Road","highway":"primary","osm_way":30604301,"width_m":16.0,"length_m":82.4,"surface_area":1318.3,"catchment_m2":6261.8,"inlet_capacity_lps":43.2,"nearest_drain":"MH-177","from_node":"J299883297","to_node":"J338406658"},"geometry":{"type":"LineString","coordinates":[[80.21784,12.984461],[80.21785,12.985202]]}},{"type":"Feature","properties":{"id":"R0035","name":"Velachery Bypass Road","highway":"primary","osm_way":721922454,"width_m":16.0,"length_m":194.3,"surface_area":3108.6,"catchment_m2":14766.1,"inlet_capacity_lps":86.4,"nearest_drain":"MH-092","from_node":"J299883329","to_node":"J300464465"},"geometry":{"type":"LineString","coordinates":[[80.218055,12.981474],[80.218196,12.981067],[80.218498,12.98018],[80.218553,12.980047],[80.218646,12.979825]]}},{"type":"Feature","properties":{"id":"R0036","name":"Velachery Bypass Road","highway":"primary","osm_way":30604301,"width_m":16.0,"length_m":107.5,"surface_area":1719.5,"catchment_m2":8167.7,"inlet_capacity_lps":57.6,"nearest_drain":"MH-118","from_node":"J299883330","to_node":"J338406648"},"geometry":{"type":"LineString","coordinates":[[80.217951,12.981451],[80.217901,12.981761],[80.217854,12.982412]]}},{"type":"Feature","properties":{"id":"R0037","name":"Velachery Bypass Road","highway":"primary","osm_way":721922454,"width_m":16.0,"length_m":68.7,"surface_area":1099.9,"catchment_m2":5224.7,"inlet_capacity_lps":28.8,"nearest_drain":"MH-190","from_node":"J300312836","to_node":"J325207257"},"geometry":{"type":"LineString","coordinates":[[80.218147,12.986457],[80.218007,12.985855]]}},{"type":"Feature","properties":{"id":"R0038","name":"Velachery Bypass Road","highway":"primary","osm_way":721922454,"width_m":16.0,"length_m":70.7,"surface_area":1131.9,"catchment_m2":5376.7,"inlet_capacity_lps":28.8,"nearest_drain":"MH-092","from_node":"J300464465","to_node":"J10223418146"},"geometry":{"type":"LineString","coordinates":[[80.218646,12.979825],[80.218857,12.979223]]}},{"type":"Feature","properties":{"id":"R0039","name":"Velachery Bypass Road","highway":"primary","osm_way":721922454,"width_m":16.0,"length_m":97.7,"surface_area":1562.9,"catchment_m2":7424.0,"inlet_capacity_lps":43.2,"nearest_drain":"MH-190","from_node":"J325207257","to_node":"J338223272"},"geometry":{"type":"LineString","coordinates":[[80.218007,12.985855],[80.21796,12.9856],[80.217925,12.984981]]}},{"type":"Feature","properties":{"id":"R0040","name":"Velachery Bypass Road","highway":"primary","osm_way":721922453,"width_m":16.0,"length_m":16.0,"surface_area":256.2,"catchment_m2":1217.1,"inlet_capacity_lps":14.4,"nearest_drain":"MH-202","from_node":"J325207488","to_node":"J4265654365"},"geometry":{"type":"LineString","coordinates":[[80.218352,12.987427],[80.218327,12.987285]]}},{"type":"Feature","properties":{"id":"R0041","name":"Velachery Bypass Road","highway":"primary","osm_way":721922454,"width_m":16.0,"length_m":84.4,"surface_area":1349.8,"catchment_m2":6411.7,"inlet_capacity_lps":43.2,"nearest_drain":"MH-162","from_node":"J338223272","to_node":"J2623043962"},"geometry":{"type":"LineString","coordinates":[[80.217925,12.984981],[80.217938,12.984222]]}},{"type":"Feature","properties":{"id":"R0042","name":"Velachery Bypass Road","highway":"primary","osm_way":30604301,"width_m":16.0,"length_m":22.4,"surface_area":358.4,"catchment_m2":1702.2,"inlet_capacity_lps":14.4,"nearest_drain":"MH-105","from_node":"J338406630","to_node":"J2167149046"},"geometry":{"type":"LineString","coordinates":[[80.218407,12.980051],[80.218334,12.980239]]}},{"type":"Feature","properties":{"id":"R0043","name":"Velachery Bypass Road","highway":"primary","osm_way":30604301,"width_m":16.0,"length_m":44.2,"surface_area":706.7,"catchment_m2":3356.9,"inlet_capacity_lps":14.4,"nearest_drain":"MH-118","from_node":"J338406637","to_node":"J299883330"},"geometry":{"type":"LineString","coordinates":[[80.218075,12.981072],[80.217951,12.981451]]}},{"type":"Feature","properties":{"id":"R0044","name":"Velachery Bypass Road","highway":"primary","osm_way":30604301,"width_m":16.0,"length_m":104.4,"surface_area":1670.1,"catchment_m2":7932.9,"inlet_capacity_lps":43.2,"nearest_drain":"MH-147","from_node":"J338406648","to_node":"J11183232599"},"geometry":{"type":"LineString","coordinates":[[80.217854,12.982412],[80.217853,12.982941],[80.217847,12.98309],[80.21785,12.983351]]}},{"type":"Feature","properties":{"id":"R0045","name":"Velachery Bypass Road","highway":"primary","osm_way":30604301,"width_m":16.0,"length_m":48.5,"surface_area":776.4,"catchment_m2":3688.1,"inlet_capacity_lps":28.8,"nearest_drain":"MH-177","from_node":"J338406658","to_node":"J338406669"},"geometry":{"type":"LineString","coordinates":[[80.21785,12.985202],[80.217889,12.985637]]}},{"type":"Feature","properties":{"id":"R0046","name":"Velachery Bypass Road","highway":"primary","osm_way":30604301,"width_m":16.0,"length_m":60.7,"surface_area":971.6,"catchment_m2":4615.2,"inlet_capacity_lps":28.8,"nearest_drain":"MH-177","from_node":"J338406669","to_node":"J338406678"},"geometry":{"type":"LineString","coordinates":[[80.217889,12.985637],[80.217986,12.986174]]}},{"type":"Feature","properties":{"id":"R0047","name":"Velachery Bypass Road","highway":"primary","osm_way":30604301,"width_m":16.0,"length_m":44.8,"surface_area":717.1,"catchment_m2":3406.2,"inlet_capacity_lps":14.4,"nearest_drain":"MH-190","from_node":"J338406678","to_node":"J13793703061"},"geometry":{"type":"LineString","coordinates":[[80.217986,12.986174],[80.218072,12.986569]]}},{"type":"Feature","properties":{"id":"R0048","name":"Velachery Bypass Road","highway":"primary","osm_way":203214151,"width_m":16.0,"length_m":42.9,"surface_area":686.7,"catchment_m2":3261.6,"inlet_capacity_lps":14.4,"nearest_drain":"MH-202","from_node":"J338406694","to_node":"J338440293"},"geometry":{"type":"LineString","coordinates":[[80.218223,12.987462],[80.218314,12.987838]]}},{"type":"Feature","properties":{"id":"R0049","name":"Velachery Bypass Road","highway":"primary","osm_way":1105956833,"width_m":16.0,"length_m":63.7,"surface_area":1019.0,"catchment_m2":4840.3,"inlet_capacity_lps":28.8,"nearest_drain":"MH-105","from_node":"J2167027825","to_node":"J338406630"},"geometry":{"type":"LineString","coordinates":[[80.218603,12.979511],[80.218572,12.979588],[80.218505,12.979756],[80.218407,12.980051]]}},{"type":"Feature","properties":{"id":"R0050","name":"Velachery Bypass Road","highway":"primary","osm_way":1105956833,"width_m":16.0,"length_m":153.3,"surface_area":2452.4,"catchment_m2":11648.9,"inlet_capacity_lps":72.0,"nearest_drain":"MH-092","from_node":"J2167149032","to_node":"J6498120753"},"geometry":{"type":"LineString","coordinates":[[80.21912,12.978117],[80.219098,12.978164],[80.218867,12.978756],[80.218837,12.978829],[80.218812,12.978894],[80.218732,12.979128],[80.218635,12.979411]]}},{"type":"Feature","properties":{"id":"R0051","name":"Velachery Bypass Road","highway":"primary","osm_way":30604301,"width_m":16.0,"length_m":69.9,"surface_area":1118.6,"catchment_m2":5313.2,"inlet_capacity_lps":28.8,"nearest_drain":"MH-105","from_node":"J2167149046","to_node":"J10669042771"},"geometry":{"type":"LineString","coordinates":[[80.218334,12.980239],[80.218259,12.980494],[80.218151,12.980842]]}},{"type":"Feature","properties":{"id":"R0052","name":"Velachery Bypass Road","highway":"primary","osm_way":721922454,"width_m":16.0,"length_m":97.3,"surface_area":1556.2,"catchment_m2":7392.0,"inlet_capacity_lps":43.2,"nearest_drain":"MH-162","from_node":"J2623043962","to_node":"J11183232600"},"geometry":{"type":"LineString","coordinates":[[80.217938,12.984222],[80.217943,12.983348]]}},{"type":"Feature","properties":{"id":"R0053","name":"Velachery Bypass Road","highway":"primary","osm_way":721922454,"width_m":16.0,"length_m":94.1,"surface_area":1505.8,"catchment_m2":7152.7,"inlet_capacity_lps":43.2,"nearest_drain":"MH-202","from_node":"J4265654365","to_node":"J300312836"},"geometry":{"type":"LineString","coordinates":[[80.218327,12.987285],[80.218147,12.986457]]}},{"type":"Feature","properties":{"id":"R0054","name":"Velachery Bypass Road","highway":"primary","osm_way":1105956833,"width_m":16.0,"length_m":11.7,"surface_area":186.5,"catchment_m2":885.7,"inlet_capacity_lps":14.4,"nearest_drain":"MH-092","from_node":"J6498120753","to_node":"J2167027825"},"geometry":{"type":"LineString","coordinates":[[80.218635,12.979411],[80.218603,12.979511]]}},{"type":"Feature","properties":{"id":"R0055","name":"Velachery Bypass Road","highway":"primary","osm_way":1105956833,"width_m":16.0,"length_m":7.5,"surface_area":119.9,"catchment_m2":569.3,"inlet_capacity_lps":14.4,"nearest_drain":"MH-077","from_node":"J7034913510","to_node":"J2167149032"},"geometry":{"type":"LineString","coordinates":[[80.219145,12.978054],[80.21912,12.978117]]}},{"type":"Feature","properties":{"id":"R0056","name":"Velachery Bypass Road","highway":"primary","osm_way":721922454,"width_m":16.0,"length_m":4.6,"surface_area":74.3,"catchment_m2":352.9,"inlet_capacity_lps":14.4,"nearest_drain":"MH-092","from_node":"J10223418146","to_node":"J11830335318"},"geometry":{"type":"LineString","coordinates":[[80.218857,12.979223],[80.218866,12.979202],[80.218873,12.979185]]}},{"type":"Feature","properties":{"id":"R0057","name":"Velachery Bypass Road","highway":"primary","osm_way":30604301,"width_m":16.0,"length_m":26.9,"surface_area":430.7,"catchment_m2":2045.6,"inlet_capacity_lps":14.4,"nearest_drain":"MH-105","from_node":"J10669042771","to_node":"J338406637"},"geometry":{"type":"LineString","coordinates":[[80.218151,12.980842],[80.218075,12.981072]]}},{"type":"Feature","properties":{"id":"R0058","name":"Velachery Bypass Road","highway":"primary","osm_way":30604301,"width_m":16.0,"length_m":123.5,"surface_area":1975.5,"catchment_m2":9383.8,"inlet_capacity_lps":57.6,"nearest_drain":"MH-147","from_node":"J11183232599","to_node":"J299883297"},"geometry":{"type":"LineString","coordinates":[[80.21785,12.983351],[80.217839,12.983921],[80.21784,12.984461]]}},{"type":"Feature","properties":{"id":"R0059","name":"Velachery Bypass Road","highway":"primary","osm_way":721922454,"width_m":16.0,"length_m":209.1,"surface_area":3345.9,"catchment_m2":15893.2,"inlet_capacity_lps":100.8,"nearest_drain":"MH-147","from_node":"J11183232600","to_node":"J299883329"},"geometry":{"type":"LineString","coordinates":[[80.217943,12.983348],[80.217945,12.982584],[80.217943,12.982414],[80.217943,12.982397],[80.217964,12.982154],[80.21801,12.981697],[80.218055,12.981474]]}},{"type":"Feature","properties":{"id":"R0060","name":"Velachery Bypass Road","highway":"primary","osm_way":721922454,"width_m":16.0,"length_m":83.4,"surface_area":1334.1,"catchment_m2":6337.0,"inlet_capacity_lps":43.2,"nearest_drain":"MH-078","from_node":"J11830335318","to_node":"J10120160572"},"geometry":{"type":"LineString","coordinates":[[80.218873,12.979185],[80.218975,12.978947],[80.219122,12.978601],[80.219166,12.978491]]}},{"type":"Feature","properties":{"id":"R0061","name":"Velachery Bypass Road","highway":"primary","osm_way":22688386,"width_m":16.0,"length_m":63.2,"surface_area":1011.0,"catchment_m2":4802.4,"inlet_capacity_lps":28.8,"nearest_drain":"MH-202","from_node":"J12702176405","to_node":"J325207488"},"geometry":{"type":"LineString","coordinates":[[80.218444,12.987989],[80.218352,12.987427]]}},{"type":"Feature","properties":{"id":"R0062","name":"Velachery Bypass Road","highway":"primary","osm_way":30604301,"width_m":16.0,"length_m":100.7,"surface_area":1611.4,"catchment_m2":7654.0,"inlet_capacity_lps":43.2,"nearest_drain":"MH-202","from_node":"J13793703061","to_node":"J338406694"},"geometry":{"type":"LineString","coordinates":[[80.218072,12.986569],[80.218079,12.986602],[80.218131,12.98694],[80.218223,12.987462]]}},{"type":"Feature","properties":{"id":"R0063","name":"Velachery Lower Flyover","highway":"primary","osm_way":1105956382,"width_m":16.0,"length_m":66.9,"surface_area":1070.0,"catchment_m2":5082.6,"inlet_capacity_lps":28.8,"nearest_drain":"MH-007","from_node":"J10120160541","to_node":"J10120161778"},"geometry":{"type":"LineString","coordinates":[[80.220043,12.973807],[80.219987,12.973658],[80.219925,12.973499],[80.219831,12.973242]]}},{"type":"Feature","properties":{"id":"R0064","name":"Velachery Lower Flyover","highway":"primary","osm_way":1105956370,"width_m":16.0,"length_m":501.1,"surface_area":8017.3,"catchment_m2":38082.1,"inlet_capacity_lps":244.8,"nearest_drain":"MH-007","from_node":"J10120160571","to_node":"J10120160541"},"geometry":{"type":"LineString","coordinates":[[80.219387,12.977977],[80.219806,12.976888],[80.219937,12.976547],[80.220009,12.976368],[80.220072,12.976214],[80.220151,12.97604],[80.220258,12.975834],[80.220343,12.975698],[80.220447,12.975517],[80.220472,12.975469],[80.220502,12.975409],[80.220521,12.975357],[80.220535,12.97531],[80.220548,12.975235],[80.220555,12.975145],[80.220556,12.97503],[80.22055,12.974957],[80.220539,12.974902],[80.220525,12.974853],[80.220502,12.974793],[80.220043,12.973807]]}},{"type":"Feature","properties":{"id":"R0065","name":"Velachery Lower Flyover","highway":"primary","osm_way":1105956372,"width_m":16.0,"length_m":18.8,"surface_area":300.9,"catchment_m2":1429.1,"inlet_capacity_lps":14.4,"nearest_drain":"MH-078","from_node":"J10120160579","to_node":"J10120160571"},"geometry":{"type":"LineString","coordinates":[[80.219328,12.978136],[80.219387,12.977977]]}},{"type":"Feature","properties":{"id":"R0066","name":"Velachery Upper Flyover","highway":"primary","osm_way":1201588256,"width_m":16.0,"length_m":539.8,"surface_area":8636.2,"catchment_m2":41021.8,"inlet_capacity_lps":259.2,"nearest_drain":"MH-036","from_node":"J10120160542","to_node":"J10120160592"},"geometry":{"type":"LineString","coordinates":[[80.224825,12.978169],[80.22283,12.976948],[80.22243,12.976702],[80.221984,12.976438],[80.221574,12.976181],[80.221476,12.976116],[80.221303,12.975999],[80.221029,12.975794],[80.220965,12.975751],[80.220923,12.975726],[80.220842,12.975687],[80.220746,12.975653],[80.220671,12.975639],[80.220598,12.975633]]}},{"type":"Feature","properties":{"id":"R0067","name":"Velachery Upper Flyover","highway":"primary","osm_way":1105956834,"width_m":16.0,"length_m":40.6,"surface_area":650.0,"catchment_m2":3087.3,"inlet_capacity_lps":14.4,"nearest_drain":"MH-105","from_node":"J10120160570","to_node":"J2167149046"},"geometry":{"type":"LineString","coordinates":[[80.218528,12.979936],[80.218439,12.980145],[80.218334,12.980239]]}},{"type":"Feature","properties":{"id":"R0068","name":"Velachery Upper Flyover","highway":"primary","osm_way":1105956371,"width_m":16.0,"length_m":500.6,"surface_area":8010.2,"catchment_m2":38048.6,"inlet_capacity_lps":244.8,"nearest_drain":"MH-036","from_node":"J10120160590","to_node":"J10120160570"},"geometry":{"type":"LineString","coordinates":[[80.220214,12.97576],[80.22017,12.975796],[80.220131,12.975835],[80.22009,12.975895],[80.220044,12.975979],[80.219986,12.97611],[80.219812,12.976527],[80.219725,12.976744],[80.219644,12.976954],[80.219487,12.977379],[80.219341,12.977766],[80.219255,12.977984],[80.219065,12.978461],[80.218848,12.979035],[80.218528,12.979936]]}},{"type":"Feature","properties":{"id":"R0069","name":"Velachery Upper Flyover","highway":"primary","osm_way":1201588257,"width_m":16.0,"length_m":44.9,"surface_area":717.9,"catchment_m2":3410.2,"inlet_capacity_lps":14.4,"nearest_drain":"MH-036","from_node":"J10120160592","to_node":"J10120160590"},"geometry":{"type":"LineString","coordinates":[[80.220598,12.975633],[80.220528,12.975635],[80.220454,12.975648],[80.220391,12.975665],[80.220321,12.975693],[80.220273,12.975718],[80.220214,12.97576]]}},{"type":"Feature","properties":{"id":"R0070","name":"Velachery Upper Flyover","highway":"primary","osm_way":1105956384,"width_m":16.0,"length_m":11.7,"surface_area":186.7,"catchment_m2":887.0,"inlet_capacity_lps":14.4,"nearest_drain":"MH-083","from_node":"J10120161790","to_node":"J10120160542"},"geometry":{"type":"LineString","coordinates":[[80.224919,12.97822],[80.224825,12.978169]]}},{"type":"Feature","properties":{"id":"R0071","name":null,"highway":"primary_link","osm_way":1124365933,"width_m":7.0,"length_m":20.1,"surface_area":140.6,"catchment_m2":542.3,"inlet_capacity_lps":7.2,"nearest_drain":"MH-021","from_node":"J10281826355","to_node":"J10281826356"},"geometry":{"type":"LineString","coordinates":[[80.220335,12.974679],[80.220512,12.974626]]}},{"type":"Feature","properties":{"id":"R0072","name":null,"highway":"primary_link","osm_way":1206879466,"width_m":7.0,"length_m":10.1,"surface_area":70.6,"catchment_m2":272.2,"inlet_capacity_lps":7.2,"nearest_drain":"MH-147","from_node":"J11183232599","to_node":"J11183232600"},"geometry":{"type":"LineString","coordinates":[[80.21785,12.983351],[80.217943,12.983348]]}},{"type":"Feature","properties":{"id":"R0073","name":"Velachery Main Road","highway":"secondary","osm_way":1020569417,"width_m":12.0,"length_m":81.8,"surface_area":981.5,"catchment_m2":5071.0,"inlet_capacity_lps":43.2,"nearest_drain":"MH-050","from_node":"J243326004","to_node":"J11043778199"},"geometry":{"type":"LineString","coordinates":[[80.221333,12.976087],[80.221256,12.976176],[80.221242,12.976216],[80.221217,12.976306],[80.221212,12.976461],[80.221217,12.97679]]}},{"type":"Feature","properties":{"id":"R0074","name":"Velachery Main Road","highway":"secondary","osm_way":27480309,"width_m":12.0,"length_m":84.2,"surface_area":1010.1,"catchment_m2":5218.8,"inlet_capacity_lps":43.2,"nearest_drain":"MH-206","from_node":"J277911472","to_node":"J13456104089"},"geometry":{"type":"LineString","coordinates":[[80.223057,12.987069],[80.223082,12.987302],[80.223097,12.987633],[80.223083,12.98774],[80.223075,12.987797],[80.223065,12.987821]]}},{"type":"Feature","properties":{"id":"R0075","name":"Velachery Main Road","highway":"secondary","osm_way":27480309,"width_m":12.0,"length_m":20.3,"surface_area":243.2,"catchment_m2":1256.7,"inlet_capacity_lps":14.4,"nearest_drain":"MH-121","from_node":"J299883320","to_node":"J12244063246"},"geometry":{"type":"LineString","coordinates":[[80.221015,12.981078],[80.221086,12.981247]]}},{"type":"Feature","properties":{"id":"R0076","name":"Velachery Main Road","highway":"secondary","osm_way":27480309,"width_m":12.0,"length_m":70.5,"surface_area":846.5,"catchment_m2":4373.6,"inlet_capacity_lps":28.8,"nearest_drain":"MH-181","from_node":"J300195626","to_node":"J325206683"},"geometry":{"type":"LineString","coordinates":[[80.223314,12.985461],[80.223031,12.985721],[80.22298,12.985971]]}},{"type":"Feature","properties":{"id":"R0077","name":"Velachery Main Road","highway":"secondary","osm_way":27480309,"width_m":12.0,"length_m":22.3,"surface_area":267.4,"catchment_m2":1381.4,"inlet_capacity_lps":14.4,"nearest_drain":"MH-136","from_node":"J300195629","to_node":"J325207996"},"geometry":{"type":"LineString","coordinates":[[80.221854,12.982567],[80.221899,12.982763]]}},{"type":"Feature","properties":{"id":"R0078","name":"Velachery Main Road","highway":"secondary","osm_way":27480309,"width_m":12.0,"length_m":39.2,"surface_area":470.7,"catchment_m2":2431.7,"inlet_capacity_lps":14.4,"nearest_drain":"MH-136","from_node":"J300313515","to_node":"J300195629"},"geometry":{"type":"LineString","coordinates":[[80.221719,12.98224],[80.221854,12.982567]]}},{"type":"Feature","properties":{"id":"R0079","name":"Velachery Main Road","highway":"secondary","osm_way":27480309,"width_m":12.0,"length_m":22.8,"surface_area":274.1,"catchment_m2":1416.0,"inlet_capacity_lps":14.4,"nearest_drain":"MH-195","from_node":"J325206683","to_node":"J2442518721"},"geometry":{"type":"LineString","coordinates":[[80.22298,12.985971],[80.222973,12.986177]]}},{"type":"Feature","properties":{"id":"R0080","name":"Velachery Main Road","highway":"secondary","osm_way":27480309,"width_m":12.0,"length_m":131.3,"surface_area":1576.1,"catchment_m2":8143.4,"inlet_capacity_lps":57.6,"nearest_drain":"MH-167","from_node":"J325207106","to_node":"J2168591067"},"geometry":{"type":"LineString","coordinates":[[80.222664,12.984051],[80.222878,12.984386],[80.223125,12.984767],[80.223249,12.98508]]}},{"type":"Feature","properties":{"id":"R0081","name":"Velachery Main Road","highway":"secondary","osm_way":27480309,"width_m":12.0,"length_m":49.9,"surface_area":598.5,"catchment_m2":3092.0,"inlet_capacity_lps":28.8,"nearest_drain":"MH-151","from_node":"J325207996","to_node":"J325208906"},"geometry":{"type":"LineString","coordinates":[[80.221899,12.982763],[80.221989,12.982934],[80.22211,12.983161]]}},{"type":"Feature","properties":{"id":"R0082","name":"Velachery Main Road","highway":"secondary","osm_way":27480309,"width_m":12.0,"length_m":83.1,"surface_area":997.0,"catchment_m2":5151.0,"inlet_capacity_lps":43.2,"nearest_drain":"MH-151","from_node":"J325208906","to_node":"J11052089962"},"geometry":{"type":"LineString","coordinates":[[80.22211,12.983161],[80.222508,12.9838]]}},{"type":"Feature","properties":{"id":"R0083","name":"Velachery Main Road","highway":"secondary","osm_way":27480309,"width_m":12.0,"length_m":3.2,"surface_area":38.6,"catchment_m2":199.2,"inlet_capacity_lps":14.4,"nearest_drain":"MH-065","from_node":"J325210402","to_node":"J11043752058"},"geometry":{"type":"LineString","coordinates":[[80.221206,12.977501],[80.221206,12.97753]]}},{"type":"Feature","properties":{"id":"R0084","name":"Velachery Main Road","highway":"secondary","osm_way":1015894846,"width_m":12.0,"length_m":12.9,"surface_area":154.7,"catchment_m2":799.5,"inlet_capacity_lps":14.4,"nearest_drain":"MH-050","from_node":"J338406860","to_node":"J243326004"},"geometry":{"type":"LineString","coordinates":[[80.221404,12.975994],[80.221333,12.976087]]}},{"type":"Feature","properties":{"id":"R0085","name":"Velachery Main Road","highway":"secondary","osm_way":1020569417,"width_m":12.0,"length_m":51.5,"surface_area":618.1,"catchment_m2":3193.5,"inlet_capacity_lps":28.8,"nearest_drain":"MH-065","from_node":"J338461410","to_node":"J325210402"},"geometry":{"type":"LineString","coordinates":[[80.22121,12.977038],[80.221206,12.977501]]}},{"type":"Feature","properties":{"id":"R0086","name":"Velachery Main Road","highway":"secondary","osm_way":27480309,"width_m":12.0,"length_m":43.1,"surface_area":516.8,"catchment_m2":2670.1,"inlet_capacity_lps":14.4,"nearest_drain":"MH-181","from_node":"J2168591067","to_node":"J300195626"},"geometry":{"type":"LineString","coordinates":[[80.223249,12.98508],[80.223262,12.985113],[80.223306,12.985361],[80.223314,12.985461]]}},{"type":"Feature","properties":{"id":"R0087","name":"Velachery Main Road","highway":"secondary","osm_way":27480309,"width_m":12.0,"length_m":58.4,"surface_area":700.4,"catchment_m2":3618.7,"inlet_capacity_lps":28.8,"nearest_drain":"MH-121","from_node":"J2230781436","to_node":"J299883320"},"geometry":{"type":"LineString","coordinates":[[80.221057,12.980555],[80.221045,12.980776],[80.221015,12.981078]]}},{"type":"Feature","properties":{"id":"R0088","name":"Velachery Main Road","highway":"secondary","osm_way":27480309,"width_m":12.0,"length_m":99.9,"surface_area":1198.6,"catchment_m2":6192.5,"inlet_capacity_lps":43.2,"nearest_drain":"MH-195","from_node":"J2442518721","to_node":"J277911472"},"geometry":{"type":"LineString","coordinates":[[80.222973,12.986177],[80.222971,12.986467],[80.223057,12.987069]]}},{"type":"Feature","properties":{"id":"R0089","name":"Velachery Main Road","highway":"secondary","osm_way":27480309,"width_m":12.0,"length_m":43.9,"surface_area":527.3,"catchment_m2":2724.4,"inlet_capacity_lps":14.4,"nearest_drain":"MH-080","from_node":"J6307256855","to_node":"J11830348872"},"geometry":{"type":"LineString","coordinates":[[80.221183,12.978216],[80.221181,12.978256],[80.221178,12.978296],[80.221163,12.978553],[80.22116,12.97858],[80.221155,12.97861]]}},{"type":"Feature","properties":{"id":"R0090","name":"Velachery Main Road","highway":"secondary","osm_way":27480309,"width_m":12.0,"length_m":46.9,"surface_area":563.3,"catchment_m2":2910.6,"inlet_capacity_lps":28.8,"nearest_drain":"MH-080","from_node":"J10232817996","to_node":"J6307256855"},"geometry":{"type":"LineString","coordinates":[[80.221206,12.977795],[80.221201,12.977895],[80.221183,12.978216]]}},{"type":"Feature","properties":{"id":"R0091","name":"Velachery Main Road","highway":"secondary","osm_way":27480309,"width_m":12.0,"length_m":23.6,"surface_area":283.7,"catchment_m2":1465.7,"inlet_capacity_lps":14.4,"nearest_drain":"MH-065","from_node":"J11043752058","to_node":"J11832523907"},"geometry":{"type":"LineString","coordinates":[[80.221206,12.97753],[80.221206,12.977743]]}},{"type":"Feature","properties":{"id":"R0092","name":"Velachery Main Road","highway":"secondary","osm_way":1020569417,"width_m":12.0,"length_m":27.6,"surface_area":331.0,"catchment_m2":1710.3,"inlet_capacity_lps":14.4,"nearest_drain":"MH-050","from_node":"J11043778199","to_node":"J338461410"},"geometry":{"type":"LineString","coordinates":[[80.221217,12.97679],[80.22121,12.977038]]}},{"type":"Feature","properties":{"id":"R0093","name":"Velachery Main Road","highway":"secondary","osm_way":27480309,"width_m":12.0,"length_m":3.1,"surface_area":36.7,"catchment_m2":189.7,"inlet_capacity_lps":14.4,"nearest_drain":"MH-152","from_node":"J11052089962","to_node":"J11052090902"},"geometry":{"type":"LineString","coordinates":[[80.222508,12.9838],[80.222522,12.983824]]}},{"type":"Feature","properties":{"id":"R0094","name":"Velachery Main Road","highway":"secondary","osm_way":27480309,"width_m":12.0,"length_m":22.0,"surface_area":264.0,"catchment_m2":1364.0,"inlet_capacity_lps":14.4,"nearest_drain":"MH-167","from_node":"J11052090902","to_node":"J11431661613"},"geometry":{"type":"LineString","coordinates":[[80.222522,12.983824],[80.222628,12.983993]]}},{"type":"Feature","properties":{"id":"R0095","name":"Velachery Main Road","highway":"secondary","osm_way":27480309,"width_m":12.0,"length_m":169.6,"surface_area":2035.2,"catchment_m2":10515.0,"inlet_capacity_lps":86.4,"nearest_drain":"MH-107","from_node":"J11192562672","to_node":"J2230781436"},"geometry":{"type":"LineString","coordinates":[[80.221139,12.979032],[80.221131,12.979179],[80.221129,12.979223],[80.221109,12.979587],[80.221107,12.979627],[80.221102,12.979745],[80.221091,12.979988],[80.221087,12.98004],[80.221083,12.980178],[80.221075,12.98028],[80.221057,12.980555]]}},{"type":"Feature","properties":{"id":"R0096","name":"Velachery Main Road","highway":"secondary","osm_way":27480309,"width_m":12.0,"length_m":7.6,"surface_area":90.8,"catchment_m2":469.2,"inlet_capacity_lps":14.4,"nearest_drain":"MH-167","from_node":"J11431661613","to_node":"J325207106"},"geometry":{"type":"LineString","coordinates":[[80.222628,12.983993],[80.222664,12.984051]]}},{"type":"Feature","properties":{"id":"R0097","name":"Velachery Main Road","highway":"secondary","osm_way":27480309,"width_m":12.0,"length_m":47.0,"surface_area":563.4,"catchment_m2":2911.1,"inlet_capacity_lps":28.8,"nearest_drain":"MH-080","from_node":"J11830348872","to_node":"J11192562672"},"geometry":{"type":"LineString","coordinates":[[80.221155,12.97861],[80.22115,12.978662],[80.221148,12.978755],[80.221145,12.978919],[80.221139,12.979032]]}},{"type":"Feature","properties":{"id":"R0098","name":"Velachery Main Road","highway":"secondary","osm_way":27480309,"width_m":12.0,"length_m":5.8,"surface_area":69.3,"catchment_m2":357.8,"inlet_capacity_lps":14.4,"nearest_drain":"MH-065","from_node":"J11832523907","to_node":"J10232817996"},"geometry":{"type":"LineString","coordinates":[[80.221206,12.977743],[80.221206,12.977795]]}},{"type":"Feature","properties":{"id":"R0099","name":"Velachery Main Road","highway":"secondary","osm_way":27480309,"width_m":12.0,"length_m":130.5,"surface_area":1565.9,"catchment_m2":8090.4,"inlet_capacity_lps":57.6,"nearest_drain":"MH-121","from_node":"J12244063246","to_node":"J300313515"},"geometry":{"type":"LineString","coordinates":[[80.221086,12.981247],[80.221117,12.981321],[80.221504,12.981833],[80.221719,12.98224]]}},{"type":"Feature","properties":{"id":"R0100","name":"Velachery Main Road","highway":"secondary","osm_way":27480309,"width_m":12.0,"length_m":2.8,"surface_area":33.1,"catchment_m2":170.8,"inlet_capacity_lps":14.4,"nearest_drain":"MH-214","from_node":"J13456104089","to_node":"J300195623"},"geometry":{"type":"LineString","coordinates":[[80.223065,12.987821],[80.223056,12.987844]]}},{"type":"Feature","properties":{"id":"R0101","name":"Dhroupathy Amman Koil Street","highway":"tertiary","osm_way":83912307,"width_m":9.0,"length_m":77.6,"surface_area":698.0,"catchment_m2":3800.1,"inlet_capacity_lps":43.2,"nearest_drain":"MH-206","from_node":"J277911472","to_node":"J338440189"},"geometry":{"type":"LineString","coordinates":[[80.223057,12.987069],[80.222364,12.987245]]}},{"type":"Feature","properties":{"id":"R0102","name":"Dhroupathy Amman Koil Street","highway":"tertiary","osm_way":83912307,"width_m":9.0,"length_m":47.0,"surface_area":422.7,"catchment_m2":2301.6,"inlet_capacity_lps":28.8,"nearest_drain":"MH-206","from_node":"J338440189","to_node":"J4265654366"},"geometry":{"type":"LineString","coordinates":[[80.222364,12.987245],[80.222184,12.987319],[80.221966,12.987413]]}},{"type":"Feature","properties":{"id":"R0103","name":"Dhroupathy Amman Koil Street","highway":"tertiary","osm_way":83912307,"width_m":9.0,"length_m":89.0,"surface_area":800.8,"catchment_m2":4360.0,"inlet_capacity_lps":43.2,"nearest_drain":"MH-212","from_node":"J2407565895","to_node":"J11770224848"},"geometry":{"type":"LineString","coordinates":[[80.221345,12.98767],[80.221246,12.987711],[80.220595,12.987996]]}},{"type":"Feature","properties":{"id":"R0104","name":"Dhroupathy Amman Koil Street","highway":"tertiary","osm_way":83912307,"width_m":9.0,"length_m":7.3,"surface_area":65.3,"catchment_m2":355.6,"inlet_capacity_lps":14.4,"nearest_drain":"MH-205","from_node":"J4265654366","to_node":"J11050703720"},"geometry":{"type":"LineString","coordinates":[[80.221966,12.987413],[80.221904,12.987436]]}},{"type":"Feature","properties":{"id":"R0105","name":"Dhroupathy Amman Koil Street","highway":"tertiary","osm_way":83912307,"width_m":9.0,"length_m":65.9,"surface_area":592.8,"catchment_m2":3227.3,"inlet_capacity_lps":28.8,"nearest_drain":"MH-205","from_node":"J11050703720","to_node":"J2407565895"},"geometry":{"type":"LineString","coordinates":[[80.221904,12.987436],[80.221345,12.98767]]}},{"type":"Feature","properties":{"id":"R0106","name":"Gandhi Road","highway":"tertiary","osm_way":384133191,"width_m":9.0,"length_m":32.6,"surface_area":293.5,"catchment_m2":1597.9,"inlet_capacity_lps":14.4,"nearest_drain":"MH-197","from_node":"J300312789","to_node":"J11041568830"},"geometry":{"type":"LineString","coordinates":[[80.224584,12.986544],[80.224295,12.986626]]}},{"type":"Feature","properties":{"id":"R0107","name":"Gandhi Road","highway":"tertiary","osm_way":384133191,"width_m":9.0,"length_m":102.5,"surface_area":922.8,"catchment_m2":5024.0,"inlet_capacity_lps":43.2,"nearest_drain":"MH-196","from_node":"J3493019110","to_node":"J277911472"},"geometry":{"type":"LineString","coordinates":[[80.22394,12.98674],[80.223638,12.986865],[80.223057,12.987069]]}},{"type":"Feature","properties":{"id":"R0108","name":"Gandhi Road","highway":"tertiary","osm_way":384133191,"width_m":9.0,"length_m":40.5,"surface_area":364.5,"catchment_m2":1984.6,"inlet_capacity_lps":14.4,"nearest_drain":"MH-197","from_node":"J11041568830","to_node":"J3493019110"},"geometry":{"type":"LineString","coordinates":[[80.224295,12.986626],[80.224111,12.986679],[80.22394,12.98674]]}},{"type":"Feature","properties":{"id":"R0109","name":"Gandhi Road","highway":"tertiary","osm_way":206809952,"width_m":9.0,"length_m":30.5,"surface_area":274.9,"catchment_m2":1496.8,"inlet_capacity_lps":14.4,"nearest_drain":"MH-197","from_node":"J12686681459","to_node":"J300312789"},"geometry":{"type":"LineString","coordinates":[[80.224858,12.98648],[80.224584,12.986544]]}},{"type":"Feature","properties":{"id":"R0110","name":"JagannathaPuram 3rd Main Road","highway":"tertiary","osm_way":430799559,"width_m":3.0,"length_m":33.5,"surface_area":100.4,"catchment_m2":1439.2,"inlet_capacity_lps":7.2,"nearest_drain":"MH-166","from_node":"J325207131","to_node":"J3431404935"},"geometry":{"type":"LineString","coordinates":[[80.221829,12.984229],[80.22212,12.984128]]}},{"type":"Feature","properties":{"id":"R0111","name":"JagannathaPuram 3rd Main Road","highway":"tertiary","osm_way":430799559,"width_m":3.0,"length_m":59.6,"surface_area":178.9,"catchment_m2":2564.9,"inlet_capacity_lps":14.4,"nearest_drain":"MH-166","from_node":"J3431404935","to_node":"J325207106"},"geometry":{"type":"LineString","coordinates":[[80.22212,12.984128],[80.22219,12.984126],[80.222664,12.984051]]}},{"type":"Feature","properties":{"id":"R0112","name":"JagannathaPuram 3rd Main Road","highway":"tertiary","osm_way":430799559,"width_m":3.0,"length_m":87.9,"surface_area":263.6,"catchment_m2":3777.9,"inlet_capacity_lps":21.6,"nearest_drain":"MH-166","from_node":"J3431404936","to_node":"J325207131"},"geometry":{"type":"LineString","coordinates":[[80.221024,12.98431],[80.22123,12.984275],[80.221472,12.984252],[80.22171,12.98425],[80.221829,12.984229]]}},{"type":"Feature","properties":{"id":"R0113","name":"JagannathaPuram 3rd Main Road","highway":"tertiary","osm_way":430799559,"width_m":3.0,"length_m":44.4,"surface_area":133.2,"catchment_m2":1909.2,"inlet_capacity_lps":7.2,"nearest_drain":"MH-165","from_node":"J4300667149","to_node":"J3431404936"},"geometry":{"type":"LineString","coordinates":[[80.220623,12.984393],[80.221024,12.98431]]}},{"type":"Feature","properties":{"id":"R0114","name":"Marudupandi Street","highway":"tertiary","osm_way":721922451,"width_m":9.0,"length_m":133.6,"surface_area":1202.0,"catchment_m2":6544.3,"inlet_capacity_lps":57.6,"nearest_drain":"MH-202","from_node":"J299386197","to_node":"J338406694"},"geometry":{"type":"LineString","coordinates":[[80.217059,12.987855],[80.217583,12.987661],[80.217747,12.987604],[80.218125,12.987491],[80.218223,12.987462]]}},{"type":"Feature","properties":{"id":"R0115","name":"Marudupandi Street","highway":"tertiary","osm_way":721922451,"width_m":9.0,"length_m":14.6,"surface_area":131.1,"catchment_m2":713.6,"inlet_capacity_lps":14.4,"nearest_drain":"MH-202","from_node":"J338406694","to_node":"J325207488"},"geometry":{"type":"LineString","coordinates":[[80.218223,12.987462],[80.218352,12.987427]]}},{"type":"Feature","properties":{"id":"R0116","name":"RajaLaxmi Nagar 3rd Main Road","highway":"tertiary","osm_way":1318145472,"width_m":9.0,"length_m":45.8,"surface_area":411.8,"catchment_m2":2242.2,"inlet_capacity_lps":28.8,"nearest_drain":"MH-164","from_node":"J325207217","to_node":"J325207251"},"geometry":{"type":"LineString","coordinates":[[80.219907,12.984439],[80.220329,12.984442]]}},{"type":"Feature","properties":{"id":"R0117","name":"RajaLaxmi Nagar 3rd Main Road","highway":"tertiary","osm_way":1318145472,"width_m":9.0,"length_m":32.3,"surface_area":290.8,"catchment_m2":1583.2,"inlet_capacity_lps":14.4,"nearest_drain":"MH-165","from_node":"J325207251","to_node":"J4300667149"},"geometry":{"type":"LineString","coordinates":[[80.220329,12.984442],[80.220623,12.984393]]}},{"type":"Feature","properties":{"id":"R0118","name":"RajaLaxmi Nagar 3rd Main Road","highway":"tertiary","osm_way":1331925836,"width_m":9.0,"length_m":10.0,"surface_area":90.2,"catchment_m2":491.1,"inlet_capacity_lps":14.4,"nearest_drain":"MH-163","from_node":"J325207278","to_node":"J11033865567"},"geometry":{"type":"LineString","coordinates":[[80.219093,12.984366],[80.219185,12.984376]]}},{"type":"Feature","properties":{"id":"R0119","name":"RajaLaxmi Nagar 3rd Main Road","highway":"tertiary","osm_way":23079581,"width_m":9.0,"length_m":70.1,"surface_area":630.8,"catchment_m2":3434.3,"inlet_capacity_lps":28.8,"nearest_drain":"MH-162","from_node":"J2623043962","to_node":"J4304449135"},"geometry":{"type":"LineString","coordinates":[[80.217938,12.984222],[80.218579,12.984306]]}},{"type":"Feature","properties":{"id":"R0120","name":"RajaLaxmi Nagar 3rd Main Road","highway":"tertiary","osm_way":23079581,"width_m":9.0,"length_m":24.0,"surface_area":216.4,"catchment_m2":1178.0,"inlet_capacity_lps":14.4,"nearest_drain":"MH-163","from_node":"J4304449135","to_node":"J11795010052"},"geometry":{"type":"LineString","coordinates":[[80.218579,12.984306],[80.2188,12.984331]]}},{"type":"Feature","properties":{"id":"R0121","name":"RajaLaxmi Nagar 3rd Main Road","highway":"tertiary","osm_way":1331925836,"width_m":9.0,"length_m":78.5,"surface_area":706.4,"catchment_m2":3845.7,"inlet_capacity_lps":43.2,"nearest_drain":"MH-164","from_node":"J11033865567","to_node":"J325207217"},"geometry":{"type":"LineString","coordinates":[[80.219185,12.984376],[80.219194,12.984377],[80.219221,12.984379],[80.219907,12.984439]]}},{"type":"Feature","properties":{"id":"R0122","name":"RajaLaxmi Nagar 3rd Main Road","highway":"tertiary","osm_way":23079581,"width_m":9.0,"length_m":3.5,"surface_area":31.8,"catchment_m2":173.3,"inlet_capacity_lps":14.4,"nearest_drain":"MH-163","from_node":"J11795010041","to_node":"J11795050571"},"geometry":{"type":"LineString","coordinates":[[80.218905,12.984344],[80.218937,12.984348]]}},{"type":"Feature","properties":{"id":"R0123","name":"RajaLaxmi Nagar 3rd Main Road","highway":"tertiary","osm_way":23079581,"width_m":9.0,"length_m":11.5,"surface_area":103.6,"catchment_m2":564.2,"inlet_capacity_lps":14.4,"nearest_drain":"MH-163","from_node":"J11795010052","to_node":"J11795010041"},"geometry":{"type":"LineString","coordinates":[[80.2188,12.984331],[80.218905,12.984344]]}},{"type":"Feature","properties":{"id":"R0124","name":"RajaLaxmi Nagar 3rd Main Road","highway":"tertiary","osm_way":23079581,"width_m":9.0,"length_m":5.2,"surface_area":46.6,"catchment_m2":253.5,"inlet_capacity_lps":14.4,"nearest_drain":"MH-163","from_node":"J11795039864","to_node":"J325207278"},"geometry":{"type":"LineString","coordinates":[[80.219046,12.98436],[80.219093,12.984366]]}},{"type":"Feature","properties":{"id":"R0125","name":"RajaLaxmi Nagar 3rd Main Road","highway":"tertiary","osm_way":23079581,"width_m":9.0,"length_m":11.9,"surface_area":106.7,"catchment_m2":580.7,"inlet_capacity_lps":14.4,"nearest_drain":"MH-163","from_node":"J11795050571","to_node":"J11795039864"},"geometry":{"type":"LineString","coordinates":[[80.218937,12.984348],[80.219046,12.98436]]}},{"type":"Feature","properties":{"id":"R0126","name":"11th Street","highway":"residential","osm_way":27343715,"width_m":6.0,"length_m":26.8,"surface_area":160.6,"catchment_m2":963.5,"inlet_capacity_lps":7.2,"nearest_drain":"MH-173","from_node":"J11618372055","to_node":"J11770291534"},"geometry":{"type":"LineString","coordinates":[[80.213842,12.985639],[80.21369,12.985644],[80.213673,12.98565],[80.213665,12.985663],[80.213659,12.985674],[80.213644,12.98572]]}},{"type":"Feature","properties":{"id":"R0127","name":"11th Street","highway":"residential","osm_way":27343715,"width_m":6.0,"length_m":30.0,"surface_area":180.1,"catchment_m2":1080.5,"inlet_capacity_lps":7.2,"nearest_drain":"MH-173","from_node":"J11770291527","to_node":"J11618372055"},"geometry":{"type":"LineString","coordinates":[[80.214119,12.985637],[80.213842,12.985639]]}},{"type":"Feature","properties":{"id":"R0128","name":"11th Street","highway":"residential","osm_way":27343715,"width_m":6.0,"length_m":4.9,"surface_area":29.4,"catchment_m2":176.6,"inlet_capacity_lps":7.2,"nearest_drain":"MH-173","from_node":"J11770291534","to_node":"J300165174"},"geometry":{"type":"LineString","coordinates":[[80.213644,12.98572],[80.213629,12.985743],[80.213618,12.985755]]}},{"type":"Feature","properties":{"id":"R0129","name":"12st Street","highway":"residential","osm_way":673279882,"width_m":6.0,"length_m":30.6,"surface_area":183.6,"catchment_m2":1101.6,"inlet_capacity_lps":7.2,"nearest_drain":"MH-175","from_node":"J6305144013","to_node":"J2407565225"},"geometry":{"type":"LineString","coordinates":[[80.2156,12.985831],[80.21538,12.986002]]}},{"type":"Feature","properties":{"id":"R0130","name":"12st Street","highway":"residential","osm_way":673279883,"width_m":6.0,"length_m":18.9,"surface_area":113.2,"catchment_m2":679.3,"inlet_capacity_lps":7.2,"nearest_drain":"MH-175","from_node":"J6305144013","to_node":"J6305144010"},"geometry":{"type":"LineString","coordinates":[[80.2156,12.985831],[80.215645,12.985815],[80.215713,12.985798],[80.21577,12.985797]]}},{"type":"Feature","properties":{"id":"R0131","name":"1st Cross Street","highway":"residential","osm_way":27320133,"width_m":6.0,"length_m":40.9,"surface_area":245.5,"catchment_m2":1472.9,"inlet_capacity_lps":7.2,"nearest_drain":"MH-131","from_node":"J299878653","to_node":"J299883303"},"geometry":{"type":"LineString","coordinates":[[80.216588,12.982662],[80.21661,12.982295]]}},{"type":"Feature","properties":{"id":"R0132","name":"1st Cross Street","highway":"residential","osm_way":27320133,"width_m":6.0,"length_m":118.1,"surface_area":708.4,"catchment_m2":4250.2,"inlet_capacity_lps":28.8,"nearest_drain":"MH-131","from_node":"J299883303","to_node":"J11033890689"},"geometry":{"type":"LineString","coordinates":[[80.21661,12.982295],[80.216654,12.981931],[80.216661,12.981908],[80.216678,12.981893],[80.216706,12.981885],[80.216742,12.981885],[80.217339,12.981954]]}},{"type":"Feature","properties":{"id":"R0133","name":"1st Cross Street","highway":"residential","osm_way":1267284681,"width_m":6.0,"length_m":69.3,"surface_area":415.7,"catchment_m2":2494.5,"inlet_capacity_lps":14.4,"nearest_drain":"MH-162","from_node":"J300165221","to_node":"J300165222"},"geometry":{"type":"LineString","coordinates":[[80.21709,12.985035],[80.217123,12.984413]]}},{"type":"Feature","properties":{"id":"R0134","name":"1st Cross Street","highway":"residential","osm_way":27320133,"width_m":6.0,"length_m":42.1,"surface_area":252.5,"catchment_m2":1515.1,"inlet_capacity_lps":7.2,"nearest_drain":"MH-146","from_node":"J5458540727","to_node":"J299878653"},"geometry":{"type":"LineString","coordinates":[[80.216553,12.983039],[80.216588,12.982662]]}},{"type":"Feature","properties":{"id":"R0135","name":"1st Main Road","highway":"residential","osm_way":27343760,"width_m":6.0,"length_m":57.9,"surface_area":347.7,"catchment_m2":2086.1,"inlet_capacity_lps":14.4,"nearest_drain":"MH-085","from_node":"J299878409","to_node":"J299878271"},"geometry":{"type":"LineString","coordinates":[[80.21118,12.97922],[80.210759,12.979165],[80.21065,12.979158]]}},{"type":"Feature","properties":{"id":"R0136","name":"1st Main Road","highway":"residential","osm_way":27343760,"width_m":6.0,"length_m":158.6,"surface_area":951.3,"catchment_m2":5707.9,"inlet_capacity_lps":36.0,"nearest_drain":"MH-086","from_node":"J11768865837","to_node":"J299878409"},"geometry":{"type":"LineString","coordinates":[[80.212636,12.979345],[80.211891,12.979316],[80.21118,12.97922]]}},{"type":"Feature","properties":{"id":"R0137","name":"1st Street","highway":"residential","osm_way":232405628,"width_m":6.0,"length_m":68.3,"surface_area":409.9,"catchment_m2":2459.3,"inlet_capacity_lps":14.4,"nearest_drain":"MH-175","from_node":"J2407565225","to_node":"J2407565222"},"geometry":{"type":"LineString","coordinates":[[80.21538,12.986002],[80.215295,12.986007],[80.215261,12.986005],[80.215241,12.985992],[80.215228,12.985965],[80.215224,12.985936],[80.215229,12.98552]]}},{"type":"Feature","properties":{"id":"R0138","name":"2nd Cross Lane","highway":"residential","osm_way":27344662,"width_m":6.0,"length_m":85.9,"surface_area":515.6,"catchment_m2":3093.4,"inlet_capacity_lps":21.6,"nearest_drain":"MH-102","from_node":"J300184974","to_node":"J300184976"},"geometry":{"type":"LineString","coordinates":[[80.216766,12.980646],[80.215973,12.980652]]}},{"type":"Feature","properties":{"id":"R0139","name":"2nd Cross Road","highway":"residential","osm_way":384219492,"width_m":6.0,"length_m":18.5,"surface_area":111.1,"catchment_m2":666.6,"inlet_capacity_lps":7.2,"nearest_drain":"MH-116","from_node":"J299881054","to_node":"J3875133338"},"geometry":{"type":"LineString","coordinates":[[80.215984,12.981841],[80.216001,12.981675]]}},{"type":"Feature","properties":{"id":"R0140","name":"2nd Cross Road","highway":"residential","osm_way":384219492,"width_m":6.0,"length_m":44.4,"surface_area":266.6,"catchment_m2":1599.5,"inlet_capacity_lps":7.2,"nearest_drain":"MH-130","from_node":"J299881932","to_node":"J299881054"},"geometry":{"type":"LineString","coordinates":[[80.215964,12.98224],[80.215984,12.981841]]}},{"type":"Feature","properties":{"id":"R0141","name":"2nd Cross Road","highway":"residential","osm_way":384219492,"width_m":6.0,"length_m":39.4,"surface_area":236.7,"catchment_m2":1420.2,"inlet_capacity_lps":7.2,"nearest_drain":"MH-130","from_node":"J299883310","to_node":"J299881932"},"geometry":{"type":"LineString","coordinates":[[80.21593,12.982593],[80.215964,12.98224]]}},{"type":"Feature","properties":{"id":"R0142","name":"2nd Cross Road","highway":"residential","osm_way":384219492,"width_m":6.0,"length_m":17.3,"surface_area":103.9,"catchment_m2":623.5,"inlet_capacity_lps":7.2,"nearest_drain":"MH-116","from_node":"J3875133338","to_node":"J3875696357"},"geometry":{"type":"LineString","coordinates":[[80.216001,12.981675],[80.216014,12.98152]]}},{"type":"Feature","properties":{"id":"R0143","name":"2nd Cross Road","highway":"residential","osm_way":384219492,"width_m":6.0,"length_m":20.7,"surface_area":124.3,"catchment_m2":746.1,"inlet_capacity_lps":7.2,"nearest_drain":"MH-116","from_node":"J3875696357","to_node":"J3875133337"},"geometry":{"type":"LineString","coordinates":[[80.216014,12.98152],[80.216029,12.981334]]}},{"type":"Feature","properties":{"id":"R0144","name":"2nd Cross Street","highway":"residential","osm_way":1267279331,"width_m":6.0,"length_m":68.1,"surface_area":408.5,"catchment_m2":2451.1,"inlet_capacity_lps":14.4,"nearest_drain":"MH-175","from_node":"J6305144010","to_node":"J300165215"},"geometry":{"type":"LineString","coordinates":[[80.21577,12.985797],[80.215803,12.985811],[80.215827,12.985834],[80.215884,12.986375]]}},{"type":"Feature","properties":{"id":"R0145","name":"2nd Main Road","highway":"residential","osm_way":1267103250,"width_m":6.0,"length_m":113.8,"surface_area":682.9,"catchment_m2":4097.3,"inlet_capacity_lps":28.8,"nearest_drain":"MH-072","from_node":"J299877611","to_node":"J299878744"},"geometry":{"type":"LineString","coordinates":[[80.213982,12.978641],[80.215017,12.978819]]}},{"type":"Feature","properties":{"id":"R0146","name":"2nd Main Road","highway":"residential","osm_way":206658380,"width_m":6.0,"length_m":98.4,"surface_area":590.3,"catchment_m2":3542.0,"inlet_capacity_lps":21.6,"nearest_drain":"MH-070","from_node":"J299878252","to_node":"J2167027781"},"geometry":{"type":"LineString","coordinates":[[80.210307,12.978768],[80.211206,12.978891]]}},{"type":"Feature","properties":{"id":"R0147","name":"2nd Main Road","highway":"residential","osm_way":206658380,"width_m":6.0,"length_m":100.8,"surface_area":605.0,"catchment_m2":3629.8,"inlet_capacity_lps":21.6,"nearest_drain":"MH-086","from_node":"J299878327","to_node":"J2167027785"},"geometry":{"type":"LineString","coordinates":[[80.211626,12.978944],[80.212556,12.978977]]}},{"type":"Feature","properties":{"id":"R0148","name":"2nd Main Road","highway":"residential","osm_way":1267103250,"width_m":6.0,"length_m":20.0,"surface_area":120.1,"catchment_m2":720.3,"inlet_capacity_lps":7.2,"nearest_drain":"MH-072","from_node":"J299878329","to_node":"J299877611"},"geometry":{"type":"LineString","coordinates":[[80.213802,12.9786],[80.213982,12.978641]]}},{"type":"Feature","properties":{"id":"R0149","name":"2nd Main Road","highway":"residential","osm_way":1267103250,"width_m":6.0,"length_m":104.8,"surface_area":629.0,"catchment_m2":3773.8,"inlet_capacity_lps":21.6,"nearest_drain":"MH-089","from_node":"J299878744","to_node":"J11768865791"},"geometry":{"type":"LineString","coordinates":[[80.215017,12.978819],[80.215969,12.978987]]}},{"type":"Feature","properties":{"id":"R0150","name":"2nd Main Road","highway":"residential","osm_way":1267279335,"width_m":6.0,"length_m":24.1,"surface_area":144.6,"catchment_m2":867.7,"inlet_capacity_lps":7.2,"nearest_drain":"MH-161","from_node":"J299883587","to_node":"J2167149156"},"geometry":{"type":"LineString","coordinates":[[80.216541,12.984376],[80.216556,12.984159]]}},{"type":"Feature","properties":{"id":"R0151","name":"2nd Main Road","highway":"residential","osm_way":1267103250,"width_m":6.0,"length_m":29.3,"surface_area":175.5,"catchment_m2":1053.1,"inlet_capacity_lps":7.2,"nearest_drain":"MH-090","from_node":"J299883719","to_node":"J299883685"},"geometry":{"type":"LineString","coordinates":[[80.216148,12.979303],[80.216131,12.979565]]}},{"type":"Feature","properties":{"id":"R0152","name":"2nd Main Road","highway":"residential","osm_way":1434022818,"width_m":6.0,"length_m":44.2,"surface_area":265.5,"catchment_m2":1592.8,"inlet_capacity_lps":7.2,"nearest_drain":"MH-198","from_node":"J299886837","to_node":"J338440041"},"geometry":{"type":"LineString","coordinates":[[80.210007,12.987042],[80.210414,12.987002]]}},{"type":"Feature","properties":{"id":"R0153","name":"2nd Main Road","highway":"residential","osm_way":206658380,"width_m":6.0,"length_m":45.8,"surface_area":275.0,"catchment_m2":1650.1,"inlet_capacity_lps":14.4,"nearest_drain":"MH-070","from_node":"J2167027781","to_node":"J299878327"},"geometry":{"type":"LineString","coordinates":[[80.211206,12.978891],[80.211626,12.978944]]}},{"type":"Feature","properties":{"id":"R0154","name":"2nd Main Road","highway":"residential","osm_way":1267279335,"width_m":6.0,"length_m":40.6,"surface_area":243.4,"catchment_m2":1460.3,"inlet_capacity_lps":7.2,"nearest_drain":"MH-161","from_node":"J2167149156","to_node":"J2407565221"},"geometry":{"type":"LineString","coordinates":[[80.216556,12.984159],[80.216581,12.983795]]}},{"type":"Feature","properties":{"id":"R0155","name":"2nd Main Road","highway":"residential","osm_way":1267279335,"width_m":6.0,"length_m":44.9,"surface_area":269.1,"catchment_m2":1614.7,"inlet_capacity_lps":7.2,"nearest_drain":"MH-146","from_node":"J2407565221","to_node":"J5458540726"},"geometry":{"type":"LineString","coordinates":[[80.216581,12.983795],[80.216612,12.983393]]}},{"type":"Feature","properties":{"id":"R0156","name":"2nd Main Road","highway":"residential","osm_way":1267103250,"width_m":6.0,"length_m":49.3,"surface_area":295.6,"catchment_m2":1773.5,"inlet_capacity_lps":14.4,"nearest_drain":"MH-090","from_node":"J11768865791","to_node":"J299883719"},"geometry":{"type":"LineString","coordinates":[[80.215969,12.978987],[80.216089,12.979009],[80.216121,12.979024],[80.216144,12.979047],[80.216153,12.979079],[80.216148,12.979303]]}},{"type":"Feature","properties":{"id":"R0157","name":"2nd Street","highway":"residential","osm_way":27343721,"width_m":6.0,"length_m":19.3,"surface_area":115.7,"catchment_m2":694.3,"inlet_capacity_lps":7.2,"nearest_drain":"MH-176","from_node":"J300165209","to_node":"J300165225"},"geometry":{"type":"LineString","coordinates":[[80.216546,12.985694],[80.21648,12.985533]]}},{"type":"Feature","properties":{"id":"R0158","name":"2nd Street","highway":"residential","osm_way":27343721,"width_m":6.0,"length_m":67.6,"surface_area":405.3,"catchment_m2":2431.9,"inlet_capacity_lps":14.4,"nearest_drain":"MH-175","from_node":"J300165220","to_node":"J10280643073"},"geometry":{"type":"LineString","coordinates":[[80.216398,12.985282],[80.216345,12.985162],[80.216329,12.985153],[80.216311,12.98515],[80.216287,12.985149],[80.215859,12.985174]]}},{"type":"Feature","properties":{"id":"R0159","name":"2nd Street","highway":"residential","osm_way":27343721,"width_m":6.0,"length_m":29.3,"surface_area":176.0,"catchment_m2":1055.8,"inlet_capacity_lps":7.2,"nearest_drain":"MH-176","from_node":"J300165225","to_node":"J300165220"},"geometry":{"type":"LineString","coordinates":[[80.21648,12.985533],[80.216398,12.985282]]}},{"type":"Feature","properties":{"id":"R0160","name":"2nd Street","highway":"residential","osm_way":206673827,"width_m":6.0,"length_m":137.0,"surface_area":821.9,"catchment_m2":4931.3,"inlet_capacity_lps":36.0,"nearest_drain":"MH-157","from_node":"J2167149183","to_node":"J2167149180"},"geometry":{"type":"LineString","coordinates":[[80.21166,12.984794],[80.212924,12.984786]]}},{"type":"Feature","properties":{"id":"R0161","name":"2nd Street","highway":"residential","osm_way":27343721,"width_m":6.0,"length_m":42.8,"surface_area":256.6,"catchment_m2":1539.6,"inlet_capacity_lps":7.2,"nearest_drain":"MH-176","from_node":"J7806767009","to_node":"J300165209"},"geometry":{"type":"LineString","coordinates":[[80.216676,12.986056],[80.216655,12.986025],[80.216546,12.985694]]}},{"type":"Feature","properties":{"id":"R0162","name":"3rd Cross Street","highway":"residential","osm_way":1267279330,"width_m":6.0,"length_m":48.8,"surface_area":292.8,"catchment_m2":1756.5,"inlet_capacity_lps":14.4,"nearest_drain":"MH-188","from_node":"J2407565231","to_node":"J2407565225"},"geometry":{"type":"LineString","coordinates":[[80.215487,12.986399],[80.215454,12.986075],[80.215448,12.986047],[80.215436,12.986025],[80.215416,12.986012],[80.21538,12.986002]]}},{"type":"Feature","properties":{"id":"R0163","name":"3rd Main Road","highway":"residential","osm_way":206658383,"width_m":6.0,"length_m":146.9,"surface_area":881.2,"catchment_m2":5287.0,"inlet_capacity_lps":36.0,"nearest_drain":"MH-070","from_node":"J299878196","to_node":"J2167027772"},"geometry":{"type":"LineString","coordinates":[[80.210307,12.97835],[80.21164,12.978591]]}},{"type":"Feature","properties":{"id":"R0164","name":"3rd Main Road","highway":"residential","osm_way":178647161,"width_m":6.0,"length_m":135.3,"surface_area":811.6,"catchment_m2":4869.6,"inlet_capacity_lps":36.0,"nearest_drain":"MH-019","from_node":"J299878821","to_node":"J1889993394"},"geometry":{"type":"LineString","coordinates":[[80.218552,12.97482],[80.219798,12.974749]]}},{"type":"Feature","properties":{"id":"R0165","name":"3rd Main Road","highway":"residential","osm_way":178647161,"width_m":6.0,"length_m":229.8,"surface_area":1378.8,"catchment_m2":8272.9,"inlet_capacity_lps":57.6,"nearest_drain":"MH-017","from_node":"J299883862","to_node":"J299878821"},"geometry":{"type":"LineString","coordinates":[[80.216432,12.97476],[80.218552,12.97482]]}},{"type":"Feature","properties":{"id":"R0166","name":"3rd Main Road","highway":"residential","osm_way":27370153,"width_m":6.0,"length_m":68.1,"surface_area":408.6,"catchment_m2":2451.5,"inlet_capacity_lps":14.4,"nearest_drain":"MH-181","from_node":"J2407565891","to_node":"J300463949"},"geometry":{"type":"LineString","coordinates":[[80.223361,12.985474],[80.223581,12.986048]]}},{"type":"Feature","properties":{"id":"R0167","name":"3rd Main Road","highway":"residential","osm_way":342280326,"width_m":6.0,"length_m":86.3,"surface_area":517.6,"catchment_m2":3105.7,"inlet_capacity_lps":21.6,"nearest_drain":"MH-196","from_node":"J3493019110","to_node":"J300463949"},"geometry":{"type":"LineString","coordinates":[[80.22394,12.98674],[80.223581,12.986048]]}},{"type":"Feature","properties":{"id":"R0168","name":"3rd Street","highway":"residential","osm_way":27344737,"width_m":6.0,"length_m":19.5,"surface_area":117.0,"catchment_m2":702.1,"inlet_capacity_lps":7.2,"nearest_drain":"MH-158","from_node":"J299879549","to_node":"J299882980"},"geometry":{"type":"LineString","coordinates":[[80.212922,12.984485],[80.213101,12.984498]]}},{"type":"Feature","properties":{"id":"R0169","name":"3rd Street","highway":"residential","osm_way":27344737,"width_m":6.0,"length_m":45.0,"surface_area":270.0,"catchment_m2":1619.9,"inlet_capacity_lps":7.2,"nearest_drain":"MH-158","from_node":"J299882980","to_node":"J299879581"},"geometry":{"type":"LineString","coordinates":[[80.213101,12.984498],[80.213447,12.984487],[80.213482,12.984481],[80.213511,12.984464]]}},{"type":"Feature","properties":{"id":"R0170","name":"3rd Street","highway":"residential","osm_way":30604308,"width_m":6.0,"length_m":79.8,"surface_area":479.1,"catchment_m2":2874.3,"inlet_capacity_lps":21.6,"nearest_drain":"MH-176","from_node":"J300165220","to_node":"J300165221"},"geometry":{"type":"LineString","coordinates":[[80.216398,12.985282],[80.21709,12.985035]]}},{"type":"Feature","properties":{"id":"R0171","name":"3rd Street","highway":"residential","osm_way":30604308,"width_m":6.0,"length_m":52.7,"surface_area":316.5,"catchment_m2":1898.8,"inlet_capacity_lps":14.4,"nearest_drain":"MH-177","from_node":"J300165221","to_node":"J6305461631"},"geometry":{"type":"LineString","coordinates":[[80.21709,12.985035],[80.217181,12.985037],[80.217224,12.985059],[80.217244,12.985093],[80.217274,12.985173],[80.217305,12.985245],[80.217345,12.985375]]}},{"type":"Feature","properties":{"id":"R0172","name":"3rd Street","highway":"residential","osm_way":27344737,"width_m":6.0,"length_m":74.7,"surface_area":448.1,"catchment_m2":2688.3,"inlet_capacity_lps":14.4,"nearest_drain":"MH-156","from_node":"J300188445","to_node":"J6307339499"},"geometry":{"type":"LineString","coordinates":[[80.211669,12.984307],[80.212351,12.984404]]}},{"type":"Feature","properties":{"id":"R0173","name":"3rd Street","highway":"residential","osm_way":27344738,"width_m":6.0,"length_m":40.6,"surface_area":243.9,"catchment_m2":1463.1,"inlet_capacity_lps":7.2,"nearest_drain":"MH-156","from_node":"J300188503","to_node":"J300304832"},"geometry":{"type":"LineString","coordinates":[[80.211664,12.98468],[80.211289,12.984681]]}},{"type":"Feature","properties":{"id":"R0174","name":"3rd Street","highway":"residential","osm_way":27344738,"width_m":6.0,"length_m":43.5,"surface_area":261.2,"catchment_m2":1567.0,"inlet_capacity_lps":7.2,"nearest_drain":"MH-156","from_node":"J300304832","to_node":"J300305238"},"geometry":{"type":"LineString","coordinates":[[80.211289,12.984681],[80.210888,12.984684]]}},{"type":"Feature","properties":{"id":"R0175","name":"3rd Street","highway":"residential","osm_way":27344738,"width_m":6.0,"length_m":55.2,"surface_area":331.1,"catchment_m2":1986.6,"inlet_capacity_lps":14.4,"nearest_drain":"MH-155","from_node":"J300305238","to_node":"J300188504"},"geometry":{"type":"LineString","coordinates":[[80.210888,12.984684],[80.210378,12.984687]]}},{"type":"Feature","properties":{"id":"R0176","name":"3rd Street","highway":"residential","osm_way":1267279329,"width_m":6.0,"length_m":70.1,"surface_area":420.8,"catchment_m2":2524.9,"inlet_capacity_lps":14.4,"nearest_drain":"MH-175","from_node":"J338406836","to_node":"J2407565222"},"geometry":{"type":"LineString","coordinates":[[80.214582,12.985494],[80.214977,12.985507],[80.215229,12.98552]]}},{"type":"Feature","properties":{"id":"R0177","name":"3rd Street","highway":"residential","osm_way":1267279329,"width_m":6.0,"length_m":40.4,"surface_area":242.5,"catchment_m2":1454.9,"inlet_capacity_lps":7.2,"nearest_drain":"MH-175","from_node":"J2407565222","to_node":"J300463612"},"geometry":{"type":"LineString","coordinates":[[80.215229,12.98552],[80.2156,12.985551]]}},{"type":"Feature","properties":{"id":"R0178","name":"3rd Street","highway":"residential","osm_way":27344737,"width_m":6.0,"length_m":62.5,"surface_area":375.2,"catchment_m2":2250.9,"inlet_capacity_lps":14.4,"nearest_drain":"MH-157","from_node":"J6307339499","to_node":"J299879549"},"geometry":{"type":"LineString","coordinates":[[80.212351,12.984404],[80.212922,12.984485]]}},{"type":"Feature","properties":{"id":"R0179","name":"4th Cross Street","highway":"residential","osm_way":27319977,"width_m":6.0,"length_m":232.1,"surface_area":1392.5,"catchment_m2":8355.2,"inlet_capacity_lps":57.6,"nearest_drain":"MH-114","from_node":"J299881054","to_node":"J299881935"},"geometry":{"type":"LineString","coordinates":[[80.215984,12.981841],[80.213846,12.981725]]}},{"type":"Feature","properties":{"id":"R0180","name":"4th Main Road","highway":"residential","osm_way":178647162,"width_m":6.0,"length_m":117.2,"surface_area":703.4,"catchment_m2":4220.2,"inlet_capacity_lps":28.8,"nearest_drain":"MH-019","from_node":"J299878818","to_node":"J299878915"},"geometry":{"type":"LineString","coordinates":[[80.219627,12.974341],[80.219159,12.974491],[80.21857,12.974464]]}},{"type":"Feature","properties":{"id":"R0181","name":"4th Main Road","highway":"residential","osm_way":27320142,"width_m":6.0,"length_m":93.1,"surface_area":558.7,"catchment_m2":3352.2,"inlet_capacity_lps":21.6,"nearest_drain":"MH-144","from_node":"J299883595","to_node":"J300463611"},"geometry":{"type":"LineString","coordinates":[[80.213561,12.98367],[80.21442,12.983687]]}},{"type":"Feature","properties":{"id":"R0182","name":"4th Main Road","highway":"residential","osm_way":27320142,"width_m":6.0,"length_m":49.3,"surface_area":296.0,"catchment_m2":1776.1,"inlet_capacity_lps":14.4,"nearest_drain":"MH-144","from_node":"J300463604","to_node":"J11794989078"},"geometry":{"type":"LineString","coordinates":[[80.214737,12.983691],[80.215192,12.98371]]}},{"type":"Feature","properties":{"id":"R0183","name":"4th Main Road","highway":"residential","osm_way":27320142,"width_m":6.0,"length_m":34.3,"surface_area":205.9,"catchment_m2":1235.4,"inlet_capacity_lps":7.2,"nearest_drain":"MH-144","from_node":"J300463611","to_node":"J300463604"},"geometry":{"type":"LineString","coordinates":[[80.21442,12.983687],[80.214737,12.983691]]}},{"type":"Feature","properties":{"id":"R0184","name":"4th Main Road","highway":"residential","osm_way":1318145471,"width_m":6.0,"length_m":59.4,"surface_area":356.6,"catchment_m2":2139.6,"inlet_capacity_lps":14.4,"nearest_drain":"MH-149","from_node":"J325207316","to_node":"J300463618"},"geometry":{"type":"LineString","coordinates":[[80.219925,12.983703],[80.220189,12.983702],[80.220474,12.983703]]}},{"type":"Feature","properties":{"id":"R0185","name":"4th Main Road","highway":"residential","osm_way":430799557,"width_m":6.0,"length_m":102.5,"surface_area":614.9,"catchment_m2":3689.4,"inlet_capacity_lps":21.6,"nearest_drain":"MH-149","from_node":"J4265677247","to_node":"J325207316"},"geometry":{"type":"LineString","coordinates":[[80.219456,12.983238],[80.219451,12.983675],[80.219451,12.983686],[80.219455,12.983698],[80.219462,12.983703],[80.219473,12.983707],[80.219925,12.983703]]}},{"type":"Feature","properties":{"id":"R0186","name":"4th Main Road","highway":"residential","osm_way":27320142,"width_m":6.0,"length_m":150.8,"surface_area":904.8,"catchment_m2":5428.8,"inlet_capacity_lps":36.0,"nearest_drain":"MH-145","from_node":"J11794989078","to_node":"J2407565221"},"geometry":{"type":"LineString","coordinates":[[80.215192,12.98371],[80.215998,12.983744],[80.216581,12.983795]]}},{"type":"Feature","properties":{"id":"R0187","name":"4th Street","highway":"residential","osm_way":1267279328,"width_m":6.0,"length_m":110.2,"surface_area":661.3,"catchment_m2":3967.5,"inlet_capacity_lps":28.8,"nearest_drain":"MH-175","from_node":"J300463966","to_node":"J6305145944"},"geometry":{"type":"LineString","coordinates":[[80.214573,12.985098],[80.214604,12.985088],[80.215563,12.985155],[80.215583,12.985166]]}},{"type":"Feature","properties":{"id":"R0188","name":"5th Main Road","highway":"residential","osm_way":178647163,"width_m":6.0,"length_m":32.3,"surface_area":193.9,"catchment_m2":1163.4,"inlet_capacity_lps":7.2,"nearest_drain":"MH-006","from_node":"J299878883","to_node":"J338282653"},"geometry":{"type":"LineString","coordinates":[[80.218573,12.973823],[80.218276,12.9738]]}},{"type":"Feature","properties":{"id":"R0189","name":"5th Main Road","highway":"residential","osm_way":27320141,"width_m":6.0,"length_m":113.8,"surface_area":682.7,"catchment_m2":4096.2,"inlet_capacity_lps":28.8,"nearest_drain":"MH-144","from_node":"J300463599","to_node":"J299883594"},"geometry":{"type":"LineString","coordinates":[[80.214625,12.983311],[80.213576,12.983273]]}},{"type":"Feature","properties":{"id":"R0190","name":"5th Main Road","highway":"residential","osm_way":178647163,"width_m":6.0,"length_m":47.6,"surface_area":285.7,"catchment_m2":1713.9,"inlet_capacity_lps":14.4,"nearest_drain":"MH-006","from_node":"J313857700","to_node":"J299878883"},"geometry":{"type":"LineString","coordinates":[[80.219012,12.97384],[80.218573,12.973823]]}},{"type":"Feature","properties":{"id":"R0191","name":"5th Main Road","highway":"residential","osm_way":178647163,"width_m":6.0,"length_m":58.2,"surface_area":349.1,"catchment_m2":2094.8,"inlet_capacity_lps":14.4,"nearest_drain":"MH-007","from_node":"J1889993380","to_node":"J313857700"},"geometry":{"type":"LineString","coordinates":[[80.219549,12.97383],[80.219012,12.97384]]}},{"type":"Feature","properties":{"id":"R0192","name":"5th Main Road","highway":"residential","osm_way":178647163,"width_m":6.0,"length_m":43.9,"surface_area":263.6,"catchment_m2":1581.9,"inlet_capacity_lps":7.2,"nearest_drain":"MH-007","from_node":"J1889993384","to_node":"J1889993380"},"geometry":{"type":"LineString","coordinates":[[80.219954,12.973812],[80.219549,12.97383]]}},{"type":"Feature","properties":{"id":"R0193","name":"5th Main Road","highway":"residential","osm_way":27320141,"width_m":6.0,"length_m":174.6,"surface_area":1047.4,"catchment_m2":6284.7,"inlet_capacity_lps":43.2,"nearest_drain":"MH-144","from_node":"J5458540726","to_node":"J6305444564"},"geometry":{"type":"LineString","coordinates":[[80.216612,12.983393],[80.215002,12.98332]]}},{"type":"Feature","properties":{"id":"R0194","name":"5th Main Road","highway":"residential","osm_way":27320141,"width_m":6.0,"length_m":40.9,"surface_area":245.4,"catchment_m2":1472.1,"inlet_capacity_lps":7.2,"nearest_drain":"MH-144","from_node":"J6305444564","to_node":"J300463599"},"geometry":{"type":"LineString","coordinates":[[80.215002,12.98332],[80.214625,12.983311]]}},{"type":"Feature","properties":{"id":"R0195","name":"5th Street","highway":"residential","osm_way":27370156,"width_m":6.0,"length_m":45.1,"surface_area":270.7,"catchment_m2":1624.4,"inlet_capacity_lps":14.4,"nearest_drain":"MH-174","from_node":"J338406836","to_node":"J300463966"},"geometry":{"type":"LineString","coordinates":[[80.214582,12.985494],[80.214557,12.985456],[80.214545,12.985415],[80.214565,12.98512],[80.214573,12.985098]]}},{"type":"Feature","properties":{"id":"R0196","name":"6th Main Road","highway":"residential","osm_way":27319912,"width_m":6.0,"length_m":151.0,"surface_area":905.9,"catchment_m2":5435.6,"inlet_capacity_lps":36.0,"nearest_drain":"MH-018","from_node":"J299878850","to_node":"J313857711"},"geometry":{"type":"LineString","coordinates":[[80.218563,12.974189],[80.21717,12.974177]]}},{"type":"Feature","properties":{"id":"R0197","name":"6th Main Road","highway":"residential","osm_way":27319912,"width_m":6.0,"length_m":76.4,"surface_area":458.5,"catchment_m2":2750.9,"inlet_capacity_lps":21.6,"nearest_drain":"MH-017","from_node":"J313857711","to_node":"J299883878"},"geometry":{"type":"LineString","coordinates":[[80.21717,12.974177],[80.216467,12.974231]]}},{"type":"Feature","properties":{"id":"R0198","name":"6th Street","highway":"residential","osm_way":27354313,"width_m":6.0,"length_m":32.0,"surface_area":191.8,"catchment_m2":1150.9,"inlet_capacity_lps":7.2,"nearest_drain":"MH-187","from_node":"J300306134","to_node":"J300306147"},"geometry":{"type":"LineString","coordinates":[[80.21429,12.986153],[80.214418,12.986134],[80.214582,12.986111]]}},{"type":"Feature","properties":{"id":"R0199","name":"6th Street","highway":"residential","osm_way":27354313,"width_m":6.0,"length_m":10.3,"surface_area":61.9,"catchment_m2":371.5,"inlet_capacity_lps":7.2,"nearest_drain":"MH-187","from_node":"J300306146","to_node":"J300306222"},"geometry":{"type":"LineString","coordinates":[[80.214067,12.986167],[80.214161,12.986152]]}},{"type":"Feature","properties":{"id":"R0200","name":"6th Street","highway":"residential","osm_way":27354313,"width_m":6.0,"length_m":14.1,"surface_area":84.5,"catchment_m2":507.3,"inlet_capacity_lps":7.2,"nearest_drain":"MH-187","from_node":"J300306222","to_node":"J300306134"},"geometry":{"type":"LineString","coordinates":[[80.214161,12.986152],[80.214194,12.98616],[80.21429,12.986153]]}},{"type":"Feature","properties":{"id":"R0201","name":"7th Cross Street","highway":"residential","osm_way":1267103249,"width_m":6.0,"length_m":36.7,"surface_area":220.1,"catchment_m2":1320.4,"inlet_capacity_lps":7.2,"nearest_drain":"MH-085","from_node":"J299878409","to_node":"J2167027781"},"geometry":{"type":"LineString","coordinates":[[80.21118,12.97922],[80.211206,12.978891]]}},{"type":"Feature","properties":{"id":"R0202","name":"7th Main Road","highway":"residential","osm_way":27320198,"width_m":6.0,"length_m":103.3,"surface_area":619.8,"catchment_m2":3719.0,"inlet_capacity_lps":21.6,"nearest_drain":"MH-006","from_node":"J299883997","to_node":"J338282639"},"geometry":{"type":"LineString","coordinates":[[80.218166,12.973556],[80.217213,12.973544]]}},{"type":"Feature","properties":{"id":"R0203","name":"7th Main Road","highway":"residential","osm_way":27320198,"width_m":6.0,"length_m":3.0,"surface_area":18.3,"catchment_m2":109.6,"inlet_capacity_lps":7.2,"nearest_drain":"MH-005","from_node":"J338282639","to_node":"J338282645"},"geometry":{"type":"LineString","coordinates":[[80.217213,12.973544],[80.21719,12.973559]]}},{"type":"Feature","properties":{"id":"R0204","name":"7th Main Road","highway":"residential","osm_way":27320198,"width_m":6.0,"length_m":83.7,"surface_area":502.4,"catchment_m2":3014.6,"inlet_capacity_lps":21.6,"nearest_drain":"MH-004","from_node":"J338282645","to_node":"J299884000"},"geometry":{"type":"LineString","coordinates":[[80.21719,12.973559],[80.216417,12.973562]]}},{"type":"Feature","properties":{"id":"R0205","name":"7th Street","highway":"residential","osm_way":27354311,"width_m":6.0,"length_m":56.6,"surface_area":339.9,"catchment_m2":2039.3,"inlet_capacity_lps":14.4,"nearest_drain":"MH-187","from_node":"J300306134","to_node":"J300463970"},"geometry":{"type":"LineString","coordinates":[[80.21429,12.986153],[80.214337,12.986661]]}},{"type":"Feature","properties":{"id":"R0206","name":"7th Street","highway":"residential","osm_way":27354311,"width_m":6.0,"length_m":33.0,"surface_area":197.9,"catchment_m2":1187.6,"inlet_capacity_lps":7.2,"nearest_drain":"MH-187","from_node":"J300463970","to_node":"J300306136"},"geometry":{"type":"LineString","coordinates":[[80.214337,12.986661],[80.214341,12.98673],[80.214343,12.986798],[80.214313,12.986849],[80.214234,12.986913]]}},{"type":"Feature","properties":{"id":"R0207","name":"8th Main Road","highway":"residential","osm_way":30598645,"width_m":6.0,"length_m":198.0,"surface_area":1187.8,"catchment_m2":7127.0,"inlet_capacity_lps":50.4,"nearest_drain":"MH-005","from_node":"J299879154","to_node":"J299879128"},"geometry":{"type":"LineString","coordinates":[[80.217201,12.973194],[80.218185,12.973187],[80.219028,12.973173]]}},{"type":"Feature","properties":{"id":"R0208","name":"9th Street","highway":"residential","osm_way":1267279332,"width_m":6.0,"length_m":60.1,"surface_area":360.7,"catchment_m2":2164.3,"inlet_capacity_lps":14.4,"nearest_drain":"MH-174","from_node":"J300306222","to_node":"J11770291527"},"geometry":{"type":"LineString","coordinates":[[80.214161,12.986152],[80.214151,12.986125],[80.21416,12.985692],[80.214158,12.985665],[80.214153,12.985653],[80.214138,12.985641],[80.214119,12.985637]]}},{"type":"Feature","properties":{"id":"R0209","name":"AGS Colony 4th Main Road","highway":"residential","osm_way":318725675,"width_m":6.0,"length_m":74.3,"surface_area":445.8,"catchment_m2":2674.9,"inlet_capacity_lps":14.4,"nearest_drain":"MH-071","from_node":"J299877805","to_node":"J330401245"},"geometry":{"type":"LineString","coordinates":[[80.212156,12.978245],[80.212829,12.978373]]}},{"type":"Feature","properties":{"id":"R0210","name":"AGS Colony 4th Main Road","highway":"residential","osm_way":318725675,"width_m":6.0,"length_m":54.7,"surface_area":328.4,"catchment_m2":1970.3,"inlet_capacity_lps":14.4,"nearest_drain":"MH-071","from_node":"J299878326","to_node":"J299877805"},"geometry":{"type":"LineString","coordinates":[[80.211656,12.978172],[80.212028,12.978228],[80.212156,12.978245]]}},{"type":"Feature","properties":{"id":"R0211","name":"AGS Colony 4th Main Road","highway":"residential","osm_way":318725675,"width_m":6.0,"length_m":150.5,"surface_area":903.2,"catchment_m2":5419.0,"inlet_capacity_lps":36.0,"nearest_drain":"MH-070","from_node":"J300165044","to_node":"J299878326"},"geometry":{"type":"LineString","coordinates":[[80.210288,12.977949],[80.210431,12.977952],[80.211656,12.978172]]}},{"type":"Feature","properties":{"id":"R0212","name":"AGS Colony 4th Main Road","highway":"residential","osm_way":318725675,"width_m":6.0,"length_m":27.9,"surface_area":167.4,"catchment_m2":1004.7,"inlet_capacity_lps":7.2,"nearest_drain":"MH-071","from_node":"J330401245","to_node":"J6450913716"},"geometry":{"type":"LineString","coordinates":[[80.212829,12.978373],[80.213082,12.97842]]}},{"type":"Feature","properties":{"id":"R0213","name":"AGS Colony 4th Main Road","highway":"residential","osm_way":318725675,"width_m":6.0,"length_m":59.7,"surface_area":358.3,"catchment_m2":2150.1,"inlet_capacity_lps":14.4,"nearest_drain":"MH-072","from_node":"J6450913716","to_node":"J7806740569"},"geometry":{"type":"LineString","coordinates":[[80.213082,12.97842],[80.213616,12.978551]]}},{"type":"Feature","properties":{"id":"R0214","name":"AGS Colony 4th Main Road","highway":"residential","osm_way":318725675,"width_m":6.0,"length_m":20.9,"surface_area":125.2,"catchment_m2":751.3,"inlet_capacity_lps":7.2,"nearest_drain":"MH-072","from_node":"J7806740569","to_node":"J299878329"},"geometry":{"type":"LineString","coordinates":[[80.213616,12.978551],[80.213802,12.9786]]}},{"type":"Feature","properties":{"id":"R0215","name":"Amman Koil Street","highway":"residential","osm_way":30596539,"width_m":6.0,"length_m":41.6,"surface_area":249.6,"catchment_m2":1497.5,"inlet_capacity_lps":7.2,"nearest_drain":"MH-156","from_node":"J300188445","to_node":"J300188503"},"geometry":{"type":"LineString","coordinates":[[80.211669,12.984307],[80.211655,12.984453],[80.211664,12.98468]]}},{"type":"Feature","properties":{"id":"R0216","name":"Amman Koil Street","highway":"residential","osm_way":30596539,"width_m":6.0,"length_m":12.6,"surface_area":75.5,"catchment_m2":453.1,"inlet_capacity_lps":7.2,"nearest_drain":"MH-156","from_node":"J300188503","to_node":"J2167149183"},"geometry":{"type":"LineString","coordinates":[[80.211664,12.98468],[80.21166,12.984794]]}},{"type":"Feature","properties":{"id":"R0217","name":"Amman Koil Street","highway":"residential","osm_way":30596539,"width_m":6.0,"length_m":139.1,"surface_area":834.3,"catchment_m2":5006.0,"inlet_capacity_lps":36.0,"nearest_drain":"MH-142","from_node":"J300304760","to_node":"J300305468"},"geometry":{"type":"LineString","coordinates":[[80.212332,12.983173],[80.211799,12.983144],[80.211779,12.983143],[80.211765,12.983146],[80.21176,12.983159],[80.211758,12.983175],[80.211718,12.983749],[80.211699,12.983839]]}},{"type":"Feature","properties":{"id":"R0218","name":"Amman Koil Street","highway":"residential","osm_way":30596539,"width_m":6.0,"length_m":52.2,"surface_area":312.9,"catchment_m2":1877.5,"inlet_capacity_lps":14.4,"nearest_drain":"MH-141","from_node":"J300305468","to_node":"J300188445"},"geometry":{"type":"LineString","coordinates":[[80.211699,12.983839],[80.211669,12.984307]]}},{"type":"Feature","properties":{"id":"R0219","name":"Amman Koil Street","highway":"residential","osm_way":30596539,"width_m":6.0,"length_m":48.6,"surface_area":291.7,"catchment_m2":1750.1,"inlet_capacity_lps":14.4,"nearest_drain":"MH-171","from_node":"J2167149183","to_node":"J300188534"},"geometry":{"type":"LineString","coordinates":[[80.21166,12.984794],[80.211685,12.98523]]}},{"type":"Feature","properties":{"id":"R0220","name":"Andal Nagar Extension 1st Street","highway":"residential","osm_way":206658395,"width_m":6.0,"length_m":153.0,"surface_area":918.2,"catchment_m2":5509.2,"inlet_capacity_lps":36.0,"nearest_drain":"MH-086","from_node":"J2167027827","to_node":"J11039711234"},"geometry":{"type":"LineString","coordinates":[[80.211139,12.979574],[80.212543,12.979717]]}},{"type":"Feature","properties":{"id":"R0221","name":"Andal Nagar Extension 2nd Street","highway":"residential","osm_way":27370164,"width_m":6.0,"length_m":95.3,"surface_area":571.6,"catchment_m2":3429.9,"inlet_capacity_lps":21.6,"nearest_drain":"MH-099","from_node":"J299880919","to_node":"J11794953392"},"geometry":{"type":"LineString","coordinates":[[80.21327,12.980165],[80.212585,12.980121],[80.212394,12.980094]]}},{"type":"Feature","properties":{"id":"R0222","name":"Andal Nagar Extension 2nd Street","highway":"residential","osm_way":27370164,"width_m":6.0,"length_m":34.4,"surface_area":206.6,"catchment_m2":1239.4,"inlet_capacity_lps":7.2,"nearest_drain":"MH-098","from_node":"J11612763919","to_node":"J11612763921"},"geometry":{"type":"LineString","coordinates":[[80.212075,12.980048],[80.211761,12.980004]]}},{"type":"Feature","properties":{"id":"R0223","name":"Andal Nagar Extension 2nd Street","highway":"residential","osm_way":27370164,"width_m":6.0,"length_m":71.1,"surface_area":426.7,"catchment_m2":2560.0,"inlet_capacity_lps":14.4,"nearest_drain":"MH-085","from_node":"J11612763921","to_node":"J300464005"},"geometry":{"type":"LineString","coordinates":[[80.211761,12.980004],[80.211112,12.979911]]}},{"type":"Feature","properties":{"id":"R0224","name":"Andal Nagar Extension 2nd Street","highway":"residential","osm_way":27370164,"width_m":6.0,"length_m":34.9,"surface_area":209.2,"catchment_m2":1255.2,"inlet_capacity_lps":7.2,"nearest_drain":"MH-099","from_node":"J11794953392","to_node":"J11612763919"},"geometry":{"type":"LineString","coordinates":[[80.212394,12.980094],[80.212075,12.980048]]}},{"type":"Feature","properties":{"id":"R0225","name":"Astalakshmi Nagar 2nd Street","highway":"residential","osm_way":1124222252,"width_m":6.0,"length_m":31.1,"surface_area":186.7,"catchment_m2":1120.1,"inlet_capacity_lps":7.2,"nearest_drain":"MH-175","from_node":"J300463612","to_node":"J6305144013"},"geometry":{"type":"LineString","coordinates":[[80.2156,12.985551],[80.215608,12.985723],[80.2156,12.985831]]}},{"type":"Feature","properties":{"id":"R0226","name":"Astalakshmi Nagar 2nd Street","highway":"residential","osm_way":1124222252,"width_m":6.0,"length_m":43.1,"surface_area":258.6,"catchment_m2":1551.9,"inlet_capacity_lps":7.2,"nearest_drain":"MH-175","from_node":"J6305145944","to_node":"J300463612"},"geometry":{"type":"LineString","coordinates":[[80.215583,12.985166],[80.215595,12.985194],[80.2156,12.985551]]}},{"type":"Feature","properties":{"id":"R0227","name":"Bajannai Street","highway":"residential","osm_way":29503032,"width_m":6.0,"length_m":18.1,"surface_area":108.5,"catchment_m2":650.9,"inlet_capacity_lps":7.2,"nearest_drain":"MH-134","from_node":"J300313503","to_node":"J2230785698"},"geometry":{"type":"LineString","coordinates":[[80.2194,12.98252],[80.219418,12.982681]]}},{"type":"Feature","properties":{"id":"R0228","name":"Bajannai Street","highway":"residential","osm_way":29503032,"width_m":6.0,"length_m":62.0,"surface_area":372.1,"catchment_m2":2232.8,"inlet_capacity_lps":14.4,"nearest_drain":"MH-134","from_node":"J2230785698","to_node":"J4265677247"},"geometry":{"type":"LineString","coordinates":[[80.219418,12.982681],[80.219451,12.983132],[80.219456,12.983238]]}},{"type":"Feature","properties":{"id":"R0229","name":"Bala Murugan Nagar 1st Street","highway":"residential","osm_way":425908493,"width_m":6.0,"length_m":92.3,"surface_area":553.8,"catchment_m2":3323.0,"inlet_capacity_lps":21.6,"nearest_drain":"MH-025","from_node":"J300313916","to_node":"J11612717440"},"geometry":{"type":"LineString","coordinates":[[80.223407,12.974741],[80.224257,12.974786]]}},{"type":"Feature","properties":{"id":"R0230","name":"Bala Murugan Nagar 1st Street","highway":"residential","osm_way":425908493,"width_m":6.0,"length_m":6.0,"surface_area":35.8,"catchment_m2":214.9,"inlet_capacity_lps":7.2,"nearest_drain":"MH-025","from_node":"J11612717440","to_node":"J300464908"},"geometry":{"type":"LineString","coordinates":[[80.224257,12.974786],[80.224312,12.974789]]}},{"type":"Feature","properties":{"id":"R0231","name":"Balahi Colony Main Road","highway":"residential","osm_way":27343722,"width_m":6.0,"length_m":23.5,"surface_area":140.9,"catchment_m2":845.3,"inlet_capacity_lps":7.2,"nearest_drain":"MH-187","from_node":"J300165214","to_node":"J300306125"},"geometry":{"type":"LineString","coordinates":[[80.214861,12.986434],[80.215077,12.986435]]}},{"type":"Feature","properties":{"id":"R0232","name":"Balahi Colony Main Road","highway":"residential","osm_way":27343722,"width_m":6.0,"length_m":41.6,"surface_area":249.8,"catchment_m2":1498.6,"inlet_capacity_lps":7.2,"nearest_drain":"MH-188","from_node":"J300165215","to_node":"J7806767005"},"geometry":{"type":"LineString","coordinates":[[80.215884,12.986375],[80.216266,12.986417]]}},{"type":"Feature","properties":{"id":"R0233","name":"Balahi Colony Main Road","highway":"residential","osm_way":27343722,"width_m":6.0,"length_m":44.6,"surface_area":267.3,"catchment_m2":1603.9,"inlet_capacity_lps":7.2,"nearest_drain":"MH-188","from_node":"J300306125","to_node":"J2407565231"},"geometry":{"type":"LineString","coordinates":[[80.215077,12.986435],[80.215487,12.986399]]}},{"type":"Feature","properties":{"id":"R0234","name":"Balahi Colony Main Road","highway":"residential","osm_way":27343722,"width_m":6.0,"length_m":43.2,"surface_area":259.0,"catchment_m2":1553.8,"inlet_capacity_lps":7.2,"nearest_drain":"MH-188","from_node":"J2407565231","to_node":"J300165215"},"geometry":{"type":"LineString","coordinates":[[80.215487,12.986399],[80.215884,12.986375]]}},{"type":"Feature","properties":{"id":"R0235","name":"Balahi Colony Main Road","highway":"residential","osm_way":27343722,"width_m":6.0,"length_m":53.0,"surface_area":318.2,"catchment_m2":1909.4,"inlet_capacity_lps":14.4,"nearest_drain":"MH-189","from_node":"J7806767005","to_node":"J7806767007"},"geometry":{"type":"LineString","coordinates":[[80.216266,12.986417],[80.216754,12.986457]]}},{"type":"Feature","properties":{"id":"R0236","name":"Bhavani Street","highway":"residential","osm_way":836402905,"width_m":6.0,"length_m":72.9,"surface_area":437.2,"catchment_m2":2623.3,"inlet_capacity_lps":14.4,"nearest_drain":"MH-075","from_node":"J7806646876","to_node":"J299883833"},"geometry":{"type":"LineString","coordinates":[[80.216215,12.978204],[80.216886,12.97825]]}},{"type":"Feature","properties":{"id":"R0237","name":"Bhavathi Amman Koil Street","highway":"residential","osm_way":27319933,"width_m":6.0,"length_m":33.4,"surface_area":200.5,"catchment_m2":1202.9,"inlet_capacity_lps":7.2,"nearest_drain":"MH-157","from_node":"J299879549","to_node":"J2167149180"},"geometry":{"type":"LineString","coordinates":[[80.212922,12.984485],[80.212924,12.984786]]}},{"type":"Feature","properties":{"id":"R0238","name":"Bhavathi Amman Koil Street","highway":"residential","osm_way":27319933,"width_m":6.0,"length_m":61.3,"surface_area":367.8,"catchment_m2":2206.5,"inlet_capacity_lps":14.4,"nearest_drain":"MH-185","from_node":"J300165125","to_node":"J299879508"},"geometry":{"type":"LineString","coordinates":[[80.21298,12.986504],[80.213009,12.987054]]}},{"type":"Feature","properties":{"id":"R0239","name":"Bhavathi Amman Koil Street","highway":"residential","osm_way":27319933,"width_m":6.0,"length_m":11.9,"surface_area":71.4,"catchment_m2":428.1,"inlet_capacity_lps":7.2,"nearest_drain":"MH-172","from_node":"J300165129","to_node":"J300165170"},"geometry":{"type":"LineString","coordinates":[[80.212922,12.985181],[80.212931,12.985288]]}},{"type":"Feature","properties":{"id":"R0240","name":"Bhavathi Amman Koil Street","highway":"residential","osm_way":27319933,"width_m":6.0,"length_m":10.3,"surface_area":61.7,"catchment_m2":370.3,"inlet_capacity_lps":7.2,"nearest_drain":"MH-172","from_node":"J300165131","to_node":"J300165175"},"geometry":{"type":"LineString","coordinates":[[80.212932,12.985662],[80.212937,12.985754]]}},{"type":"Feature","properties":{"id":"R0241","name":"Bhavathi Amman Koil Street","highway":"residential","osm_way":27319933,"width_m":6.0,"length_m":32.1,"surface_area":192.6,"catchment_m2":1155.7,"inlet_capacity_lps":7.2,"nearest_drain":"MH-172","from_node":"J300165164","to_node":"J300165129"},"geometry":{"type":"LineString","coordinates":[[80.212921,12.984893],[80.212922,12.985181]]}},{"type":"Feature","properties":{"id":"R0242","name":"Bhavathi Amman Koil Street","highway":"residential","osm_way":27319933,"width_m":6.0,"length_m":41.6,"surface_area":249.4,"catchment_m2":1496.3,"inlet_capacity_lps":7.2,"nearest_drain":"MH-172","from_node":"J300165170","to_node":"J300165131"},"geometry":{"type":"LineString","coordinates":[[80.212931,12.985288],[80.212932,12.985662]]}},{"type":"Feature","properties":{"id":"R0243","name":"Bhavathi Amman Koil Street","highway":"residential","osm_way":27319933,"width_m":6.0,"length_m":33.7,"surface_area":201.9,"catchment_m2":1211.5,"inlet_capacity_lps":7.2,"nearest_drain":"MH-185","from_node":"J300165175","to_node":"J338223280"},"geometry":{"type":"LineString","coordinates":[[80.212937,12.985754],[80.212943,12.986057]]}},{"type":"Feature","properties":{"id":"R0244","name":"Bhavathi Amman Koil Street","highway":"residential","osm_way":27319933,"width_m":6.0,"length_m":49.9,"surface_area":299.4,"catchment_m2":1796.6,"inlet_capacity_lps":14.4,"nearest_drain":"MH-185","from_node":"J338223280","to_node":"J300165125"},"geometry":{"type":"LineString","coordinates":[[80.212943,12.986057],[80.21298,12.986504]]}},{"type":"Feature","properties":{"id":"R0245","name":"Bhavathi Amman Koil Street","highway":"residential","osm_way":27319933,"width_m":6.0,"length_m":11.9,"surface_area":71.3,"catchment_m2":427.7,"inlet_capacity_lps":7.2,"nearest_drain":"MH-172","from_node":"J2167149180","to_node":"J300165164"},"geometry":{"type":"LineString","coordinates":[[80.212924,12.984786],[80.212921,12.984893]]}},{"type":"Feature","properties":{"id":"R0246","name":"Bhavathi Amman Koil Street","highway":"residential","osm_way":27319933,"width_m":6.0,"length_m":139.5,"surface_area":837.2,"catchment_m2":5023.1,"inlet_capacity_lps":36.0,"nearest_drain":"MH-142","from_node":"J2230781452","to_node":"J299879549"},"geometry":{"type":"LineString","coordinates":[[80.212849,12.983307],[80.212837,12.983775],[80.212837,12.983795],[80.212843,12.98381],[80.212852,12.983817],[80.212867,12.983821],[80.212899,12.983827],[80.212924,12.98383],[80.212941,12.983837],[80.212947,12.983856],[80.212945,12.983881],[80.212922,12.984485]]}},{"type":"Feature","properties":{"id":"R0247","name":"Brahmin Street","highway":"residential","osm_way":29503165,"width_m":6.0,"length_m":88.6,"surface_area":531.4,"catchment_m2":3188.6,"inlet_capacity_lps":21.6,"nearest_drain":"MH-148","from_node":"J300313356","to_node":"J4265677247"},"geometry":{"type":"LineString","coordinates":[[80.218639,12.983261],[80.219456,12.983238]]}},{"type":"Feature","properties":{"id":"R0248","name":"Brahmin Street","highway":"residential","osm_way":29503165,"width_m":6.0,"length_m":166.7,"surface_area":1000.3,"catchment_m2":6001.8,"inlet_capacity_lps":43.2,"nearest_drain":"MH-150","from_node":"J300464447","to_node":"J325208966"},"geometry":{"type":"LineString","coordinates":[[80.220301,12.983226],[80.221839,12.983189]]}},{"type":"Feature","properties":{"id":"R0249","name":"Brahmin Street","highway":"residential","osm_way":29503165,"width_m":6.0,"length_m":29.5,"surface_area":177.1,"catchment_m2":1062.8,"inlet_capacity_lps":7.2,"nearest_drain":"MH-151","from_node":"J325208966","to_node":"J325208906"},"geometry":{"type":"LineString","coordinates":[[80.221839,12.983189],[80.22211,12.983161]]}},{"type":"Feature","properties":{"id":"R0250","name":"Brahmin Street","highway":"residential","osm_way":29503165,"width_m":6.0,"length_m":91.5,"surface_area":549.0,"catchment_m2":3294.1,"inlet_capacity_lps":21.6,"nearest_drain":"MH-149","from_node":"J4265677247","to_node":"J300464447"},"geometry":{"type":"LineString","coordinates":[[80.219456,12.983238],[80.220301,12.983226]]}},{"type":"Feature","properties":{"id":"R0251","name":"Chokkalingam Nagar Road","highway":"residential","osm_way":27319829,"width_m":6.0,"length_m":91.3,"surface_area":548.0,"catchment_m2":3287.7,"inlet_capacity_lps":21.6,"nearest_drain":"MH-086","from_node":"J299877858","to_node":"J330401245"},"geometry":{"type":"LineString","coordinates":[[80.212789,12.979194],[80.212829,12.978373]]}},{"type":"Feature","properties":{"id":"R0252","name":"Chokkalingam Nagar Road","highway":"residential","osm_way":27319829,"width_m":6.0,"length_m":100.5,"surface_area":603.3,"catchment_m2":3619.7,"inlet_capacity_lps":21.6,"nearest_drain":"MH-071","from_node":"J330401245","to_node":"J299877859"},"geometry":{"type":"LineString","coordinates":[[80.212829,12.978373],[80.212901,12.977503],[80.212903,12.977487],[80.212909,12.977473]]}},{"type":"Feature","properties":{"id":"R0253","name":"Dandeeswaram Main Road","highway":"residential","osm_way":29503189,"width_m":6.0,"length_m":81.8,"surface_area":491.1,"catchment_m2":2946.5,"inlet_capacity_lps":21.6,"nearest_drain":"MH-137","from_node":"J300463817","to_node":"J300463827"},"geometry":{"type":"LineString","coordinates":[[80.222979,12.982534],[80.222847,12.982532],[80.222661,12.98253],[80.222223,12.982524]]}},{"type":"Feature","properties":{"id":"R0254","name":"Dandeeswaram Main Road","highway":"residential","osm_way":29503189,"width_m":6.0,"length_m":40.3,"surface_area":242.0,"catchment_m2":1452.2,"inlet_capacity_lps":7.2,"nearest_drain":"MH-137","from_node":"J300463827","to_node":"J300195629"},"geometry":{"type":"LineString","coordinates":[[80.222223,12.982524],[80.221854,12.982567]]}},{"type":"Feature","properties":{"id":"R0255","name":"Dandeeswaram Main Road","highway":"residential","osm_way":29503189,"width_m":6.0,"length_m":21.8,"surface_area":130.8,"catchment_m2":784.8,"inlet_capacity_lps":7.2,"nearest_drain":"MH-137","from_node":"J325209149","to_node":"J300463817"},"geometry":{"type":"LineString","coordinates":[[80.22318,12.98254],[80.222979,12.982534]]}},{"type":"Feature","properties":{"id":"R0256","name":"Dandeeswaram Main Road","highway":"residential","osm_way":29503189,"width_m":6.0,"length_m":46.7,"surface_area":280.5,"catchment_m2":1682.8,"inlet_capacity_lps":14.4,"nearest_drain":"MH-138","from_node":"J325209345","to_node":"J338222919"},"geometry":{"type":"LineString","coordinates":[[80.224087,12.982549],[80.223655,12.982545]]}},{"type":"Feature","properties":{"id":"R0257","name":"Dandeeswaram Main Road","highway":"residential","osm_way":29503189,"width_m":6.0,"length_m":42.7,"surface_area":256.2,"catchment_m2":1537.1,"inlet_capacity_lps":7.2,"nearest_drain":"MH-139","from_node":"J325209363","to_node":"J4265677246"},"geometry":{"type":"LineString","coordinates":[[80.224776,12.982567],[80.224382,12.982553]]}},{"type":"Feature","properties":{"id":"R0258","name":"Dandeeswaram Main Road","highway":"residential","osm_way":29503189,"width_m":6.0,"length_m":51.5,"surface_area":309.2,"catchment_m2":1854.9,"inlet_capacity_lps":14.4,"nearest_drain":"MH-137","from_node":"J338222919","to_node":"J325209149"},"geometry":{"type":"LineString","coordinates":[[80.223655,12.982545],[80.22318,12.98254]]}},{"type":"Feature","properties":{"id":"R0259","name":"Dandeeswaram Main Road","highway":"residential","osm_way":29503189,"width_m":6.0,"length_m":32.0,"surface_area":192.2,"catchment_m2":1153.2,"inlet_capacity_lps":7.2,"nearest_drain":"MH-139","from_node":"J4265677246","to_node":"J325209345"},"geometry":{"type":"LineString","coordinates":[[80.224382,12.982553],[80.224087,12.982549]]}},{"type":"Feature","properties":{"id":"R0260","name":"Dhandeeshwaram 1 Main Road Extension","highway":"residential","osm_way":435640476,"width_m":6.0,"length_m":85.0,"surface_area":510.1,"catchment_m2":3060.5,"inlet_capacity_lps":21.6,"nearest_drain":"MH-137","from_node":"J4335418563","to_node":"J4335418564"},"geometry":{"type":"LineString","coordinates":[[80.222231,12.982034],[80.223015,12.982056]]}},{"type":"Feature","properties":{"id":"R0261","name":"Dhandeeshwaram 1st Main Road","highway":"residential","osm_way":430799563,"width_m":6.0,"length_m":26.1,"surface_area":156.6,"catchment_m2":939.6,"inlet_capacity_lps":7.2,"nearest_drain":"MH-137","from_node":"J300463822","to_node":"J4335418564"},"geometry":{"type":"LineString","coordinates":[[80.223033,12.981822],[80.223015,12.982056]]}},{"type":"Feature","properties":{"id":"R0262","name":"Dhandeeshwaram 1st Main Road","highway":"residential","osm_way":430799563,"width_m":6.0,"length_m":53.4,"surface_area":320.1,"catchment_m2":1920.7,"inlet_capacity_lps":14.4,"nearest_drain":"MH-137","from_node":"J4335418564","to_node":"J300463817"},"geometry":{"type":"LineString","coordinates":[[80.223015,12.982056],[80.223006,12.982169],[80.222979,12.982534]]}},{"type":"Feature","properties":{"id":"R0263","name":"Dhandeeshwaram 1st Main Road Extension","highway":"residential","osm_way":27370117,"width_m":6.0,"length_m":54.5,"surface_area":326.8,"catchment_m2":1960.9,"inlet_capacity_lps":14.4,"nearest_drain":"MH-137","from_node":"J300463827","to_node":"J4335418563"},"geometry":{"type":"LineString","coordinates":[[80.222223,12.982524],[80.222231,12.982034]]}},{"type":"Feature","properties":{"id":"R0264","name":"Dhandeeshwaram 1st Main Road Extension","highway":"residential","osm_way":27370117,"width_m":6.0,"length_m":10.3,"surface_area":61.9,"catchment_m2":371.5,"inlet_capacity_lps":7.2,"nearest_drain":"MH-137","from_node":"J4335418563","to_node":"J300463828"},"geometry":{"type":"LineString","coordinates":[[80.222231,12.982034],[80.22223,12.981941]]}},{"type":"Feature","properties":{"id":"R0265","name":"Dhandeeshwaram 2st cross street","highway":"residential","osm_way":428730487,"width_m":6.0,"length_m":65.2,"surface_area":391.2,"catchment_m2":2347.4,"inlet_capacity_lps":14.4,"nearest_drain":"MH-153","from_node":"J4278233220","to_node":"J325209149"},"geometry":{"type":"LineString","coordinates":[[80.223184,12.983126],[80.223181,12.982693],[80.22318,12.98254]]}},{"type":"Feature","properties":{"id":"R0266","name":"Dhandeeshwaram 3rd Main Road","highway":"residential","osm_way":27354929,"width_m":6.0,"length_m":76.6,"surface_area":459.5,"catchment_m2":2757.1,"inlet_capacity_lps":21.6,"nearest_drain":"MH-153","from_node":"J300311629","to_node":"J338222919"},"geometry":{"type":"LineString","coordinates":[[80.223636,12.983234],[80.223655,12.982545]]}},{"type":"Feature","properties":{"id":"R0267","name":"Dhandeeshwaram 3rd Main Road","highway":"residential","osm_way":27354929,"width_m":6.0,"length_m":56.9,"surface_area":341.1,"catchment_m2":2046.7,"inlet_capacity_lps":14.4,"nearest_drain":"MH-123","from_node":"J300463823","to_node":"J300463832"},"geometry":{"type":"LineString","coordinates":[[80.223683,12.981856],[80.223703,12.981346]]}},{"type":"Feature","properties":{"id":"R0268","name":"Dhandeeshwaram 3rd Main Road","highway":"residential","osm_way":27354929,"width_m":6.0,"length_m":63.4,"surface_area":380.7,"catchment_m2":2284.1,"inlet_capacity_lps":14.4,"nearest_drain":"MH-109","from_node":"J300463832","to_node":"J300311630"},"geometry":{"type":"LineString","coordinates":[[80.223703,12.981346],[80.223722,12.980775]]}},{"type":"Feature","properties":{"id":"R0269","name":"Dhandeeshwaram 3rd Main Road","highway":"residential","osm_way":27354929,"width_m":6.0,"length_m":76.6,"surface_area":459.9,"catchment_m2":2759.3,"inlet_capacity_lps":21.6,"nearest_drain":"MH-138","from_node":"J338222919","to_node":"J300463823"},"geometry":{"type":"LineString","coordinates":[[80.223655,12.982545],[80.223683,12.981856]]}},{"type":"Feature","properties":{"id":"R0270","name":"Dhandeeshwaram 4th cross street","highway":"residential","osm_way":29503209,"width_m":6.0,"length_m":48.1,"surface_area":288.6,"catchment_m2":1731.4,"inlet_capacity_lps":14.4,"nearest_drain":"MH-123","from_node":"J325209344","to_node":"J325209359"},"geometry":{"type":"LineString","coordinates":[[80.224126,12.981374],[80.224109,12.981806]]}},{"type":"Feature","properties":{"id":"R0271","name":"Dhandeeshwaram 4th cross street","highway":"residential","osm_way":29503209,"width_m":6.0,"length_m":82.6,"surface_area":495.8,"catchment_m2":2974.7,"inlet_capacity_lps":21.6,"nearest_drain":"MH-123","from_node":"J325209359","to_node":"J325209345"},"geometry":{"type":"LineString","coordinates":[[80.224109,12.981806],[80.224087,12.982549]]}},{"type":"Feature","properties":{"id":"R0272","name":"Dhandeeshwaram 6th cross street","highway":"residential","osm_way":427338792,"width_m":6.0,"length_m":78.7,"surface_area":471.9,"catchment_m2":2831.7,"inlet_capacity_lps":21.6,"nearest_drain":"MH-124","from_node":"J325209362","to_node":"J325209363"},"geometry":{"type":"LineString","coordinates":[[80.224782,12.981863],[80.224792,12.981875],[80.224796,12.981889],[80.224776,12.982567]]}},{"type":"Feature","properties":{"id":"R0273","name":"Dhandeeshwaram Colony","highway":"residential","osm_way":427336344,"width_m":6.0,"length_m":32.5,"surface_area":195.2,"catchment_m2":1171.1,"inlet_capacity_lps":7.2,"nearest_drain":"MH-205","from_node":"J2407565895","to_node":"J2407565896"},"geometry":{"type":"LineString","coordinates":[[80.221345,12.98767],[80.221463,12.987938]]}},{"type":"Feature","properties":{"id":"R0274","name":"Dhandeeshwaram Colony","highway":"residential","osm_way":427336345,"width_m":6.0,"length_m":80.5,"surface_area":483.1,"catchment_m2":2898.8,"inlet_capacity_lps":21.6,"nearest_drain":"MH-213","from_node":"J4265654370","to_node":"J4265654366"},"geometry":{"type":"LineString","coordinates":[[80.221844,12.987969],[80.222095,12.987775],[80.222114,12.987758],[80.222125,12.987737],[80.222125,12.987705],[80.222102,12.987666],[80.221966,12.987413]]}},{"type":"Feature","properties":{"id":"R0275","name":"Dhandeeshwaram Nagar 3rd Main Road","highway":"residential","osm_way":27354978,"width_m":6.0,"length_m":71.5,"surface_area":429.2,"catchment_m2":2575.3,"inlet_capacity_lps":14.4,"nearest_drain":"MH-109","from_node":"J300311870","to_node":"J300311630"},"geometry":{"type":"LineString","coordinates":[[80.22376,12.980133],[80.223748,12.980422],[80.223722,12.980775]]}},{"type":"Feature","properties":{"id":"R0276","name":"Dhandeeshwaram Nagar 3rd Main Road","highway":"residential","osm_way":27354978,"width_m":6.0,"length_m":69.1,"surface_area":414.8,"catchment_m2":2488.9,"inlet_capacity_lps":14.4,"nearest_drain":"MH-096","from_node":"J325210260","to_node":"J300311870"},"geometry":{"type":"LineString","coordinates":[[80.223787,12.979512],[80.22376,12.980133]]}},{"type":"Feature","properties":{"id":"R0277","name":"Dhandeeshwaram Nagar 4th Cross Street","highway":"residential","osm_way":27354930,"width_m":6.0,"length_m":36.8,"surface_area":221.0,"catchment_m2":1326.2,"inlet_capacity_lps":7.2,"nearest_drain":"MH-153","from_node":"J300311629","to_node":"J4278233221"},"geometry":{"type":"LineString","coordinates":[[80.223636,12.983234],[80.223296,12.983234]]}},{"type":"Feature","properties":{"id":"R0278","name":"Dhandeeshwaram Nagar 4th Cross Street","highway":"residential","osm_way":27354930,"width_m":6.0,"length_m":69.4,"surface_area":416.5,"catchment_m2":2499.1,"inlet_capacity_lps":14.4,"nearest_drain":"MH-153","from_node":"J300463861","to_node":"J300311629"},"geometry":{"type":"LineString","coordinates":[[80.224277,12.983244],[80.223636,12.983234]]}},{"type":"Feature","properties":{"id":"R0279","name":"Dhandeeshwaram Nagar 4th Cross Street","highway":"residential","osm_way":27354930,"width_m":6.0,"length_m":7.3,"surface_area":43.6,"catchment_m2":261.4,"inlet_capacity_lps":7.2,"nearest_drain":"MH-154","from_node":"J4265677248","to_node":"J300463861"},"geometry":{"type":"LineString","coordinates":[[80.224344,12.983244],[80.224277,12.983244]]}},{"type":"Feature","properties":{"id":"R0280","name":"Dhandeeshwaram Nagar 4th Cross Street","highway":"residential","osm_way":27354930,"width_m":6.0,"length_m":44.6,"surface_area":267.6,"catchment_m2":1605.6,"inlet_capacity_lps":7.2,"nearest_drain":"MH-154","from_node":"J4278233222","to_node":"J4265677248"},"geometry":{"type":"LineString","coordinates":[[80.224756,12.983249],[80.224344,12.983244]]}},{"type":"Feature","properties":{"id":"R0281","name":"Dhandeeshwaram Nagar 5th Main Road","highway":"residential","osm_way":27370125,"width_m":6.0,"length_m":66.6,"surface_area":399.4,"catchment_m2":2396.6,"inlet_capacity_lps":14.4,"nearest_drain":"MH-154","from_node":"J300463861","to_node":"J2168591059"},"geometry":{"type":"LineString","coordinates":[[80.224277,12.983244],[80.224261,12.983842]]}},{"type":"Feature","properties":{"id":"R0282","name":"Dhandeeshwaram Nagar 5th Main Road","highway":"residential","osm_way":27370125,"width_m":6.0,"length_m":106.0,"surface_area":636.0,"catchment_m2":3815.8,"inlet_capacity_lps":28.8,"nearest_drain":"MH-154","from_node":"J2168591059","to_node":"J300463862"},"geometry":{"type":"LineString","coordinates":[[80.224261,12.983842],[80.22424,12.984795]]}},{"type":"Feature","properties":{"id":"R0283","name":"Dhandeeshwaram Nagar 5th Main Road Avenue","highway":"residential","osm_way":206809954,"width_m":6.0,"length_m":4.1,"surface_area":24.3,"catchment_m2":145.8,"inlet_capacity_lps":7.2,"nearest_drain":"MH-153","from_node":"J2168591058","to_node":"J6445350089"},"geometry":{"type":"LineString","coordinates":[[80.223753,12.983824],[80.223749,12.98384],[80.223748,12.98386]]}},{"type":"Feature","properties":{"id":"R0284","name":"Dhandeeshwaram Nagar 5th Main Road Avenue","highway":"residential","osm_way":206809953,"width_m":6.0,"length_m":55.2,"surface_area":331.0,"catchment_m2":1986.1,"inlet_capacity_lps":14.4,"nearest_drain":"MH-153","from_node":"J2168591059","to_node":"J2168591058"},"geometry":{"type":"LineString","coordinates":[[80.224261,12.983842],[80.223753,12.983824]]}},{"type":"Feature","properties":{"id":"R0285","name":"Dhandeeshwaram Nagar 5th Main Road Avenue","highway":"residential","osm_way":428730489,"width_m":6.0,"length_m":32.5,"surface_area":195.0,"catchment_m2":1170.2,"inlet_capacity_lps":7.2,"nearest_drain":"MH-168","from_node":"J4278233223","to_node":"J11832599739"},"geometry":{"type":"LineString","coordinates":[[80.223783,12.984802],[80.223774,12.98451]]}},{"type":"Feature","properties":{"id":"R0286","name":"Dhandeeshwaram Nagar 5th Main Road Avenue","highway":"residential","osm_way":206809954,"width_m":6.0,"length_m":37.4,"surface_area":224.6,"catchment_m2":1347.3,"inlet_capacity_lps":7.2,"nearest_drain":"MH-153","from_node":"J6445350089","to_node":"J2168591062"},"geometry":{"type":"LineString","coordinates":[[80.223748,12.98386],[80.22376,12.984196]]}},{"type":"Feature","properties":{"id":"R0287","name":"Dhandeeshwaram Nagar 5th Main Road Avenue","highway":"residential","osm_way":428730489,"width_m":6.0,"length_m":35.0,"surface_area":209.8,"catchment_m2":1258.6,"inlet_capacity_lps":7.2,"nearest_drain":"MH-168","from_node":"J11832599739","to_node":"J2168591062"},"geometry":{"type":"LineString","coordinates":[[80.223774,12.98451],[80.22376,12.984196]]}},{"type":"Feature","properties":{"id":"R0288","name":"Dhandeeshwaram Nagar 5th Main/Cross","highway":"residential","osm_way":427338791,"width_m":6.0,"length_m":77.0,"surface_area":462.1,"catchment_m2":2772.5,"inlet_capacity_lps":21.6,"nearest_drain":"MH-154","from_node":"J4265677246","to_node":"J4265677248"},"geometry":{"type":"LineString","coordinates":[[80.224382,12.982553],[80.224361,12.982932],[80.224344,12.983244]]}},{"type":"Feature","properties":{"id":"R0289","name":"Dhandeeshwaram Nagar 6th Main Road","highway":"residential","osm_way":428730486,"width_m":6.0,"length_m":171.6,"surface_area":1029.9,"catchment_m2":6179.3,"inlet_capacity_lps":43.2,"nearest_drain":"MH-154","from_node":"J325208583","to_node":"J4278233222"},"geometry":{"type":"LineString","coordinates":[[80.224722,12.984792],[80.224736,12.984089],[80.224744,12.983686],[80.224756,12.983249]]}},{"type":"Feature","properties":{"id":"R0290","name":"Dhandeeshwaram Nagar 6th Main Road","highway":"residential","osm_way":428730486,"width_m":6.0,"length_m":75.9,"surface_area":455.5,"catchment_m2":2732.8,"inlet_capacity_lps":21.6,"nearest_drain":"MH-139","from_node":"J4278233222","to_node":"J325209363"},"geometry":{"type":"LineString","coordinates":[[80.224756,12.983249],[80.224776,12.982567]]}},{"type":"Feature","properties":{"id":"R0291","name":"Dhandeeshwaram Nagar 9th Cross Avenue","highway":"residential","osm_way":27370113,"width_m":6.0,"length_m":75.4,"surface_area":452.4,"catchment_m2":2714.6,"inlet_capacity_lps":21.6,"nearest_drain":"MH-108","from_node":"J325210343","to_node":"J325209553"},"geometry":{"type":"LineString","coordinates":[[80.223111,12.980089],[80.223083,12.980766]]}},{"type":"Feature","properties":{"id":"R0292","name":"Dhandeeswaram Nagar 10th Cross Road","highway":"residential","osm_way":27354936,"width_m":6.0,"length_m":31.1,"surface_area":186.7,"catchment_m2":1120.2,"inlet_capacity_lps":7.2,"nearest_drain":"MH-096","from_node":"J300311871","to_node":"J325210260"},"geometry":{"type":"LineString","coordinates":[[80.223501,12.979485],[80.223787,12.979512]]}},{"type":"Feature","properties":{"id":"R0293","name":"Dhandeeswaram Nagar 10th Cross Road","highway":"residential","osm_way":27354936,"width_m":6.0,"length_m":76.3,"surface_area":457.7,"catchment_m2":2746.3,"inlet_capacity_lps":21.6,"nearest_drain":"MH-097","from_node":"J325210260","to_node":"J338417879"},"geometry":{"type":"LineString","coordinates":[[80.223787,12.979512],[80.224491,12.97953]]}},{"type":"Feature","properties":{"id":"R0294","name":"Dhandeeswaram Nagar 10th Cross Road","highway":"residential","osm_way":27354936,"width_m":6.0,"length_m":24.4,"surface_area":146.3,"catchment_m2":877.8,"inlet_capacity_lps":7.2,"nearest_drain":"MH-097","from_node":"J338417879","to_node":"J300311668"},"geometry":{"type":"LineString","coordinates":[[80.224491,12.97953],[80.224716,12.979537]]}},{"type":"Feature","properties":{"id":"R0295","name":"Dhandeeswaram Nagar 10th Cross Road","highway":"residential","osm_way":27354936,"width_m":6.0,"length_m":88.7,"surface_area":532.0,"catchment_m2":3192.3,"inlet_capacity_lps":21.6,"nearest_drain":"MH-096","from_node":"J2407564046","to_node":"J300311871"},"geometry":{"type":"LineString","coordinates":[[80.222685,12.979498],[80.222703,12.979489],[80.222724,12.979486],[80.223501,12.979485]]}},{"type":"Feature","properties":{"id":"R0296","name":"Dhandeeswaram Nagar 10th Main Road","highway":"residential","osm_way":30605100,"width_m":6.0,"length_m":58.8,"surface_area":352.9,"catchment_m2":2117.2,"inlet_capacity_lps":14.4,"nearest_drain":"MH-097","from_node":"J325210242","to_node":"J338417879"},"geometry":{"type":"LineString","coordinates":[[80.22449,12.979001],[80.224491,12.97953]]}},{"type":"Feature","properties":{"id":"R0297","name":"Dhandeeswaram Nagar 10th Main Road","highway":"residential","osm_way":30605100,"width_m":6.0,"length_m":37.0,"surface_area":221.9,"catchment_m2":1331.1,"inlet_capacity_lps":7.2,"nearest_drain":"MH-097","from_node":"J338417876","to_node":"J325210242"},"geometry":{"type":"LineString","coordinates":[[80.224494,12.978668],[80.22449,12.979001]]}},{"type":"Feature","properties":{"id":"R0298","name":"Dhandeeswaram Nagar 11th Cross Road","highway":"residential","osm_way":29503289,"width_m":6.0,"length_m":107.6,"surface_area":645.9,"catchment_m2":3875.2,"inlet_capacity_lps":28.8,"nearest_drain":"MH-096","from_node":"J325210234","to_node":"J325210242"},"geometry":{"type":"LineString","coordinates":[[80.223496,12.978984],[80.22449,12.979001]]}},{"type":"Feature","properties":{"id":"R0299","name":"Dhandeeswaram Nagar 12th Cross Road","highway":"residential","osm_way":428734764,"width_m":6.0,"length_m":109.8,"surface_area":658.8,"catchment_m2":3953.0,"inlet_capacity_lps":28.8,"nearest_drain":"MH-083","from_node":"J325210179","to_node":"J338417876"},"geometry":{"type":"LineString","coordinates":[[80.223505,12.978546],[80.22425,12.978565],[80.224271,12.978566],[80.224294,12.978572],[80.22431,12.978579],[80.224326,12.978587],[80.224494,12.978668]]}},{"type":"Feature","properties":{"id":"R0300","name":"Dhandeeswaram Nagar 12th Cross Road","highway":"residential","osm_way":428734764,"width_m":6.0,"length_m":43.5,"surface_area":261.1,"catchment_m2":1566.4,"inlet_capacity_lps":7.2,"nearest_drain":"MH-083","from_node":"J338417876","to_node":"J4278284259"},"geometry":{"type":"LineString","coordinates":[[80.224494,12.978668],[80.224628,12.978737],[80.224851,12.978848]]}},{"type":"Feature","properties":{"id":"R0301","name":"Dhandeeswaram Nagar 1st Cross Road","highway":"residential","osm_way":27355034,"width_m":6.0,"length_m":49.5,"surface_area":297.1,"catchment_m2":1782.8,"inlet_capacity_lps":14.4,"nearest_drain":"MH-168","from_node":"J300463862","to_node":"J4278233223"},"geometry":{"type":"LineString","coordinates":[[80.22424,12.984795],[80.223783,12.984802]]}},{"type":"Feature","properties":{"id":"R0302","name":"Dhandeeswaram Nagar 1st Cross Road","highway":"residential","osm_way":27355034,"width_m":6.0,"length_m":52.2,"surface_area":313.0,"catchment_m2":1878.2,"inlet_capacity_lps":14.4,"nearest_drain":"MH-169","from_node":"J325208583","to_node":"J300463862"},"geometry":{"type":"LineString","coordinates":[[80.224722,12.984792],[80.22424,12.984795]]}},{"type":"Feature","properties":{"id":"R0303","name":"Dhandeeswaram Nagar 1st Cross Road","highway":"residential","osm_way":27355034,"width_m":6.0,"length_m":13.8,"surface_area":82.9,"catchment_m2":497.4,"inlet_capacity_lps":7.2,"nearest_drain":"MH-168","from_node":"J4278233223","to_node":"J300312692"},"geometry":{"type":"LineString","coordinates":[[80.223783,12.984802],[80.223656,12.984804]]}},{"type":"Feature","properties":{"id":"R0304","name":"Dhandeeswaram Nagar 4th Avenue [west]","highway":"residential","osm_way":27354983,"width_m":6.0,"length_m":33.5,"surface_area":201.3,"catchment_m2":1207.7,"inlet_capacity_lps":7.2,"nearest_drain":"MH-110","from_node":"J4278233218","to_node":"J325210170"},"geometry":{"type":"LineString","coordinates":[[80.224373,12.98046],[80.224682,12.980479]]}},{"type":"Feature","properties":{"id":"R0305","name":"Dhandeeswaram Nagar 4th Avenue [west]","highway":"residential","osm_way":428734756,"width_m":6.0,"length_m":98.3,"surface_area":590.0,"catchment_m2":3540.2,"inlet_capacity_lps":21.6,"nearest_drain":"MH-110","from_node":"J4278233218","to_node":"J300311870"},"geometry":{"type":"LineString","coordinates":[[80.224373,12.98046],[80.224237,12.980453],[80.224006,12.980441],[80.223991,12.98044],[80.223984,12.980434],[80.223976,12.980424],[80.223976,12.980412],[80.223986,12.980175],[80.223984,12.980154],[80.223964,12.980147],[80.22376,12.980133]]}},{"type":"Feature","properties":{"id":"R0306","name":"Dhandeeswaram Nagar 4th Avenue [west] 1 cross street","highway":"residential","osm_way":428730491,"width_m":6.0,"length_m":60.9,"surface_area":365.2,"catchment_m2":2191.2,"inlet_capacity_lps":14.4,"nearest_drain":"MH-110","from_node":"J338417900","to_node":"J325210170"},"geometry":{"type":"LineString","coordinates":[[80.224703,12.979933],[80.224682,12.980479]]}},{"type":"Feature","properties":{"id":"R0307","name":"Dhandeeswaram Nagar 4th Avenue [west] 2 cross street","highway":"residential","osm_way":428730492,"width_m":6.0,"length_m":71.7,"surface_area":430.0,"catchment_m2":2579.8,"inlet_capacity_lps":14.4,"nearest_drain":"MH-097","from_node":"J4278233218","to_node":"J4278233217"},"geometry":{"type":"LineString","coordinates":[[80.224373,12.98046],[80.224397,12.979817]]}},{"type":"Feature","properties":{"id":"R0308","name":"Dhandeeswaram Nagar 8th Cross Road","highway":"residential","osm_way":427338802,"width_m":6.0,"length_m":69.3,"surface_area":415.7,"catchment_m2":2494.4,"inlet_capacity_lps":14.4,"nearest_drain":"MH-109","from_node":"J300311630","to_node":"J325209553"},"geometry":{"type":"LineString","coordinates":[[80.223722,12.980775],[80.223083,12.980766]]}},{"type":"Feature","properties":{"id":"R0309","name":"Dhandeeswaram Nagar 8th Cross Road","highway":"residential","osm_way":427338802,"width_m":6.0,"length_m":37.7,"surface_area":226.0,"catchment_m2":1356.0,"inlet_capacity_lps":7.2,"nearest_drain":"MH-108","from_node":"J325209553","to_node":"J325209560"},"geometry":{"type":"LineString","coordinates":[[80.223083,12.980766],[80.222963,12.980763],[80.222735,12.980757]]}},{"type":"Feature","properties":{"id":"R0310","name":"Dhandeeswaram Nagar 8th Cross Road","highway":"residential","osm_way":427338802,"width_m":6.0,"length_m":28.8,"surface_area":172.6,"catchment_m2":1035.8,"inlet_capacity_lps":7.2,"nearest_drain":"MH-108","from_node":"J325209560","to_node":"J6445277942"},"geometry":{"type":"LineString","coordinates":[[80.222735,12.980757],[80.222521,12.980759],[80.22247,12.98076]]}},{"type":"Feature","properties":{"id":"R0311","name":"Dhandeeswaram Nagar 9th Cross Road","highway":"residential","osm_way":29503292,"width_m":6.0,"length_m":70.5,"surface_area":423.1,"catchment_m2":2538.6,"inlet_capacity_lps":14.4,"nearest_drain":"MH-109","from_node":"J300311870","to_node":"J325210343"},"geometry":{"type":"LineString","coordinates":[[80.22376,12.980133],[80.223111,12.980089]]}},{"type":"Feature","properties":{"id":"R0312","name":"Dhandeeswaram Nagar 9th Cross Road","highway":"residential","osm_way":29503292,"width_m":6.0,"length_m":48.0,"surface_area":288.2,"catchment_m2":1729.1,"inlet_capacity_lps":14.4,"nearest_drain":"MH-108","from_node":"J325210343","to_node":"J2407564048"},"geometry":{"type":"LineString","coordinates":[[80.223111,12.980089],[80.222668,12.980081]]}},{"type":"Feature","properties":{"id":"R0313","name":"Dhandeeswaram Nagar 9th Cross Road","highway":"residential","osm_way":29503292,"width_m":6.0,"length_m":9.0,"surface_area":53.9,"catchment_m2":323.3,"inlet_capacity_lps":7.2,"nearest_drain":"MH-108","from_node":"J2407564048","to_node":"J325210282"},"geometry":{"type":"LineString","coordinates":[[80.222668,12.980081],[80.222585,12.980075]]}},{"type":"Feature","properties":{"id":"R0314","name":"Dhandeeswaram Nagar 9th Main Road;Tansi Nagar 3rd street","highway":"residential","osm_way":27355140,"width_m":6.0,"length_m":48.7,"surface_area":292.1,"catchment_m2":1752.9,"inlet_capacity_lps":14.4,"nearest_drain":"MH-096","from_node":"J325210179","to_node":"J325210234"},"geometry":{"type":"LineString","coordinates":[[80.223505,12.978546],[80.223496,12.978984]]}},{"type":"Feature","properties":{"id":"R0315","name":"Dhandeeswaram Nagar 9th Main Road;Tansi Nagar 3rd street","highway":"residential","osm_way":27355140,"width_m":6.0,"length_m":55.8,"surface_area":334.9,"catchment_m2":2009.2,"inlet_capacity_lps":14.4,"nearest_drain":"MH-096","from_node":"J325210234","to_node":"J300311871"},"geometry":{"type":"LineString","coordinates":[[80.223496,12.978984],[80.223501,12.979485]]}},{"type":"Feature","properties":{"id":"R0316","name":"Dhandeeswaram Nagar 9th Main Road;Tansi Nagar 3rd street","highway":"residential","osm_way":27355140,"width_m":6.0,"length_m":45.8,"surface_area":275.0,"catchment_m2":1650.0,"inlet_capacity_lps":14.4,"nearest_drain":"MH-082","from_node":"J2168576110","to_node":"J325210179"},"geometry":{"type":"LineString","coordinates":[[80.223506,12.978134],[80.223505,12.978546]]}},{"type":"Feature","properties":{"id":"R0317","name":"EB Colony 1st Street","highway":"residential","osm_way":27343708,"width_m":6.0,"length_m":134.2,"surface_area":805.0,"catchment_m2":4830.2,"inlet_capacity_lps":28.8,"nearest_drain":"MH-172","from_node":"J300188534","to_node":"J300165129"},"geometry":{"type":"LineString","coordinates":[[80.211685,12.98523],[80.212922,12.985181]]}},{"type":"Feature","properties":{"id":"R0318","name":"EB Colony 1st Street","highway":"residential","osm_way":27343708,"width_m":6.0,"length_m":142.8,"surface_area":856.6,"catchment_m2":5139.6,"inlet_capacity_lps":36.0,"nearest_drain":"MH-171","from_node":"J300305184","to_node":"J300188534"},"geometry":{"type":"LineString","coordinates":[[80.210368,12.985258],[80.211685,12.98523]]}},{"type":"Feature","properties":{"id":"R0319","name":"East Mada Street","highway":"residential","osm_way":27355049,"width_m":6.0,"length_m":34.4,"surface_area":206.3,"catchment_m2":1238.0,"inlet_capacity_lps":7.2,"nearest_drain":"MH-181","from_node":"J325209565","to_node":"J2407565892"},"geometry":{"type":"LineString","coordinates":[[80.224178,12.985269],[80.224194,12.985275],[80.224205,12.985284],[80.224212,12.985295],[80.224283,12.985493],[80.224298,12.985546]]}},{"type":"Feature","properties":{"id":"R0320","name":"East Mada Street","highway":"residential","osm_way":27355049,"width_m":6.0,"length_m":93.4,"surface_area":560.7,"catchment_m2":3364.1,"inlet_capacity_lps":21.6,"nearest_drain":"MH-197","from_node":"J325209567","to_node":"J300312789"},"geometry":{"type":"LineString","coordinates":[[80.224336,12.985741],[80.224388,12.985997],[80.224584,12.986544]]}},{"type":"Feature","properties":{"id":"R0321","name":"East Mada Street","highway":"residential","osm_way":27355049,"width_m":6.0,"length_m":22.0,"surface_area":132.2,"catchment_m2":793.4,"inlet_capacity_lps":7.2,"nearest_drain":"MH-182","from_node":"J2407565892","to_node":"J325209567"},"geometry":{"type":"LineString","coordinates":[[80.224298,12.985546],[80.224336,12.985741]]}},{"type":"Feature","properties":{"id":"R0322","name":"Gangai Nagar 2nd Cross Street","highway":"residential","osm_way":687538636,"width_m":6.0,"length_m":239.2,"surface_area":1435.0,"catchment_m2":8610.0,"inlet_capacity_lps":57.6,"nearest_drain":"MH-159","from_node":"J300165208","to_node":"J11770291505"},"geometry":{"type":"LineString","coordinates":[[80.2145,12.984711],[80.216168,12.984776],[80.216661,12.984805],[80.216687,12.984802],[80.216702,12.984792]]}},{"type":"Feature","properties":{"id":"R0323","name":"Golden Avenue 1st Street","highway":"residential","osm_way":206673891,"width_m":6.0,"length_m":61.8,"surface_area":371.1,"catchment_m2":2226.3,"inlet_capacity_lps":14.4,"nearest_drain":"MH-060","from_node":"J2167148991","to_node":"J2167148985"},"geometry":{"type":"LineString","coordinates":[[80.216989,12.977063],[80.21642,12.977021]]}},{"type":"Feature","properties":{"id":"R0324","name":"Golden Avenue 2nd Street","highway":"residential","osm_way":206673799,"width_m":6.0,"length_m":66.3,"surface_area":397.7,"catchment_m2":2386.0,"inlet_capacity_lps":14.4,"nearest_drain":"MH-060","from_node":"J2167149016","to_node":"J2167149000"},"geometry":{"type":"LineString","coordinates":[[80.216964,12.97723],[80.216354,12.977191]]}},{"type":"Feature","properties":{"id":"R0325","name":"Golden Avenue Main Road","highway":"residential","osm_way":27370187,"width_m":6.0,"length_m":126.3,"surface_area":758.1,"catchment_m2":4548.3,"inlet_capacity_lps":28.8,"nearest_drain":"MH-047","from_node":"J300464088","to_node":"J300464089"},"geometry":{"type":"LineString","coordinates":[[80.218177,12.976945],[80.217014,12.976861]]}},{"type":"Feature","properties":{"id":"R0326","name":"JagannathaPuram 1st Cross Street","highway":"residential","osm_way":335531988,"width_m":6.0,"length_m":78.8,"surface_area":473.1,"catchment_m2":2838.3,"inlet_capacity_lps":21.6,"nearest_drain":"MH-180","from_node":"J3426336740","to_node":"J3426336738"},"geometry":{"type":"LineString","coordinates":[[80.22094,12.985671],[80.220909,12.984962]]}},{"type":"Feature","properties":{"id":"R0327","name":"JagannathaPuram 1st Main road","highway":"residential","osm_way":27355065,"width_m":6.0,"length_m":139.8,"surface_area":838.8,"catchment_m2":5032.7,"inlet_capacity_lps":36.0,"nearest_drain":"MH-166","from_node":"J300312864","to_node":"J3426336740"},"geometry":{"type":"LineString","coordinates":[[80.221753,12.98485],[80.221748,12.985133],[80.221439,12.985459],[80.22094,12.985671]]}},{"type":"Feature","properties":{"id":"R0328","name":"JagannathaPuram 1st Main road","highway":"residential","osm_way":27355065,"width_m":6.0,"length_m":70.1,"surface_area":420.4,"catchment_m2":2522.2,"inlet_capacity_lps":14.4,"nearest_drain":"MH-166","from_node":"J325207131","to_node":"J300312864"},"geometry":{"type":"LineString","coordinates":[[80.221829,12.984229],[80.221748,12.984572],[80.221753,12.98485]]}},{"type":"Feature","properties":{"id":"R0329","name":"JagannathaPuram 1st Main road","highway":"residential","osm_way":27355065,"width_m":6.0,"length_m":24.6,"surface_area":147.8,"catchment_m2":886.6,"inlet_capacity_lps":7.2,"nearest_drain":"MH-180","from_node":"J3426336740","to_node":"J4300667153"},"geometry":{"type":"LineString","coordinates":[[80.22094,12.985671],[80.220736,12.985768]]}},{"type":"Feature","properties":{"id":"R0330","name":"JagannathaPuram 2nd Main road","highway":"residential","osm_way":430799558,"width_m":6.0,"length_m":92.3,"surface_area":553.9,"catchment_m2":3323.6,"inlet_capacity_lps":21.6,"nearest_drain":"MH-166","from_node":"J300312864","to_node":"J3426336738"},"geometry":{"type":"LineString","coordinates":[[80.221753,12.98485],[80.220909,12.984962]]}},{"type":"Feature","properties":{"id":"R0331","name":"JagannathaPuram 2nd Main road","highway":"residential","osm_way":430799558,"width_m":6.0,"length_m":25.8,"surface_area":154.9,"catchment_m2":929.6,"inlet_capacity_lps":7.2,"nearest_drain":"MH-180","from_node":"J3426336738","to_node":"J4300667150"},"geometry":{"type":"LineString","coordinates":[[80.220909,12.984962],[80.220674,12.985002]]}},{"type":"Feature","properties":{"id":"R0332","name":"JagannathaPuram 2nd Street","highway":"residential","osm_way":27355067,"width_m":6.0,"length_m":66.0,"surface_area":395.8,"catchment_m2":2375.0,"inlet_capacity_lps":14.4,"nearest_drain":"MH-180","from_node":"J325207251","to_node":"J325207254"},"geometry":{"type":"LineString","coordinates":[[80.220329,12.984442],[80.220369,12.985034]]}},{"type":"Feature","properties":{"id":"R0333","name":"JagannathaPuram 2nd Street","highway":"residential","osm_way":27355067,"width_m":6.0,"length_m":91.8,"surface_area":550.6,"catchment_m2":3303.6,"inlet_capacity_lps":21.6,"nearest_drain":"MH-193","from_node":"J325207254","to_node":"J300312835"},"geometry":{"type":"LineString","coordinates":[[80.220369,12.985034],[80.220438,12.985857]]}},{"type":"Feature","properties":{"id":"R0334","name":"Karnam Street","highway":"residential","osm_way":1190298613,"width_m":6.0,"length_m":85.1,"surface_area":510.7,"catchment_m2":3064.0,"inlet_capacity_lps":21.6,"nearest_drain":"MH-152","from_node":"J11052089959","to_node":"J11052089962"},"geometry":{"type":"LineString","coordinates":[[80.222555,12.983064],[80.222581,12.983692],[80.222574,12.983739],[80.222508,12.9838]]}},{"type":"Feature","properties":{"id":"R0335","name":"Kathiravan Nagar","highway":"residential","osm_way":447996280,"width_m":6.0,"length_m":127.5,"surface_area":764.9,"catchment_m2":4589.6,"inlet_capacity_lps":28.8,"nearest_drain":"MH-023","from_node":"J338406546","to_node":"J14014630764"},"geometry":{"type":"LineString","coordinates":[[80.222617,12.974825],[80.222563,12.974154],[80.222561,12.974136],[80.222566,12.974123],[80.22258,12.974111],[80.222597,12.974108],[80.223014,12.974112]]}},{"type":"Feature","properties":{"id":"R0336","name":"Kathiravan Nagar","highway":"residential","osm_way":447996280,"width_m":6.0,"length_m":22.0,"surface_area":132.2,"catchment_m2":793.4,"inlet_capacity_lps":7.2,"nearest_drain":"MH-024","from_node":"J14014630764","to_node":"J4450561191"},"geometry":{"type":"LineString","coordinates":[[80.223014,12.974112],[80.223218,12.974112]]}},{"type":"Feature","properties":{"id":"R0337","name":"Kaveri Street","highway":"residential","osm_way":232405626,"width_m":6.0,"length_m":82.9,"surface_area":497.2,"catchment_m2":2983.2,"inlet_capacity_lps":21.6,"nearest_drain":"MH-060","from_node":"J2407565207","to_node":"J2407565208"},"geometry":{"type":"LineString","coordinates":[[80.216921,12.977448],[80.217684,12.977496]]}},{"type":"Feature","properties":{"id":"R0338","name":"LIC Colony 1st street","highway":"residential","osm_way":428734759,"width_m":6.0,"length_m":65.4,"surface_area":392.1,"catchment_m2":2352.7,"inlet_capacity_lps":14.4,"nearest_drain":"MH-066","from_node":"J338461428","to_node":"J338461433"},"geometry":{"type":"LineString","coordinates":[[80.222223,12.977541],[80.222262,12.976954]]}},{"type":"Feature","properties":{"id":"R0339","name":"LIC Colony 2nd Street","highway":"residential","osm_way":566581210,"width_m":6.0,"length_m":8.3,"surface_area":49.7,"catchment_m2":298.2,"inlet_capacity_lps":7.2,"nearest_drain":"MH-066","from_node":"J4450473918","to_node":"J4926000719"},"geometry":{"type":"LineString","coordinates":[[80.222763,12.976993],[80.22275,12.977067]]}},{"type":"Feature","properties":{"id":"R0340","name":"LIC Colony 2nd Street","highway":"residential","osm_way":566581210,"width_m":6.0,"length_m":55.8,"surface_area":334.9,"catchment_m2":2009.1,"inlet_capacity_lps":14.4,"nearest_drain":"MH-066","from_node":"J4926000719","to_node":"J325210401"},"geometry":{"type":"LineString","coordinates":[[80.22275,12.977067],[80.222696,12.977566]]}},{"type":"Feature","properties":{"id":"R0341","name":"LIC Colony Main Road","highway":"residential","osm_way":30605099,"width_m":6.0,"length_m":23.1,"surface_area":138.4,"catchment_m2":830.5,"inlet_capacity_lps":7.2,"nearest_drain":"MH-066","from_node":"J325210401","to_node":"J11832551069"},"geometry":{"type":"LineString","coordinates":[[80.222696,12.977566],[80.222484,12.977555]]}},{"type":"Feature","properties":{"id":"R0342","name":"LIC Colony Main Road","highway":"residential","osm_way":30605099,"width_m":6.0,"length_m":28.5,"surface_area":170.8,"catchment_m2":1024.9,"inlet_capacity_lps":7.2,"nearest_drain":"MH-066","from_node":"J338461428","to_node":"J11043694100"},"geometry":{"type":"LineString","coordinates":[[80.222223,12.977541],[80.221989,12.977531],[80.221961,12.97753]]}},{"type":"Feature","properties":{"id":"R0343","name":"LIC Colony Main Road","highway":"residential","osm_way":30605099,"width_m":6.0,"length_m":64.0,"surface_area":384.0,"catchment_m2":2304.0,"inlet_capacity_lps":14.4,"nearest_drain":"MH-065","from_node":"J11043694100","to_node":"J11832531985"},"geometry":{"type":"LineString","coordinates":[[80.221961,12.97753],[80.221371,12.977507]]}},{"type":"Feature","properties":{"id":"R0344","name":"LIC Colony Main Road","highway":"residential","osm_way":30605099,"width_m":6.0,"length_m":17.8,"surface_area":107.0,"catchment_m2":642.2,"inlet_capacity_lps":7.2,"nearest_drain":"MH-065","from_node":"J11832531985","to_node":"J325210402"},"geometry":{"type":"LineString","coordinates":[[80.221371,12.977507],[80.221291,12.977505],[80.221206,12.977501]]}},{"type":"Feature","properties":{"id":"R0345","name":"LIC Colony Main Road","highway":"residential","osm_way":30605099,"width_m":6.0,"length_m":28.3,"surface_area":169.7,"catchment_m2":1018.0,"inlet_capacity_lps":7.2,"nearest_drain":"MH-066","from_node":"J11832551069","to_node":"J338461428"},"geometry":{"type":"LineString","coordinates":[[80.222484,12.977555],[80.222223,12.977541]]}},{"type":"Feature","properties":{"id":"R0346","name":"Lake View Road","highway":"residential","osm_way":1268084729,"width_m":6.0,"length_m":68.5,"surface_area":411.0,"catchment_m2":2466.3,"inlet_capacity_lps":14.4,"nearest_drain":"MH-201","from_node":"J291018468","to_node":"J300306136"},"geometry":{"type":"LineString","coordinates":[[80.213602,12.986935],[80.213771,12.986929],[80.214234,12.986913]]}},{"type":"Feature","properties":{"id":"R0347","name":"Lake View Road","highway":"residential","osm_way":26551307,"width_m":6.0,"length_m":279.2,"surface_area":1675.4,"catchment_m2":10052.2,"inlet_capacity_lps":64.8,"nearest_drain":"MH-199","from_node":"J299385806","to_node":"J299879508"},"geometry":{"type":"LineString","coordinates":[[80.21046,12.987396],[80.210494,12.987395],[80.211408,12.987315],[80.212031,12.987252],[80.213009,12.987054]]}},{"type":"Feature","properties":{"id":"R0348","name":"Lake View Road","highway":"residential","osm_way":26551307,"width_m":6.0,"length_m":65.6,"surface_area":393.5,"catchment_m2":2360.8,"inlet_capacity_lps":14.4,"nearest_drain":"MH-199","from_node":"J299879508","to_node":"J291018468"},"geometry":{"type":"LineString","coordinates":[[80.213009,12.987054],[80.213602,12.986935]]}},{"type":"Feature","properties":{"id":"R0349","name":"Lake View Road","highway":"residential","osm_way":1268084728,"width_m":6.0,"length_m":15.6,"surface_area":93.3,"catchment_m2":560.0,"inlet_capacity_lps":7.2,"nearest_drain":"MH-201","from_node":"J300306136","to_node":"J11039540822"},"geometry":{"type":"LineString","coordinates":[[80.214234,12.986913],[80.214296,12.986943],[80.214366,12.986966]]}},{"type":"Feature","properties":{"id":"R0350","name":"Lake View Road","highway":"residential","osm_way":1188900721,"width_m":6.0,"length_m":409.1,"surface_area":2454.6,"catchment_m2":14727.8,"inlet_capacity_lps":100.8,"nearest_drain":"MH-201","from_node":"J11039540822","to_node":"J13793703061"},"geometry":{"type":"LineString","coordinates":[[80.214366,12.986966],[80.214454,12.986965],[80.214932,12.986851],[80.21508,12.986847],[80.215312,12.986856],[80.215454,12.986849],[80.215781,12.986774],[80.216,12.986751],[80.216304,12.986757],[80.216649,12.986813],[80.216889,12.986846],[80.217069,12.986836],[80.217451,12.986714],[80.217689,12.986669],[80.217881,12.986623],[80.218072,12.986569]]}},{"type":"Feature","properties":{"id":"R0351","name":"Lakshmi Hayagriva 1st Main Road","highway":"residential","osm_way":27371077,"width_m":6.0,"length_m":144.6,"surface_area":867.6,"catchment_m2":5205.8,"inlet_capacity_lps":36.0,"nearest_drain":"MH-184","from_node":"J299385811","to_node":"J300165127"},"geometry":{"type":"LineString","coordinates":[[80.210377,12.986188],[80.21171,12.986115]]}},{"type":"Feature","properties":{"id":"R0352","name":"Lakshmi Hayagriva 1st Main Road","highway":"residential","osm_way":27371077,"width_m":6.0,"length_m":133.7,"surface_area":802.3,"catchment_m2":4814.0,"inlet_capacity_lps":28.8,"nearest_drain":"MH-185","from_node":"J300165127","to_node":"J338223280"},"geometry":{"type":"LineString","coordinates":[[80.21171,12.986115],[80.212943,12.986057]]}},{"type":"Feature","properties":{"id":"R0353","name":"Lakshmi Hayagriva 1st Main Road","highway":"residential","osm_way":27371077,"width_m":6.0,"length_m":55.6,"surface_area":333.4,"catchment_m2":2000.1,"inlet_capacity_lps":14.4,"nearest_drain":"MH-185","from_node":"J338223280","to_node":"J299382730"},"geometry":{"type":"LineString","coordinates":[[80.212943,12.986057],[80.213455,12.986049]]}},{"type":"Feature","properties":{"id":"R0354","name":"Lakshmi Hayagriva 2nd Main Road","highway":"residential","osm_way":27343709,"width_m":6.0,"length_m":148.1,"surface_area":888.9,"catchment_m2":5333.4,"inlet_capacity_lps":36.0,"nearest_drain":"MH-171","from_node":"J300165130","to_node":"J6497684538"},"geometry":{"type":"LineString","coordinates":[[80.210328,12.985705],[80.211695,12.985677]]}},{"type":"Feature","properties":{"id":"R0355","name":"Lakshmi Hayagriva 2nd Main Road","highway":"residential","osm_way":27343709,"width_m":6.0,"length_m":134.1,"surface_area":804.3,"catchment_m2":4825.9,"inlet_capacity_lps":28.8,"nearest_drain":"MH-172","from_node":"J6497684538","to_node":"J300165131"},"geometry":{"type":"LineString","coordinates":[[80.211695,12.985677],[80.212932,12.985662]]}},{"type":"Feature","properties":{"id":"R0356","name":"Lakshmipuram 3rd street","highway":"residential","osm_way":427336346,"width_m":6.0,"length_m":76.8,"surface_area":460.6,"catchment_m2":2763.8,"inlet_capacity_lps":21.6,"nearest_drain":"MH-193","from_node":"J4265654359","to_node":"J11770278892"},"geometry":{"type":"LineString","coordinates":[[80.221534,12.986674],[80.221461,12.986355],[80.221453,12.986334],[80.221444,12.986325],[80.221432,12.986327],[80.221413,12.986334],[80.221195,12.986417],[80.221159,12.98643],[80.221127,12.986425]]}},{"type":"Feature","properties":{"id":"R0357","name":"Lakshmipuram 3rd street","highway":"residential","osm_way":427336346,"width_m":6.0,"length_m":45.9,"surface_area":275.6,"catchment_m2":1653.8,"inlet_capacity_lps":14.4,"nearest_drain":"MH-194","from_node":"J11770278892","to_node":"J11770278885"},"geometry":{"type":"LineString","coordinates":[[80.221127,12.986425],[80.221108,12.986396],[80.221095,12.986329],[80.22109,12.986271],[80.221092,12.986253],[80.221109,12.98623],[80.22113,12.98622],[80.221307,12.98616]]}},{"type":"Feature","properties":{"id":"R0358","name":"Lakshmipuram Main Road","highway":"residential","osm_way":27355089,"width_m":6.0,"length_m":101.8,"surface_area":610.9,"catchment_m2":3665.2,"inlet_capacity_lps":21.6,"nearest_drain":"MH-195","from_node":"J325206683","to_node":"J338440186"},"geometry":{"type":"LineString","coordinates":[[80.22298,12.985971],[80.222797,12.985972],[80.222636,12.986113],[80.222572,12.986245],[80.222349,12.98637],[80.222218,12.986394]]}},{"type":"Feature","properties":{"id":"R0359","name":"Lakshmipuram Main Road","highway":"residential","osm_way":27355089,"width_m":6.0,"length_m":41.0,"surface_area":245.7,"catchment_m2":1474.2,"inlet_capacity_lps":7.2,"nearest_drain":"MH-195","from_node":"J338440186","to_node":"J11770224843"},"geometry":{"type":"LineString","coordinates":[[80.222218,12.986394],[80.221988,12.986437],[80.221868,12.986514]]}},{"type":"Feature","properties":{"id":"R0360","name":"Lakshmipuram Main Road","highway":"residential","osm_way":27355089,"width_m":6.0,"length_m":11.0,"surface_area":65.9,"catchment_m2":395.4,"inlet_capacity_lps":7.2,"nearest_drain":"MH-194","from_node":"J4265654358","to_node":"J4265654359"},"geometry":{"type":"LineString","coordinates":[[80.221627,12.986635],[80.221534,12.986674]]}},{"type":"Feature","properties":{"id":"R0361","name":"Lakshmipuram Main Road","highway":"residential","osm_way":27355089,"width_m":6.0,"length_m":41.6,"surface_area":249.4,"catchment_m2":1496.5,"inlet_capacity_lps":7.2,"nearest_drain":"MH-194","from_node":"J4265654359","to_node":"J300313188"},"geometry":{"type":"LineString","coordinates":[[80.221534,12.986674],[80.221182,12.986822]]}},{"type":"Feature","properties":{"id":"R0362","name":"Lakshmipuram Main Road","highway":"residential","osm_way":27355089,"width_m":6.0,"length_m":29.3,"surface_area":176.1,"catchment_m2":1056.4,"inlet_capacity_lps":7.2,"nearest_drain":"MH-194","from_node":"J11770224843","to_node":"J4265654358"},"geometry":{"type":"LineString","coordinates":[[80.221868,12.986514],[80.221627,12.986635]]}},{"type":"Feature","properties":{"id":"R0363","name":"Lakshmipuram Street","highway":"residential","osm_way":27355084,"width_m":6.0,"length_m":50.3,"surface_area":301.7,"catchment_m2":1810.4,"inlet_capacity_lps":14.4,"nearest_drain":"MH-211","from_node":"J338440033","to_node":"J11050668344"},"geometry":{"type":"LineString","coordinates":[[80.21997,12.987683],[80.219553,12.987882]]}},{"type":"Feature","properties":{"id":"R0364","name":"Lakshmipuram Street","highway":"residential","osm_way":27355084,"width_m":6.0,"length_m":161.7,"surface_area":970.5,"catchment_m2":5823.0,"inlet_capacity_lps":36.0,"nearest_drain":"MH-204","from_node":"J4265654358","to_node":"J11770224846"},"geometry":{"type":"LineString","coordinates":[[80.221627,12.986635],[80.221695,12.986807],[80.221701,12.986832],[80.2217,12.986852],[80.22168,12.986868],[80.22166,12.986876],[80.220768,12.987252],[80.220557,12.98736]]}},{"type":"Feature","properties":{"id":"R0365","name":"Lakshmipuram Street","highway":"residential","osm_way":27355084,"width_m":6.0,"length_m":28.8,"surface_area":172.6,"catchment_m2":1035.7,"inlet_capacity_lps":7.2,"nearest_drain":"MH-211","from_node":"J11050668344","to_node":"J11064227029"},"geometry":{"type":"LineString","coordinates":[[80.219553,12.987882],[80.219374,12.987961],[80.219305,12.98797]]}},{"type":"Feature","properties":{"id":"R0366","name":"Lakshmipuram Street","highway":"residential","osm_way":1309405574,"width_m":6.0,"length_m":105.4,"surface_area":632.5,"catchment_m2":3794.9,"inlet_capacity_lps":28.8,"nearest_drain":"MH-202","from_node":"J11064227029","to_node":"J11064227031"},"geometry":{"type":"LineString","coordinates":[[80.219305,12.98797],[80.219278,12.987964],[80.219256,12.987945],[80.218835,12.987153]]}},{"type":"Feature","properties":{"id":"R0367","name":"Lakshmipuram Street","highway":"residential","osm_way":27355084,"width_m":6.0,"length_m":26.2,"surface_area":157.0,"catchment_m2":942.1,"inlet_capacity_lps":7.2,"nearest_drain":"MH-204","from_node":"J11770224846","to_node":"J11770278873"},"geometry":{"type":"LineString","coordinates":[[80.220557,12.98736],[80.220351,12.987483]]}},{"type":"Feature","properties":{"id":"R0368","name":"Lakshmipuram Street","highway":"residential","osm_way":27355084,"width_m":6.0,"length_m":47.0,"surface_area":281.9,"catchment_m2":1691.6,"inlet_capacity_lps":14.4,"nearest_drain":"MH-203","from_node":"J11770278873","to_node":"J338440033"},"geometry":{"type":"LineString","coordinates":[[80.220351,12.987483],[80.220122,12.987607],[80.21997,12.987683]]}},{"type":"Feature","properties":{"id":"R0369","name":"MGR Nagar 5th Main Road","highway":"residential","osm_way":27319974,"width_m":6.0,"length_m":124.8,"surface_area":748.7,"catchment_m2":4492.0,"inlet_capacity_lps":28.8,"nearest_drain":"MH-100","from_node":"J299880919","to_node":"J299881944"},"geometry":{"type":"LineString","coordinates":[[80.21327,12.980165],[80.214419,12.980238]]}},{"type":"Feature","properties":{"id":"R0370","name":"Madavmani Avenue","highway":"residential","osm_way":30609149,"width_m":6.0,"length_m":71.1,"surface_area":426.8,"catchment_m2":2560.5,"inlet_capacity_lps":14.4,"nearest_drain":"MH-065","from_node":"J338461410","to_node":"J338461412"},"geometry":{"type":"LineString","coordinates":[[80.22121,12.977038],[80.221867,12.977033]]}},{"type":"Feature","properties":{"id":"R0371","name":"Main Road","highway":"residential","osm_way":27320131,"width_m":6.0,"length_m":77.9,"surface_area":467.2,"catchment_m2":2802.9,"inlet_capacity_lps":21.6,"nearest_drain":"MH-162","from_node":"J299883297","to_node":"J300165222"},"geometry":{"type":"LineString","coordinates":[[80.21784,12.984461],[80.217123,12.984413]]}},{"type":"Feature","properties":{"id":"R0372","name":"Main Road","highway":"residential","osm_way":27320139,"width_m":6.0,"length_m":303.0,"surface_area":1817.7,"catchment_m2":10906.5,"inlet_capacity_lps":72.0,"nearest_drain":"MH-158","from_node":"J299883587","to_node":"J2167149164"},"geometry":{"type":"LineString","coordinates":[[80.216541,12.984376],[80.215876,12.984438],[80.214501,12.984362],[80.21375,12.984354]]}},{"type":"Feature","properties":{"id":"R0373","name":"Main Road","highway":"residential","osm_way":27320131,"width_m":6.0,"length_m":43.8,"surface_area":262.6,"catchment_m2":1575.6,"inlet_capacity_lps":7.2,"nearest_drain":"MH-161","from_node":"J300165222","to_node":"J6444993156"},"geometry":{"type":"LineString","coordinates":[[80.217123,12.984413],[80.21672,12.984395]]}},{"type":"Feature","properties":{"id":"R0374","name":"Main Road","highway":"residential","osm_way":27320131,"width_m":6.0,"length_m":19.5,"surface_area":116.7,"catchment_m2":700.5,"inlet_capacity_lps":7.2,"nearest_drain":"MH-161","from_node":"J6444993156","to_node":"J299883587"},"geometry":{"type":"LineString","coordinates":[[80.21672,12.984395],[80.216541,12.984376]]}},{"type":"Feature","properties":{"id":"R0375","name":"Malles Arcadia Road","highway":"residential","osm_way":1188926341,"width_m":6.0,"length_m":222.6,"surface_area":1335.4,"catchment_m2":8012.2,"inlet_capacity_lps":50.4,"nearest_drain":"MH-086","from_node":"J2167027832","to_node":"J6304979295"},"geometry":{"type":"LineString","coordinates":[[80.2126,12.979722],[80.212582,12.979891],[80.212583,12.979905],[80.212596,12.979914],[80.212615,12.979921],[80.213238,12.979973],[80.21325,12.979959],[80.213302,12.979437],[80.213311,12.979319],[80.213298,12.979315],[80.21328,12.979308],[80.212789,12.979271]]}},{"type":"Feature","properties":{"id":"R0376","name":"Malles Arcadia Road","highway":"residential","osm_way":1188926341,"width_m":6.0,"length_m":23.6,"surface_area":141.9,"catchment_m2":851.3,"inlet_capacity_lps":7.2,"nearest_drain":"MH-086","from_node":"J6304979295","to_node":"J11768865837"},"geometry":{"type":"LineString","coordinates":[[80.212789,12.979271],[80.212693,12.979265],[80.212666,12.979264],[80.21265,12.97927],[80.212641,12.979298],[80.212636,12.979345]]}},{"type":"Feature","properties":{"id":"R0377","name":"Malles Arcadia Road","highway":"residential","osm_way":1188926341,"width_m":6.0,"length_m":8.7,"surface_area":51.9,"catchment_m2":311.5,"inlet_capacity_lps":7.2,"nearest_drain":"MH-086","from_node":"J6304979295","to_node":"J299877858"},"geometry":{"type":"LineString","coordinates":[[80.212789,12.979271],[80.212791,12.979242],[80.212789,12.979194]]}},{"type":"Feature","properties":{"id":"R0378","name":"Malles Arcadia Road","highway":"residential","osm_way":1188926341,"width_m":6.0,"length_m":42.1,"surface_area":252.6,"catchment_m2":1515.9,"inlet_capacity_lps":7.2,"nearest_drain":"MH-086","from_node":"J11768865837","to_node":"J2167027832"},"geometry":{"type":"LineString","coordinates":[[80.212636,12.979345],[80.212635,12.979361],[80.2126,12.979722]]}},{"type":"Feature","properties":{"id":"R0379","name":"Murugan Nagar Extension 1st Street","highway":"residential","osm_way":27344667,"width_m":6.0,"length_m":239.6,"surface_area":1437.9,"catchment_m2":8627.3,"inlet_capacity_lps":57.6,"nearest_drain":"MH-003","from_node":"J300185214","to_node":"J11043604982"},"geometry":{"type":"LineString","coordinates":[[80.213098,12.973659],[80.213052,12.975192],[80.213042,12.975495],[80.213038,12.975541],[80.213012,12.975812]]}},{"type":"Feature","properties":{"id":"R0380","name":"Murugan Nagar Extension 1st Street","highway":"residential","osm_way":1288576576,"width_m":6.0,"length_m":38.5,"surface_area":231.3,"catchment_m2":1387.6,"inlet_capacity_lps":7.2,"nearest_drain":"MH-043","from_node":"J2167027611","to_node":"J2407564028"},"geometry":{"type":"LineString","coordinates":[[80.212979,12.976034],[80.212945,12.976379]]}},{"type":"Feature","properties":{"id":"R0381","name":"Murugan Nagar Extension 1st Street","highway":"residential","osm_way":1288576576,"width_m":6.0,"length_m":27.8,"surface_area":167.0,"catchment_m2":1001.9,"inlet_capacity_lps":7.2,"nearest_drain":"MH-043","from_node":"J2407564028","to_node":"J11941450632"},"geometry":{"type":"LineString","coordinates":[[80.212945,12.976379],[80.212922,12.976629]]}},{"type":"Feature","properties":{"id":"R0382","name":"Murugan Nagar Extension 1st Street","highway":"residential","osm_way":27344667,"width_m":6.0,"length_m":25.0,"surface_area":149.9,"catchment_m2":899.5,"inlet_capacity_lps":7.2,"nearest_drain":"MH-043","from_node":"J11043604982","to_node":"J2167027611"},"geometry":{"type":"LineString","coordinates":[[80.213012,12.975812],[80.212979,12.976034]]}},{"type":"Feature","properties":{"id":"R0383","name":"Murugan Nagar Extension 1st Street","highway":"residential","osm_way":1287590622,"width_m":6.0,"length_m":18.8,"surface_area":112.9,"catchment_m2":677.2,"inlet_capacity_lps":7.2,"nearest_drain":"MH-043","from_node":"J11941450633","to_node":"J2167027648"},"geometry":{"type":"LineString","coordinates":[[80.212915,12.976705],[80.212902,12.976849],[80.212901,12.976861],[80.212904,12.976874]]}},{"type":"Feature","properties":{"id":"R0384","name":"N Home Line","highway":"residential","osm_way":163421079,"width_m":6.0,"length_m":33.5,"surface_area":200.9,"catchment_m2":1205.6,"inlet_capacity_lps":7.2,"nearest_drain":"MH-048","from_node":"J1751203571","to_node":"J2167148976"},"geometry":{"type":"LineString","coordinates":[[80.219041,12.977193],[80.219047,12.976892]]}},{"type":"Feature","properties":{"id":"R0385","name":"N Home Line","highway":"residential","osm_way":163421079,"width_m":6.0,"length_m":51.9,"surface_area":311.5,"catchment_m2":1869.1,"inlet_capacity_lps":14.4,"nearest_drain":"MH-048","from_node":"J1751205028","to_node":"J1751205809"},"geometry":{"type":"LineString","coordinates":[[80.219039,12.976777],[80.219009,12.976311]]}},{"type":"Feature","properties":{"id":"R0386","name":"N Home Line","highway":"residential","osm_way":163421079,"width_m":6.0,"length_m":46.9,"surface_area":281.5,"catchment_m2":1689.1,"inlet_capacity_lps":14.4,"nearest_drain":"MH-034","from_node":"J1751205809","to_node":"J1751203573"},"geometry":{"type":"LineString","coordinates":[[80.219009,12.976311],[80.218981,12.97589]]}},{"type":"Feature","properties":{"id":"R0387","name":"N Home Line","highway":"residential","osm_way":163421079,"width_m":6.0,"length_m":12.8,"surface_area":76.9,"catchment_m2":461.4,"inlet_capacity_lps":7.2,"nearest_drain":"MH-048","from_node":"J2167148976","to_node":"J1751205028"},"geometry":{"type":"LineString","coordinates":[[80.219047,12.976892],[80.219039,12.976777]]}},{"type":"Feature","properties":{"id":"R0388","name":"N Home Line","highway":"residential","osm_way":163421079,"width_m":6.0,"length_m":48.5,"surface_area":291.1,"catchment_m2":1746.4,"inlet_capacity_lps":14.4,"nearest_drain":"MH-063","from_node":"J10120160596","to_node":"J1751203571"},"geometry":{"type":"LineString","coordinates":[[80.219488,12.977206],[80.219041,12.977193]]}},{"type":"Feature","properties":{"id":"R0389","name":"Narmadha Street","highway":"residential","osm_way":206673853,"width_m":6.0,"length_m":115.1,"surface_area":690.5,"catchment_m2":4143.0,"inlet_capacity_lps":28.8,"nearest_drain":"MH-060","from_node":"J2167149026","to_node":"J2167148997"},"geometry":{"type":"LineString","coordinates":[[80.216905,12.977546],[80.216166,12.977495],[80.216139,12.977471],[80.21612,12.977439],[80.216122,12.977198]]}},{"type":"Feature","properties":{"id":"R0390","name":"Nattar Street","highway":"residential","osm_way":336060552,"width_m":6.0,"length_m":56.8,"surface_area":340.7,"catchment_m2":2044.0,"inlet_capacity_lps":14.4,"nearest_drain":"MH-151","from_node":"J300463790","to_node":"J325208966"},"geometry":{"type":"LineString","coordinates":[[80.22198,12.983681],[80.221839,12.983189]]}},{"type":"Feature","properties":{"id":"R0391","name":"Nattar Street","highway":"residential","osm_way":336060552,"width_m":6.0,"length_m":52.0,"surface_area":311.8,"catchment_m2":1871.0,"inlet_capacity_lps":14.4,"nearest_drain":"MH-166","from_node":"J3431404935","to_node":"J300463790"},"geometry":{"type":"LineString","coordinates":[[80.22212,12.984128],[80.22198,12.983681]]}},{"type":"Feature","properties":{"id":"R0392","name":"Netaji Street","highway":"residential","osm_way":1267279333,"width_m":6.0,"length_m":73.8,"surface_area":443.1,"catchment_m2":2658.3,"inlet_capacity_lps":14.4,"nearest_drain":"MH-172","from_node":"J300165174","to_node":"J300165175"},"geometry":{"type":"LineString","coordinates":[[80.213618,12.985755],[80.213599,12.985759],[80.213577,12.985758],[80.212937,12.985754]]}},{"type":"Feature","properties":{"id":"R0393","name":"Nethaji Colony 6th Cross Street","highway":"residential","osm_way":27319899,"width_m":6.0,"length_m":44.8,"surface_area":269.0,"catchment_m2":1613.7,"inlet_capacity_lps":7.2,"nearest_drain":"MH-111","from_node":"J299878391","to_node":"J7806740576"},"geometry":{"type":"LineString","coordinates":[[80.210983,12.982113],[80.211,12.98171]]}},{"type":"Feature","properties":{"id":"R0394","name":"Nethaji Colony 6th Cross Street","highway":"residential","osm_way":27319899,"width_m":6.0,"length_m":70.2,"surface_area":421.3,"catchment_m2":2527.8,"inlet_capacity_lps":14.4,"nearest_drain":"MH-112","from_node":"J300463580","to_node":"J2167027849"},"geometry":{"type":"LineString","coordinates":[[80.211035,12.981312],[80.211063,12.980681]]}},{"type":"Feature","properties":{"id":"R0395","name":"Nethaji Colony 6th Cross Street","highway":"residential","osm_way":27319899,"width_m":6.0,"length_m":37.6,"surface_area":225.4,"catchment_m2":1352.2,"inlet_capacity_lps":7.2,"nearest_drain":"MH-085","from_node":"J300464005","to_node":"J2167027827"},"geometry":{"type":"LineString","coordinates":[[80.211112,12.979911],[80.211139,12.979574]]}},{"type":"Feature","properties":{"id":"R0396","name":"Nethaji Colony 6th Cross Street","highway":"residential","osm_way":27319899,"width_m":6.0,"length_m":39.6,"surface_area":237.5,"catchment_m2":1425.3,"inlet_capacity_lps":7.2,"nearest_drain":"MH-085","from_node":"J2167027827","to_node":"J299878409"},"geometry":{"type":"LineString","coordinates":[[80.211139,12.979574],[80.21118,12.97922]]}},{"type":"Feature","properties":{"id":"R0397","name":"Nethaji Colony 6th Cross Street","highway":"residential","osm_way":27319899,"width_m":6.0,"length_m":85.8,"surface_area":514.8,"catchment_m2":3089.1,"inlet_capacity_lps":21.6,"nearest_drain":"MH-085","from_node":"J2167027849","to_node":"J300464005"},"geometry":{"type":"LineString","coordinates":[[80.211063,12.980681],[80.211112,12.979911]]}},{"type":"Feature","properties":{"id":"R0398","name":"Nethaji Colony 6th Cross Street","highway":"residential","osm_way":27319899,"width_m":6.0,"length_m":44.5,"surface_area":266.9,"catchment_m2":1601.2,"inlet_capacity_lps":7.2,"nearest_drain":"MH-112","from_node":"J7806740576","to_node":"J300463580"},"geometry":{"type":"LineString","coordinates":[[80.211,12.98171],[80.211035,12.981312]]}},{"type":"Feature","properties":{"id":"R0399","name":"Pandidurai Street","highway":"residential","osm_way":30606843,"width_m":6.0,"length_m":50.5,"surface_area":303.1,"catchment_m2":1818.7,"inlet_capacity_lps":14.4,"nearest_drain":"MH-210","from_node":"J338440293","to_node":"J338440295"},"geometry":{"type":"LineString","coordinates":[[80.218314,12.987838],[80.217856,12.987927]]}},{"type":"Feature","properties":{"id":"R0400","name":"Pasupathy Lane","highway":"residential","osm_way":428484059,"width_m":6.0,"length_m":67.4,"surface_area":404.5,"catchment_m2":2426.9,"inlet_capacity_lps":14.4,"nearest_drain":"MH-196","from_node":"J300463949","to_node":"J2442518721"},"geometry":{"type":"LineString","coordinates":[[80.223581,12.986048],[80.222973,12.986177]]}},{"type":"Feature","properties":{"id":"R0401","name":"Pillaiyar Koil Lane","highway":"residential","osm_way":29503164,"width_m":6.0,"length_m":83.8,"surface_area":502.9,"catchment_m2":3017.1,"inlet_capacity_lps":21.6,"nearest_drain":"MH-133","from_node":"J300313503","to_node":"J300313504"},"geometry":{"type":"LineString","coordinates":[[80.2194,12.98252],[80.21863,12.982588]]}},{"type":"Feature","properties":{"id":"R0402","name":"Pillaiyar Koil Street","highway":"residential","osm_way":27370109,"width_m":6.0,"length_m":17.7,"surface_area":106.4,"catchment_m2":638.6,"inlet_capacity_lps":7.2,"nearest_drain":"MH-133","from_node":"J300313504","to_node":"J11549375624"},"geometry":{"type":"LineString","coordinates":[[80.21863,12.982588],[80.218614,12.982429]]}},{"type":"Feature","properties":{"id":"R0403","name":"Pillaiyar Koil Street","highway":"residential","osm_way":427338800,"width_m":6.0,"length_m":74.9,"surface_area":449.2,"catchment_m2":2695.1,"inlet_capacity_lps":14.4,"nearest_drain":"MH-148","from_node":"J300313504","to_node":"J300313356"},"geometry":{"type":"LineString","coordinates":[[80.21863,12.982588],[80.218639,12.983261]]}},{"type":"Feature","properties":{"id":"R0404","name":"Pillaiyar Koil Street","highway":"residential","osm_way":27370109,"width_m":6.0,"length_m":97.2,"surface_area":583.4,"catchment_m2":3500.2,"inlet_capacity_lps":21.6,"nearest_drain":"MH-133","from_node":"J11549375624","to_node":"J325208249"},"geometry":{"type":"LineString","coordinates":[[80.218614,12.982429],[80.218709,12.98156]]}},{"type":"Feature","properties":{"id":"R0405","name":"Radhar Nagar Extension 2nd Street","highway":"residential","osm_way":27343711,"width_m":6.0,"length_m":127.4,"surface_area":764.4,"catchment_m2":4586.6,"inlet_capacity_lps":28.8,"nearest_drain":"MH-174","from_node":"J300165163","to_node":"J300165164"},"geometry":{"type":"LineString","coordinates":[[80.214097,12.984912],[80.212921,12.984893]]}},{"type":"Feature","properties":{"id":"R0406","name":"Radhar Nagar Extension 2nd Street","highway":"residential","osm_way":27343713,"width_m":6.0,"length_m":117.0,"surface_area":701.8,"catchment_m2":4210.9,"inlet_capacity_lps":28.8,"nearest_drain":"MH-173","from_node":"J300165169","to_node":"J300165170"},"geometry":{"type":"LineString","coordinates":[[80.214011,12.985296],[80.212931,12.985288]]}},{"type":"Feature","properties":{"id":"R0407","name":"Raghavendra Street","highway":"residential","osm_way":673519585,"width_m":6.0,"length_m":83.1,"surface_area":498.8,"catchment_m2":2992.9,"inlet_capacity_lps":21.6,"nearest_drain":"MH-142","from_node":"J300304760","to_node":"J6307339504"},"geometry":{"type":"LineString","coordinates":[[80.212332,12.983173],[80.212311,12.983672],[80.212301,12.98371],[80.212283,12.983746],[80.212206,12.983897]]}},{"type":"Feature","properties":{"id":"R0408","name":"Raghavendra Street","highway":"residential","osm_way":673519585,"width_m":6.0,"length_m":34.5,"surface_area":207.2,"catchment_m2":1243.4,"inlet_capacity_lps":7.2,"nearest_drain":"MH-142","from_node":"J300304761","to_node":"J300304760"},"geometry":{"type":"LineString","coordinates":[[80.212344,12.982863],[80.212332,12.983173]]}},{"type":"Feature","properties":{"id":"R0409","name":"RajaLaxmi Nagar 10 Street","highway":"residential","osm_way":430799560,"width_m":6.0,"length_m":82.3,"surface_area":494.0,"catchment_m2":2964.2,"inlet_capacity_lps":21.6,"nearest_drain":"MH-178","from_node":"J4300667151","to_node":"J4358646185"},"geometry":{"type":"LineString","coordinates":[[80.218568,12.985018],[80.218556,12.985389],[80.218559,12.985759]]}},{"type":"Feature","properties":{"id":"R0410","name":"RajaLaxmi Nagar 10th Street","highway":"residential","osm_way":29503007,"width_m":6.0,"length_m":74.3,"surface_area":445.8,"catchment_m2":2675.1,"inlet_capacity_lps":14.4,"nearest_drain":"MH-163","from_node":"J325207278","to_node":"J325207279"},"geometry":{"type":"LineString","coordinates":[[80.219093,12.984366],[80.219084,12.985034]]}},{"type":"Feature","properties":{"id":"R0411","name":"RajaLaxmi Nagar 1st main Road","highway":"residential","osm_way":430799561,"width_m":6.0,"length_m":61.7,"surface_area":370.1,"catchment_m2":2220.5,"inlet_capacity_lps":14.4,"nearest_drain":"MH-193","from_node":"J300312835","to_node":"J300313002"},"geometry":{"type":"LineString","coordinates":[[80.220438,12.985857],[80.219896,12.986027]]}},{"type":"Feature","properties":{"id":"R0412","name":"RajaLaxmi Nagar 1st main Road","highway":"residential","osm_way":430799561,"width_m":6.0,"length_m":49.3,"surface_area":296.1,"catchment_m2":1776.5,"inlet_capacity_lps":14.4,"nearest_drain":"MH-192","from_node":"J300313002","to_node":"J3419458798"},"geometry":{"type":"LineString","coordinates":[[80.219896,12.986027],[80.21945,12.986117]]}},{"type":"Feature","properties":{"id":"R0413","name":"RajaLaxmi Nagar 1st main Road","highway":"residential","osm_way":430799561,"width_m":6.0,"length_m":34.1,"surface_area":204.7,"catchment_m2":1227.9,"inlet_capacity_lps":7.2,"nearest_drain":"MH-192","from_node":"J3419458798","to_node":"J11770224836"},"geometry":{"type":"LineString","coordinates":[[80.21945,12.986117],[80.219145,12.986192]]}},{"type":"Feature","properties":{"id":"R0414","name":"RajaLaxmi Nagar 1st main Road","highway":"residential","osm_way":430799561,"width_m":6.0,"length_m":33.8,"surface_area":202.6,"catchment_m2":1215.8,"inlet_capacity_lps":7.2,"nearest_drain":"MH-180","from_node":"J4300667153","to_node":"J300312835"},"geometry":{"type":"LineString","coordinates":[[80.220736,12.985768],[80.220438,12.985857]]}},{"type":"Feature","properties":{"id":"R0415","name":"RajaLaxmi Nagar 1st main Road","highway":"residential","osm_way":430799561,"width_m":6.0,"length_m":18.9,"surface_area":113.6,"catchment_m2":681.4,"inlet_capacity_lps":7.2,"nearest_drain":"MH-191","from_node":"J11770224836","to_node":"J11770224838"},"geometry":{"type":"LineString","coordinates":[[80.219145,12.986192],[80.218975,12.986232]]}},{"type":"Feature","properties":{"id":"R0416","name":"RajaLaxmi Nagar 1st main Road","highway":"residential","osm_way":430799561,"width_m":6.0,"length_m":93.1,"surface_area":558.8,"catchment_m2":3352.9,"inlet_capacity_lps":21.6,"nearest_drain":"MH-191","from_node":"J11770224838","to_node":"J300312836"},"geometry":{"type":"LineString","coordinates":[[80.218975,12.986232],[80.218147,12.986457]]}},{"type":"Feature","properties":{"id":"R0417","name":"RajaLaxmi Nagar 2nd main Road","highway":"residential","osm_way":27355070,"width_m":6.0,"length_m":40.4,"surface_area":242.6,"catchment_m2":1455.8,"inlet_capacity_lps":7.2,"nearest_drain":"MH-179","from_node":"J300312948","to_node":"J325207279"},"geometry":{"type":"LineString","coordinates":[[80.219457,12.985043],[80.219084,12.985034]]}},{"type":"Feature","properties":{"id":"R0418","name":"RajaLaxmi Nagar 2nd main Road","highway":"residential","osm_way":27355070,"width_m":6.0,"length_m":47.8,"surface_area":287.1,"catchment_m2":1722.5,"inlet_capacity_lps":14.4,"nearest_drain":"MH-179","from_node":"J325207171","to_node":"J300312948"},"geometry":{"type":"LineString","coordinates":[[80.219898,12.985043],[80.219457,12.985043]]}},{"type":"Feature","properties":{"id":"R0419","name":"RajaLaxmi Nagar 2nd main Road","highway":"residential","osm_way":27355070,"width_m":6.0,"length_m":51.1,"surface_area":306.3,"catchment_m2":1837.9,"inlet_capacity_lps":14.4,"nearest_drain":"MH-179","from_node":"J325207254","to_node":"J325207171"},"geometry":{"type":"LineString","coordinates":[[80.220369,12.985034],[80.219898,12.985043]]}},{"type":"Feature","properties":{"id":"R0420","name":"RajaLaxmi Nagar 2nd main Road","highway":"residential","osm_way":27355070,"width_m":6.0,"length_m":55.9,"surface_area":335.1,"catchment_m2":2010.6,"inlet_capacity_lps":14.4,"nearest_drain":"MH-178","from_node":"J325207279","to_node":"J4300667151"},"geometry":{"type":"LineString","coordinates":[[80.219084,12.985034],[80.218568,12.985018]]}},{"type":"Feature","properties":{"id":"R0421","name":"RajaLaxmi Nagar 2nd main Road","highway":"residential","osm_way":27355070,"width_m":6.0,"length_m":33.2,"surface_area":199.2,"catchment_m2":1195.1,"inlet_capacity_lps":7.2,"nearest_drain":"MH-180","from_node":"J4300667150","to_node":"J325207254"},"geometry":{"type":"LineString","coordinates":[[80.220674,12.985002],[80.220369,12.985034]]}},{"type":"Feature","properties":{"id":"R0422","name":"RajaLaxmi Nagar 2nd main Road","highway":"residential","osm_way":27355070,"width_m":6.0,"length_m":69.8,"surface_area":419.1,"catchment_m2":2514.5,"inlet_capacity_lps":14.4,"nearest_drain":"MH-177","from_node":"J4300667151","to_node":"J338223272"},"geometry":{"type":"LineString","coordinates":[[80.218568,12.985018],[80.217925,12.984981]]}},{"type":"Feature","properties":{"id":"R0423","name":"RajaLaxmi Nagar 5th cross Street","highway":"residential","osm_way":27355075,"width_m":6.0,"length_m":109.4,"surface_area":656.4,"catchment_m2":3938.6,"inlet_capacity_lps":28.8,"nearest_drain":"MH-192","from_node":"J325207171","to_node":"J300313002"},"geometry":{"type":"LineString","coordinates":[[80.219898,12.985043],[80.219896,12.986027]]}},{"type":"Feature","properties":{"id":"R0424","name":"RajaLaxmi Nagar 5th cross Street","highway":"residential","osm_way":27355075,"width_m":6.0,"length_m":67.2,"surface_area":403.3,"catchment_m2":2420.1,"inlet_capacity_lps":14.4,"nearest_drain":"MH-164","from_node":"J325207217","to_node":"J325207171"},"geometry":{"type":"LineString","coordinates":[[80.219907,12.984439],[80.219898,12.985043]]}},{"type":"Feature","properties":{"id":"R0425","name":"RajaLaxmi Nagar 5th cross Street","highway":"residential","osm_way":1318145473,"width_m":6.0,"length_m":81.8,"surface_area":490.8,"catchment_m2":2944.7,"inlet_capacity_lps":21.6,"nearest_drain":"MH-149","from_node":"J325207316","to_node":"J325207217"},"geometry":{"type":"LineString","coordinates":[[80.219925,12.983703],[80.219907,12.984439]]}},{"type":"Feature","properties":{"id":"R0426","name":"RajaLaxmi Nagar 6th Cross Street","highway":"residential","osm_way":27355073,"width_m":6.0,"length_m":63.8,"surface_area":383.0,"catchment_m2":2298.2,"inlet_capacity_lps":14.4,"nearest_drain":"MH-179","from_node":"J300312948","to_node":"J300312949"},"geometry":{"type":"LineString","coordinates":[[80.219457,12.985043],[80.219425,12.985617]]}},{"type":"Feature","properties":{"id":"R0427","name":"RajaLaxmi Nagar 6th Cross Street","highway":"residential","osm_way":334830991,"width_m":6.0,"length_m":55.9,"surface_area":335.1,"catchment_m2":2010.8,"inlet_capacity_lps":14.4,"nearest_drain":"MH-179","from_node":"J3419458798","to_node":"J300312949"},"geometry":{"type":"LineString","coordinates":[[80.21945,12.986117],[80.21942,12.985846],[80.219425,12.985617]]}},{"type":"Feature","properties":{"id":"R0428","name":"Rajalakshmi Nagar 7th Cross Street","highway":"residential","osm_way":430799562,"width_m":6.0,"length_m":95.3,"surface_area":571.5,"catchment_m2":3429.2,"inlet_capacity_lps":21.6,"nearest_drain":"MH-178","from_node":"J300312949","to_node":"J4358646185"},"geometry":{"type":"LineString","coordinates":[[80.219425,12.985617],[80.218559,12.985759]]}},{"type":"Feature","properties":{"id":"R0429","name":"Rajalakshmi Nagar 7th Cross Street","highway":"residential","osm_way":430799562,"width_m":6.0,"length_m":60.8,"surface_area":364.5,"catchment_m2":2187.1,"inlet_capacity_lps":14.4,"nearest_drain":"MH-190","from_node":"J4358646185","to_node":"J325207257"},"geometry":{"type":"LineString","coordinates":[[80.218559,12.985759],[80.218007,12.985855]]}},{"type":"Feature","properties":{"id":"R0430","name":"Ram Nagar Main Road","highway":"residential","osm_way":27320162,"width_m":6.0,"length_m":65.1,"surface_area":390.6,"catchment_m2":2343.4,"inlet_capacity_lps":14.4,"nearest_drain":"MH-004","from_node":"J299883186","to_node":"J299883878"},"geometry":{"type":"LineString","coordinates":[[80.216421,12.973647],[80.216467,12.974231]]}},{"type":"Feature","properties":{"id":"R0431","name":"Ram Nagar Main Road","highway":"residential","osm_way":27320162,"width_m":6.0,"length_m":57.5,"surface_area":344.9,"catchment_m2":2069.4,"inlet_capacity_lps":14.4,"nearest_drain":"MH-017","from_node":"J299883862","to_node":"J300464924"},"geometry":{"type":"LineString","coordinates":[[80.216432,12.97476],[80.216449,12.975277]]}},{"type":"Feature","properties":{"id":"R0432","name":"Ram Nagar Main Road","highway":"residential","osm_way":27320162,"width_m":6.0,"length_m":59.0,"surface_area":354.1,"catchment_m2":2124.7,"inlet_capacity_lps":14.4,"nearest_drain":"MH-017","from_node":"J299883878","to_node":"J299883862"},"geometry":{"type":"LineString","coordinates":[[80.216467,12.974231],[80.216432,12.97476]]}},{"type":"Feature","properties":{"id":"R0433","name":"Ram Nagar Main Road","highway":"residential","osm_way":27320162,"width_m":6.0,"length_m":9.4,"surface_area":56.6,"catchment_m2":339.3,"inlet_capacity_lps":7.2,"nearest_drain":"MH-004","from_node":"J299884000","to_node":"J299883186"},"geometry":{"type":"LineString","coordinates":[[80.216417,12.973562],[80.216421,12.973647]]}},{"type":"Feature","properties":{"id":"R0434","name":"Ram Nagar Main Road","highway":"residential","osm_way":27320162,"width_m":6.0,"length_m":43.9,"surface_area":263.3,"catchment_m2":1579.9,"inlet_capacity_lps":7.2,"nearest_drain":"MH-004","from_node":"J300185264","to_node":"J299884000"},"geometry":{"type":"LineString","coordinates":[[80.216425,12.973168],[80.216417,12.973562]]}},{"type":"Feature","properties":{"id":"R0435","name":"Ram Nagar Main Road","highway":"residential","osm_way":27320162,"width_m":6.0,"length_m":16.3,"surface_area":97.7,"catchment_m2":586.2,"inlet_capacity_lps":7.2,"nearest_drain":"MH-004","from_node":"J313857690","to_node":"J300185264"},"geometry":{"type":"LineString","coordinates":[[80.216419,12.973021],[80.216425,12.973168]]}},{"type":"Feature","properties":{"id":"R0436","name":"SaiPutra Road","highway":"residential","osm_way":558689011,"width_m":6.0,"length_m":88.9,"surface_area":533.3,"catchment_m2":3199.7,"inlet_capacity_lps":21.6,"nearest_drain":"MH-048","from_node":"J1751205809","to_node":"J6583208815"},"geometry":{"type":"LineString","coordinates":[[80.219009,12.976311],[80.219634,12.976294],[80.219722,12.976311],[80.219821,12.976346]]}},{"type":"Feature","properties":{"id":"R0437","name":"Sakthi Vijayalkshmi Road","highway":"residential","osm_way":1267284682,"width_m":6.0,"length_m":140.2,"surface_area":841.0,"catchment_m2":5045.8,"inlet_capacity_lps":36.0,"nearest_drain":"MH-177","from_node":"J338406669","to_node":"J7806767009"},"geometry":{"type":"LineString","coordinates":[[80.217889,12.985637],[80.216739,12.986063],[80.216676,12.986056]]}},{"type":"Feature","properties":{"id":"R0438","name":"Sarathy Nagar 1st Main Road","highway":"residential","osm_way":30604295,"width_m":6.0,"length_m":4.1,"surface_area":24.4,"catchment_m2":146.5,"inlet_capacity_lps":7.2,"nearest_drain":"MH-037","from_node":"J338406531","to_node":"J4294218147"},"geometry":{"type":"LineString","coordinates":[[80.221952,12.97575],[80.221942,12.975785]]}},{"type":"Feature","properties":{"id":"R0439","name":"Sarathy Nagar 1st Main Road","highway":"residential","osm_way":30604295,"width_m":6.0,"length_m":23.2,"surface_area":139.3,"catchment_m2":835.6,"inlet_capacity_lps":7.2,"nearest_drain":"MH-037","from_node":"J338406549","to_node":"J4294218143"},"geometry":{"type":"LineString","coordinates":[[80.221901,12.974964],[80.221921,12.975172]]}},{"type":"Feature","properties":{"id":"R0440","name":"Sarathy Nagar 1st Main Road","highway":"residential","osm_way":30604295,"width_m":6.0,"length_m":21.4,"surface_area":128.5,"catchment_m2":771.1,"inlet_capacity_lps":7.2,"nearest_drain":"MH-022","from_node":"J4294218141","to_node":"J338406549"},"geometry":{"type":"LineString","coordinates":[[80.221885,12.974772],[80.2219,12.974951],[80.221901,12.974964]]}},{"type":"Feature","properties":{"id":"R0441","name":"Sarathy Nagar 1st Main Road","highway":"residential","osm_way":30604295,"width_m":6.0,"length_m":24.5,"surface_area":146.9,"catchment_m2":881.2,"inlet_capacity_lps":7.2,"nearest_drain":"MH-037","from_node":"J4294218143","to_node":"J11612748156"},"geometry":{"type":"LineString","coordinates":[[80.221921,12.975172],[80.221933,12.975292],[80.221937,12.975391]]}},{"type":"Feature","properties":{"id":"R0442","name":"Sarathy Nagar 1st Main Road","highway":"residential","osm_way":30604295,"width_m":6.0,"length_m":55.0,"surface_area":330.0,"catchment_m2":1979.9,"inlet_capacity_lps":14.4,"nearest_drain":"MH-037","from_node":"J4294218147","to_node":"J338461403"},"geometry":{"type":"LineString","coordinates":[[80.221942,12.975785],[80.221932,12.975819],[80.221862,12.97607],[80.221757,12.976242]]}},{"type":"Feature","properties":{"id":"R0443","name":"Sarathy Nagar 1st Main Road","highway":"residential","osm_way":30604295,"width_m":6.0,"length_m":40.0,"surface_area":239.8,"catchment_m2":1438.6,"inlet_capacity_lps":7.2,"nearest_drain":"MH-037","from_node":"J11612748156","to_node":"J338406531"},"geometry":{"type":"LineString","coordinates":[[80.221937,12.975391],[80.221952,12.97575]]}},{"type":"Feature","properties":{"id":"R0444","name":"Sarathy Nagar 1st street","highway":"residential","osm_way":30604296,"width_m":6.0,"length_m":36.6,"surface_area":219.5,"catchment_m2":1317.0,"inlet_capacity_lps":7.2,"nearest_drain":"MH-037","from_node":"J4294218147","to_node":"J338406569"},"geometry":{"type":"LineString","coordinates":[[80.221942,12.975785],[80.22193,12.975776],[80.221833,12.975667],[80.221691,12.975568]]}},{"type":"Feature","properties":{"id":"R0445","name":"Sarathy Nagar 2nd street","highway":"residential","osm_way":30604298,"width_m":6.0,"length_m":39.9,"surface_area":239.6,"catchment_m2":1437.9,"inlet_capacity_lps":7.2,"nearest_drain":"MH-037","from_node":"J338406531","to_node":"J338406589"},"geometry":{"type":"LineString","coordinates":[[80.221952,12.97575],[80.222319,12.975721]]}},{"type":"Feature","properties":{"id":"R0446","name":"Sarathy Nagar 2nd street","highway":"residential","osm_way":30604298,"width_m":6.0,"length_m":26.1,"surface_area":156.4,"catchment_m2":938.6,"inlet_capacity_lps":7.2,"nearest_drain":"MH-038","from_node":"J338406543","to_node":"J338406533"},"geometry":{"type":"LineString","coordinates":[[80.222672,12.975673],[80.222878,12.975639],[80.222895,12.975636],[80.222906,12.975627]]}},{"type":"Feature","properties":{"id":"R0447","name":"Sarathy Nagar 2nd street","highway":"residential","osm_way":30604298,"width_m":6.0,"length_m":38.6,"surface_area":231.6,"catchment_m2":1389.4,"inlet_capacity_lps":7.2,"nearest_drain":"MH-038","from_node":"J338406589","to_node":"J338406543"},"geometry":{"type":"LineString","coordinates":[[80.222319,12.975721],[80.222672,12.975673]]}},{"type":"Feature","properties":{"id":"R0448","name":"Sarathy Nagar 3rd street","highway":"residential","osm_way":30609125,"width_m":6.0,"length_m":26.5,"surface_area":159.2,"catchment_m2":955.0,"inlet_capacity_lps":7.2,"nearest_drain":"MH-038","from_node":"J11612748156","to_node":"J338461163"},"geometry":{"type":"LineString","coordinates":[[80.221937,12.975391],[80.222179,12.975355]]}},{"type":"Feature","properties":{"id":"R0449","name":"Sarathy Nagar 4th street","highway":"residential","osm_way":430153956,"width_m":6.0,"length_m":35.1,"surface_area":210.5,"catchment_m2":1262.9,"inlet_capacity_lps":7.2,"nearest_drain":"MH-037","from_node":"J4294218143","to_node":"J4294218144"},"geometry":{"type":"LineString","coordinates":[[80.221921,12.975172],[80.22176,12.975181],[80.221598,12.97519]]}},{"type":"Feature","properties":{"id":"R0450","name":"Sarathy Nagar 5th street","highway":"residential","osm_way":206807741,"width_m":6.0,"length_m":39.3,"surface_area":235.8,"catchment_m2":1415.1,"inlet_capacity_lps":7.2,"nearest_drain":"MH-024","from_node":"J300313916","to_node":"J2168576086"},"geometry":{"type":"LineString","coordinates":[[80.223407,12.974741],[80.223405,12.974388]]}},{"type":"Feature","properties":{"id":"R0451","name":"Sarathy Nagar 5th street","highway":"residential","osm_way":27355157,"width_m":6.0,"length_m":42.2,"surface_area":253.3,"catchment_m2":1520.0,"inlet_capacity_lps":7.2,"nearest_drain":"MH-024","from_node":"J338406544","to_node":"J300313916"},"geometry":{"type":"LineString","coordinates":[[80.223187,12.974891],[80.22339,12.97491],[80.223398,12.97491],[80.223405,12.974906],[80.223408,12.974897],[80.223408,12.974886],[80.223407,12.974741]]}},{"type":"Feature","properties":{"id":"R0452","name":"Sarathy Nagar 5th street","highway":"residential","osm_way":27355157,"width_m":6.0,"length_m":62.2,"surface_area":373.4,"catchment_m2":2240.2,"inlet_capacity_lps":14.4,"nearest_drain":"MH-023","from_node":"J338406546","to_node":"J338406544"},"geometry":{"type":"LineString","coordinates":[[80.222617,12.974825],[80.223187,12.974891]]}},{"type":"Feature","properties":{"id":"R0453","name":"Sarathy Nagar 5th street","highway":"residential","osm_way":30604294,"width_m":6.0,"length_m":62.4,"surface_area":374.5,"catchment_m2":2246.8,"inlet_capacity_lps":14.4,"nearest_drain":"MH-038","from_node":"J338406549","to_node":"J338406562"},"geometry":{"type":"LineString","coordinates":[[80.221901,12.974964],[80.222179,12.974949],[80.222453,12.975063]]}},{"type":"Feature","properties":{"id":"R0454","name":"Sarathy Nagar 5th street","highway":"residential","osm_way":27355157,"width_m":6.0,"length_m":34.8,"surface_area":208.9,"catchment_m2":1253.5,"inlet_capacity_lps":7.2,"nearest_drain":"MH-023","from_node":"J338406562","to_node":"J338406546"},"geometry":{"type":"LineString","coordinates":[[80.222453,12.975063],[80.222572,12.97482],[80.222617,12.974825]]}},{"type":"Feature","properties":{"id":"R0455","name":"Sarathy Nagar 5th street","highway":"residential","osm_way":30604294,"width_m":6.0,"length_m":28.2,"surface_area":169.1,"catchment_m2":1014.5,"inlet_capacity_lps":7.2,"nearest_drain":"MH-038","from_node":"J338406562","to_node":"J338406554"},"geometry":{"type":"LineString","coordinates":[[80.222453,12.975063],[80.222691,12.975165]]}},{"type":"Feature","properties":{"id":"R0456","name":"Sarathy Nagar 5th street","highway":"residential","osm_way":206807741,"width_m":6.0,"length_m":53.3,"surface_area":319.9,"catchment_m2":1919.3,"inlet_capacity_lps":14.4,"nearest_drain":"MH-011","from_node":"J2168576086","to_node":"J300464560"},"geometry":{"type":"LineString","coordinates":[[80.223405,12.974388],[80.223393,12.974113],[80.223386,12.97402],[80.223403,12.973994],[80.223439,12.973982],[80.223484,12.973983]]}},{"type":"Feature","properties":{"id":"R0457","name":"Sarathy Nagar 6th street","highway":"residential","osm_way":430153957,"width_m":6.0,"length_m":32.3,"surface_area":194.0,"catchment_m2":1164.0,"inlet_capacity_lps":7.2,"nearest_drain":"MH-022","from_node":"J4294218141","to_node":"J4294218142"},"geometry":{"type":"LineString","coordinates":[[80.221885,12.974772],[80.221588,12.974799]]}},{"type":"Feature","properties":{"id":"R0458","name":"Sasi Nagar Road","highway":"residential","osm_way":1267284683,"width_m":6.0,"length_m":137.5,"surface_area":824.8,"catchment_m2":4948.8,"inlet_capacity_lps":36.0,"nearest_drain":"MH-190","from_node":"J7806767007","to_node":"J338406678"},"geometry":{"type":"LineString","coordinates":[[80.216754,12.986457],[80.216972,12.986437],[80.217986,12.986174]]}},{"type":"Feature","properties":{"id":"R0459","name":"Service Road","highway":"residential","osm_way":139357034,"width_m":6.0,"length_m":75.4,"surface_area":452.4,"catchment_m2":2714.5,"inlet_capacity_lps":21.6,"nearest_drain":"MH-067","from_node":"J2168576111","to_node":"J4278284251"},"geometry":{"type":"LineString","coordinates":[[80.224501,12.978167],[80.224276,12.978043],[80.223903,12.97782]]}},{"type":"Feature","properties":{"id":"R0460","name":"Service Road","highway":"residential","osm_way":139357034,"width_m":6.0,"length_m":34.8,"surface_area":209.0,"catchment_m2":1254.1,"inlet_capacity_lps":7.2,"nearest_drain":"MH-066","from_node":"J4265546764","to_node":"J2168576105"},"geometry":{"type":"LineString","coordinates":[[80.22313,12.977339],[80.222878,12.977144]]}},{"type":"Feature","properties":{"id":"R0461","name":"Service Road","highway":"residential","osm_way":139357034,"width_m":6.0,"length_m":50.7,"surface_area":304.3,"catchment_m2":1826.1,"inlet_capacity_lps":14.4,"nearest_drain":"MH-066","from_node":"J4265546765","to_node":"J4265546764"},"geometry":{"type":"LineString","coordinates":[[80.223526,12.977583],[80.22313,12.977339]]}},{"type":"Feature","properties":{"id":"R0462","name":"Service Road","highway":"residential","osm_way":139357034,"width_m":6.0,"length_m":48.7,"surface_area":292.2,"catchment_m2":1753.2,"inlet_capacity_lps":14.4,"nearest_drain":"MH-067","from_node":"J4278284251","to_node":"J4265546765"},"geometry":{"type":"LineString","coordinates":[[80.223903,12.97782],[80.223629,12.977647],[80.223526,12.977583]]}},{"type":"Feature","properties":{"id":"R0463","name":"Service Road","highway":"residential","osm_way":139357034,"width_m":6.0,"length_m":26.8,"surface_area":160.8,"catchment_m2":965.1,"inlet_capacity_lps":7.2,"nearest_drain":"MH-083","from_node":"J6588259894","to_node":"J2168576111"},"geometry":{"type":"LineString","coordinates":[[80.224712,12.978293],[80.224501,12.978167]]}},{"type":"Feature","properties":{"id":"R0464","name":"South Street","highway":"residential","osm_way":27343720,"width_m":6.0,"length_m":93.6,"surface_area":561.4,"catchment_m2":3368.5,"inlet_capacity_lps":21.6,"nearest_drain":"MH-176","from_node":"J300165209","to_node":"J6305461631"},"geometry":{"type":"LineString","coordinates":[[80.216546,12.985694],[80.217345,12.985375]]}},{"type":"Feature","properties":{"id":"R0465","name":"South Street","highway":"residential","osm_way":27343720,"width_m":6.0,"length_m":28.3,"surface_area":169.9,"catchment_m2":1019.1,"inlet_capacity_lps":7.2,"nearest_drain":"MH-177","from_node":"J6305461631","to_node":"J11789974947"},"geometry":{"type":"LineString","coordinates":[[80.217345,12.985375],[80.217587,12.98528]]}},{"type":"Feature","properties":{"id":"R0466","name":"South Street","highway":"residential","osm_way":27343720,"width_m":6.0,"length_m":29.8,"surface_area":178.9,"catchment_m2":1073.5,"inlet_capacity_lps":7.2,"nearest_drain":"MH-177","from_node":"J11789974947","to_node":"J338406658"},"geometry":{"type":"LineString","coordinates":[[80.217587,12.98528],[80.21785,12.985202]]}},{"type":"Feature","properties":{"id":"R0467","name":"Sri Devi Karumari Amman Nagar 1st Street","highway":"residential","osm_way":1487226522,"width_m":6.0,"length_m":150.7,"surface_area":904.0,"catchment_m2":5423.9,"inlet_capacity_lps":36.0,"nearest_drain":"MH-059","from_node":"J7806740539","to_node":"J7016048930"},"geometry":{"type":"LineString","coordinates":[[80.216227,12.976772],[80.216184,12.976789],[80.215739,12.976735],[80.215677,12.976757],[80.215672,12.976826],[80.215662,12.976911],[80.215705,12.976977],[80.215736,12.977044],[80.215724,12.977547]]}},{"type":"Feature","properties":{"id":"R0468","name":"Sri Devi Karumari Amman Nagar 3rd Street","highway":"residential","osm_way":27370327,"width_m":6.0,"length_m":71.4,"surface_area":428.6,"catchment_m2":2571.5,"inlet_capacity_lps":14.4,"nearest_drain":"MH-032","from_node":"J300464917","to_node":"J299883817"},"geometry":{"type":"LineString","coordinates":[[80.215654,12.975672],[80.216313,12.975684]]}},{"type":"Feature","properties":{"id":"R0469","name":"Sri Devi Karumari Amman Nagar 4th Street","highway":"residential","osm_way":1487226520,"width_m":6.0,"length_m":85.7,"surface_area":514.0,"catchment_m2":3084.0,"inlet_capacity_lps":21.6,"nearest_drain":"MH-033","from_node":"J2167148939","to_node":"J299883943"},"geometry":{"type":"LineString","coordinates":[[80.216316,12.97578],[80.217107,12.975766]]}},{"type":"Feature","properties":{"id":"R0470","name":"Sri Devi Karumari Amman Nagar 5th Street","highway":"residential","osm_way":206673808,"width_m":6.0,"length_m":119.9,"surface_area":719.6,"catchment_m2":4317.7,"inlet_capacity_lps":28.8,"nearest_drain":"MH-046","from_node":"J299883820","to_node":"J2167148947"},"geometry":{"type":"LineString","coordinates":[[80.216303,12.976084],[80.215581,12.976087],[80.215199,12.976127]]}},{"type":"Feature","properties":{"id":"R0471","name":"Sri Devi Karumari Amman Nagar 6th Street","highway":"residential","osm_way":206673893,"width_m":6.0,"length_m":84.6,"surface_area":507.6,"catchment_m2":3045.6,"inlet_capacity_lps":21.6,"nearest_drain":"MH-047","from_node":"J2167148954","to_node":"J2167148957"},"geometry":{"type":"LineString","coordinates":[[80.216291,12.976185],[80.217071,12.976225]]}},{"type":"Feature","properties":{"id":"R0472","name":"Sri Devi Karumari Amman Nagar 7th Street","highway":"residential","osm_way":206673812,"width_m":6.0,"length_m":128.6,"surface_area":771.4,"catchment_m2":4628.4,"inlet_capacity_lps":28.8,"nearest_drain":"MH-047","from_node":"J2167148962","to_node":"J6502889952"},"geometry":{"type":"LineString","coordinates":[[80.217038,12.976537],[80.218222,12.976603]]}},{"type":"Feature","properties":{"id":"R0473","name":"Sri Devi Karumari Amman Nagar 7th Street","highway":"residential","osm_way":206673812,"width_m":6.0,"length_m":11.9,"surface_area":71.3,"catchment_m2":427.8,"inlet_capacity_lps":7.2,"nearest_drain":"MH-048","from_node":"J6502889952","to_node":"J2167148965"},"geometry":{"type":"LineString","coordinates":[[80.218222,12.976603],[80.218332,12.97661]]}},{"type":"Feature","properties":{"id":"R0474","name":"Sri Devi Karumari Amman Nagar 8th Street","highway":"residential","osm_way":206673866,"width_m":6.0,"length_m":126.9,"surface_area":761.4,"catchment_m2":4568.2,"inlet_capacity_lps":28.8,"nearest_drain":"MH-047","from_node":"J2167148951","to_node":"J6502889951"},"geometry":{"type":"LineString","coordinates":[[80.217078,12.976165],[80.218245,12.976258]]}},{"type":"Feature","properties":{"id":"R0475","name":"Sri Devi Karumari Amman Nagar Avenue","highway":"residential","osm_way":27320160,"width_m":6.0,"length_m":31.6,"surface_area":189.4,"catchment_m2":1136.7,"inlet_capacity_lps":7.2,"nearest_drain":"MH-047","from_node":"J299883747","to_node":"J7806740539"},"geometry":{"type":"LineString","coordinates":[[80.216253,12.976495],[80.21624,12.976606],[80.216251,12.976723],[80.216227,12.976772]]}},{"type":"Feature","properties":{"id":"R0476","name":"Sri Devi Karumari Amman Nagar Avenue","highway":"residential","osm_way":27320160,"width_m":6.0,"length_m":10.6,"surface_area":63.5,"catchment_m2":381.3,"inlet_capacity_lps":7.2,"nearest_drain":"MH-032","from_node":"J299883817","to_node":"J2167148939"},"geometry":{"type":"LineString","coordinates":[[80.216313,12.975684],[80.216316,12.97578]]}},{"type":"Feature","properties":{"id":"R0477","name":"Sri Devi Karumari Amman Nagar Avenue","highway":"residential","osm_way":27320160,"width_m":6.0,"length_m":11.4,"surface_area":68.5,"catchment_m2":410.8,"inlet_capacity_lps":7.2,"nearest_drain":"MH-047","from_node":"J299883820","to_node":"J2167148954"},"geometry":{"type":"LineString","coordinates":[[80.216303,12.976084],[80.216291,12.976185]]}},{"type":"Feature","properties":{"id":"R0478","name":"Sri Devi Karumari Amman Nagar Avenue","highway":"residential","osm_way":27320160,"width_m":6.0,"length_m":47.7,"surface_area":286.3,"catchment_m2":1717.7,"inlet_capacity_lps":14.4,"nearest_drain":"MH-032","from_node":"J300464924","to_node":"J299883817"},"geometry":{"type":"LineString","coordinates":[[80.216449,12.975277],[80.216415,12.975416],[80.216313,12.975684]]}},{"type":"Feature","properties":{"id":"R0479","name":"Sri Devi Karumari Amman Nagar Avenue","highway":"residential","osm_way":27320160,"width_m":6.0,"length_m":33.8,"surface_area":203.0,"catchment_m2":1218.0,"inlet_capacity_lps":7.2,"nearest_drain":"MH-032","from_node":"J2167148939","to_node":"J299883820"},"geometry":{"type":"LineString","coordinates":[[80.216316,12.97578],[80.216303,12.976084]]}},{"type":"Feature","properties":{"id":"R0480","name":"Sri Devi Karumari Amman Nagar Avenue","highway":"residential","osm_way":27320160,"width_m":6.0,"length_m":34.7,"surface_area":207.9,"catchment_m2":1247.7,"inlet_capacity_lps":7.2,"nearest_drain":"MH-047","from_node":"J2167148954","to_node":"J299883747"},"geometry":{"type":"LineString","coordinates":[[80.216291,12.976185],[80.216253,12.976495]]}},{"type":"Feature","properties":{"id":"R0481","name":"Tansi Nagar 14th Street","highway":"residential","osm_way":447993874,"width_m":6.0,"length_m":73.5,"surface_area":440.9,"catchment_m2":2645.7,"inlet_capacity_lps":14.4,"nearest_drain":"MH-068","from_node":"J300464867","to_node":"J300464556"},"geometry":{"type":"LineString","coordinates":[[80.224206,12.976959],[80.224229,12.976962],[80.224696,12.976975],[80.224884,12.976981]]}},{"type":"Feature","properties":{"id":"R0482","name":"Tansi Nagar 17th street","highway":"residential","osm_way":27370299,"width_m":6.0,"length_m":29.6,"surface_area":177.5,"catchment_m2":1064.8,"inlet_capacity_lps":7.2,"nearest_drain":"MH-052","from_node":"J300464912","to_node":"J11066180647"},"geometry":{"type":"LineString","coordinates":[[80.223743,12.976019],[80.224001,12.976104]]}},{"type":"Feature","properties":{"id":"R0483","name":"Tansi Nagar 17th street","highway":"residential","osm_way":27370299,"width_m":6.0,"length_m":103.1,"surface_area":618.8,"catchment_m2":3712.9,"inlet_capacity_lps":21.6,"nearest_drain":"MH-052","from_node":"J11066180647","to_node":"J1457503500"},"geometry":{"type":"LineString","coordinates":[[80.224001,12.976104],[80.224244,12.976184],[80.224655,12.976312],[80.224913,12.976368]]}},{"type":"Feature","properties":{"id":"R0484","name":"Tansi Nagar 19th Street","highway":"residential","osm_way":30609123,"width_m":6.0,"length_m":43.3,"surface_area":259.7,"catchment_m2":1558.1,"inlet_capacity_lps":7.2,"nearest_drain":"MH-053","from_node":"J300464556","to_node":"J300464879"},"geometry":{"type":"LineString","coordinates":[[80.224884,12.976981],[80.224905,12.976592]]}},{"type":"Feature","properties":{"id":"R0485","name":"Tansi Nagar 19th Street","highway":"residential","osm_way":30609123,"width_m":6.0,"length_m":24.9,"surface_area":149.5,"catchment_m2":896.8,"inlet_capacity_lps":7.2,"nearest_drain":"MH-053","from_node":"J300464879","to_node":"J1457503500"},"geometry":{"type":"LineString","coordinates":[[80.224905,12.976592],[80.224913,12.976368]]}},{"type":"Feature","properties":{"id":"R0486","name":"Tansi Nagar 19th Street","highway":"residential","osm_way":30609123,"width_m":6.0,"length_m":11.0,"surface_area":66.3,"catchment_m2":397.6,"inlet_capacity_lps":7.2,"nearest_drain":"MH-053","from_node":"J1457503500","to_node":"J2168576101"},"geometry":{"type":"LineString","coordinates":[[80.224913,12.976368],[80.224969,12.976286]]}},{"type":"Feature","properties":{"id":"R0487","name":"Tansi Nagar 1st Street","highway":"residential","osm_way":428734761,"width_m":6.0,"length_m":55.5,"surface_area":332.8,"catchment_m2":1996.8,"inlet_capacity_lps":14.4,"nearest_drain":"MH-066","from_node":"J325210401","to_node":"J6587928261"},"geometry":{"type":"LineString","coordinates":[[80.222696,12.977566],[80.222691,12.978065]]}},{"type":"Feature","properties":{"id":"R0488","name":"Tansi Nagar 1st Street","highway":"residential","osm_way":428734761,"width_m":6.0,"length_m":166.7,"surface_area":1000.5,"catchment_m2":6002.9,"inlet_capacity_lps":43.2,"nearest_drain":"MH-081","from_node":"J6587928261","to_node":"J11043788307"},"geometry":{"type":"LineString","coordinates":[[80.222691,12.978065],[80.222677,12.978435],[80.222674,12.978451],[80.222664,12.978465],[80.222652,12.97847],[80.222636,12.978473],[80.222173,12.978442],[80.22215,12.978446],[80.222134,12.97846],[80.222124,12.978479],[80.222124,12.978499],[80.222138,12.978722],[80.222144,12.978919],[80.222031,12.978913]]}},{"type":"Feature","properties":{"id":"R0489","name":"Tansi Nagar 2nd Street","highway":"residential","osm_way":30605106,"width_m":6.0,"length_m":12.9,"surface_area":77.5,"catchment_m2":465.1,"inlet_capacity_lps":7.2,"nearest_drain":"MH-066","from_node":"J338417906","to_node":"J4265546764"},"geometry":{"type":"LineString","coordinates":[[80.223144,12.977223],[80.22313,12.977339]]}},{"type":"Feature","properties":{"id":"R0490","name":"Tansi Nagar 2nd Street","highway":"residential","osm_way":30605106,"width_m":6.0,"length_m":254.0,"surface_area":1523.9,"catchment_m2":9143.7,"inlet_capacity_lps":57.6,"nearest_drain":"MH-066","from_node":"J4265546764","to_node":"J4278284260"},"geometry":{"type":"LineString","coordinates":[[80.22313,12.977339],[80.223128,12.977376],[80.223088,12.978149],[80.223146,12.978349],[80.223144,12.979118],[80.223138,12.979133],[80.22313,12.979143],[80.223119,12.979149],[80.223105,12.979151],[80.222653,12.979171]]}},{"type":"Feature","properties":{"id":"R0491","name":"Tansi Nagar 3rd street","highway":"residential","osm_way":428734762,"width_m":6.0,"length_m":14.1,"surface_area":84.5,"catchment_m2":506.8,"inlet_capacity_lps":7.2,"nearest_drain":"MH-067","from_node":"J325209831","to_node":"J4265546765"},"geometry":{"type":"LineString","coordinates":[[80.223531,12.977457],[80.223526,12.977583]]}},{"type":"Feature","properties":{"id":"R0492","name":"Tansi Nagar 3rd street","highway":"residential","osm_way":428734762,"width_m":6.0,"length_m":61.3,"surface_area":367.7,"catchment_m2":2206.2,"inlet_capacity_lps":14.4,"nearest_drain":"MH-067","from_node":"J4265546765","to_node":"J2168576110"},"geometry":{"type":"LineString","coordinates":[[80.223526,12.977583],[80.223507,12.977885],[80.223506,12.978134]]}},{"type":"Feature","properties":{"id":"R0493","name":"Tansi Nagar 4th Street","highway":"residential","osm_way":206807733,"width_m":6.0,"length_m":41.3,"surface_area":247.9,"catchment_m2":1487.5,"inlet_capacity_lps":7.2,"nearest_drain":"MH-082","from_node":"J2168576110","to_node":"J4278284253"},"geometry":{"type":"LineString","coordinates":[[80.223506,12.978134],[80.223887,12.978143]]}},{"type":"Feature","properties":{"id":"R0494","name":"Tansi Nagar 4th Street","highway":"residential","osm_way":206807733,"width_m":6.0,"length_m":66.6,"surface_area":399.8,"catchment_m2":2398.9,"inlet_capacity_lps":14.4,"nearest_drain":"MH-083","from_node":"J4278284253","to_node":"J2168576111"},"geometry":{"type":"LineString","coordinates":[[80.223887,12.978143],[80.224501,12.978167]]}},{"type":"Feature","properties":{"id":"R0495","name":"Tansi Nagar 5th Street","highway":"residential","osm_way":428734763,"width_m":6.0,"length_m":36.0,"surface_area":215.8,"catchment_m2":1294.6,"inlet_capacity_lps":7.2,"nearest_drain":"MH-067","from_node":"J4278284253","to_node":"J4278284251"},"geometry":{"type":"LineString","coordinates":[[80.223887,12.978143],[80.223903,12.97782]]}},{"type":"Feature","properties":{"id":"R0496","name":"Tansi Nagar 7 th street","highway":"residential","osm_way":386635737,"width_m":6.0,"length_m":16.4,"surface_area":98.2,"catchment_m2":589.3,"inlet_capacity_lps":7.2,"nearest_drain":"MH-066","from_node":"J2168576105","to_node":"J4926000719"},"geometry":{"type":"LineString","coordinates":[[80.222878,12.977144],[80.22275,12.977067]]}},{"type":"Feature","properties":{"id":"R0497","name":"Telungu Brahmin Street","highway":"residential","osm_way":29503047,"width_m":6.0,"length_m":177.4,"surface_area":1064.5,"catchment_m2":6387.2,"inlet_capacity_lps":43.2,"nearest_drain":"MH-135","from_node":"J300464446","to_node":"J325207996"},"geometry":{"type":"LineString","coordinates":[[80.220263,12.982689],[80.221899,12.982763]]}},{"type":"Feature","properties":{"id":"R0498","name":"Telungu Brahmin Street","highway":"residential","osm_way":29503047,"width_m":6.0,"length_m":91.6,"surface_area":549.9,"catchment_m2":3299.2,"inlet_capacity_lps":21.6,"nearest_drain":"MH-134","from_node":"J2230785698","to_node":"J300464446"},"geometry":{"type":"LineString","coordinates":[[80.219418,12.982681],[80.219941,12.982676],[80.220263,12.982689]]}},{"type":"Feature","properties":{"id":"R0499","name":"Theradi Street","highway":"residential","osm_way":27355047,"width_m":6.0,"length_m":29.5,"surface_area":177.1,"catchment_m2":1062.6,"inlet_capacity_lps":7.2,"nearest_drain":"MH-181","from_node":"J243325994","to_node":"J2407565891"},"geometry":{"type":"LineString","coordinates":[[80.223628,12.985419],[80.223361,12.985474]]}},{"type":"Feature","properties":{"id":"R0500","name":"Theradi Street","highway":"residential","osm_way":27355047,"width_m":6.0,"length_m":61.9,"surface_area":371.5,"catchment_m2":2228.7,"inlet_capacity_lps":14.4,"nearest_drain":"MH-181","from_node":"J325209565","to_node":"J243325994"},"geometry":{"type":"LineString","coordinates":[[80.224178,12.985269],[80.223628,12.985419]]}},{"type":"Feature","properties":{"id":"R0501","name":"Theradi Street","highway":"residential","osm_way":27355047,"width_m":6.0,"length_m":5.3,"surface_area":31.7,"catchment_m2":190.1,"inlet_capacity_lps":7.2,"nearest_drain":"MH-181","from_node":"J2407565891","to_node":"J300195626"},"geometry":{"type":"LineString","coordinates":[[80.223361,12.985474],[80.223314,12.985461]]}},{"type":"Feature","properties":{"id":"R0502","name":"Thirumekarai Street","highway":"residential","osm_way":29503220,"width_m":6.0,"length_m":84.4,"surface_area":506.4,"catchment_m2":3038.4,"inlet_capacity_lps":21.6,"nearest_drain":"MH-182","from_node":"J325209567","to_node":"J325209569"},"geometry":{"type":"LineString","coordinates":[[80.224336,12.985741],[80.224526,12.985662],[80.224664,12.985591],[80.224873,12.985461],[80.224946,12.985403],[80.224975,12.98538],[80.224993,12.985349]]}},{"type":"Feature","properties":{"id":"R0503","name":"Vaigai Street","highway":"residential","osm_way":27370171,"width_m":6.0,"length_m":137.5,"surface_area":825.0,"catchment_m2":4949.9,"inlet_capacity_lps":36.0,"nearest_drain":"MH-060","from_node":"J2230781403","to_node":"J300464027"},"geometry":{"type":"LineString","coordinates":[[80.218164,12.977869],[80.217646,12.977841],[80.216898,12.977779]]}},{"type":"Feature","properties":{"id":"R0504","name":"Varadarajapuram","highway":"residential","osm_way":30604300,"width_m":6.0,"length_m":55.8,"surface_area":334.6,"catchment_m2":2007.4,"inlet_capacity_lps":14.4,"nearest_drain":"MH-051","from_node":"J338461405","to_node":"J338406601"},"geometry":{"type":"LineString","coordinates":[[80.222264,12.976552],[80.222326,12.97653],[80.222348,12.976525],[80.222371,12.976524],[80.222774,12.976536]]}},{"type":"Feature","properties":{"id":"R0505","name":"Varatharajapuram","highway":"residential","osm_way":27370286,"width_m":6.0,"length_m":31.4,"surface_area":188.2,"catchment_m2":1129.0,"inlet_capacity_lps":7.2,"nearest_drain":"MH-052","from_node":"J300464877","to_node":"J300464867"},"geometry":{"type":"LineString","coordinates":[[80.223991,12.97678],[80.224019,12.976789],[80.224049,12.976804],[80.224066,12.976819],[80.224183,12.976949],[80.224206,12.976959]]}},{"type":"Feature","properties":{"id":"R0506","name":"Varatharajapuram","highway":"residential","osm_way":27370286,"width_m":6.0,"length_m":120.4,"surface_area":722.5,"catchment_m2":4335.1,"inlet_capacity_lps":28.8,"nearest_drain":"MH-052","from_node":"J1457503503","to_node":"J8041810500"},"geometry":{"type":"LineString","coordinates":[[80.222501,12.9767],[80.222851,12.976741],[80.223609,12.976767]]}},{"type":"Feature","properties":{"id":"R0507","name":"Varatharajapuram","highway":"residential","osm_way":27370286,"width_m":6.0,"length_m":41.4,"surface_area":248.1,"catchment_m2":1488.7,"inlet_capacity_lps":7.2,"nearest_drain":"MH-052","from_node":"J8041810500","to_node":"J300464877"},"geometry":{"type":"LineString","coordinates":[[80.223609,12.976767],[80.223991,12.97678]]}},{"type":"Feature","properties":{"id":"R0508","name":"Varatharajapuram 1st Lane","highway":"residential","osm_way":863257149,"width_m":6.0,"length_m":39.5,"surface_area":237.3,"catchment_m2":1423.7,"inlet_capacity_lps":7.2,"nearest_drain":"MH-052","from_node":"J8041810500","to_node":"J8041810501"},"geometry":{"type":"LineString","coordinates":[[80.223609,12.976767],[80.223626,12.976412]]}},{"type":"Feature","properties":{"id":"R0509","name":"Varatharajapuram 2nd Lane","highway":"residential","osm_way":863257146,"width_m":6.0,"length_m":35.7,"surface_area":214.4,"catchment_m2":1286.3,"inlet_capacity_lps":7.2,"nearest_drain":"MH-052","from_node":"J300464877","to_node":"J1457503502"},"geometry":{"type":"LineString","coordinates":[[80.223991,12.97678],[80.224014,12.97646]]}},{"type":"Feature","properties":{"id":"R0510","name":"Vijayanagar 1st Main Road","highway":"residential","osm_way":27320166,"width_m":6.0,"length_m":141.0,"surface_area":845.8,"catchment_m2":5075.0,"inlet_capacity_lps":36.0,"nearest_drain":"MH-033","from_node":"J299883943","to_node":"J2167148944"},"geometry":{"type":"LineString","coordinates":[[80.217107,12.975766],[80.218405,12.975855]]}},{"type":"Feature","properties":{"id":"R0511","name":"Vijayanagar 1st Main Road","highway":"residential","osm_way":27320166,"width_m":6.0,"length_m":15.1,"surface_area":90.7,"catchment_m2":544.1,"inlet_capacity_lps":7.2,"nearest_drain":"MH-036","from_node":"J313857702","to_node":"J12294623165"},"geometry":{"type":"LineString","coordinates":[[80.220119,12.975598],[80.2202,12.975606],[80.220256,12.975622]]}},{"type":"Feature","properties":{"id":"R0512","name":"Vijayanagar 1st Main Road","highway":"residential","osm_way":27320166,"width_m":6.0,"length_m":31.9,"surface_area":191.1,"catchment_m2":1146.8,"inlet_capacity_lps":7.2,"nearest_drain":"MH-034","from_node":"J338223259","to_node":"J1751203573"},"geometry":{"type":"LineString","coordinates":[[80.218688,12.975872],[80.218981,12.97589]]}},{"type":"Feature","properties":{"id":"R0513","name":"Vijayanagar 1st Main Road","highway":"residential","osm_way":27320166,"width_m":6.0,"length_m":129.3,"surface_area":775.8,"catchment_m2":4654.8,"inlet_capacity_lps":28.8,"nearest_drain":"MH-034","from_node":"J1751203573","to_node":"J313857702"},"geometry":{"type":"LineString","coordinates":[[80.218981,12.97589],[80.219042,12.975909],[80.219464,12.975845],[80.220119,12.975598]]}},{"type":"Feature","properties":{"id":"R0514","name":"Vijayanagar 1st Main Road","highway":"residential","osm_way":27320166,"width_m":6.0,"length_m":30.7,"surface_area":184.4,"catchment_m2":1106.7,"inlet_capacity_lps":7.2,"nearest_drain":"MH-034","from_node":"J2167148944","to_node":"J338223259"},"geometry":{"type":"LineString","coordinates":[[80.218405,12.975855],[80.218688,12.975872]]}},{"type":"Feature","properties":{"id":"R0515","name":"Vijayanagar 1st Main Road","highway":"residential","osm_way":27320166,"width_m":6.0,"length_m":21.9,"surface_area":131.3,"catchment_m2":787.9,"inlet_capacity_lps":7.2,"nearest_drain":"MH-036","from_node":"J12294623165","to_node":"J12294623164"},"geometry":{"type":"LineString","coordinates":[[80.220256,12.975622],[80.220321,12.975639],[80.220399,12.975681],[80.220438,12.975704]]}},{"type":"Feature","properties":{"id":"R0516","name":"Vijayanagar 2nd Main Road","highway":"residential","osm_way":1487226521,"width_m":6.0,"length_m":77.0,"surface_area":461.8,"catchment_m2":2770.5,"inlet_capacity_lps":21.6,"nearest_drain":"MH-033","from_node":"J299883945","to_node":"J300464924"},"geometry":{"type":"LineString","coordinates":[[80.217159,12.975285],[80.216449,12.975277]]}},{"type":"Feature","properties":{"id":"R0517","name":"Vijayanagar 2nd Main Road","highway":"residential","osm_way":27320164,"width_m":6.0,"length_m":138.4,"surface_area":830.4,"catchment_m2":4982.3,"inlet_capacity_lps":36.0,"nearest_drain":"MH-031","from_node":"J300464924","to_node":"J299883901"},"geometry":{"type":"LineString","coordinates":[[80.216449,12.975277],[80.215176,12.975375]]}},{"type":"Feature","properties":{"id":"R0518","name":"Vijayanagar 2nd Main Road","highway":"residential","osm_way":28571974,"width_m":6.0,"length_m":84.4,"surface_area":506.1,"catchment_m2":3036.7,"inlet_capacity_lps":21.6,"nearest_drain":"MH-035","from_node":"J313857704","to_node":"J313857707"},"geometry":{"type":"LineString","coordinates":[[80.219957,12.975139],[80.219202,12.975325]]}},{"type":"Feature","properties":{"id":"R0519","name":"Yamuna Street","highway":"residential","osm_way":206673815,"width_m":6.0,"length_m":78.5,"surface_area":470.8,"catchment_m2":2825.1,"inlet_capacity_lps":21.6,"nearest_drain":"MH-060","from_node":"J2167149030","to_node":"J11192870602"},"geometry":{"type":"LineString","coordinates":[[80.216904,12.977854],[80.21618,12.977824]]}},{"type":"Feature","properties":{"id":"R0520","name":"kalki nagar main road","highway":"residential","osm_way":27319881,"width_m":6.0,"length_m":150.6,"surface_area":903.7,"catchment_m2":5421.9,"inlet_capacity_lps":36.0,"nearest_drain":"MH-026","from_node":"J11032223620","to_node":"J299877917"},"geometry":{"type":"LineString","coordinates":[[80.210356,12.975481],[80.210359,12.975559],[80.210358,12.975889],[80.210358,12.975941],[80.210356,12.976321],[80.210352,12.976835]]}},{"type":"Feature","properties":{"id":"R0521","name":"kalki nagar main road","highway":"residential","osm_way":27319881,"width_m":6.0,"length_m":20.1,"surface_area":120.9,"catchment_m2":725.3,"inlet_capacity_lps":7.2,"nearest_drain":"MH-026","from_node":"J11032223625","to_node":"J11032223620"},"geometry":{"type":"LineString","coordinates":[[80.210343,12.975302],[80.210352,12.975316],[80.210356,12.975481]]}},{"type":"Feature","properties":{"id":"R0522","name":"kalki nagar main road","highway":"residential","osm_way":27319881,"width_m":6.0,"length_m":6.1,"surface_area":36.8,"catchment_m2":220.8,"inlet_capacity_lps":7.2,"nearest_drain":"MH-026","from_node":"J11032223634","to_node":"J11032223636"},"geometry":{"type":"LineString","coordinates":[[80.210031,12.975222],[80.210087,12.975221]]}},{"type":"Feature","properties":{"id":"R0523","name":"kalki nagar main road","highway":"residential","osm_way":27319881,"width_m":6.0,"length_m":31.3,"surface_area":187.9,"catchment_m2":1127.6,"inlet_capacity_lps":7.2,"nearest_drain":"MH-026","from_node":"J11032223636","to_node":"J11032223625"},"geometry":{"type":"LineString","coordinates":[[80.210087,12.975221],[80.210204,12.975221],[80.210314,12.975254],[80.210343,12.975302]]}},{"type":"Feature","properties":{"id":"R0524","name":null,"highway":"residential","osm_way":1434022816,"width_m":6.0,"length_m":44.2,"surface_area":264.9,"catchment_m2":1589.5,"inlet_capacity_lps":7.2,"nearest_drain":"MH-198","from_node":"J299385806","to_node":"J338440041"},"geometry":{"type":"LineString","coordinates":[[80.21046,12.987396],[80.210414,12.987002]]}},{"type":"Feature","properties":{"id":"R0525","name":null,"highway":"residential","osm_way":27274195,"width_m":6.0,"length_m":53.9,"surface_area":323.4,"catchment_m2":1940.6,"inlet_capacity_lps":14.4,"nearest_drain":"MH-183","from_node":"J299385811","to_node":"J300165130"},"geometry":{"type":"LineString","coordinates":[[80.210377,12.986188],[80.210328,12.985705]]}},{"type":"Feature","properties":{"id":"R0526","name":null,"highway":"residential","osm_way":688061994,"width_m":6.0,"length_m":26.2,"surface_area":157.4,"catchment_m2":944.3,"inlet_capacity_lps":7.2,"nearest_drain":"MH-072","from_node":"J299877611","to_node":"J6450913709"},"geometry":{"type":"LineString","coordinates":[[80.213982,12.978641],[80.214014,12.978493],[80.214032,12.97841]]}},{"type":"Feature","properties":{"id":"R0527","name":null,"highway":"residential","osm_way":27319724,"width_m":6.0,"length_m":190.8,"surface_area":1144.6,"catchment_m2":6867.6,"inlet_capacity_lps":43.2,"nearest_drain":"MH-056","from_node":"J299877788","to_node":"J330401247"},"geometry":{"type":"LineString","coordinates":[[80.210461,12.977582],[80.212206,12.977805]]}},{"type":"Feature","properties":{"id":"R0528","name":null,"highway":"residential","osm_way":27319879,"width_m":6.0,"length_m":15.3,"surface_area":91.6,"catchment_m2":549.9,"inlet_capacity_lps":7.2,"nearest_drain":"MH-054","from_node":"J299877788","to_node":"J299877897"},"geometry":{"type":"LineString","coordinates":[[80.210461,12.977582],[80.210452,12.977719]]}},{"type":"Feature","properties":{"id":"R0529","name":null,"highway":"residential","osm_way":27319745,"width_m":6.0,"length_m":46.8,"surface_area":280.8,"catchment_m2":1684.8,"inlet_capacity_lps":14.4,"nearest_drain":"MH-056","from_node":"J299877804","to_node":"J330401247"},"geometry":{"type":"LineString","coordinates":[[80.212253,12.977386],[80.212206,12.977805]]}},{"type":"Feature","properties":{"id":"R0530","name":null,"highway":"residential","osm_way":1267103247,"width_m":6.0,"length_m":23.4,"surface_area":140.6,"catchment_m2":843.8,"inlet_capacity_lps":7.2,"nearest_drain":"MH-056","from_node":"J299877804","to_node":"J7806646836"},"geometry":{"type":"LineString","coordinates":[[80.212253,12.977386],[80.212339,12.977396],[80.212468,12.977405]]}},{"type":"Feature","properties":{"id":"R0531","name":null,"highway":"residential","osm_way":27319759,"width_m":6.0,"length_m":147.4,"surface_area":884.3,"catchment_m2":5305.9,"inlet_capacity_lps":36.0,"nearest_drain":"MH-055","from_node":"J299877816","to_node":"J300186162"},"geometry":{"type":"LineString","coordinates":[[80.210494,12.977193],[80.211846,12.977337]]}},{"type":"Feature","properties":{"id":"R0532","name":null,"highway":"residential","osm_way":27319879,"width_m":6.0,"length_m":43.4,"surface_area":260.4,"catchment_m2":1562.2,"inlet_capacity_lps":7.2,"nearest_drain":"MH-054","from_node":"J299877816","to_node":"J299877788"},"geometry":{"type":"LineString","coordinates":[[80.210494,12.977193],[80.210461,12.977582]]}},{"type":"Feature","properties":{"id":"R0533","name":null,"highway":"residential","osm_way":206658400,"width_m":6.0,"length_m":103.4,"surface_area":620.1,"catchment_m2":3720.7,"inlet_capacity_lps":21.6,"nearest_drain":"MH-056","from_node":"J299877859","to_node":"J2167027648"},"geometry":{"type":"LineString","coordinates":[[80.212909,12.977473],[80.212921,12.977466],[80.212937,12.977462],[80.213012,12.977471],[80.213038,12.97747],[80.213062,12.977457],[80.213079,12.977441],[80.213085,12.977418],[80.213117,12.977008],[80.213124,12.976914],[80.213122,12.976909],[80.213116,12.976905],[80.213109,12.976904],[80.212932,12.976882],[80.212916,12.976878],[80.212904,12.976874]]}},{"type":"Feature","properties":{"id":"R0534","name":null,"highway":"residential","osm_way":27319879,"width_m":6.0,"length_m":32.2,"surface_area":193.0,"catchment_m2":1158.0,"inlet_capacity_lps":7.2,"nearest_drain":"MH-041","from_node":"J299877896","to_node":"J299877816"},"geometry":{"type":"LineString","coordinates":[[80.210524,12.976905],[80.210494,12.977193]]}},{"type":"Feature","properties":{"id":"R0535","name":null,"highway":"residential","osm_way":1288576575,"width_m":6.0,"length_m":23.4,"surface_area":140.5,"catchment_m2":843.0,"inlet_capacity_lps":7.2,"nearest_drain":"MH-041","from_node":"J299877896","to_node":"J2167027689"},"geometry":{"type":"LineString","coordinates":[[80.210524,12.976905],[80.21074,12.976908]]}},{"type":"Feature","properties":{"id":"R0536","name":null,"highway":"residential","osm_way":27319880,"width_m":6.0,"length_m":20.2,"surface_area":121.3,"catchment_m2":727.7,"inlet_capacity_lps":7.2,"nearest_drain":"MH-041","from_node":"J299877917","to_node":"J299877896"},"geometry":{"type":"LineString","coordinates":[[80.210352,12.976835],[80.210524,12.976905]]}},{"type":"Feature","properties":{"id":"R0537","name":null,"highway":"residential","osm_way":206658388,"width_m":6.0,"length_m":46.5,"surface_area":278.9,"catchment_m2":1673.7,"inlet_capacity_lps":14.4,"nearest_drain":"MH-069","from_node":"J299878252","to_node":"J299878196"},"geometry":{"type":"LineString","coordinates":[[80.210307,12.978768],[80.210307,12.97835]]}},{"type":"Feature","properties":{"id":"R0538","name":null,"highway":"residential","osm_way":27319895,"width_m":6.0,"length_m":17.5,"surface_area":105.2,"catchment_m2":631.0,"inlet_capacity_lps":7.2,"nearest_drain":"MH-084","from_node":"J299878271","to_node":"J299878370"},"geometry":{"type":"LineString","coordinates":[[80.21065,12.979158],[80.210488,12.979171]]}},{"type":"Feature","properties":{"id":"R0539","name":null,"highway":"residential","osm_way":27319897,"width_m":6.0,"length_m":46.6,"surface_area":279.7,"catchment_m2":1678.1,"inlet_capacity_lps":14.4,"nearest_drain":"MH-070","from_node":"J299878326","to_node":"J2167027772"},"geometry":{"type":"LineString","coordinates":[[80.211656,12.978172],[80.21164,12.978591]]}},{"type":"Feature","properties":{"id":"R0540","name":null,"highway":"residential","osm_way":673268081,"width_m":6.0,"length_m":115.4,"surface_area":692.7,"catchment_m2":4156.1,"inlet_capacity_lps":28.8,"nearest_drain":"MH-088","from_node":"J299878329","to_node":"J299880900"},"geometry":{"type":"LineString","coordinates":[[80.213802,12.9786],[80.213824,12.979064],[80.213838,12.979095],[80.213883,12.97912],[80.214384,12.979144]]}},{"type":"Feature","properties":{"id":"R0541","name":null,"highway":"residential","osm_way":27319898,"width_m":6.0,"length_m":242.9,"surface_area":1457.7,"catchment_m2":8746.0,"inlet_capacity_lps":57.6,"nearest_drain":"MH-111","from_node":"J299878368","to_node":"J299878370"},"geometry":{"type":"LineString","coordinates":[[80.210607,12.981351],[80.210615,12.98103],[80.21055,12.980468],[80.210488,12.979171]]}},{"type":"Feature","properties":{"id":"R0542","name":null,"highway":"residential","osm_way":27354110,"width_m":6.0,"length_m":40.1,"surface_area":240.6,"catchment_m2":1443.6,"inlet_capacity_lps":7.2,"nearest_drain":"MH-125","from_node":"J299878391","to_node":"J6305258154"},"geometry":{"type":"LineString","coordinates":[[80.210983,12.982113],[80.210613,12.98212]]}},{"type":"Feature","properties":{"id":"R0543","name":null,"highway":"residential","osm_way":27370086,"width_m":6.0,"length_m":47.4,"surface_area":284.2,"catchment_m2":1705.3,"inlet_capacity_lps":14.4,"nearest_drain":"MH-100","from_node":"J299878625","to_node":"J2167027852"},"geometry":{"type":"LineString","coordinates":[[80.213126,12.980709],[80.212689,12.980693]]}},{"type":"Feature","properties":{"id":"R0544","name":null,"highway":"residential","osm_way":27319907,"width_m":6.0,"length_m":71.7,"surface_area":430.2,"catchment_m2":2581.2,"inlet_capacity_lps":14.4,"nearest_drain":"MH-130","from_node":"J299878653","to_node":"J299883310"},"geometry":{"type":"LineString","coordinates":[[80.216588,12.982662],[80.21593,12.982593]]}},{"type":"Feature","properties":{"id":"R0545","name":null,"highway":"residential","osm_way":1298947313,"width_m":6.0,"length_m":74.4,"surface_area":446.2,"catchment_m2":2677.0,"inlet_capacity_lps":14.4,"nearest_drain":"MH-131","from_node":"J299878653","to_node":"J7806767040"},"geometry":{"type":"LineString","coordinates":[[80.216588,12.982662],[80.217271,12.982726]]}},{"type":"Feature","properties":{"id":"R0546","name":null,"highway":"residential","osm_way":27319907,"width_m":6.0,"length_m":38.8,"surface_area":233.0,"catchment_m2":1398.1,"inlet_capacity_lps":7.2,"nearest_drain":"MH-127","from_node":"J299878655","to_node":"J11612617051"},"geometry":{"type":"LineString","coordinates":[[80.213233,12.982448],[80.212877,12.982411]]}},{"type":"Feature","properties":{"id":"R0547","name":null,"highway":"residential","osm_way":27319906,"width_m":6.0,"length_m":88.4,"surface_area":530.7,"catchment_m2":3184.1,"inlet_capacity_lps":21.6,"nearest_drain":"MH-100","from_node":"J299878685","to_node":"J6307239351"},"geometry":{"type":"LineString","coordinates":[[80.213863,12.980888],[80.213859,12.980776],[80.213854,12.980763],[80.213842,12.980745],[80.213825,12.980737],[80.213803,12.980737],[80.213181,12.980692]]}},{"type":"Feature","properties":{"id":"R0548","name":null,"highway":"residential","osm_way":27319908,"width_m":6.0,"length_m":76.5,"surface_area":459.2,"catchment_m2":2755.1,"inlet_capacity_lps":21.6,"nearest_drain":"MH-100","from_node":"J299878685","to_node":"J299881938"},"geometry":{"type":"LineString","coordinates":[[80.213863,12.980888],[80.214567,12.980949]]}},{"type":"Feature","properties":{"id":"R0549","name":null,"highway":"residential","osm_way":27319909,"width_m":6.0,"length_m":58.6,"surface_area":351.4,"catchment_m2":2108.2,"inlet_capacity_lps":14.4,"nearest_drain":"MH-116","from_node":"J299878697","to_node":"J300184998"},"geometry":{"type":"LineString","coordinates":[[80.215417,12.980961],[80.215957,12.980978]]}},{"type":"Feature","properties":{"id":"R0550","name":null,"highway":"residential","osm_way":27319910,"width_m":6.0,"length_m":37.3,"surface_area":223.5,"catchment_m2":1341.0,"inlet_capacity_lps":7.2,"nearest_drain":"MH-046","from_node":"J299878738","to_node":"J2167148972"},"geometry":{"type":"LineString","coordinates":[[80.215362,12.976442],[80.215364,12.976778]]}},{"type":"Feature","properties":{"id":"R0551","name":null,"highway":"residential","osm_way":27320149,"width_m":6.0,"length_m":15.7,"surface_area":93.9,"catchment_m2":563.7,"inlet_capacity_lps":7.2,"nearest_drain":"MH-046","from_node":"J299878738","to_node":"J299883766"},"geometry":{"type":"LineString","coordinates":[[80.215362,12.976442],[80.21522,12.976471]]}},{"type":"Feature","properties":{"id":"R0552","name":null,"highway":"residential","osm_way":28571973,"width_m":6.0,"length_m":49.0,"surface_area":293.8,"catchment_m2":1762.9,"inlet_capacity_lps":14.4,"nearest_drain":"MH-020","from_node":"J299878818","to_node":"J1889993394"},"geometry":{"type":"LineString","coordinates":[[80.219627,12.974341],[80.219798,12.974749]]}},{"type":"Feature","properties":{"id":"R0553","name":null,"highway":"residential","osm_way":27319913,"width_m":6.0,"length_m":30.6,"surface_area":183.5,"catchment_m2":1100.8,"inlet_capacity_lps":7.2,"nearest_drain":"MH-019","from_node":"J299878850","to_node":"J299878915"},"geometry":{"type":"LineString","coordinates":[[80.218563,12.974189],[80.21857,12.974464]]}},{"type":"Feature","properties":{"id":"R0554","name":null,"highway":"residential","osm_way":27319913,"width_m":6.0,"length_m":40.7,"surface_area":244.3,"catchment_m2":1466.0,"inlet_capacity_lps":7.2,"nearest_drain":"MH-006","from_node":"J299878883","to_node":"J299878850"},"geometry":{"type":"LineString","coordinates":[[80.218573,12.973823],[80.218563,12.974189]]}},{"type":"Feature","properties":{"id":"R0555","name":null,"highway":"residential","osm_way":27319913,"width_m":6.0,"length_m":39.7,"surface_area":238.3,"catchment_m2":1429.7,"inlet_capacity_lps":7.2,"nearest_drain":"MH-019","from_node":"J299878915","to_node":"J299878821"},"geometry":{"type":"LineString","coordinates":[[80.21857,12.974464],[80.218552,12.97482]]}},{"type":"Feature","properties":{"id":"R0556","name":null,"highway":"residential","osm_way":108148362,"width_m":6.0,"length_m":74.3,"surface_area":445.6,"catchment_m2":2673.5,"inlet_capacity_lps":14.4,"nearest_drain":"MH-006","from_node":"J299879128","to_node":"J313857700"},"geometry":{"type":"LineString","coordinates":[[80.219028,12.973173],[80.219012,12.97384]]}},{"type":"Feature","properties":{"id":"R0557","name":null,"highway":"residential","osm_way":30598647,"width_m":6.0,"length_m":38.9,"surface_area":233.5,"catchment_m2":1401.1,"inlet_capacity_lps":7.2,"nearest_drain":"MH-005","from_node":"J299879154","to_node":"J338282639"},"geometry":{"type":"LineString","coordinates":[[80.217201,12.973194],[80.217213,12.973544]]}},{"type":"Feature","properties":{"id":"R0558","name":null,"highway":"residential","osm_way":299498142,"width_m":6.0,"length_m":39.5,"surface_area":236.8,"catchment_m2":1420.9,"inlet_capacity_lps":7.2,"nearest_drain":"MH-143","from_node":"J299879547","to_node":"J299883594"},"geometry":{"type":"LineString","coordinates":[[80.213616,12.982922],[80.213606,12.982943],[80.213604,12.982965],[80.213576,12.983273]]}},{"type":"Feature","properties":{"id":"R0559","name":null,"highway":"residential","osm_way":206658391,"width_m":6.0,"length_m":132.2,"surface_area":793.1,"catchment_m2":4758.6,"inlet_capacity_lps":28.8,"nearest_drain":"MH-100","from_node":"J299880849","to_node":"J6307239350"},"geometry":{"type":"LineString","coordinates":[[80.214405,12.980557],[80.214394,12.980562],[80.214382,12.980562],[80.21353,12.980513],[80.213188,12.980487]]}},{"type":"Feature","properties":{"id":"R0560","name":null,"highway":"residential","osm_way":1207183517,"width_m":6.0,"length_m":35.6,"surface_area":213.5,"catchment_m2":1281.0,"inlet_capacity_lps":7.2,"nearest_drain":"MH-101","from_node":"J299880849","to_node":"J299881944"},"geometry":{"type":"LineString","coordinates":[[80.214405,12.980557],[80.214408,12.980546],[80.214409,12.980531],[80.214419,12.980238]]}},{"type":"Feature","properties":{"id":"R0561","name":null,"highway":"residential","osm_way":1219684637,"width_m":6.0,"length_m":91.6,"surface_area":549.5,"catchment_m2":3296.7,"inlet_capacity_lps":21.6,"nearest_drain":"MH-087","from_node":"J299880851","to_node":"J299880853"},"geometry":{"type":"LineString","coordinates":[[80.213536,12.979475],[80.21438,12.979499]]}},{"type":"Feature","properties":{"id":"R0562","name":null,"highway":"residential","osm_way":1219684638,"width_m":6.0,"length_m":39.5,"surface_area":236.7,"catchment_m2":1420.4,"inlet_capacity_lps":7.2,"nearest_drain":"MH-088","from_node":"J299880853","to_node":"J299880900"},"geometry":{"type":"LineString","coordinates":[[80.21438,12.979499],[80.214384,12.979144]]}},{"type":"Feature","properties":{"id":"R0563","name":null,"highway":"residential","osm_way":27320147,"width_m":6.0,"length_m":191.8,"surface_area":1151.0,"catchment_m2":6906.3,"inlet_capacity_lps":43.2,"nearest_drain":"MH-090","from_node":"J299880900","to_node":"J299883719"},"geometry":{"type":"LineString","coordinates":[[80.214384,12.979144],[80.216148,12.979303]]}},{"type":"Feature","properties":{"id":"R0564","name":null,"highway":"residential","osm_way":27319906,"width_m":6.0,"length_m":42.8,"surface_area":256.6,"catchment_m2":1539.9,"inlet_capacity_lps":7.2,"nearest_drain":"MH-114","from_node":"J299881056","to_node":"J11618453820"},"geometry":{"type":"LineString","coordinates":[[80.213848,12.981685],[80.21387,12.981301]]}},{"type":"Feature","properties":{"id":"R0565","name":null,"highway":"residential","osm_way":1267103248,"width_m":6.0,"length_m":81.7,"surface_area":490.0,"catchment_m2":2940.0,"inlet_capacity_lps":21.6,"nearest_drain":"MH-114","from_node":"J299881056","to_node":"J299883311"},"geometry":{"type":"LineString","coordinates":[[80.213848,12.981685],[80.213096,12.981647]]}},{"type":"Feature","properties":{"id":"R0566","name":null,"highway":"residential","osm_way":299498139,"width_m":6.0,"length_m":87.2,"surface_area":523.5,"catchment_m2":3140.9,"inlet_capacity_lps":21.6,"nearest_drain":"MH-113","from_node":"J299881060","to_node":"J299883586"},"geometry":{"type":"LineString","coordinates":[[80.212257,12.981548],[80.212217,12.981918],[80.212185,12.982329]]}},{"type":"Feature","properties":{"id":"R0567","name":null,"highway":"residential","osm_way":27320010,"width_m":6.0,"length_m":36.5,"surface_area":218.8,"catchment_m2":1313.0,"inlet_capacity_lps":7.2,"nearest_drain":"MH-125","from_node":"J299881772","to_node":"J300304364"},"geometry":{"type":"LineString","coordinates":[[80.210314,12.982444],[80.210314,12.982772]]}},{"type":"Feature","properties":{"id":"R0568","name":null,"highway":"residential","osm_way":27319978,"width_m":6.0,"length_m":232.0,"surface_area":1391.9,"catchment_m2":8351.6,"inlet_capacity_lps":57.6,"nearest_drain":"MH-128","from_node":"J299881932","to_node":"J299883577"},"geometry":{"type":"LineString","coordinates":[[80.215964,12.98224],[80.213829,12.982091]]}},{"type":"Feature","properties":{"id":"R0569","name":null,"highway":"residential","osm_way":27319906,"width_m":6.0,"length_m":4.5,"surface_area":27.2,"catchment_m2":163.3,"inlet_capacity_lps":7.2,"nearest_drain":"MH-114","from_node":"J299881935","to_node":"J299881056"},"geometry":{"type":"LineString","coordinates":[[80.213846,12.981725],[80.213848,12.981685]]}},{"type":"Feature","properties":{"id":"R0570","name":null,"highway":"residential","osm_way":27319908,"width_m":6.0,"length_m":13.4,"surface_area":80.7,"catchment_m2":483.9,"inlet_capacity_lps":7.2,"nearest_drain":"MH-115","from_node":"J299881938","to_node":"J299878686"},"geometry":{"type":"LineString","coordinates":[[80.214567,12.980949],[80.214691,12.980945]]}},{"type":"Feature","properties":{"id":"R0571","name":null,"highway":"residential","osm_way":1207183517,"width_m":6.0,"length_m":13.9,"surface_area":83.1,"catchment_m2":498.8,"inlet_capacity_lps":7.2,"nearest_drain":"MH-101","from_node":"J299881944","to_node":"J300464009"},"geometry":{"type":"LineString","coordinates":[[80.214419,12.980238],[80.214418,12.980113]]}},{"type":"Feature","properties":{"id":"R0572","name":null,"highway":"residential","osm_way":27319972,"width_m":6.0,"length_m":47.7,"surface_area":286.2,"catchment_m2":1717.5,"inlet_capacity_lps":14.4,"nearest_drain":"MH-088","from_node":"J299881945","to_node":"J6498321179"},"geometry":{"type":"LineString","coordinates":[[80.215323,12.979925],[80.214884,12.979891]]}},{"type":"Feature","properties":{"id":"R0573","name":null,"highway":"residential","osm_way":27320095,"width_m":6.0,"length_m":179.6,"surface_area":1077.7,"catchment_m2":6466.0,"inlet_capacity_lps":43.2,"nearest_drain":"MH-143","from_node":"J299882980","to_node":"J300304363"},"geometry":{"type":"LineString","coordinates":[[80.213101,12.984498],[80.213129,12.983927],[80.213158,12.983864],[80.213196,12.983783],[80.213225,12.983686],[80.213227,12.982902]]}},{"type":"Feature","properties":{"id":"R0574","name":null,"highway":"residential","osm_way":27320119,"width_m":6.0,"length_m":299.3,"surface_area":1795.9,"catchment_m2":10775.3,"inlet_capacity_lps":72.0,"nearest_drain":"MH-004","from_node":"J299883186","to_node":"J299883187"},"geometry":{"type":"LineString","coordinates":[[80.216421,12.973647],[80.213661,12.973773]]}},{"type":"Feature","properties":{"id":"R0575","name":null,"highway":"residential","osm_way":667069530,"width_m":6.0,"length_m":57.8,"surface_area":346.6,"catchment_m2":2079.6,"inlet_capacity_lps":14.4,"nearest_drain":"MH-003","from_node":"J299883187","to_node":"J299883205"},"geometry":{"type":"LineString","coordinates":[[80.213661,12.973773],[80.213756,12.974284]]}},{"type":"Feature","properties":{"id":"R0576","name":null,"highway":"residential","osm_way":1288576578,"width_m":6.0,"length_m":13.5,"surface_area":81.2,"catchment_m2":487.4,"inlet_capacity_lps":7.2,"nearest_drain":"MH-003","from_node":"J299883187","to_node":"J299883188"},"geometry":{"type":"LineString","coordinates":[[80.213661,12.973773],[80.213639,12.973653]]}},{"type":"Feature","properties":{"id":"R0577","name":null,"highway":"residential","osm_way":27344671,"width_m":6.0,"length_m":32.3,"surface_area":193.8,"catchment_m2":1163.0,"inlet_capacity_lps":7.2,"nearest_drain":"MH-003","from_node":"J299883188","to_node":"J300185261"},"geometry":{"type":"LineString","coordinates":[[80.213639,12.973653],[80.213634,12.973362]]}},{"type":"Feature","properties":{"id":"R0578","name":null,"highway":"residential","osm_way":1288576577,"width_m":6.0,"length_m":58.7,"surface_area":351.9,"catchment_m2":2111.7,"inlet_capacity_lps":14.4,"nearest_drain":"MH-003","from_node":"J299883188","to_node":"J300185214"},"geometry":{"type":"LineString","coordinates":[[80.213639,12.973653],[80.213098,12.973659]]}},{"type":"Feature","properties":{"id":"R0579","name":null,"highway":"residential","osm_way":27370225,"width_m":6.0,"length_m":51.2,"surface_area":307.4,"catchment_m2":1844.2,"inlet_capacity_lps":14.4,"nearest_drain":"MH-014","from_node":"J299883205","to_node":"J300464383"},"geometry":{"type":"LineString","coordinates":[[80.213756,12.974284],[80.213776,12.974744]]}},{"type":"Feature","properties":{"id":"R0580","name":null,"highway":"residential","osm_way":1250690839,"width_m":6.0,"length_m":85.1,"surface_area":510.8,"catchment_m2":3065.1,"inlet_capacity_lps":21.6,"nearest_drain":"MH-014","from_node":"J299883205","to_node":"J300464378"},"geometry":{"type":"LineString","coordinates":[[80.213756,12.974284],[80.213478,12.974291],[80.213458,12.974294],[80.213437,12.974302],[80.213426,12.974322],[80.213424,12.974346],[80.21343,12.974752]]}},{"type":"Feature","properties":{"id":"R0581","name":null,"highway":"residential","osm_way":932740707,"width_m":6.0,"length_m":135.3,"surface_area":812.0,"catchment_m2":4872.3,"inlet_capacity_lps":36.0,"nearest_drain":"MH-132","from_node":"J299883303","to_node":"J338406648"},"geometry":{"type":"LineString","coordinates":[[80.21661,12.982295],[80.217854,12.982412]]}},{"type":"Feature","properties":{"id":"R0582","name":null,"highway":"residential","osm_way":1267103244,"width_m":6.0,"length_m":69.7,"surface_area":418.2,"catchment_m2":2509.1,"inlet_capacity_lps":14.4,"nearest_drain":"MH-116","from_node":"J299883308","to_node":"J3875133338"},"geometry":{"type":"LineString","coordinates":[[80.216643,12.981723],[80.216001,12.981675]]}},{"type":"Feature","properties":{"id":"R0583","name":null,"highway":"residential","osm_way":27319907,"width_m":6.0,"length_m":292.6,"surface_area":1755.7,"catchment_m2":10534.2,"inlet_capacity_lps":72.0,"nearest_drain":"MH-128","from_node":"J299883310","to_node":"J299878655"},"geometry":{"type":"LineString","coordinates":[[80.21593,12.982593],[80.213233,12.982448]]}},{"type":"Feature","properties":{"id":"R0584","name":null,"highway":"residential","osm_way":30606816,"width_m":6.0,"length_m":102.1,"surface_area":612.7,"catchment_m2":3676.4,"inlet_capacity_lps":21.6,"nearest_drain":"MH-113","from_node":"J299883311","to_node":"J299881060"},"geometry":{"type":"LineString","coordinates":[[80.213096,12.981647],[80.213099,12.981557],[80.213065,12.981534],[80.213012,12.981525],[80.212257,12.981548]]}},{"type":"Feature","properties":{"id":"R0585","name":null,"highway":"residential","osm_way":692218449,"width_m":6.0,"length_m":25.3,"surface_area":151.9,"catchment_m2":911.5,"inlet_capacity_lps":7.2,"nearest_drain":"MH-114","from_node":"J299883311","to_node":"J2167149063"},"geometry":{"type":"LineString","coordinates":[[80.213096,12.981647],[80.213114,12.981874]]}},{"type":"Feature","properties":{"id":"R0586","name":null,"highway":"residential","osm_way":27320135,"width_m":6.0,"length_m":178.4,"surface_area":1070.2,"catchment_m2":6421.3,"inlet_capacity_lps":43.2,"nearest_drain":"MH-121","from_node":"J299883320","to_node":"J299883324"},"geometry":{"type":"LineString","coordinates":[[80.221015,12.981078],[80.220681,12.98111],[80.22064,12.981125],[80.220615,12.981148],[80.220593,12.981174],[80.220584,12.981208],[80.220537,12.981662],[80.220529,12.981711],[80.220513,12.981743],[80.220484,12.981757],[80.220451,12.981759],[80.220374,12.981758],[80.21991,12.981746]]}},{"type":"Feature","properties":{"id":"R0587","name":null,"highway":"residential","osm_way":27320135,"width_m":6.0,"length_m":40.1,"surface_area":240.7,"catchment_m2":1444.1,"inlet_capacity_lps":7.2,"nearest_drain":"MH-120","from_node":"J299883324","to_node":"J2407565215"},"geometry":{"type":"LineString","coordinates":[[80.21991,12.981746],[80.219549,12.981667]]}},{"type":"Feature","properties":{"id":"R0588","name":null,"highway":"residential","osm_way":435640554,"width_m":6.0,"length_m":56.6,"surface_area":339.5,"catchment_m2":2037.2,"inlet_capacity_lps":14.4,"nearest_drain":"MH-134","from_node":"J299883324","to_node":"J4335419614"},"geometry":{"type":"LineString","coordinates":[[80.21991,12.981746],[80.219934,12.982255]]}},{"type":"Feature","properties":{"id":"R0589","name":null,"highway":"residential","osm_way":30604306,"width_m":6.0,"length_m":209.0,"surface_area":1254.2,"catchment_m2":7525.2,"inlet_capacity_lps":50.4,"nearest_drain":"MH-118","from_node":"J299883330","to_node":"J3875133337"},"geometry":{"type":"LineString","coordinates":[[80.217951,12.981451],[80.217241,12.981361],[80.217146,12.981348],[80.217069,12.981348],[80.216999,12.981348],[80.216671,12.981352],[80.216029,12.981334]]}},{"type":"Feature","properties":{"id":"R0590","name":null,"highway":"residential","osm_way":27320137,"width_m":6.0,"length_m":122.7,"surface_area":736.0,"catchment_m2":4416.2,"inlet_capacity_lps":28.8,"nearest_drain":"MH-115","from_node":"J299883551","to_node":"J299883552"},"geometry":{"type":"LineString","coordinates":[[80.21578,12.981506],[80.21477,12.981447],[80.21473,12.981442],[80.214681,12.981436],[80.214655,12.98142]]}},{"type":"Feature","properties":{"id":"R0591","name":null,"highway":"residential","osm_way":318725678,"width_m":6.0,"length_m":53.6,"surface_area":321.3,"catchment_m2":1927.9,"inlet_capacity_lps":14.4,"nearest_drain":"MH-115","from_node":"J299883552","to_node":"J299881938"},"geometry":{"type":"LineString","coordinates":[[80.214655,12.98142],[80.214638,12.981394],[80.214627,12.981342],[80.214567,12.980949]]}},{"type":"Feature","properties":{"id":"R0592","name":null,"highway":"residential","osm_way":27319906,"width_m":6.0,"length_m":40.7,"surface_area":244.2,"catchment_m2":1465.4,"inlet_capacity_lps":7.2,"nearest_drain":"MH-114","from_node":"J299883577","to_node":"J299881935"},"geometry":{"type":"LineString","coordinates":[[80.213829,12.982091],[80.213846,12.981725]]}},{"type":"Feature","properties":{"id":"R0593","name":null,"highway":"residential","osm_way":27319978,"width_m":6.0,"length_m":91.6,"surface_area":549.7,"catchment_m2":3298.5,"inlet_capacity_lps":21.6,"nearest_drain":"MH-114","from_node":"J299883577","to_node":"J2167149063"},"geometry":{"type":"LineString","coordinates":[[80.213829,12.982091],[80.213188,12.982031],[80.213148,12.982017],[80.213124,12.981998],[80.213117,12.981958],[80.213114,12.981874]]}},{"type":"Feature","properties":{"id":"R0594","name":null,"highway":"residential","osm_way":27319907,"width_m":6.0,"length_m":46.4,"surface_area":278.6,"catchment_m2":1671.9,"inlet_capacity_lps":14.4,"nearest_drain":"MH-127","from_node":"J299883586","to_node":"J300184940"},"geometry":{"type":"LineString","coordinates":[[80.212185,12.982329],[80.212099,12.982266],[80.211787,12.982194]]}},{"type":"Feature","properties":{"id":"R0595","name":null,"highway":"residential","osm_way":299498139,"width_m":6.0,"length_m":58.3,"surface_area":349.5,"catchment_m2":2097.1,"inlet_capacity_lps":14.4,"nearest_drain":"MH-127","from_node":"J299883586","to_node":"J338440036"},"geometry":{"type":"LineString","coordinates":[[80.212185,12.982329],[80.212124,12.98285]]}},{"type":"Feature","properties":{"id":"R0596","name":null,"highway":"residential","osm_way":299498142,"width_m":6.0,"length_m":44.1,"surface_area":264.8,"catchment_m2":1589.0,"inlet_capacity_lps":7.2,"nearest_drain":"MH-143","from_node":"J299883594","to_node":"J299883595"},"geometry":{"type":"LineString","coordinates":[[80.213576,12.983273],[80.213561,12.98367]]}},{"type":"Feature","properties":{"id":"R0597","name":null,"highway":"residential","osm_way":299498142,"width_m":6.0,"length_m":88.9,"surface_area":533.2,"catchment_m2":3199.4,"inlet_capacity_lps":21.6,"nearest_drain":"MH-143","from_node":"J299883595","to_node":"J299879581"},"geometry":{"type":"LineString","coordinates":[[80.213561,12.98367],[80.213548,12.983949],[80.213534,12.984404],[80.213527,12.984438],[80.213511,12.984464]]}},{"type":"Feature","properties":{"id":"R0598","name":null,"highway":"residential","osm_way":27319970,"width_m":6.0,"length_m":14.1,"surface_area":84.3,"catchment_m2":505.8,"inlet_capacity_lps":7.2,"nearest_drain":"MH-090","from_node":"J299883685","to_node":"J11043635649"},"geometry":{"type":"LineString","coordinates":[[80.216131,12.979565],[80.216261,12.97957]]}},{"type":"Feature","properties":{"id":"R0599","name":null,"highway":"residential","osm_way":27319970,"width_m":6.0,"length_m":66.0,"surface_area":396.1,"catchment_m2":2376.4,"inlet_capacity_lps":14.4,"nearest_drain":"MH-090","from_node":"J299883712","to_node":"J299880855"},"geometry":{"type":"LineString","coordinates":[[80.216871,12.979588],[80.21748,12.979617]]}},{"type":"Feature","properties":{"id":"R0600","name":null,"highway":"residential","osm_way":27320146,"width_m":6.0,"length_m":37.8,"surface_area":226.5,"catchment_m2":1359.2,"inlet_capacity_lps":7.2,"nearest_drain":"MH-090","from_node":"J299883712","to_node":"J299883713"},"geometry":{"type":"LineString","coordinates":[[80.216871,12.979588],[80.216889,12.979927]]}},{"type":"Feature","properties":{"id":"R0601","name":null,"highway":"residential","osm_way":318725685,"width_m":6.0,"length_m":4.4,"surface_area":26.5,"catchment_m2":158.9,"inlet_capacity_lps":7.2,"nearest_drain":"MH-103","from_node":"J299883713","to_node":"J11806341579"},"geometry":{"type":"LineString","coordinates":[[80.216889,12.979927],[80.216898,12.979965]]}},{"type":"Feature","properties":{"id":"R0602","name":null,"highway":"residential","osm_way":318725685,"width_m":6.0,"length_m":35.1,"surface_area":210.6,"catchment_m2":1263.5,"inlet_capacity_lps":7.2,"nearest_drain":"MH-105","from_node":"J299883714","to_node":"J338406630"},"geometry":{"type":"LineString","coordinates":[[80.218086,12.98001],[80.218407,12.980051]]}},{"type":"Feature","properties":{"id":"R0603","name":null,"highway":"residential","osm_way":687551319,"width_m":6.0,"length_m":60.7,"surface_area":364.3,"catchment_m2":2185.5,"inlet_capacity_lps":14.4,"nearest_drain":"MH-091","from_node":"J299883714","to_node":"J6445191536"},"geometry":{"type":"LineString","coordinates":[[80.218086,12.98001],[80.218077,12.979464]]}},{"type":"Feature","properties":{"id":"R0604","name":null,"highway":"residential","osm_way":27320148,"width_m":6.0,"length_m":45.0,"surface_area":270.0,"catchment_m2":1619.7,"inlet_capacity_lps":7.2,"nearest_drain":"MH-045","from_node":"J299883742","to_node":"J2167148980"},"geometry":{"type":"LineString","coordinates":[[80.214341,12.976547],[80.214319,12.976951]]}},{"type":"Feature","properties":{"id":"R0605","name":null,"highway":"residential","osm_way":27320149,"width_m":6.0,"length_m":96.7,"surface_area":580.5,"catchment_m2":3482.7,"inlet_capacity_lps":21.6,"nearest_drain":"MH-046","from_node":"J299883747","to_node":"J299878738"},"geometry":{"type":"LineString","coordinates":[[80.216253,12.976495],[80.215362,12.976442]]}},{"type":"Feature","properties":{"id":"R0606","name":null,"highway":"residential","osm_way":318725682,"width_m":6.0,"length_m":92.3,"surface_area":554.0,"catchment_m2":3323.7,"inlet_capacity_lps":21.6,"nearest_drain":"MH-073","from_node":"J299883750","to_node":"J338222942"},"geometry":{"type":"LineString","coordinates":[[80.214233,12.978359],[80.214247,12.978366],[80.214261,12.978369],[80.215076,12.978477]]}},{"type":"Feature","properties":{"id":"R0607","name":null,"highway":"residential","osm_way":27320151,"width_m":6.0,"length_m":30.6,"surface_area":183.9,"catchment_m2":1103.2,"inlet_capacity_lps":7.2,"nearest_drain":"MH-059","from_node":"J299883757","to_node":"J338222949"},"geometry":{"type":"LineString","coordinates":[[80.215576,12.977408],[80.215294,12.97739]]}},{"type":"Feature","properties":{"id":"R0608","name":null,"highway":"residential","osm_way":27320148,"width_m":6.0,"length_m":43.3,"surface_area":259.9,"catchment_m2":1559.2,"inlet_capacity_lps":7.2,"nearest_drain":"MH-058","from_node":"J299883758","to_node":"J300464072"},"geometry":{"type":"LineString","coordinates":[[80.214305,12.97732],[80.214273,12.977708]]}},{"type":"Feature","properties":{"id":"R0609","name":null,"highway":"residential","osm_way":27320153,"width_m":6.0,"length_m":46.3,"surface_area":277.6,"catchment_m2":1665.8,"inlet_capacity_lps":14.4,"nearest_drain":"MH-016","from_node":"J299883765","to_node":"J300464381"},"geometry":{"type":"LineString","coordinates":[[80.215115,12.974265],[80.21516,12.974678]]}},{"type":"Feature","properties":{"id":"R0610","name":null,"highway":"residential","osm_way":28571978,"width_m":6.0,"length_m":147.4,"surface_area":884.3,"catchment_m2":5305.9,"inlet_capacity_lps":36.0,"nearest_drain":"MH-014","from_node":"J299883765","to_node":"J299883205"},"geometry":{"type":"LineString","coordinates":[[80.215115,12.974265],[80.214951,12.974262],[80.214416,12.974262],[80.213907,12.974277],[80.213756,12.974284]]}},{"type":"Feature","properties":{"id":"R0611","name":null,"highway":"residential","osm_way":27320149,"width_m":6.0,"length_m":95.7,"surface_area":574.2,"catchment_m2":3445.2,"inlet_capacity_lps":21.6,"nearest_drain":"MH-045","from_node":"J299883766","to_node":"J299883742"},"geometry":{"type":"LineString","coordinates":[[80.21522,12.976471],[80.214341,12.976547]]}},{"type":"Feature","properties":{"id":"R0612","name":null,"highway":"residential","osm_way":27320153,"width_m":6.0,"length_m":45.1,"surface_area":270.6,"catchment_m2":1623.8,"inlet_capacity_lps":14.4,"nearest_drain":"MH-016","from_node":"J299883775","to_node":"J11192479774"},"geometry":{"type":"LineString","coordinates":[[80.215167,12.974818],[80.21515,12.975157],[80.215158,12.975223]]}},{"type":"Feature","properties":{"id":"R0613","name":null,"highway":"residential","osm_way":318725676,"width_m":6.0,"length_m":44.2,"surface_area":264.9,"catchment_m2":1589.4,"inlet_capacity_lps":7.2,"nearest_drain":"MH-075","from_node":"J299883833","to_node":"J2167149030"},"geometry":{"type":"LineString","coordinates":[[80.216886,12.97825],[80.216904,12.977854]]}},{"type":"Feature","properties":{"id":"R0614","name":null,"highway":"residential","osm_way":27320155,"width_m":6.0,"length_m":137.2,"surface_area":823.2,"catchment_m2":4939.3,"inlet_capacity_lps":36.0,"nearest_drain":"MH-016","from_node":"J299883862","to_node":"J299883775"},"geometry":{"type":"LineString","coordinates":[[80.216432,12.97476],[80.215167,12.974818]]}},{"type":"Feature","properties":{"id":"R0615","name":null,"highway":"residential","osm_way":28571978,"width_m":6.0,"length_m":146.4,"surface_area":878.7,"catchment_m2":5272.2,"inlet_capacity_lps":36.0,"nearest_drain":"MH-016","from_node":"J299883878","to_node":"J299883765"},"geometry":{"type":"LineString","coordinates":[[80.216467,12.974231],[80.215115,12.974265]]}},{"type":"Feature","properties":{"id":"R0616","name":null,"highway":"residential","osm_way":27320153,"width_m":6.0,"length_m":34.1,"surface_area":204.9,"catchment_m2":1229.4,"inlet_capacity_lps":7.2,"nearest_drain":"MH-031","from_node":"J299883901","to_node":"J300464334"},"geometry":{"type":"LineString","coordinates":[[80.215176,12.975375],[80.215173,12.975682]]}},{"type":"Feature","properties":{"id":"R0617","name":null,"highway":"residential","osm_way":318725676,"width_m":6.0,"length_m":53.9,"surface_area":323.2,"catchment_m2":1939.5,"inlet_capacity_lps":14.4,"nearest_drain":"MH-033","from_node":"J299883943","to_node":"J299883945"},"geometry":{"type":"LineString","coordinates":[[80.217107,12.975766],[80.217159,12.975285]]}},{"type":"Feature","properties":{"id":"R0618","name":null,"highway":"residential","osm_way":558689007,"width_m":6.0,"length_m":120.9,"surface_area":725.7,"catchment_m2":4354.1,"inlet_capacity_lps":28.8,"nearest_drain":"MH-034","from_node":"J299883945","to_node":"J5388533197"},"geometry":{"type":"LineString","coordinates":[[80.217159,12.975285],[80.218275,12.975314]]}},{"type":"Feature","properties":{"id":"R0619","name":null,"highway":"residential","osm_way":27320167,"width_m":6.0,"length_m":62.8,"surface_area":376.6,"catchment_m2":2259.5,"inlet_capacity_lps":14.4,"nearest_drain":"MH-048","from_node":"J299883951","to_node":"J338223259"},"geometry":{"type":"LineString","coordinates":[[80.218658,12.976435],[80.218667,12.97627],[80.218688,12.975872]]}},{"type":"Feature","properties":{"id":"R0620","name":null,"highway":"residential","osm_way":27343679,"width_m":6.0,"length_m":44.6,"surface_area":267.6,"catchment_m2":1605.8,"inlet_capacity_lps":7.2,"nearest_drain":"MH-069","from_node":"J300165044","to_node":"J299878196"},"geometry":{"type":"LineString","coordinates":[[80.210288,12.977949],[80.210307,12.97835]]}},{"type":"Feature","properties":{"id":"R0621","name":null,"highway":"residential","osm_way":27343706,"width_m":6.0,"length_m":135.5,"surface_area":813.0,"catchment_m2":4877.9,"inlet_capacity_lps":36.0,"nearest_drain":"MH-185","from_node":"J300165125","to_node":"J300165126"},"geometry":{"type":"LineString","coordinates":[[80.21298,12.986504],[80.211735,12.986612]]}},{"type":"Feature","properties":{"id":"R0622","name":null,"highway":"residential","osm_way":27343706,"width_m":6.0,"length_m":55.4,"surface_area":332.2,"catchment_m2":1993.0,"inlet_capacity_lps":14.4,"nearest_drain":"MH-184","from_node":"J300165126","to_node":"J300165127"},"geometry":{"type":"LineString","coordinates":[[80.211735,12.986612],[80.21171,12.986115]]}},{"type":"Feature","properties":{"id":"R0623","name":null,"highway":"residential","osm_way":27343706,"width_m":6.0,"length_m":48.7,"surface_area":292.2,"catchment_m2":1753.1,"inlet_capacity_lps":14.4,"nearest_drain":"MH-184","from_node":"J300165127","to_node":"J6497684538"},"geometry":{"type":"LineString","coordinates":[[80.21171,12.986115],[80.211695,12.985677]]}},{"type":"Feature","properties":{"id":"R0624","name":null,"highway":"residential","osm_way":27274195,"width_m":6.0,"length_m":50.4,"surface_area":302.3,"catchment_m2":1813.7,"inlet_capacity_lps":14.4,"nearest_drain":"MH-170","from_node":"J300165130","to_node":"J300305184"},"geometry":{"type":"LineString","coordinates":[[80.210328,12.985705],[80.210313,12.985502],[80.210368,12.985258]]}},{"type":"Feature","properties":{"id":"R0625","name":null,"highway":"residential","osm_way":27344661,"width_m":6.0,"length_m":98.8,"surface_area":592.6,"catchment_m2":3555.4,"inlet_capacity_lps":21.6,"nearest_drain":"MH-112","from_node":"J300184939","to_node":"J300184940"},"geometry":{"type":"LineString","coordinates":[[80.211872,12.98131],[80.211821,12.981838],[80.211787,12.982194]]}},{"type":"Feature","properties":{"id":"R0626","name":null,"highway":"residential","osm_way":27319907,"width_m":6.0,"length_m":87.6,"surface_area":525.4,"catchment_m2":3152.1,"inlet_capacity_lps":21.6,"nearest_drain":"MH-125","from_node":"J300184940","to_node":"J299878391"},"geometry":{"type":"LineString","coordinates":[[80.211787,12.982194],[80.210983,12.982113]]}},{"type":"Feature","properties":{"id":"R0627","name":null,"highway":"residential","osm_way":27344663,"width_m":6.0,"length_m":36.2,"surface_area":217.4,"catchment_m2":1304.5,"inlet_capacity_lps":7.2,"nearest_drain":"MH-116","from_node":"J300184976","to_node":"J300184998"},"geometry":{"type":"LineString","coordinates":[[80.215973,12.980652],[80.215957,12.980978]]}},{"type":"Feature","properties":{"id":"R0628","name":null,"highway":"residential","osm_way":27319973,"width_m":6.0,"length_m":41.8,"surface_area":250.5,"catchment_m2":1503.2,"inlet_capacity_lps":7.2,"nearest_drain":"MH-102","from_node":"J300184997","to_node":"J11591490821"},"geometry":{"type":"LineString","coordinates":[[80.215988,12.980317],[80.215608,12.980257]]}},{"type":"Feature","properties":{"id":"R0629","name":null,"highway":"residential","osm_way":27344663,"width_m":6.0,"length_m":37.4,"surface_area":224.1,"catchment_m2":1344.8,"inlet_capacity_lps":7.2,"nearest_drain":"MH-102","from_node":"J300184997","to_node":"J300184976"},"geometry":{"type":"LineString","coordinates":[[80.215988,12.980317],[80.215973,12.980652]]}},{"type":"Feature","properties":{"id":"R0630","name":null,"highway":"residential","osm_way":27319909,"width_m":6.0,"length_m":229.7,"surface_area":1378.2,"catchment_m2":8269.2,"inlet_capacity_lps":57.6,"nearest_drain":"MH-116","from_node":"J300184998","to_node":"J338406637"},"geometry":{"type":"LineString","coordinates":[[80.215957,12.980978],[80.218075,12.981072]]}},{"type":"Feature","properties":{"id":"R0631","name":null,"highway":"residential","osm_way":30598643,"width_m":6.0,"length_m":47.5,"surface_area":284.9,"catchment_m2":1709.3,"inlet_capacity_lps":14.4,"nearest_drain":"MH-003","from_node":"J300185214","to_node":"J300185991"},"geometry":{"type":"LineString","coordinates":[[80.213098,12.973659],[80.212664,12.973721]]}},{"type":"Feature","properties":{"id":"R0632","name":null,"highway":"residential","osm_way":27344668,"width_m":6.0,"length_m":303.4,"surface_area":1820.6,"catchment_m2":10923.7,"inlet_capacity_lps":72.0,"nearest_drain":"MH-003","from_node":"J300185261","to_node":"J300185264"},"geometry":{"type":"LineString","coordinates":[[80.213634,12.973362],[80.215055,12.973212],[80.216425,12.973168]]}},{"type":"Feature","properties":{"id":"R0633","name":null,"highway":"residential","osm_way":27344672,"width_m":6.0,"length_m":34.1,"surface_area":204.5,"catchment_m2":1227.0,"inlet_capacity_lps":7.2,"nearest_drain":"MH-001","from_node":"J300185824","to_node":"J300185907"},"geometry":{"type":"LineString","coordinates":[[80.211653,12.973846],[80.211651,12.974152]]}},{"type":"Feature","properties":{"id":"R0634","name":null,"highway":"residential","osm_way":27344672,"width_m":6.0,"length_m":55.2,"surface_area":331.0,"catchment_m2":1986.1,"inlet_capacity_lps":14.4,"nearest_drain":"MH-027","from_node":"J300185825","to_node":"J300185826"},"geometry":{"type":"LineString","coordinates":[[80.211584,12.97507],[80.211077,12.975022]]}},{"type":"Feature","properties":{"id":"R0635","name":null,"highway":"residential","osm_way":1207942517,"width_m":6.0,"length_m":42.9,"surface_area":257.5,"catchment_m2":1545.1,"inlet_capacity_lps":7.2,"nearest_drain":"MH-027","from_node":"J300185825","to_node":"J11192341573"},"geometry":{"type":"LineString","coordinates":[[80.211584,12.97507],[80.211532,12.975453]]}},{"type":"Feature","properties":{"id":"R0636","name":null,"highway":"residential","osm_way":27344673,"width_m":6.0,"length_m":57.4,"surface_area":344.7,"catchment_m2":2068.1,"inlet_capacity_lps":14.4,"nearest_drain":"MH-013","from_node":"J300185906","to_node":"J300185958"},"geometry":{"type":"LineString","coordinates":[[80.212636,12.974187],[80.212105,12.974178]]}},{"type":"Feature","properties":{"id":"R0637","name":null,"highway":"residential","osm_way":30598643,"width_m":6.0,"length_m":46.5,"surface_area":279.3,"catchment_m2":1675.7,"inlet_capacity_lps":14.4,"nearest_drain":"MH-013","from_node":"J300185906","to_node":"J300186102"},"geometry":{"type":"LineString","coordinates":[[80.212636,12.974187],[80.212607,12.974604]]}},{"type":"Feature","properties":{"id":"R0638","name":null,"highway":"residential","osm_way":27344672,"width_m":6.0,"length_m":8.8,"surface_area":52.6,"catchment_m2":315.9,"inlet_capacity_lps":7.2,"nearest_drain":"MH-012","from_node":"J300185907","to_node":"J300464393"},"geometry":{"type":"LineString","coordinates":[[80.211651,12.974152],[80.211647,12.974231]]}},{"type":"Feature","properties":{"id":"R0639","name":null,"highway":"residential","osm_way":27344673,"width_m":6.0,"length_m":49.3,"surface_area":296.0,"catchment_m2":1775.9,"inlet_capacity_lps":14.4,"nearest_drain":"MH-013","from_node":"J300185958","to_node":"J300185907"},"geometry":{"type":"LineString","coordinates":[[80.212105,12.974178],[80.211651,12.974152]]}},{"type":"Feature","properties":{"id":"R0640","name":null,"highway":"residential","osm_way":27344675,"width_m":6.0,"length_m":96.4,"surface_area":578.2,"catchment_m2":3468.9,"inlet_capacity_lps":21.6,"nearest_drain":"MH-002","from_node":"J300185991","to_node":"J300185958"},"geometry":{"type":"LineString","coordinates":[[80.212664,12.973721],[80.212276,12.973766],[80.21218,12.973817],[80.212134,12.973866],[80.212105,12.974178]]}},{"type":"Feature","properties":{"id":"R0641","name":null,"highway":"residential","osm_way":30598643,"width_m":6.0,"length_m":51.8,"surface_area":311.0,"catchment_m2":1866.0,"inlet_capacity_lps":14.4,"nearest_drain":"MH-013","from_node":"J300185991","to_node":"J300185906"},"geometry":{"type":"LineString","coordinates":[[80.212664,12.973721],[80.212636,12.974187]]}},{"type":"Feature","properties":{"id":"R0642","name":null,"highway":"residential","osm_way":131909326,"width_m":6.0,"length_m":69.8,"surface_area":418.6,"catchment_m2":2511.5,"inlet_capacity_lps":14.4,"nearest_drain":"MH-027","from_node":"J300186083","to_node":"J300186084"},"geometry":{"type":"LineString","coordinates":[[80.211959,12.974992],[80.212603,12.975012]]}},{"type":"Feature","properties":{"id":"R0643","name":null,"highway":"residential","osm_way":30598643,"width_m":6.0,"length_m":43.2,"surface_area":259.4,"catchment_m2":1556.5,"inlet_capacity_lps":7.2,"nearest_drain":"MH-028","from_node":"J300186084","to_node":"J2230781369"},"geometry":{"type":"LineString","coordinates":[[80.212603,12.975012],[80.212575,12.9754]]}},{"type":"Feature","properties":{"id":"R0644","name":null,"highway":"residential","osm_way":27344672,"width_m":6.0,"length_m":11.2,"surface_area":67.4,"catchment_m2":404.5,"inlet_capacity_lps":7.2,"nearest_drain":"MH-012","from_node":"J300186101","to_node":"J7806740559"},"geometry":{"type":"LineString","coordinates":[[80.211638,12.974573],[80.211626,12.974673]]}},{"type":"Feature","properties":{"id":"R0645","name":null,"highway":"residential","osm_way":27344679,"width_m":6.0,"length_m":105.0,"surface_area":630.1,"catchment_m2":3780.8,"inlet_capacity_lps":28.8,"nearest_drain":"MH-013","from_node":"J300186101","to_node":"J300186102"},"geometry":{"type":"LineString","coordinates":[[80.211638,12.974573],[80.212607,12.974604]]}},{"type":"Feature","properties":{"id":"R0646","name":null,"highway":"residential","osm_way":30598643,"width_m":6.0,"length_m":45.4,"surface_area":272.3,"catchment_m2":1633.7,"inlet_capacity_lps":14.4,"nearest_drain":"MH-013","from_node":"J300186102","to_node":"J300186084"},"geometry":{"type":"LineString","coordinates":[[80.212607,12.974604],[80.212603,12.975012]]}},{"type":"Feature","properties":{"id":"R0647","name":null,"highway":"residential","osm_way":206658393,"width_m":6.0,"length_m":60.1,"surface_area":360.6,"catchment_m2":2163.8,"inlet_capacity_lps":14.4,"nearest_drain":"MH-027","from_node":"J300186160","to_node":"J2167027610"},"geometry":{"type":"LineString","coordinates":[[80.211989,12.975943],[80.212541,12.975994]]}},{"type":"Feature","properties":{"id":"R0648","name":null,"highway":"residential","osm_way":27319759,"width_m":6.0,"length_m":44.3,"surface_area":266.0,"catchment_m2":1596.3,"inlet_capacity_lps":7.2,"nearest_drain":"MH-056","from_node":"J300186162","to_node":"J299877804"},"geometry":{"type":"LineString","coordinates":[[80.211846,12.977337],[80.2122,12.97738],[80.212253,12.977386]]}},{"type":"Feature","properties":{"id":"R0649","name":null,"highway":"residential","osm_way":27274195,"width_m":6.0,"length_m":97.5,"surface_area":584.9,"catchment_m2":3509.2,"inlet_capacity_lps":21.6,"nearest_drain":"MH-140","from_node":"J300188504","to_node":"J300304515"},"geometry":{"type":"LineString","coordinates":[[80.210378,12.984687],[80.210407,12.984344],[80.210409,12.983811]]}},{"type":"Feature","properties":{"id":"R0650","name":null,"highway":"residential","osm_way":27320095,"width_m":6.0,"length_m":50.4,"surface_area":302.7,"catchment_m2":1815.9,"inlet_capacity_lps":14.4,"nearest_drain":"MH-128","from_node":"J300304363","to_node":"J299878655"},"geometry":{"type":"LineString","coordinates":[[80.213227,12.982902],[80.213233,12.982448]]}},{"type":"Feature","properties":{"id":"R0651","name":null,"highway":"residential","osm_way":27354129,"width_m":6.0,"length_m":95.8,"surface_area":574.6,"catchment_m2":3447.9,"inlet_capacity_lps":21.6,"nearest_drain":"MH-127","from_node":"J300304363","to_node":"J300304761"},"geometry":{"type":"LineString","coordinates":[[80.213227,12.982902],[80.212344,12.982863]]}},{"type":"Feature","properties":{"id":"R0652","name":null,"highway":"residential","osm_way":30610632,"width_m":6.0,"length_m":111.1,"surface_area":666.7,"catchment_m2":4000.5,"inlet_capacity_lps":28.8,"nearest_drain":"MH-125","from_node":"J300304364","to_node":"J299881867"},"geometry":{"type":"LineString","coordinates":[[80.210314,12.982772],[80.210317,12.982912],[80.210307,12.983771]]}},{"type":"Feature","properties":{"id":"R0653","name":null,"highway":"residential","osm_way":27354144,"width_m":6.0,"length_m":12.1,"surface_area":72.5,"catchment_m2":435.0,"inlet_capacity_lps":7.2,"nearest_drain":"MH-140","from_node":"J300304515","to_node":"J299881867"},"geometry":{"type":"LineString","coordinates":[[80.210409,12.983811],[80.210398,12.9838],[80.210307,12.983771]]}},{"type":"Feature","properties":{"id":"R0654","name":null,"highway":"residential","osm_way":27354129,"width_m":6.0,"length_m":23.9,"surface_area":143.3,"catchment_m2":859.7,"inlet_capacity_lps":7.2,"nearest_drain":"MH-127","from_node":"J300304761","to_node":"J338440036"},"geometry":{"type":"LineString","coordinates":[[80.212344,12.982863],[80.212124,12.98285]]}},{"type":"Feature","properties":{"id":"R0655","name":null,"highway":"residential","osm_way":27354163,"width_m":6.0,"length_m":98.0,"surface_area":588.0,"catchment_m2":3528.1,"inlet_capacity_lps":21.6,"nearest_drain":"MH-141","from_node":"J300304827","to_node":"J300304832"},"geometry":{"type":"LineString","coordinates":[[80.211259,12.983807],[80.211254,12.983883],[80.211252,12.984202],[80.211287,12.984273],[80.211289,12.984681]]}},{"type":"Feature","properties":{"id":"R0656","name":null,"highway":"residential","osm_way":1270309682,"width_m":6.0,"length_m":1.6,"surface_area":9.4,"catchment_m2":56.6,"inlet_capacity_lps":7.2,"nearest_drain":"MH-141","from_node":"J300304827","to_node":"J11794935375"},"geometry":{"type":"LineString","coordinates":[[80.211259,12.983807],[80.211263,12.983794]]}},{"type":"Feature","properties":{"id":"R0657","name":null,"highway":"residential","osm_way":27274195,"width_m":6.0,"length_m":63.6,"surface_area":381.5,"catchment_m2":2288.9,"inlet_capacity_lps":14.4,"nearest_drain":"MH-155","from_node":"J300305184","to_node":"J300188504"},"geometry":{"type":"LineString","coordinates":[[80.210368,12.985258],[80.210371,12.985056],[80.210378,12.984687]]}},{"type":"Feature","properties":{"id":"R0658","name":null,"highway":"residential","osm_way":27354150,"width_m":6.0,"length_m":185.3,"surface_area":1111.5,"catchment_m2":6669.0,"inlet_capacity_lps":43.2,"nearest_drain":"MH-140","from_node":"J300305238","to_node":"J300304565"},"geometry":{"type":"LineString","coordinates":[[80.210888,12.984684],[80.210863,12.983773],[80.210817,12.983745],[80.210838,12.983325],[80.210884,12.98331],[80.21089,12.983076]]}},{"type":"Feature","properties":{"id":"R0659","name":null,"highway":"residential","osm_way":27354215,"width_m":6.0,"length_m":88.8,"surface_area":532.6,"catchment_m2":3195.7,"inlet_capacity_lps":21.6,"nearest_drain":"MH-157","from_node":"J300305467","to_node":"J11770291540"},"geometry":{"type":"LineString","coordinates":[[80.212518,12.983942],[80.212525,12.983861],[80.212531,12.983821],[80.212535,12.9838],[80.21255,12.983784],[80.212575,12.983775],[80.212602,12.983772],[80.212626,12.983759],[80.212633,12.983736],[80.212634,12.983685],[80.21265,12.983206]]}},{"type":"Feature","properties":{"id":"R0660","name":null,"highway":"residential","osm_way":1267279334,"width_m":6.0,"length_m":34.1,"surface_area":204.8,"catchment_m2":1228.6,"inlet_capacity_lps":7.2,"nearest_drain":"MH-157","from_node":"J300305467","to_node":"J6307339504"},"geometry":{"type":"LineString","coordinates":[[80.212518,12.983942],[80.212206,12.983897]]}},{"type":"Feature","properties":{"id":"R0661","name":null,"highway":"residential","osm_way":27354302,"width_m":6.0,"length_m":39.5,"surface_area":236.8,"catchment_m2":1420.7,"inlet_capacity_lps":7.2,"nearest_drain":"MH-187","from_node":"J300306124","to_node":"J300306125"},"geometry":{"type":"LineString","coordinates":[[80.215041,12.986082],[80.215077,12.986435]]}},{"type":"Feature","properties":{"id":"R0662","name":null,"highway":"residential","osm_way":30604307,"width_m":6.0,"length_m":68.6,"surface_area":411.8,"catchment_m2":2471.1,"inlet_capacity_lps":14.4,"nearest_drain":"MH-174","from_node":"J300306147","to_node":"J338406836"},"geometry":{"type":"LineString","coordinates":[[80.214582,12.986111],[80.214582,12.985494]]}},{"type":"Feature","properties":{"id":"R0663","name":null,"highway":"residential","osm_way":428730496,"width_m":6.0,"length_m":24.8,"surface_area":149.1,"catchment_m2":894.4,"inlet_capacity_lps":7.2,"nearest_drain":"MH-169","from_node":"J300312783","to_node":"J325208583"},"geometry":{"type":"LineString","coordinates":[[80.22481,12.984998],[80.224722,12.984792]]}},{"type":"Feature","properties":{"id":"R0664","name":null,"highway":"residential","osm_way":430799564,"width_m":6.0,"length_m":70.7,"surface_area":424.4,"catchment_m2":2546.2,"inlet_capacity_lps":14.4,"nearest_drain":"MH-163","from_node":"J300313356","to_node":"J4300667146"},"geometry":{"type":"LineString","coordinates":[[80.218639,12.983261],[80.218603,12.983407],[80.21856,12.9836],[80.218529,12.983887]]}},{"type":"Feature","properties":{"id":"R0665","name":null,"highway":"residential","osm_way":27355136,"width_m":6.0,"length_m":193.4,"surface_area":1160.6,"catchment_m2":6963.8,"inlet_capacity_lps":43.2,"nearest_drain":"MH-134","from_node":"J300313515","to_node":"J4335419614"},"geometry":{"type":"LineString","coordinates":[[80.221719,12.98224],[80.220596,12.982237],[80.219934,12.982255]]}},{"type":"Feature","properties":{"id":"R0666","name":null,"highway":"residential","osm_way":27355096,"width_m":6.0,"length_m":27.2,"surface_area":163.1,"catchment_m2":978.7,"inlet_capacity_lps":7.2,"nearest_drain":"MH-134","from_node":"J300313516","to_node":"J300313503"},"geometry":{"type":"LineString","coordinates":[[80.219386,12.982276],[80.2194,12.98252]]}},{"type":"Feature","properties":{"id":"R0667","name":null,"highway":"residential","osm_way":232405499,"width_m":6.0,"length_m":29.5,"surface_area":176.7,"catchment_m2":1060.4,"inlet_capacity_lps":7.2,"nearest_drain":"MH-041","from_node":"J300376603","to_node":"J299877917"},"geometry":{"type":"LineString","coordinates":[[80.21008,12.97684],[80.210352,12.976835]]}},{"type":"Feature","properties":{"id":"R0668","name":null,"highway":"residential","osm_way":1288576574,"width_m":6.0,"length_m":34.9,"surface_area":209.4,"catchment_m2":1256.2,"inlet_capacity_lps":7.2,"nearest_drain":"MH-041","from_node":"J300376603","to_node":"J300376604"},"geometry":{"type":"LineString","coordinates":[[80.21008,12.97684],[80.210077,12.977154]]}},{"type":"Feature","properties":{"id":"R0669","name":null,"highway":"residential","osm_way":27370084,"width_m":6.0,"length_m":63.7,"surface_area":382.5,"catchment_m2":2294.9,"inlet_capacity_lps":14.4,"nearest_drain":"MH-112","from_node":"J300463578","to_node":"J300463580"},"geometry":{"type":"LineString","coordinates":[[80.211623,12.981317],[80.211035,12.981312]]}},{"type":"Feature","properties":{"id":"R0670","name":null,"highway":"residential","osm_way":27319906,"width_m":6.0,"length_m":30.2,"surface_area":181.4,"catchment_m2":1088.5,"inlet_capacity_lps":7.2,"nearest_drain":"MH-114","from_node":"J300463595","to_node":"J299878685"},"geometry":{"type":"LineString","coordinates":[[80.213859,12.98116],[80.213863,12.980888]]}},{"type":"Feature","properties":{"id":"R0671","name":null,"highway":"residential","osm_way":27370088,"width_m":6.0,"length_m":48.7,"surface_area":292.1,"catchment_m2":1752.8,"inlet_capacity_lps":14.4,"nearest_drain":"MH-129","from_node":"J300463598","to_node":"J300463599"},"geometry":{"type":"LineString","coordinates":[[80.214638,12.982874],[80.214625,12.983311]]}},{"type":"Feature","properties":{"id":"R0672","name":null,"highway":"residential","osm_way":27370091,"width_m":6.0,"length_m":41.7,"surface_area":250.4,"catchment_m2":1502.5,"inlet_capacity_lps":7.2,"nearest_drain":"MH-159","from_node":"J300463603","to_node":"J300463604"},"geometry":{"type":"LineString","coordinates":[[80.214731,12.984066],[80.214737,12.983691]]}},{"type":"Feature","properties":{"id":"R0673","name":null,"highway":"residential","osm_way":27370115,"width_m":6.0,"length_m":70.5,"surface_area":423.2,"catchment_m2":2538.9,"inlet_capacity_lps":14.4,"nearest_drain":"MH-122","from_node":"J300463822","to_node":"J300463823"},"geometry":{"type":"LineString","coordinates":[[80.223033,12.981822],[80.223683,12.981856]]}},{"type":"Feature","properties":{"id":"R0674","name":null,"highway":"residential","osm_way":673508558,"width_m":6.0,"length_m":25.0,"surface_area":150.0,"catchment_m2":899.7,"inlet_capacity_lps":7.2,"nearest_drain":"MH-122","from_node":"J300463822","to_node":"J325209556"},"geometry":{"type":"LineString","coordinates":[[80.223033,12.981822],[80.223044,12.981597]]}},{"type":"Feature","properties":{"id":"R0675","name":null,"highway":"residential","osm_way":27354982,"width_m":6.0,"length_m":46.0,"surface_area":275.9,"catchment_m2":1655.5,"inlet_capacity_lps":14.4,"nearest_drain":"MH-123","from_node":"J300463832","to_node":"J325209344"},"geometry":{"type":"LineString","coordinates":[[80.223703,12.981346],[80.224126,12.981374]]}},{"type":"Feature","properties":{"id":"R0676","name":null,"highway":"residential","osm_way":1203445443,"width_m":6.0,"length_m":76.2,"surface_area":457.0,"catchment_m2":2741.8,"inlet_capacity_lps":21.6,"nearest_drain":"MH-186","from_node":"J300463970","to_node":"J7806767001"},"geometry":{"type":"LineString","coordinates":[[80.214337,12.986661],[80.213634,12.986689]]}},{"type":"Feature","properties":{"id":"R0677","name":null,"highway":"residential","osm_way":1207183517,"width_m":6.0,"length_m":23.2,"surface_area":139.5,"catchment_m2":836.9,"inlet_capacity_lps":7.2,"nearest_drain":"MH-088","from_node":"J300464009","to_node":"J338222927"},"geometry":{"type":"LineString","coordinates":[[80.214418,12.980113],[80.214402,12.979905]]}},{"type":"Feature","properties":{"id":"R0678","name":null,"highway":"residential","osm_way":27370168,"width_m":6.0,"length_m":35.9,"surface_area":215.5,"catchment_m2":1293.2,"inlet_capacity_lps":7.2,"nearest_drain":"MH-104","from_node":"J300464018","to_node":"J300464020"},"geometry":{"type":"LineString","coordinates":[[80.217258,12.979981],[80.21728,12.980303]]}},{"type":"Feature","properties":{"id":"R0679","name":null,"highway":"residential","osm_way":318725685,"width_m":6.0,"length_m":46.7,"surface_area":279.9,"catchment_m2":1679.6,"inlet_capacity_lps":14.4,"nearest_drain":"MH-104","from_node":"J300464018","to_node":"J6245904904"},"geometry":{"type":"LineString","coordinates":[[80.217258,12.979981],[80.217554,12.979991],[80.217689,12.979992]]}},{"type":"Feature","properties":{"id":"R0680","name":null,"highway":"residential","osm_way":27319973,"width_m":6.0,"length_m":140.3,"surface_area":841.6,"catchment_m2":5049.7,"inlet_capacity_lps":36.0,"nearest_drain":"MH-102","from_node":"J300464020","to_node":"J300184997"},"geometry":{"type":"LineString","coordinates":[[80.21728,12.980303],[80.216307,12.980353],[80.215988,12.980317]]}},{"type":"Feature","properties":{"id":"R0681","name":null,"highway":"residential","osm_way":27370168,"width_m":6.0,"length_m":22.1,"surface_area":132.6,"catchment_m2":795.6,"inlet_capacity_lps":7.2,"nearest_drain":"MH-104","from_node":"J300464020","to_node":"J300464019"},"geometry":{"type":"LineString","coordinates":[[80.21728,12.980303],[80.217291,12.980502]]}},{"type":"Feature","properties":{"id":"R0682","name":null,"highway":"residential","osm_way":27370170,"width_m":6.0,"length_m":88.8,"surface_area":532.6,"catchment_m2":3195.9,"inlet_capacity_lps":21.6,"nearest_drain":"MH-101","from_node":"J300464022","to_node":"J300464024"},"geometry":{"type":"LineString","coordinates":[[80.214696,12.980464],[80.215171,12.9805],[80.215207,12.980484],[80.21522,12.980456],[80.215231,12.980191]]}},{"type":"Feature","properties":{"id":"R0683","name":null,"highway":"residential","osm_way":27319973,"width_m":6.0,"length_m":88.5,"surface_area":531.1,"catchment_m2":3186.7,"inlet_capacity_lps":21.6,"nearest_drain":"MH-101","from_node":"J300464024","to_node":"J300464009"},"geometry":{"type":"LineString","coordinates":[[80.215231,12.980191],[80.214418,12.980113]]}},{"type":"Feature","properties":{"id":"R0684","name":null,"highway":"residential","osm_way":318725676,"width_m":6.0,"length_m":26.0,"surface_area":155.8,"catchment_m2":934.7,"inlet_capacity_lps":7.2,"nearest_drain":"MH-060","from_node":"J300464027","to_node":"J2167149026"},"geometry":{"type":"LineString","coordinates":[[80.216898,12.977779],[80.216905,12.977546]]}},{"type":"Feature","properties":{"id":"R0685","name":null,"highway":"residential","osm_way":27319910,"width_m":6.0,"length_m":42.6,"surface_area":255.8,"catchment_m2":1534.8,"inlet_capacity_lps":7.2,"nearest_drain":"MH-074","from_node":"J300464063","to_node":"J338222942"},"geometry":{"type":"LineString","coordinates":[[80.215151,12.978101],[80.215076,12.978477]]}},{"type":"Feature","properties":{"id":"R0686","name":null,"highway":"residential","osm_way":27370175,"width_m":6.0,"length_m":98.5,"surface_area":590.9,"catchment_m2":3545.2,"inlet_capacity_lps":21.6,"nearest_drain":"MH-073","from_node":"J300464063","to_node":"J300464064"},"geometry":{"type":"LineString","coordinates":[[80.215151,12.978101],[80.214251,12.977978]]}},{"type":"Feature","properties":{"id":"R0687","name":null,"highway":"residential","osm_way":1271354545,"width_m":6.0,"length_m":65.7,"surface_area":394.0,"catchment_m2":2364.0,"inlet_capacity_lps":14.4,"nearest_drain":"MH-074","from_node":"J300464063","to_node":"J11806316594"},"geometry":{"type":"LineString","coordinates":[[80.215151,12.978101],[80.215508,12.978144],[80.215543,12.978224],[80.215691,12.978277]]}},{"type":"Feature","properties":{"id":"R0688","name":null,"highway":"residential","osm_way":27320148,"width_m":6.0,"length_m":42.7,"surface_area":256.3,"catchment_m2":1537.8,"inlet_capacity_lps":7.2,"nearest_drain":"MH-073","from_node":"J300464064","to_node":"J299883750"},"geometry":{"type":"LineString","coordinates":[[80.214251,12.977978],[80.214227,12.978333],[80.214226,12.978346],[80.214233,12.978359]]}},{"type":"Feature","properties":{"id":"R0689","name":null,"highway":"residential","osm_way":27320148,"width_m":6.0,"length_m":30.1,"surface_area":180.4,"catchment_m2":1082.3,"inlet_capacity_lps":7.2,"nearest_drain":"MH-058","from_node":"J300464072","to_node":"J300464064"},"geometry":{"type":"LineString","coordinates":[[80.214273,12.977708],[80.214251,12.977978]]}},{"type":"Feature","properties":{"id":"R0690","name":null,"highway":"residential","osm_way":27370180,"width_m":6.0,"length_m":103.5,"surface_area":621.1,"catchment_m2":3726.7,"inlet_capacity_lps":21.6,"nearest_drain":"MH-058","from_node":"J300464072","to_node":"J300464073"},"geometry":{"type":"LineString","coordinates":[[80.214273,12.977708],[80.215227,12.977765]]}},{"type":"Feature","properties":{"id":"R0691","name":null,"highway":"residential","osm_way":27319910,"width_m":6.0,"length_m":38.3,"surface_area":229.6,"catchment_m2":1377.6,"inlet_capacity_lps":7.2,"nearest_drain":"MH-059","from_node":"J300464073","to_node":"J300464063"},"geometry":{"type":"LineString","coordinates":[[80.215227,12.977765],[80.215151,12.978101]]}},{"type":"Feature","properties":{"id":"R0692","name":null,"highway":"residential","osm_way":27370180,"width_m":6.0,"length_m":98.7,"surface_area":592.1,"catchment_m2":3552.4,"inlet_capacity_lps":21.6,"nearest_drain":"MH-059","from_node":"J300464073","to_node":"J300464075"},"geometry":{"type":"LineString","coordinates":[[80.215227,12.977765],[80.215828,12.977856],[80.216127,12.977899]]}},{"type":"Feature","properties":{"id":"R0693","name":null,"highway":"residential","osm_way":318725676,"width_m":6.0,"length_m":36.1,"surface_area":216.4,"catchment_m2":1298.2,"inlet_capacity_lps":7.2,"nearest_drain":"MH-047","from_node":"J300464089","to_node":"J2167148962"},"geometry":{"type":"LineString","coordinates":[[80.217014,12.976861],[80.217022,12.97665],[80.217038,12.976537]]}},{"type":"Feature","properties":{"id":"R0694","name":null,"highway":"residential","osm_way":27344666,"width_m":6.0,"length_m":27.0,"surface_area":162.0,"catchment_m2":971.8,"inlet_capacity_lps":7.2,"nearest_drain":"MH-045","from_node":"J300464332","to_node":"J2167027612"},"geometry":{"type":"LineString","coordinates":[[80.214226,12.975792],[80.214187,12.976032]]}},{"type":"Feature","properties":{"id":"R0695","name":null,"highway":"residential","osm_way":27370215,"width_m":6.0,"length_m":55.2,"surface_area":331.4,"catchment_m2":1988.1,"inlet_capacity_lps":14.4,"nearest_drain":"MH-030","from_node":"J300464332","to_node":"J11626077024"},"geometry":{"type":"LineString","coordinates":[[80.214226,12.975792],[80.214732,12.975733]]}},{"type":"Feature","properties":{"id":"R0696","name":null,"highway":"residential","osm_way":1207943990,"width_m":6.0,"length_m":49.5,"surface_area":297.3,"catchment_m2":1783.7,"inlet_capacity_lps":14.4,"nearest_drain":"MH-046","from_node":"J300464334","to_node":"J2167148947"},"geometry":{"type":"LineString","coordinates":[[80.215173,12.975682],[80.215199,12.976127]]}},{"type":"Feature","properties":{"id":"R0697","name":null,"highway":"residential","osm_way":27370224,"width_m":6.0,"length_m":37.5,"surface_area":225.1,"catchment_m2":1350.5,"inlet_capacity_lps":7.2,"nearest_drain":"MH-014","from_node":"J300464378","to_node":"J300464383"},"geometry":{"type":"LineString","coordinates":[[80.21343,12.974752],[80.213776,12.974744]]}},{"type":"Feature","properties":{"id":"R0698","name":null,"highway":"residential","osm_way":1250690839,"width_m":6.0,"length_m":33.6,"surface_area":201.6,"catchment_m2":1209.8,"inlet_capacity_lps":7.2,"nearest_drain":"MH-014","from_node":"J300464378","to_node":"J11626042857"},"geometry":{"type":"LineString","coordinates":[[80.21343,12.974752],[80.213434,12.975055]]}},{"type":"Feature","properties":{"id":"R0699","name":null,"highway":"residential","osm_way":27320153,"width_m":6.0,"length_m":15.6,"surface_area":93.6,"catchment_m2":561.5,"inlet_capacity_lps":7.2,"nearest_drain":"MH-016","from_node":"J300464381","to_node":"J299883775"},"geometry":{"type":"LineString","coordinates":[[80.21516,12.974678],[80.215167,12.974818]]}},{"type":"Feature","properties":{"id":"R0700","name":null,"highway":"residential","osm_way":27370224,"width_m":6.0,"length_m":70.0,"surface_area":420.3,"catchment_m2":2521.6,"inlet_capacity_lps":14.4,"nearest_drain":"MH-015","from_node":"J300464383","to_node":"J6451339710"},"geometry":{"type":"LineString","coordinates":[[80.213776,12.974744],[80.214307,12.974707],[80.214421,12.9747]]}},{"type":"Feature","properties":{"id":"R0701","name":null,"highway":"residential","osm_way":836402903,"width_m":6.0,"length_m":47.3,"surface_area":284.0,"catchment_m2":1704.2,"inlet_capacity_lps":14.4,"nearest_drain":"MH-014","from_node":"J300464383","to_node":"J11306545560"},"geometry":{"type":"LineString","coordinates":[[80.213776,12.974744],[80.213787,12.97517]]}},{"type":"Feature","properties":{"id":"R0702","name":null,"highway":"residential","osm_way":27370227,"width_m":6.0,"length_m":62.9,"surface_area":377.2,"catchment_m2":2263.4,"inlet_capacity_lps":14.4,"nearest_drain":"MH-012","from_node":"J300464392","to_node":"J300464393"},"geometry":{"type":"LineString","coordinates":[[80.211067,12.974224],[80.211647,12.974231]]}},{"type":"Feature","properties":{"id":"R0703","name":null,"highway":"residential","osm_way":27344672,"width_m":6.0,"length_m":38.1,"surface_area":228.4,"catchment_m2":1370.2,"inlet_capacity_lps":7.2,"nearest_drain":"MH-012","from_node":"J300464393","to_node":"J300186101"},"geometry":{"type":"LineString","coordinates":[[80.211647,12.974231],[80.211638,12.974573]]}},{"type":"Feature","properties":{"id":"R0704","name":null,"highway":"residential","osm_way":27370228,"width_m":6.0,"length_m":58.0,"surface_area":347.8,"catchment_m2":2087.0,"inlet_capacity_lps":14.4,"nearest_drain":"MH-001","from_node":"J300464394","to_node":"J300185824"},"geometry":{"type":"LineString","coordinates":[[80.211118,12.973828],[80.211653,12.973846]]}},{"type":"Feature","properties":{"id":"R0705","name":null,"highway":"residential","osm_way":27370233,"width_m":6.0,"length_m":59.8,"surface_area":358.8,"catchment_m2":2152.6,"inlet_capacity_lps":14.4,"nearest_drain":"MH-135","from_node":"J300464446","to_node":"J300464447"},"geometry":{"type":"LineString","coordinates":[[80.220263,12.982689],[80.220301,12.983226]]}},{"type":"Feature","properties":{"id":"R0706","name":null,"highway":"residential","osm_way":1207949291,"width_m":6.0,"length_m":35.8,"surface_area":214.6,"catchment_m2":1287.5,"inlet_capacity_lps":7.2,"nearest_drain":"MH-093","from_node":"J300464448","to_node":"J300464466"},"geometry":{"type":"LineString","coordinates":[[80.219254,12.979645],[80.219186,12.979959]]}},{"type":"Feature","properties":{"id":"R0707","name":null,"highway":"residential","osm_way":27370236,"width_m":6.0,"length_m":60.4,"surface_area":362.1,"catchment_m2":2172.8,"inlet_capacity_lps":14.4,"nearest_drain":"MH-106","from_node":"J300464465","to_node":"J300464466"},"geometry":{"type":"LineString","coordinates":[[80.218646,12.979825],[80.219186,12.979959]]}},{"type":"Feature","properties":{"id":"R0708","name":null,"highway":"residential","osm_way":1207949292,"width_m":6.0,"length_m":30.1,"surface_area":180.5,"catchment_m2":1083.0,"inlet_capacity_lps":7.2,"nearest_drain":"MH-105","from_node":"J300464466","to_node":"J300464449"},"geometry":{"type":"LineString","coordinates":[[80.219186,12.979959],[80.219116,12.980221]]}},{"type":"Feature","properties":{"id":"R0709","name":null,"highway":"residential","osm_way":132509267,"width_m":6.0,"length_m":90.5,"surface_area":542.7,"catchment_m2":3256.4,"inlet_capacity_lps":21.6,"nearest_drain":"MH-011","from_node":"J300464560","to_node":"J1641563438"},"geometry":{"type":"LineString","coordinates":[[80.223484,12.973983],[80.223478,12.973966],[80.223479,12.973949],[80.223503,12.973551],[80.223531,12.973172]]}},{"type":"Feature","properties":{"id":"R0710","name":null,"highway":"residential","osm_way":132509261,"width_m":6.0,"length_m":66.1,"surface_area":396.8,"catchment_m2":2380.5,"inlet_capacity_lps":14.4,"nearest_drain":"MH-053","from_node":"J300464878","to_node":"J300464879"},"geometry":{"type":"LineString","coordinates":[[80.224299,12.976522],[80.224905,12.976592]]}},{"type":"Feature","properties":{"id":"R0711","name":null,"highway":"residential","osm_way":27370294,"width_m":6.0,"length_m":91.9,"surface_area":551.1,"catchment_m2":3306.8,"inlet_capacity_lps":21.6,"nearest_drain":"MH-025","from_node":"J300464907","to_node":"J11612717440"},"geometry":{"type":"LineString","coordinates":[[80.224232,12.975612],[80.224257,12.974786]]}},{"type":"Feature","properties":{"id":"R0712","name":null,"highway":"residential","osm_way":425908495,"width_m":6.0,"length_m":93.8,"surface_area":562.5,"catchment_m2":3375.1,"inlet_capacity_lps":21.6,"nearest_drain":"MH-039","from_node":"J300464911","to_node":"J300464912"},"geometry":{"type":"LineString","coordinates":[[80.223837,12.975181],[80.223743,12.976019]]}},{"type":"Feature","properties":{"id":"R0713","name":null,"highway":"residential","osm_way":28571968,"width_m":6.0,"length_m":84.0,"surface_area":503.8,"catchment_m2":3022.8,"inlet_capacity_lps":21.6,"nearest_drain":"MH-004","from_node":"J313857690","to_node":"J313857691"},"geometry":{"type":"LineString","coordinates":[[80.216419,12.973021],[80.217193,12.973003]]}},{"type":"Feature","properties":{"id":"R0714","name":null,"highway":"residential","osm_way":30598646,"width_m":6.0,"length_m":21.2,"surface_area":127.3,"catchment_m2":763.9,"inlet_capacity_lps":7.2,"nearest_drain":"MH-005","from_node":"J313857691","to_node":"J299879154"},"geometry":{"type":"LineString","coordinates":[[80.217193,12.973003],[80.217201,12.973194]]}},{"type":"Feature","properties":{"id":"R0715","name":null,"highway":"residential","osm_way":28571973,"width_m":6.0,"length_m":53.9,"surface_area":323.6,"catchment_m2":1941.8,"inlet_capacity_lps":14.4,"nearest_drain":"MH-035","from_node":"J313857704","to_node":"J313857702"},"geometry":{"type":"LineString","coordinates":[[80.219957,12.975139],[80.220119,12.975598]]}},{"type":"Feature","properties":{"id":"R0716","name":null,"highway":"residential","osm_way":687566848,"width_m":6.0,"length_m":16.4,"surface_area":98.5,"catchment_m2":591.1,"inlet_capacity_lps":7.2,"nearest_drain":"MH-167","from_node":"J325207106","to_node":"J11431663191"},"geometry":{"type":"LineString","coordinates":[[80.222664,12.984051],[80.222748,12.984036],[80.222813,12.984024]]}},{"type":"Feature","properties":{"id":"R0717","name":null,"highway":"residential","osm_way":27320135,"width_m":6.0,"length_m":71.5,"surface_area":428.9,"catchment_m2":2573.5,"inlet_capacity_lps":14.4,"nearest_drain":"MH-118","from_node":"J325208249","to_node":"J299883329"},"geometry":{"type":"LineString","coordinates":[[80.218709,12.98156],[80.21858,12.98154],[80.218055,12.981474]]}},{"type":"Feature","properties":{"id":"R0718","name":null,"highway":"residential","osm_way":29503211,"width_m":6.0,"length_m":73.4,"surface_area":440.2,"catchment_m2":2641.2,"inlet_capacity_lps":14.4,"nearest_drain":"MH-124","from_node":"J325209359","to_node":"J325209362"},"geometry":{"type":"LineString","coordinates":[[80.224109,12.981806],[80.224752,12.981854],[80.224767,12.981856],[80.224782,12.981863]]}},{"type":"Feature","properties":{"id":"R0719","name":null,"highway":"residential","osm_way":29503216,"width_m":6.0,"length_m":128.5,"surface_area":771.3,"catchment_m2":4627.6,"inlet_capacity_lps":28.8,"nearest_drain":"MH-108","from_node":"J325209556","to_node":"J325209560"},"geometry":{"type":"LineString","coordinates":[[80.223044,12.981597],[80.222723,12.981573],[80.222704,12.98157],[80.222689,12.98156],[80.222683,12.981543],[80.222682,12.981525],[80.222735,12.980757]]}},{"type":"Feature","properties":{"id":"R0720","name":null,"highway":"residential","osm_way":673508558,"width_m":6.0,"length_m":99.6,"surface_area":597.4,"catchment_m2":3584.5,"inlet_capacity_lps":21.6,"nearest_drain":"MH-123","from_node":"J325209556","to_node":"J300463832"},"geometry":{"type":"LineString","coordinates":[[80.223044,12.981597],[80.223056,12.981369],[80.22306,12.981346],[80.223074,12.981322],[80.223097,12.981313],[80.223125,12.98131],[80.223354,12.981326],[80.223703,12.981346]]}},{"type":"Feature","properties":{"id":"R0721","name":null,"highway":"residential","osm_way":30609723,"width_m":6.0,"length_m":19.0,"surface_area":114.3,"catchment_m2":685.7,"inlet_capacity_lps":7.2,"nearest_drain":"MH-182","from_node":"J325209569","to_node":"J325209570"},"geometry":{"type":"LineString","coordinates":[[80.224993,12.985349],[80.22499,12.985308],[80.224972,12.985261],[80.224937,12.985188]]}},{"type":"Feature","properties":{"id":"R0722","name":null,"highway":"residential","osm_way":428730497,"width_m":3.0,"length_m":25.2,"surface_area":75.5,"catchment_m2":831.0,"inlet_capacity_lps":7.2,"nearest_drain":"MH-182","from_node":"J325209570","to_node":"J300312783"},"geometry":{"type":"LineString","coordinates":[[80.224937,12.985188],[80.22481,12.984998]]}},{"type":"Feature","properties":{"id":"R0723","name":null,"highway":"residential","osm_way":27319724,"width_m":6.0,"length_m":34.7,"surface_area":208.0,"catchment_m2":1248.0,"inlet_capacity_lps":7.2,"nearest_drain":"MH-056","from_node":"J330401247","to_node":"J299877829"},"geometry":{"type":"LineString","coordinates":[[80.212206,12.977805],[80.212524,12.977842]]}},{"type":"Feature","properties":{"id":"R0724","name":null,"highway":"residential","osm_way":27319745,"width_m":6.0,"length_m":49.3,"surface_area":295.7,"catchment_m2":1774.4,"inlet_capacity_lps":14.4,"nearest_drain":"MH-071","from_node":"J330401247","to_node":"J299877805"},"geometry":{"type":"LineString","coordinates":[[80.212206,12.977805],[80.212156,12.978245]]}},{"type":"Feature","properties":{"id":"R0725","name":null,"highway":"residential","osm_way":27319969,"width_m":6.0,"length_m":45.2,"surface_area":271.3,"catchment_m2":1627.9,"inlet_capacity_lps":14.4,"nearest_drain":"MH-088","from_node":"J338222927","to_node":"J299880853"},"geometry":{"type":"LineString","coordinates":[[80.214402,12.979905],[80.21438,12.979499]]}},{"type":"Feature","properties":{"id":"R0726","name":null,"highway":"residential","osm_way":1207183518,"width_m":6.0,"length_m":98.3,"surface_area":589.8,"catchment_m2":3538.6,"inlet_capacity_lps":21.6,"nearest_drain":"MH-088","from_node":"J338222927","to_node":"J299880913"},"geometry":{"type":"LineString","coordinates":[[80.214402,12.979905],[80.213496,12.979874]]}},{"type":"Feature","properties":{"id":"R0727","name":null,"highway":"residential","osm_way":27319910,"width_m":6.0,"length_m":38.6,"surface_area":231.5,"catchment_m2":1389.2,"inlet_capacity_lps":7.2,"nearest_drain":"MH-073","from_node":"J338222942","to_node":"J299878744"},"geometry":{"type":"LineString","coordinates":[[80.215076,12.978477],[80.215017,12.978819]]}},{"type":"Feature","properties":{"id":"R0728","name":null,"highway":"residential","osm_way":318725682,"width_m":6.0,"length_m":44.0,"surface_area":264.0,"catchment_m2":1584.1,"inlet_capacity_lps":7.2,"nearest_drain":"MH-074","from_node":"J338222942","to_node":"J299883744"},"geometry":{"type":"LineString","coordinates":[[80.215076,12.978477],[80.215473,12.978561]]}},{"type":"Feature","properties":{"id":"R0729","name":null,"highway":"residential","osm_way":27319910,"width_m":6.0,"length_m":42.3,"surface_area":253.8,"catchment_m2":1522.7,"inlet_capacity_lps":7.2,"nearest_drain":"MH-059","from_node":"J338222949","to_node":"J300464073"},"geometry":{"type":"LineString","coordinates":[[80.215294,12.97739],[80.215227,12.977765]]}},{"type":"Feature","properties":{"id":"R0730","name":null,"highway":"residential","osm_way":27320151,"width_m":6.0,"length_m":107.5,"surface_area":644.9,"catchment_m2":3869.6,"inlet_capacity_lps":28.8,"nearest_drain":"MH-058","from_node":"J338222949","to_node":"J299883758"},"geometry":{"type":"LineString","coordinates":[[80.215294,12.97739],[80.214305,12.97732]]}},{"type":"Feature","properties":{"id":"R0731","name":null,"highway":"residential","osm_way":30598648,"width_m":6.0,"length_m":68.8,"surface_area":412.7,"catchment_m2":2475.9,"inlet_capacity_lps":14.4,"nearest_drain":"MH-005","from_node":"J338282645","to_node":"J313857711"},"geometry":{"type":"LineString","coordinates":[[80.21719,12.973559],[80.21717,12.974177]]}},{"type":"Feature","properties":{"id":"R0732","name":null,"highway":"residential","osm_way":1190577687,"width_m":6.0,"length_m":106.5,"surface_area":638.7,"catchment_m2":3832.2,"inlet_capacity_lps":28.8,"nearest_drain":"MH-008","from_node":"J338406517","to_node":"J1987889373"},"geometry":{"type":"LineString","coordinates":[[80.219978,12.973383],[80.220956,12.973295]]}},{"type":"Feature","properties":{"id":"R0733","name":null,"highway":"residential","osm_way":213364679,"width_m":6.0,"length_m":29.6,"surface_area":177.6,"catchment_m2":1065.4,"inlet_capacity_lps":7.2,"nearest_drain":"MH-010","from_node":"J338406526","to_node":"J11054602263"},"geometry":{"type":"LineString","coordinates":[[80.222807,12.973215],[80.222821,12.973481]]}},{"type":"Feature","properties":{"id":"R0734","name":null,"highway":"residential","osm_way":30604289,"width_m":6.0,"length_m":183.7,"surface_area":1101.9,"catchment_m2":6611.5,"inlet_capacity_lps":43.2,"nearest_drain":"MH-009","from_node":"J338406527","to_node":"J6305004262"},"geometry":{"type":"LineString","coordinates":[[80.220405,12.974368],[80.22073,12.974324],[80.221054,12.97428],[80.221108,12.974261],[80.221147,12.974234],[80.221164,12.974209],[80.221171,12.97416],[80.221168,12.974107],[80.221147,12.973814],[80.221154,12.973788],[80.221168,12.973771],[80.221198,12.973766],[80.221614,12.973748]]}},{"type":"Feature","properties":{"id":"R0735","name":null,"highway":"residential","osm_way":30604290,"width_m":6.0,"length_m":125.7,"surface_area":754.0,"catchment_m2":4524.0,"inlet_capacity_lps":28.8,"nearest_drain":"MH-052","from_node":"J338406537","to_node":"J338406543"},"geometry":{"type":"LineString","coordinates":[[80.223379,12.976191],[80.223085,12.976147],[80.222709,12.976127],[80.222695,12.976125],[80.222683,12.976118],[80.222677,12.976105],[80.222676,12.976092],[80.222672,12.975673]]}},{"type":"Feature","properties":{"id":"R0736","name":null,"highway":"residential","osm_way":30604291,"width_m":6.0,"length_m":29.3,"surface_area":175.7,"catchment_m2":1054.3,"inlet_capacity_lps":7.2,"nearest_drain":"MH-024","from_node":"J338406544","to_node":"J338406545"},"geometry":{"type":"LineString","coordinates":[[80.223187,12.974891],[80.223178,12.975154]]}},{"type":"Feature","properties":{"id":"R0737","name":null,"highway":"residential","osm_way":863280023,"width_m":6.0,"length_m":42.0,"surface_area":251.8,"catchment_m2":1510.8,"inlet_capacity_lps":7.2,"nearest_drain":"MH-038","from_node":"J338406589","to_node":"J8042009289"},"geometry":{"type":"LineString","coordinates":[[80.222319,12.975721],[80.222324,12.976098]]}},{"type":"Feature","properties":{"id":"R0738","name":null,"highway":"residential","osm_way":1560151274,"width_m":6.0,"length_m":53.7,"surface_area":322.0,"catchment_m2":1932.0,"inlet_capacity_lps":14.4,"nearest_drain":"MH-052","from_node":"J338406601","to_node":"J14191582750"},"geometry":{"type":"LineString","coordinates":[[80.222774,12.976536],[80.223269,12.976557]]}},{"type":"Feature","properties":{"id":"R0739","name":null,"highway":"residential","osm_way":30604307,"width_m":6.0,"length_m":65.5,"surface_area":393.1,"catchment_m2":2358.8,"inlet_capacity_lps":14.4,"nearest_drain":"MH-187","from_node":"J338406831","to_node":"J300306147"},"geometry":{"type":"LineString","coordinates":[[80.214608,12.986699],[80.214577,12.986321],[80.214582,12.986111]]}},{"type":"Feature","properties":{"id":"R0740","name":null,"highway":"residential","osm_way":427336348,"width_m":6.0,"length_m":40.7,"surface_area":244.0,"catchment_m2":1463.9,"inlet_capacity_lps":7.2,"nearest_drain":"MH-203","from_node":"J338440035","to_node":"J4265654360"},"geometry":{"type":"LineString","coordinates":[[80.219633,12.986871],[80.219966,12.986702]]}},{"type":"Feature","properties":{"id":"R0741","name":null,"highway":"residential","osm_way":27354129,"width_m":6.0,"length_m":89.5,"surface_area":536.7,"catchment_m2":3220.5,"inlet_capacity_lps":21.6,"nearest_drain":"MH-127","from_node":"J338440036","to_node":"J7030307791"},"geometry":{"type":"LineString","coordinates":[[80.212124,12.98285],[80.2113,12.982803]]}},{"type":"Feature","properties":{"id":"R0742","name":null,"highway":"residential","osm_way":27274195,"width_m":6.0,"length_m":51.9,"surface_area":311.2,"catchment_m2":1866.9,"inlet_capacity_lps":14.4,"nearest_drain":"MH-183","from_node":"J338440038","to_node":"J299385811"},"geometry":{"type":"LineString","coordinates":[[80.210391,12.986654],[80.210377,12.986188]]}},{"type":"Feature","properties":{"id":"R0743","name":null,"highway":"residential","osm_way":30606818,"width_m":6.0,"length_m":145.7,"surface_area":874.3,"catchment_m2":5245.7,"inlet_capacity_lps":36.0,"nearest_drain":"MH-184","from_node":"J338440038","to_node":"J300165126"},"geometry":{"type":"LineString","coordinates":[[80.210391,12.986654],[80.211445,12.986611],[80.211735,12.986612]]}},{"type":"Feature","properties":{"id":"R0744","name":null,"highway":"residential","osm_way":27274195,"width_m":6.0,"length_m":38.8,"surface_area":232.7,"catchment_m2":1396.3,"inlet_capacity_lps":7.2,"nearest_drain":"MH-183","from_node":"J338440041","to_node":"J338440038"},"geometry":{"type":"LineString","coordinates":[[80.210414,12.987002],[80.210391,12.986654]]}},{"type":"Feature","properties":{"id":"R0745","name":null,"highway":"residential","osm_way":1434022817,"width_m":6.0,"length_m":44.4,"surface_area":266.7,"catchment_m2":1600.2,"inlet_capacity_lps":7.2,"nearest_drain":"MH-198","from_node":"J338440041","to_node":"J11155690560"},"geometry":{"type":"LineString","coordinates":[[80.210414,12.987002],[80.210821,12.986954]]}},{"type":"Feature","properties":{"id":"R0746","name":null,"highway":"residential","osm_way":30606823,"width_m":6.0,"length_m":96.0,"surface_area":575.8,"catchment_m2":3454.9,"inlet_capacity_lps":21.6,"nearest_drain":"MH-195","from_node":"J338440186","to_node":"J338440189"},"geometry":{"type":"LineString","coordinates":[[80.222218,12.986394],[80.222261,12.986596],[80.222325,12.987017],[80.222364,12.987245]]}},{"type":"Feature","properties":{"id":"R0747","name":null,"highway":"residential","osm_way":1267273632,"width_m":6.0,"length_m":54.6,"surface_area":327.4,"catchment_m2":1964.7,"inlet_capacity_lps":14.4,"nearest_drain":"MH-194","from_node":"J338440186","to_node":"J11770224841"},"geometry":{"type":"LineString","coordinates":[[80.222218,12.986394],[80.222106,12.985916]]}},{"type":"Feature","properties":{"id":"R0748","name":null,"highway":"residential","osm_way":1274356480,"width_m":6.0,"length_m":31.1,"surface_area":186.9,"catchment_m2":1121.2,"inlet_capacity_lps":7.2,"nearest_drain":"MH-066","from_node":"J338461420","to_node":"J338461428"},"geometry":{"type":"LineString","coordinates":[[80.22221,12.977821],[80.22221,12.977743],[80.22222,12.977579],[80.222223,12.977541]]}},{"type":"Feature","properties":{"id":"R0749","name":null,"highway":"residential","osm_way":558689012,"width_m":6.0,"length_m":49.3,"surface_area":296.0,"catchment_m2":1776.3,"inlet_capacity_lps":14.4,"nearest_drain":"MH-062","from_node":"J1751203571","to_node":"J5388533203"},"geometry":{"type":"LineString","coordinates":[[80.219041,12.977193],[80.218586,12.977181]]}},{"type":"Feature","properties":{"id":"R0750","name":null,"highway":"residential","osm_way":163421112,"width_m":6.0,"length_m":41.9,"surface_area":251.2,"catchment_m2":1507.3,"inlet_capacity_lps":7.2,"nearest_drain":"MH-048","from_node":"J1751205028","to_node":"J1751205029"},"geometry":{"type":"LineString","coordinates":[[80.219039,12.976777],[80.219425,12.976792]]}},{"type":"Feature","properties":{"id":"R0751","name":null,"highway":"residential","osm_way":28571973,"width_m":6.0,"length_m":57.5,"surface_area":344.8,"catchment_m2":2069.0,"inlet_capacity_lps":14.4,"nearest_drain":"MH-007","from_node":"J1889993380","to_node":"J299878818"},"geometry":{"type":"LineString","coordinates":[[80.219549,12.97383],[80.219627,12.974341]]}},{"type":"Feature","properties":{"id":"R0752","name":null,"highway":"residential","osm_way":28571973,"width_m":6.0,"length_m":46.7,"surface_area":280.2,"catchment_m2":1681.2,"inlet_capacity_lps":14.4,"nearest_drain":"MH-020","from_node":"J1889993394","to_node":"J313857704"},"geometry":{"type":"LineString","coordinates":[[80.219798,12.974749],[80.219957,12.975139]]}},{"type":"Feature","properties":{"id":"R0753","name":null,"highway":"residential","osm_way":1190577688,"width_m":6.0,"length_m":21.9,"surface_area":131.1,"catchment_m2":786.9,"inlet_capacity_lps":7.2,"nearest_drain":"MH-008","from_node":"J1987889373","to_node":"J11768865771"},"geometry":{"type":"LineString","coordinates":[[80.220956,12.973295],[80.220962,12.973491]]}},{"type":"Feature","properties":{"id":"R0754","name":null,"highway":"residential","osm_way":1190577689,"width_m":6.0,"length_m":28.1,"surface_area":168.3,"catchment_m2":1010.1,"inlet_capacity_lps":7.2,"nearest_drain":"MH-009","from_node":"J1987889373","to_node":"J11054602259"},"geometry":{"type":"LineString","coordinates":[[80.220956,12.973295],[80.221074,12.973286],[80.221215,12.973276]]}},{"type":"Feature","properties":{"id":"R0755","name":null,"highway":"residential","osm_way":27344675,"width_m":6.0,"length_m":48.8,"surface_area":292.6,"catchment_m2":1755.8,"inlet_capacity_lps":14.4,"nearest_drain":"MH-002","from_node":"J2167027593","to_node":"J300185991"},"geometry":{"type":"LineString","coordinates":[[80.212614,12.973285],[80.212627,12.9734],[80.212664,12.973721]]}},{"type":"Feature","properties":{"id":"R0756","name":null,"highway":"residential","osm_way":206658378,"width_m":6.0,"length_m":75.7,"surface_area":454.0,"catchment_m2":2724.3,"inlet_capacity_lps":21.6,"nearest_drain":"MH-002","from_node":"J2167027593","to_node":"J2167027596"},"geometry":{"type":"LineString","coordinates":[[80.212614,12.973285],[80.211918,12.973343]]}},{"type":"Feature","properties":{"id":"R0757","name":null,"highway":"residential","osm_way":1250691648,"width_m":6.0,"length_m":56.2,"surface_area":337.5,"catchment_m2":2024.9,"inlet_capacity_lps":14.4,"nearest_drain":"MH-001","from_node":"J2167027596","to_node":"J11626078070"},"geometry":{"type":"LineString","coordinates":[[80.211918,12.973343],[80.211891,12.973344],[80.2114,12.973365]]}},{"type":"Feature","properties":{"id":"R0758","name":null,"highway":"residential","osm_way":206658393,"width_m":6.0,"length_m":47.7,"surface_area":286.1,"catchment_m2":1716.5,"inlet_capacity_lps":14.4,"nearest_drain":"MH-043","from_node":"J2167027610","to_node":"J2167027611"},"geometry":{"type":"LineString","coordinates":[[80.212541,12.975994],[80.212979,12.976034]]}},{"type":"Feature","properties":{"id":"R0759","name":null,"highway":"residential","osm_way":27344666,"width_m":6.0,"length_m":18.6,"surface_area":111.4,"catchment_m2":668.4,"inlet_capacity_lps":7.2,"nearest_drain":"MH-045","from_node":"J2167027612","to_node":"J11626077035"},"geometry":{"type":"LineString","coordinates":[[80.214187,12.976032],[80.214164,12.976197]]}},{"type":"Feature","properties":{"id":"R0760","name":null,"highway":"residential","osm_way":206658389,"width_m":6.0,"length_m":45.8,"surface_area":274.5,"catchment_m2":1647.1,"inlet_capacity_lps":14.4,"nearest_drain":"MH-044","from_node":"J2167027612","to_node":"J2230781378"},"geometry":{"type":"LineString","coordinates":[[80.214187,12.976032],[80.213767,12.975988]]}},{"type":"Feature","properties":{"id":"R0761","name":null,"highway":"residential","osm_way":27344666,"width_m":6.0,"length_m":149.1,"surface_area":894.9,"catchment_m2":5369.2,"inlet_capacity_lps":36.0,"nearest_drain":"MH-045","from_node":"J2167027630","to_node":"J2407564029"},"geometry":{"type":"LineString","coordinates":[[80.214135,12.976411],[80.214121,12.976727],[80.214093,12.976765],[80.214046,12.976768],[80.213448,12.976724],[80.213413,12.976712],[80.213393,12.976696],[80.213372,12.976662],[80.213395,12.976417]]}},{"type":"Feature","properties":{"id":"R0762","name":null,"highway":"residential","osm_way":206658385,"width_m":6.0,"length_m":55.0,"surface_area":329.9,"catchment_m2":1979.6,"inlet_capacity_lps":14.4,"nearest_drain":"MH-045","from_node":"J2167027630","to_node":"J2167027627"},"geometry":{"type":"LineString","coordinates":[[80.214135,12.976411],[80.213629,12.976364]]}},{"type":"Feature","properties":{"id":"R0763","name":null,"highway":"residential","osm_way":206658394,"width_m":6.0,"length_m":87.6,"surface_area":525.4,"catchment_m2":3152.5,"inlet_capacity_lps":21.6,"nearest_drain":"MH-042","from_node":"J2167027634","to_node":"J2167027668"},"geometry":{"type":"LineString","coordinates":[[80.211918,12.976508],[80.212485,12.97656],[80.212523,12.97658],[80.212542,12.976619],[80.212536,12.976766]]}},{"type":"Feature","properties":{"id":"R0764","name":null,"highway":"residential","osm_way":1188960376,"width_m":6.0,"length_m":24.5,"surface_area":146.9,"catchment_m2":881.5,"inlet_capacity_lps":7.2,"nearest_drain":"MH-042","from_node":"J2167027634","to_node":"J6786335839"},"geometry":{"type":"LineString","coordinates":[[80.211918,12.976508],[80.211889,12.976726]]}},{"type":"Feature","properties":{"id":"R0765","name":null,"highway":"residential","osm_way":27344680,"width_m":6.0,"length_m":107.7,"surface_area":646.3,"catchment_m2":3877.8,"inlet_capacity_lps":28.8,"nearest_drain":"MH-026","from_node":"J2167027689","to_node":"J7806740567"},"geometry":{"type":"LineString","coordinates":[[80.21074,12.976908],[80.210762,12.975939]]}},{"type":"Feature","properties":{"id":"R0766","name":null,"highway":"residential","osm_way":206658398,"width_m":6.0,"length_m":40.1,"surface_area":240.5,"catchment_m2":1443.0,"inlet_capacity_lps":7.2,"nearest_drain":"MH-041","from_node":"J2167027689","to_node":"J2167027702"},"geometry":{"type":"LineString","coordinates":[[80.21074,12.976908],[80.210868,12.97691],[80.21111,12.976928]]}},{"type":"Feature","properties":{"id":"R0767","name":null,"highway":"residential","osm_way":206658384,"width_m":6.0,"length_m":68.5,"surface_area":410.9,"catchment_m2":2465.3,"inlet_capacity_lps":14.4,"nearest_drain":"MH-042","from_node":"J2167027702","to_node":"J2167027614"},"geometry":{"type":"LineString","coordinates":[[80.21111,12.976928],[80.211124,12.976312]]}},{"type":"Feature","properties":{"id":"R0768","name":null,"highway":"residential","osm_way":206658398,"width_m":6.0,"length_m":82.2,"surface_area":493.1,"catchment_m2":2958.9,"inlet_capacity_lps":21.6,"nearest_drain":"MH-042","from_node":"J2167027702","to_node":"J2167027707"},"geometry":{"type":"LineString","coordinates":[[80.21111,12.976928],[80.211337,12.976945],[80.211863,12.977009]]}},{"type":"Feature","properties":{"id":"R0769","name":null,"highway":"residential","osm_way":1188960376,"width_m":6.0,"length_m":36.5,"surface_area":219.0,"catchment_m2":1314.2,"inlet_capacity_lps":7.2,"nearest_drain":"MH-055","from_node":"J2167027707","to_node":"J300186162"},"geometry":{"type":"LineString","coordinates":[[80.211863,12.977009],[80.211846,12.977337]]}},{"type":"Feature","properties":{"id":"R0770","name":null,"highway":"residential","osm_way":206658387,"width_m":6.0,"length_m":45.9,"surface_area":275.7,"catchment_m2":1654.2,"inlet_capacity_lps":14.4,"nearest_drain":"MH-054","from_node":"J2167027722","to_node":"J300376604"},"geometry":{"type":"LineString","coordinates":[[80.210063,12.977567],[80.210077,12.977154]]}},{"type":"Feature","properties":{"id":"R0771","name":null,"highway":"residential","osm_way":1288576572,"width_m":6.0,"length_m":23.8,"surface_area":143.1,"catchment_m2":858.6,"inlet_capacity_lps":7.2,"nearest_drain":"MH-069","from_node":"J2167027727","to_node":"J300165044"},"geometry":{"type":"LineString","coordinates":[[80.210068,12.977943],[80.210288,12.977949]]}},{"type":"Feature","properties":{"id":"R0772","name":null,"highway":"residential","osm_way":1288576573,"width_m":6.0,"length_m":41.9,"surface_area":251.1,"catchment_m2":1506.9,"inlet_capacity_lps":7.2,"nearest_drain":"MH-054","from_node":"J2167027727","to_node":"J2167027722"},"geometry":{"type":"LineString","coordinates":[[80.210068,12.977943],[80.210063,12.977567]]}},{"type":"Feature","properties":{"id":"R0773","name":null,"highway":"residential","osm_way":206658381,"width_m":6.0,"length_m":47.2,"surface_area":283.5,"catchment_m2":1700.9,"inlet_capacity_lps":14.4,"nearest_drain":"MH-075","from_node":"J2167027768","to_node":"J2167027776"},"geometry":{"type":"LineString","coordinates":[[80.217052,12.978587],[80.217488,12.978593]]}},{"type":"Feature","properties":{"id":"R0774","name":null,"highway":"residential","osm_way":318725681,"width_m":6.0,"length_m":54.5,"surface_area":326.8,"catchment_m2":1960.6,"inlet_capacity_lps":14.4,"nearest_drain":"MH-075","from_node":"J2167027768","to_node":"J299883833"},"geometry":{"type":"LineString","coordinates":[[80.217052,12.978587],[80.217057,12.978265],[80.216886,12.97825]]}},{"type":"Feature","properties":{"id":"R0775","name":null,"highway":"residential","osm_way":27319897,"width_m":6.0,"length_m":39.3,"surface_area":235.7,"catchment_m2":1414.1,"inlet_capacity_lps":7.2,"nearest_drain":"MH-085","from_node":"J2167027772","to_node":"J299878327"},"geometry":{"type":"LineString","coordinates":[[80.21164,12.978591],[80.211626,12.978944]]}},{"type":"Feature","properties":{"id":"R0776","name":null,"highway":"residential","osm_way":318725681,"width_m":6.0,"length_m":72.9,"surface_area":437.3,"catchment_m2":2624.0,"inlet_capacity_lps":14.4,"nearest_drain":"MH-090","from_node":"J2167027798","to_node":"J2167027768"},"geometry":{"type":"LineString","coordinates":[[80.217028,12.979242],[80.217052,12.978587]]}},{"type":"Feature","properties":{"id":"R0777","name":null,"highway":"residential","osm_way":206658390,"width_m":6.0,"length_m":51.1,"surface_area":306.6,"catchment_m2":1839.3,"inlet_capacity_lps":14.4,"nearest_drain":"MH-091","from_node":"J2167027807","to_node":"J11043633900"},"geometry":{"type":"LineString","coordinates":[[80.217557,12.97928],[80.217579,12.979082],[80.217573,12.979062],[80.217549,12.979041],[80.217338,12.979011]]}},{"type":"Feature","properties":{"id":"R0778","name":null,"highway":"residential","osm_way":318725683,"width_m":6.0,"length_m":57.5,"surface_area":344.8,"catchment_m2":2068.8,"inlet_capacity_lps":14.4,"nearest_drain":"MH-090","from_node":"J2167027807","to_node":"J2167027798"},"geometry":{"type":"LineString","coordinates":[[80.217557,12.97928],[80.217028,12.979242]]}},{"type":"Feature","properties":{"id":"R0779","name":null,"highway":"residential","osm_way":318725683,"width_m":6.0,"length_m":28.6,"surface_area":171.8,"catchment_m2":1030.9,"inlet_capacity_lps":7.2,"nearest_drain":"MH-091","from_node":"J2167027821","to_node":"J2167027807"},"geometry":{"type":"LineString","coordinates":[[80.217708,12.979442],[80.217711,12.979366],[80.217689,12.979329],[80.217654,12.979306],[80.217557,12.97928]]}},{"type":"Feature","properties":{"id":"R0780","name":null,"highway":"residential","osm_way":667069715,"width_m":6.0,"length_m":61.3,"surface_area":367.6,"catchment_m2":2205.4,"inlet_capacity_lps":14.4,"nearest_drain":"MH-091","from_node":"J2167027821","to_node":"J6245904904"},"geometry":{"type":"LineString","coordinates":[[80.217708,12.979442],[80.217689,12.979992]]}},{"type":"Feature","properties":{"id":"R0781","name":null,"highway":"residential","osm_way":27320161,"width_m":6.0,"length_m":57.3,"surface_area":343.6,"catchment_m2":2061.7,"inlet_capacity_lps":14.4,"nearest_drain":"MH-092","from_node":"J2167027825","to_node":"J6445191536"},"geometry":{"type":"LineString","coordinates":[[80.218603,12.979511],[80.218331,12.979481],[80.218077,12.979464]]}},{"type":"Feature","properties":{"id":"R0782","name":null,"highway":"residential","osm_way":1190509379,"width_m":6.0,"length_m":39.2,"surface_area":235.2,"catchment_m2":1411.0,"inlet_capacity_lps":7.2,"nearest_drain":"MH-085","from_node":"J2167027827","to_node":"J11054051465"},"geometry":{"type":"LineString","coordinates":[[80.211139,12.979574],[80.210779,12.979536]]}},{"type":"Feature","properties":{"id":"R0783","name":null,"highway":"residential","osm_way":27370086,"width_m":6.0,"length_m":174.1,"surface_area":1044.4,"catchment_m2":6266.7,"inlet_capacity_lps":43.2,"nearest_drain":"MH-099","from_node":"J2167027852","to_node":"J300463595"},"geometry":{"type":"LineString","coordinates":[[80.212689,12.980693],[80.212663,12.981069],[80.212661,12.981081],[80.212667,12.981092],[80.212679,12.981097],[80.212698,12.981098],[80.213137,12.981116],[80.213859,12.98116]]}},{"type":"Feature","properties":{"id":"R0784","name":null,"highway":"residential","osm_way":206658396,"width_m":6.0,"length_m":176.3,"surface_area":1057.9,"catchment_m2":6347.3,"inlet_capacity_lps":43.2,"nearest_drain":"MH-099","from_node":"J2167027852","to_node":"J2167027849"},"geometry":{"type":"LineString","coordinates":[[80.212689,12.980693],[80.212182,12.980669],[80.211559,12.980682],[80.211063,12.980681]]}},{"type":"Feature","properties":{"id":"R0785","name":null,"highway":"residential","osm_way":1207943990,"width_m":6.0,"length_m":38.3,"surface_area":229.9,"catchment_m2":1379.2,"inlet_capacity_lps":7.2,"nearest_drain":"MH-046","from_node":"J2167148947","to_node":"J299883766"},"geometry":{"type":"LineString","coordinates":[[80.215199,12.976127],[80.21522,12.976471]]}},{"type":"Feature","properties":{"id":"R0786","name":null,"highway":"residential","osm_way":318725676,"width_m":6.0,"length_m":44.5,"surface_area":266.7,"catchment_m2":1600.3,"inlet_capacity_lps":7.2,"nearest_drain":"MH-033","from_node":"J2167148951","to_node":"J299883943"},"geometry":{"type":"LineString","coordinates":[[80.217078,12.976165],[80.217107,12.975766]]}},{"type":"Feature","properties":{"id":"R0787","name":null,"highway":"residential","osm_way":318725676,"width_m":6.0,"length_m":6.7,"surface_area":40.3,"catchment_m2":241.6,"inlet_capacity_lps":7.2,"nearest_drain":"MH-047","from_node":"J2167148957","to_node":"J2167148951"},"geometry":{"type":"LineString","coordinates":[[80.217071,12.976225],[80.217078,12.976165]]}},{"type":"Feature","properties":{"id":"R0788","name":null,"highway":"residential","osm_way":318725676,"width_m":6.0,"length_m":34.9,"surface_area":209.6,"catchment_m2":1257.5,"inlet_capacity_lps":7.2,"nearest_drain":"MH-047","from_node":"J2167148962","to_node":"J2167148957"},"geometry":{"type":"LineString","coordinates":[[80.217038,12.976537],[80.217071,12.976225]]}},{"type":"Feature","properties":{"id":"R0789","name":null,"highway":"residential","osm_way":1250699211,"width_m":6.0,"length_m":19.6,"surface_area":117.8,"catchment_m2":706.7,"inlet_capacity_lps":7.2,"nearest_drain":"MH-058","from_node":"J2167148970","to_node":"J11626123124"},"geometry":{"type":"LineString","coordinates":[[80.214939,12.976995],[80.214947,12.977171]]}},{"type":"Feature","properties":{"id":"R0790","name":null,"highway":"residential","osm_way":27319910,"width_m":6.0,"length_m":68.5,"surface_area":411.2,"catchment_m2":2467.4,"inlet_capacity_lps":14.4,"nearest_drain":"MH-046","from_node":"J2167148972","to_node":"J338222949"},"geometry":{"type":"LineString","coordinates":[[80.215364,12.976778],[80.215294,12.97739]]}},{"type":"Feature","properties":{"id":"R0791","name":null,"highway":"residential","osm_way":206673825,"width_m":6.0,"length_m":68.6,"surface_area":411.5,"catchment_m2":2469.1,"inlet_capacity_lps":14.4,"nearest_drain":"MH-058","from_node":"J2167148972","to_node":"J2167148970"},"geometry":{"type":"LineString","coordinates":[[80.215364,12.976778],[80.214953,12.976791],[80.214939,12.976796],[80.214931,12.976809],[80.21493,12.976825],[80.214939,12.976995]]}},{"type":"Feature","properties":{"id":"R0792","name":null,"highway":"residential","osm_way":27320148,"width_m":6.0,"length_m":15.3,"surface_area":91.8,"catchment_m2":551.1,"inlet_capacity_lps":7.2,"nearest_drain":"MH-045","from_node":"J2167148980","to_node":"J2167148994"},"geometry":{"type":"LineString","coordinates":[[80.214319,12.976951],[80.214315,12.977089]]}},{"type":"Feature","properties":{"id":"R0793","name":null,"highway":"residential","osm_way":206673850,"width_m":6.0,"length_m":67.3,"surface_area":404.0,"catchment_m2":2423.9,"inlet_capacity_lps":14.4,"nearest_drain":"MH-058","from_node":"J2167148980","to_node":"J2167148970"},"geometry":{"type":"LineString","coordinates":[[80.214319,12.976951],[80.214939,12.976995]]}},{"type":"Feature","properties":{"id":"R0794","name":null,"highway":"residential","osm_way":318725676,"width_m":6.0,"length_m":22.7,"surface_area":136.3,"catchment_m2":817.9,"inlet_capacity_lps":7.2,"nearest_drain":"MH-060","from_node":"J2167148991","to_node":"J300464089"},"geometry":{"type":"LineString","coordinates":[[80.216989,12.977063],[80.217014,12.976861]]}},{"type":"Feature","properties":{"id":"R0795","name":null,"highway":"residential","osm_way":27320148,"width_m":6.0,"length_m":25.7,"surface_area":154.3,"catchment_m2":925.5,"inlet_capacity_lps":7.2,"nearest_drain":"MH-058","from_node":"J2167148994","to_node":"J299883758"},"geometry":{"type":"LineString","coordinates":[[80.214315,12.977089],[80.214305,12.97732]]}},{"type":"Feature","properties":{"id":"R0796","name":null,"highway":"residential","osm_way":206673851,"width_m":6.0,"length_m":41.8,"surface_area":250.7,"catchment_m2":1504.1,"inlet_capacity_lps":7.2,"nearest_drain":"MH-058","from_node":"J2167148994","to_node":"J10718193947"},"geometry":{"type":"LineString","coordinates":[[80.214315,12.977089],[80.21393,12.977066]]}},{"type":"Feature","properties":{"id":"R0797","name":null,"highway":"residential","osm_way":318725676,"width_m":6.0,"length_m":18.7,"surface_area":112.0,"catchment_m2":672.1,"inlet_capacity_lps":7.2,"nearest_drain":"MH-060","from_node":"J2167149016","to_node":"J2167148991"},"geometry":{"type":"LineString","coordinates":[[80.216964,12.97723],[80.216989,12.977063]]}},{"type":"Feature","properties":{"id":"R0798","name":null,"highway":"residential","osm_way":318725676,"width_m":6.0,"length_m":11.0,"surface_area":66.0,"catchment_m2":396.2,"inlet_capacity_lps":7.2,"nearest_drain":"MH-060","from_node":"J2167149026","to_node":"J2407565207"},"geometry":{"type":"LineString","coordinates":[[80.216905,12.977546],[80.216921,12.977448]]}},{"type":"Feature","properties":{"id":"R0799","name":null,"highway":"residential","osm_way":318725676,"width_m":6.0,"length_m":8.3,"surface_area":49.7,"catchment_m2":298.2,"inlet_capacity_lps":7.2,"nearest_drain":"MH-060","from_node":"J2167149030","to_node":"J300464027"},"geometry":{"type":"LineString","coordinates":[[80.216904,12.977854],[80.216898,12.977779]]}},{"type":"Feature","properties":{"id":"R0800","name":null,"highway":"residential","osm_way":206673883,"width_m":6.0,"length_m":162.6,"surface_area":975.3,"catchment_m2":5852.0,"inlet_capacity_lps":36.0,"nearest_drain":"MH-077","from_node":"J2167149032","to_node":"J5388533203"},"geometry":{"type":"LineString","coordinates":[[80.21912,12.978117],[80.218571,12.9781],[80.218561,12.978096],[80.218556,12.978088],[80.218557,12.978079],[80.218586,12.977181]]}},{"type":"Feature","properties":{"id":"R0801","name":null,"highway":"residential","osm_way":1117796743,"width_m":6.0,"length_m":52.6,"surface_area":315.4,"catchment_m2":1892.6,"inlet_capacity_lps":14.4,"nearest_drain":"MH-092","from_node":"J2167149040","to_node":"J11830335317"},"geometry":{"type":"LineString","coordinates":[[80.219461,12.979107],[80.219209,12.979049],[80.21919,12.979049],[80.219183,12.979058],[80.21911,12.979235]]}},{"type":"Feature","properties":{"id":"R0802","name":null,"highway":"residential","osm_way":27319978,"width_m":6.0,"length_m":68.3,"surface_area":409.9,"catchment_m2":2459.2,"inlet_capacity_lps":14.4,"nearest_drain":"MH-114","from_node":"J2167149063","to_node":"J2167149068"},"geometry":{"type":"LineString","coordinates":[[80.213114,12.981874],[80.212628,12.981891],[80.212484,12.981897]]}},{"type":"Feature","properties":{"id":"R0803","name":null,"highway":"residential","osm_way":206673870,"width_m":6.0,"length_m":115.1,"surface_area":690.8,"catchment_m2":4144.8,"inlet_capacity_lps":28.8,"nearest_drain":"MH-160","from_node":"J2167149156","to_node":"J2167149149"},"geometry":{"type":"LineString","coordinates":[[80.216556,12.984159],[80.216032,12.98411],[80.215498,12.984056]]}},{"type":"Feature","properties":{"id":"R0804","name":null,"highway":"residential","osm_way":206793340,"width_m":6.0,"length_m":10.5,"surface_area":63.3,"catchment_m2":379.5,"inlet_capacity_lps":7.2,"nearest_drain":"MH-214","from_node":"J2168356820","to_node":"J300195623"},"geometry":{"type":"LineString","coordinates":[[80.223132,12.987903],[80.223102,12.987877],[80.223056,12.987844]]}},{"type":"Feature","properties":{"id":"R0805","name":null,"highway":"residential","osm_way":27370252,"width_m":6.0,"length_m":67.3,"surface_area":404.0,"catchment_m2":2424.0,"inlet_capacity_lps":14.4,"nearest_drain":"MH-024","from_node":"J2168576086","to_node":"J300464561"},"geometry":{"type":"LineString","coordinates":[[80.223405,12.974388],[80.224026,12.974417]]}},{"type":"Feature","properties":{"id":"R0806","name":null,"highway":"residential","osm_way":1190298335,"width_m":6.0,"length_m":59.0,"surface_area":354.0,"catchment_m2":2123.9,"inlet_capacity_lps":14.4,"nearest_drain":"MH-153","from_node":"J2168591058","to_node":"J11832572461"},"geometry":{"type":"LineString","coordinates":[[80.223753,12.983824],[80.223753,12.983811],[80.223764,12.983623],[80.223427,12.98359]]}},{"type":"Feature","properties":{"id":"R0807","name":null,"highway":"residential","osm_way":1274361966,"width_m":6.0,"length_m":106.1,"surface_area":636.7,"catchment_m2":3820.4,"inlet_capacity_lps":28.8,"nearest_drain":"MH-168","from_node":"J2168591062","to_node":"J11832599739"},"geometry":{"type":"LineString","coordinates":[[80.22376,12.984196],[80.223727,12.984204],[80.22341,12.984281],[80.223403,12.984292],[80.223401,12.984306],[80.223452,12.984557],[80.223468,12.984563],[80.223486,12.984561],[80.223746,12.984515],[80.223774,12.98451]]}},{"type":"Feature","properties":{"id":"R0808","name":null,"highway":"residential","osm_way":206809957,"width_m":6.0,"length_m":63.4,"surface_area":380.3,"catchment_m2":2282.0,"inlet_capacity_lps":14.4,"nearest_drain":"MH-181","from_node":"J2168591067","to_node":"J300312692"},"geometry":{"type":"LineString","coordinates":[[80.223249,12.98508],[80.223546,12.985024],[80.223566,12.985019],[80.223576,12.985013],[80.223586,12.985003],[80.223594,12.984989],[80.223594,12.984866],[80.223606,12.984838],[80.223631,12.984813],[80.223656,12.984804]]}},{"type":"Feature","properties":{"id":"R0809","name":null,"highway":"residential","osm_way":213364206,"width_m":6.0,"length_m":38.8,"surface_area":232.7,"catchment_m2":1396.1,"inlet_capacity_lps":7.2,"nearest_drain":"MH-003","from_node":"J2230781355","to_node":"J300185261"},"geometry":{"type":"LineString","coordinates":[[80.213277,12.973381],[80.213634,12.973362]]}},{"type":"Feature","properties":{"id":"R0810","name":null,"highway":"residential","osm_way":30598643,"width_m":6.0,"length_m":66.1,"surface_area":396.9,"catchment_m2":2381.2,"inlet_capacity_lps":14.4,"nearest_drain":"MH-043","from_node":"J2230781369","to_node":"J2167027610"},"geometry":{"type":"LineString","coordinates":[[80.212575,12.9754],[80.212551,12.975865],[80.212541,12.975994]]}},{"type":"Feature","properties":{"id":"R0811","name":null,"highway":"residential","osm_way":213364174,"width_m":6.0,"length_m":82.5,"surface_area":495.1,"catchment_m2":2970.5,"inlet_capacity_lps":21.6,"nearest_drain":"MH-027","from_node":"J2230781369","to_node":"J2230781367"},"geometry":{"type":"LineString","coordinates":[[80.212575,12.9754],[80.211817,12.975334]]}},{"type":"Feature","properties":{"id":"R0812","name":null,"highway":"residential","osm_way":27344666,"width_m":6.0,"length_m":116.7,"surface_area":700.4,"catchment_m2":4202.4,"inlet_capacity_lps":28.8,"nearest_drain":"MH-029","from_node":"J2230781372","to_node":"J300464332"},"geometry":{"type":"LineString","coordinates":[[80.213732,12.975699],[80.213762,12.975336],[80.21377,12.97532],[80.21379,12.975313],[80.213813,12.975318],[80.213845,12.975335],[80.213887,12.975376],[80.214226,12.975792]]}},{"type":"Feature","properties":{"id":"R0813","name":null,"highway":"residential","osm_way":206658389,"width_m":6.0,"length_m":20.0,"surface_area":119.8,"catchment_m2":718.6,"inlet_capacity_lps":7.2,"nearest_drain":"MH-044","from_node":"J2230781378","to_node":"J2167027609"},"geometry":{"type":"LineString","coordinates":[[80.213767,12.975988],[80.213583,12.975972]]}},{"type":"Feature","properties":{"id":"R0814","name":null,"highway":"residential","osm_way":1250695928,"width_m":6.0,"length_m":22.6,"surface_area":135.4,"catchment_m2":812.5,"inlet_capacity_lps":7.2,"nearest_drain":"MH-029","from_node":"J2230781378","to_node":"J11626101438"},"geometry":{"type":"LineString","coordinates":[[80.213767,12.975988],[80.213779,12.975786]]}},{"type":"Feature","properties":{"id":"R0815","name":null,"highway":"residential","osm_way":1299913540,"width_m":6.0,"length_m":81.2,"surface_area":487.1,"catchment_m2":2922.7,"inlet_capacity_lps":21.6,"nearest_drain":"MH-062","from_node":"J2230781403","to_node":"J12040970369"},"geometry":{"type":"LineString","coordinates":[[80.218164,12.977869],[80.218176,12.97789],[80.218178,12.977923],[80.218139,12.978595]]}},{"type":"Feature","properties":{"id":"R0816","name":null,"highway":"residential","osm_way":1188240701,"width_m":6.0,"length_m":189.3,"surface_area":1136.1,"catchment_m2":6816.6,"inlet_capacity_lps":43.2,"nearest_drain":"MH-107","from_node":"J2230781422","to_node":"J11033910777"},"geometry":{"type":"LineString","coordinates":[[80.220236,12.980132],[80.219758,12.980163],[80.219731,12.980168],[80.219719,12.980178],[80.219711,12.980199],[80.219719,12.98079],[80.219719,12.980832],[80.219726,12.980853],[80.219739,12.980865],[80.219758,12.980867],[80.220251,12.980864]]}},{"type":"Feature","properties":{"id":"R0817","name":null,"highway":"residential","osm_way":1188240701,"width_m":6.0,"length_m":47.7,"surface_area":286.2,"catchment_m2":1717.1,"inlet_capacity_lps":14.4,"nearest_drain":"MH-107","from_node":"J2230781432","to_node":"J2230781422"},"geometry":{"type":"LineString","coordinates":[[80.220253,12.98056],[80.220236,12.980132]]}},{"type":"Feature","properties":{"id":"R0818","name":null,"highway":"residential","osm_way":1188240702,"width_m":6.0,"length_m":37.0,"surface_area":222.0,"catchment_m2":1332.0,"inlet_capacity_lps":7.2,"nearest_drain":"MH-107","from_node":"J2230781436","to_node":"J11033910796"},"geometry":{"type":"LineString","coordinates":[[80.221057,12.980555],[80.221011,12.980554],[80.220715,12.980564]]}},{"type":"Feature","properties":{"id":"R0819","name":null,"highway":"residential","osm_way":27344666,"width_m":6.0,"length_m":49.0,"surface_area":293.8,"catchment_m2":1762.5,"inlet_capacity_lps":14.4,"nearest_drain":"MH-044","from_node":"J2407564029","to_node":"J2407564028"},"geometry":{"type":"LineString","coordinates":[[80.213395,12.976417],[80.212945,12.976379]]}},{"type":"Feature","properties":{"id":"R0820","name":null,"highway":"residential","osm_way":1189327977,"width_m":6.0,"length_m":57.8,"surface_area":346.8,"catchment_m2":2080.6,"inlet_capacity_lps":14.4,"nearest_drain":"MH-044","from_node":"J2407564029","to_node":"J11043604986"},"geometry":{"type":"LineString","coordinates":[[80.213395,12.976417],[80.21342,12.975898]]}},{"type":"Feature","properties":{"id":"R0821","name":null,"highway":"residential","osm_way":232405495,"width_m":6.0,"length_m":64.8,"surface_area":388.9,"catchment_m2":2333.5,"inlet_capacity_lps":14.4,"nearest_drain":"MH-108","from_node":"J2407564048","to_node":"J2407564046"},"geometry":{"type":"LineString","coordinates":[[80.222668,12.980081],[80.222682,12.979538],[80.222682,12.979517],[80.222685,12.979498]]}},{"type":"Feature","properties":{"id":"R0822","name":null,"highway":"residential","osm_way":1249879740,"width_m":6.0,"length_m":45.6,"surface_area":273.5,"catchment_m2":1640.8,"inlet_capacity_lps":14.4,"nearest_drain":"MH-108","from_node":"J2407564048","to_node":"J11618411723"},"geometry":{"type":"LineString","coordinates":[[80.222668,12.980081],[80.222666,12.980491]]}},{"type":"Feature","properties":{"id":"R0823","name":null,"highway":"residential","osm_way":318725676,"width_m":6.0,"length_m":24.8,"surface_area":148.6,"catchment_m2":891.4,"inlet_capacity_lps":7.2,"nearest_drain":"MH-060","from_node":"J2407565207","to_node":"J2167149016"},"geometry":{"type":"LineString","coordinates":[[80.216921,12.977448],[80.216964,12.97723]]}},{"type":"Feature","properties":{"id":"R0824","name":null,"highway":"residential","osm_way":232405627,"width_m":6.0,"length_m":45.4,"surface_area":272.3,"catchment_m2":1633.6,"inlet_capacity_lps":14.4,"nearest_drain":"MH-105","from_node":"J2407565211","to_node":"J2407565209"},"geometry":{"type":"LineString","coordinates":[[80.219504,12.980572],[80.219094,12.980489]]}},{"type":"Feature","properties":{"id":"R0825","name":null,"highway":"residential","osm_way":687590582,"width_m":6.0,"length_m":81.4,"surface_area":488.2,"catchment_m2":2929.1,"inlet_capacity_lps":21.6,"nearest_drain":"MH-093","from_node":"J2407565211","to_node":"J6445651767"},"geometry":{"type":"LineString","coordinates":[[80.219504,12.980572],[80.219534,12.980043],[80.219543,12.979841]]}},{"type":"Feature","properties":{"id":"R0826","name":null,"highway":"residential","osm_way":27320135,"width_m":6.0,"length_m":27.4,"surface_area":164.5,"catchment_m2":987.1,"inlet_capacity_lps":7.2,"nearest_drain":"MH-120","from_node":"J2407565215","to_node":"J4335419613"},"geometry":{"type":"LineString","coordinates":[[80.219549,12.981667],[80.219298,12.981633]]}},{"type":"Feature","properties":{"id":"R0827","name":null,"highway":"residential","osm_way":232405627,"width_m":6.0,"length_m":122.0,"surface_area":731.8,"catchment_m2":4390.7,"inlet_capacity_lps":28.8,"nearest_drain":"MH-106","from_node":"J2407565215","to_node":"J2407565211"},"geometry":{"type":"LineString","coordinates":[[80.219549,12.981667],[80.219522,12.981034],[80.219517,12.980864],[80.219514,12.980607],[80.219504,12.980572]]}},{"type":"Feature","properties":{"id":"R0828","name":null,"highway":"residential","osm_way":27370104,"width_m":6.0,"length_m":166.5,"surface_area":999.1,"catchment_m2":5994.6,"inlet_capacity_lps":43.2,"nearest_drain":"MH-151","from_node":"J3431404936","to_node":"J300463790"},"geometry":{"type":"LineString","coordinates":[[80.221024,12.98431],[80.221017,12.983753],[80.22198,12.983681]]}},{"type":"Feature","properties":{"id":"R0829","name":null,"highway":"residential","osm_way":673311616,"width_m":6.0,"length_m":40.2,"surface_area":241.4,"catchment_m2":1448.6,"inlet_capacity_lps":7.2,"nearest_drain":"MH-144","from_node":"J3674466503","to_node":"J6305444564"},"geometry":{"type":"LineString","coordinates":[[80.215051,12.982969],[80.215027,12.98299],[80.21502,12.983013],[80.215002,12.98332]]}},{"type":"Feature","properties":{"id":"R0830","name":null,"highway":"residential","osm_way":30604306,"width_m":6.0,"length_m":78.6,"surface_area":471.8,"catchment_m2":2831.1,"inlet_capacity_lps":21.6,"nearest_drain":"MH-116","from_node":"J3875133337","to_node":"J2987837510"},"geometry":{"type":"LineString","coordinates":[[80.216029,12.981334],[80.215653,12.981314],[80.215304,12.981302]]}},{"type":"Feature","properties":{"id":"R0831","name":null,"highway":"residential","osm_way":1267103245,"width_m":6.0,"length_m":25.4,"surface_area":152.3,"catchment_m2":914.1,"inlet_capacity_lps":7.2,"nearest_drain":"MH-116","from_node":"J3875696357","to_node":"J299883551"},"geometry":{"type":"LineString","coordinates":[[80.216014,12.98152],[80.21578,12.981506]]}},{"type":"Feature","properties":{"id":"R0832","name":null,"highway":"residential","osm_way":427336348,"width_m":6.0,"length_m":53.6,"surface_area":321.8,"catchment_m2":1930.6,"inlet_capacity_lps":14.4,"nearest_drain":"MH-192","from_node":"J4265654360","to_node":"J4265654355"},"geometry":{"type":"LineString","coordinates":[[80.219966,12.986702],[80.220198,12.986593],[80.220413,12.986495]]}},{"type":"Feature","properties":{"id":"R0833","name":null,"highway":"residential","osm_way":1267273638,"width_m":6.0,"length_m":98.6,"surface_area":591.9,"catchment_m2":3551.2,"inlet_capacity_lps":21.6,"nearest_drain":"MH-192","from_node":"J4265654360","to_node":"J11770278873"},"geometry":{"type":"LineString","coordinates":[[80.219966,12.986702],[80.220172,12.987185],[80.220175,12.98719],[80.220182,12.987195],[80.220187,12.987196],[80.220197,12.987195],[80.220204,12.987194],[80.220213,12.987195],[80.22022,12.987199],[80.220227,12.987205],[80.220233,12.987217],[80.220351,12.987483]]}},{"type":"Feature","properties":{"id":"R0834","name":null,"highway":"residential","osm_way":427336348,"width_m":6.0,"length_m":56.9,"surface_area":341.6,"catchment_m2":2049.4,"inlet_capacity_lps":14.4,"nearest_drain":"MH-202","from_node":"J4265654365","to_node":"J11064227031"},"geometry":{"type":"LineString","coordinates":[[80.218327,12.987285],[80.21873,12.987178],[80.218835,12.987153]]}},{"type":"Feature","properties":{"id":"R0835","name":null,"highway":"residential","osm_way":1270316624,"width_m":6.0,"length_m":35.5,"surface_area":213.0,"catchment_m2":1278.0,"inlet_capacity_lps":7.2,"nearest_drain":"MH-163","from_node":"J4304449135","to_node":"J11795012983"},"geometry":{"type":"LineString","coordinates":[[80.218579,12.984306],[80.218553,12.984624]]}},{"type":"Feature","properties":{"id":"R0836","name":null,"highway":"residential","osm_way":27320135,"width_m":6.0,"length_m":64.4,"surface_area":386.4,"catchment_m2":2318.3,"inlet_capacity_lps":14.4,"nearest_drain":"MH-119","from_node":"J4335419613","to_node":"J325208249"},"geometry":{"type":"LineString","coordinates":[[80.219298,12.981633],[80.218709,12.98156]]}},{"type":"Feature","properties":{"id":"R0837","name":null,"highway":"residential","osm_way":27355096,"width_m":6.0,"length_m":72.1,"surface_area":432.4,"catchment_m2":2594.7,"inlet_capacity_lps":14.4,"nearest_drain":"MH-134","from_node":"J4335419613","to_node":"J300313516"},"geometry":{"type":"LineString","coordinates":[[80.219298,12.981633],[80.219328,12.981927],[80.219386,12.982276]]}},{"type":"Feature","properties":{"id":"R0838","name":null,"highway":"residential","osm_way":27355136,"width_m":6.0,"length_m":59.4,"surface_area":356.1,"catchment_m2":2136.8,"inlet_capacity_lps":14.4,"nearest_drain":"MH-134","from_node":"J4335419614","to_node":"J300313516"},"geometry":{"type":"LineString","coordinates":[[80.219934,12.982255],[80.219386,12.982276]]}},{"type":"Feature","properties":{"id":"R0839","name":null,"highway":"residential","osm_way":558689007,"width_m":6.0,"length_m":24.9,"surface_area":149.4,"catchment_m2":896.6,"inlet_capacity_lps":7.2,"nearest_drain":"MH-034","from_node":"J5388533197","to_node":"J5388533196"},"geometry":{"type":"LineString","coordinates":[[80.218275,12.975314],[80.218504,12.975328]]}},{"type":"Feature","properties":{"id":"R0840","name":null,"highway":"residential","osm_way":558689008,"width_m":6.0,"length_m":35.7,"surface_area":214.4,"catchment_m2":1286.6,"inlet_capacity_lps":7.2,"nearest_drain":"MH-034","from_node":"J5388533197","to_node":"J5388533198"},"geometry":{"type":"LineString","coordinates":[[80.218275,12.975314],[80.21828,12.975469],[80.218274,12.975635]]}},{"type":"Feature","properties":{"id":"R0841","name":null,"highway":"residential","osm_way":558689010,"width_m":6.0,"length_m":88.4,"surface_area":530.6,"catchment_m2":3183.6,"inlet_capacity_lps":21.6,"nearest_drain":"MH-034","from_node":"J5388533200","to_node":"J338223259"},"geometry":{"type":"LineString","coordinates":[[80.218736,12.975078],[80.218688,12.975872]]}},{"type":"Feature","properties":{"id":"R0842","name":null,"highway":"residential","osm_way":206673883,"width_m":6.0,"length_m":81.1,"surface_area":486.6,"catchment_m2":2919.6,"inlet_capacity_lps":21.6,"nearest_drain":"MH-062","from_node":"J5388533203","to_node":"J2167148976"},"geometry":{"type":"LineString","coordinates":[[80.218586,12.977181],[80.218616,12.976883],[80.218625,12.976869],[80.218642,12.976864],[80.219047,12.976892]]}},{"type":"Feature","properties":{"id":"R0843","name":null,"highway":"residential","osm_way":836412673,"width_m":6.0,"length_m":32.2,"surface_area":193.0,"catchment_m2":1157.7,"inlet_capacity_lps":7.2,"nearest_drain":"MH-146","from_node":"J5458540726","to_node":"J11043774096"},"geometry":{"type":"LineString","coordinates":[[80.216612,12.983393],[80.216909,12.983404]]}},{"type":"Feature","properties":{"id":"R0844","name":null,"highway":"residential","osm_way":27319935,"width_m":6.0,"length_m":163.1,"surface_area":978.9,"catchment_m2":5873.1,"inlet_capacity_lps":36.0,"nearest_drain":"MH-144","from_node":"J5458540727","to_node":"J3674466503"},"geometry":{"type":"LineString","coordinates":[[80.216553,12.983039],[80.215171,12.982962],[80.215084,12.982963],[80.215051,12.982969]]}},{"type":"Feature","properties":{"id":"R0845","name":null,"highway":"residential","osm_way":566924027,"width_m":6.0,"length_m":66.1,"surface_area":396.7,"catchment_m2":2379.9,"inlet_capacity_lps":14.4,"nearest_drain":"MH-146","from_node":"J5458540727","to_node":"J299883305"},"geometry":{"type":"LineString","coordinates":[[80.216553,12.983039],[80.217157,12.983125]]}},{"type":"Feature","properties":{"id":"R0846","name":null,"highway":"residential","osm_way":318725685,"width_m":6.0,"length_m":43.0,"surface_area":258.2,"catchment_m2":1549.4,"inlet_capacity_lps":7.2,"nearest_drain":"MH-104","from_node":"J6245904904","to_node":"J299883714"},"geometry":{"type":"LineString","coordinates":[[80.217689,12.979992],[80.218086,12.98001]]}},{"type":"Feature","properties":{"id":"R0847","name":null,"highway":"residential","osm_way":30604289,"width_m":6.0,"length_m":52.5,"surface_area":315.1,"catchment_m2":1890.7,"inlet_capacity_lps":14.4,"nearest_drain":"MH-009","from_node":"J6305004262","to_node":"J6305004264"},"geometry":{"type":"LineString","coordinates":[[80.221614,12.973748],[80.222098,12.973727]]}},{"type":"Feature","properties":{"id":"R0848","name":null,"highway":"residential","osm_way":673269396,"width_m":6.0,"length_m":48.1,"surface_area":288.8,"catchment_m2":1732.7,"inlet_capacity_lps":14.4,"nearest_drain":"MH-009","from_node":"J6305004262","to_node":"J6305004261"},"geometry":{"type":"LineString","coordinates":[[80.221614,12.973748],[80.221634,12.97418]]}},{"type":"Feature","properties":{"id":"R0849","name":null,"highway":"residential","osm_way":30604289,"width_m":6.0,"length_m":60.8,"surface_area":365.0,"catchment_m2":2190.1,"inlet_capacity_lps":14.4,"nearest_drain":"MH-023","from_node":"J6305004264","to_node":"J6305004265"},"geometry":{"type":"LineString","coordinates":[[80.222098,12.973727],[80.222281,12.973719],[80.222295,12.973725],[80.222303,12.973737],[80.222335,12.974075]]}},{"type":"Feature","properties":{"id":"R0850","name":null,"highway":"residential","osm_way":673269397,"width_m":6.0,"length_m":46.8,"surface_area":280.8,"catchment_m2":1684.7,"inlet_capacity_lps":14.4,"nearest_drain":"MH-009","from_node":"J6305004264","to_node":"J6305004263"},"geometry":{"type":"LineString","coordinates":[[80.222098,12.973727],[80.22211,12.974148]]}},{"type":"Feature","properties":{"id":"R0851","name":null,"highway":"residential","osm_way":27354110,"width_m":6.0,"length_m":64.4,"surface_area":386.5,"catchment_m2":2319.1,"inlet_capacity_lps":14.4,"nearest_drain":"MH-125","from_node":"J6305258154","to_node":"J300304301"},"geometry":{"type":"LineString","coordinates":[[80.210613,12.98212],[80.210019,12.982145]]}},{"type":"Feature","properties":{"id":"R0852","name":null,"highway":"residential","osm_way":673291354,"width_m":6.0,"length_m":86.8,"surface_area":520.5,"catchment_m2":3123.3,"inlet_capacity_lps":21.6,"nearest_drain":"MH-111","from_node":"J6305258154","to_node":"J299878368"},"geometry":{"type":"LineString","coordinates":[[80.210613,12.98212],[80.210563,12.981671],[80.210559,12.981628],[80.210587,12.981571],[80.210608,12.98145],[80.21061,12.981411],[80.210607,12.981351]]}},{"type":"Feature","properties":{"id":"R0853","name":null,"highway":"residential","osm_way":206658391,"width_m":6.0,"length_m":60.3,"surface_area":361.8,"catchment_m2":2170.7,"inlet_capacity_lps":14.4,"nearest_drain":"MH-099","from_node":"J6307239350","to_node":"J2167027835"},"geometry":{"type":"LineString","coordinates":[[80.213188,12.980487],[80.212633,12.980444]]}},{"type":"Feature","properties":{"id":"R0854","name":null,"highway":"residential","osm_way":27319906,"width_m":6.0,"length_m":6.2,"surface_area":37.4,"catchment_m2":224.5,"inlet_capacity_lps":7.2,"nearest_drain":"MH-100","from_node":"J6307239351","to_node":"J299878625"},"geometry":{"type":"LineString","coordinates":[[80.213181,12.980692],[80.213126,12.980709]]}},{"type":"Feature","properties":{"id":"R0855","name":null,"highway":"residential","osm_way":673510217,"width_m":6.0,"length_m":22.8,"surface_area":136.8,"catchment_m2":821.1,"inlet_capacity_lps":7.2,"nearest_drain":"MH-100","from_node":"J6307239351","to_node":"J6307239350"},"geometry":{"type":"LineString","coordinates":[[80.213181,12.980692],[80.213188,12.980487]]}},{"type":"Feature","properties":{"id":"R0856","name":null,"highway":"residential","osm_way":673511955,"width_m":6.0,"length_m":148.4,"surface_area":890.4,"catchment_m2":5342.6,"inlet_capacity_lps":36.0,"nearest_drain":"MH-080","from_node":"J6307256855","to_node":"J6307256853"},"geometry":{"type":"LineString","coordinates":[[80.221183,12.978216],[80.221276,12.978217],[80.22187,12.978245],[80.222551,12.978273]]}},{"type":"Feature","properties":{"id":"R0857","name":null,"highway":"residential","osm_way":27354215,"width_m":6.0,"length_m":54.5,"surface_area":327.2,"catchment_m2":1963.5,"inlet_capacity_lps":14.4,"nearest_drain":"MH-157","from_node":"J6307339499","to_node":"J300305467"},"geometry":{"type":"LineString","coordinates":[[80.212351,12.984404],[80.212375,12.984354],[80.212497,12.984031],[80.212512,12.983974],[80.212518,12.983942]]}},{"type":"Feature","properties":{"id":"R0858","name":null,"highway":"residential","osm_way":1267279334,"width_m":6.0,"length_m":55.3,"surface_area":332.0,"catchment_m2":1991.8,"inlet_capacity_lps":14.4,"nearest_drain":"MH-157","from_node":"J6307339504","to_node":"J300305468"},"geometry":{"type":"LineString","coordinates":[[80.212206,12.983897],[80.211699,12.983839]]}},{"type":"Feature","properties":{"id":"R0859","name":null,"highway":"residential","osm_way":27320161,"width_m":6.0,"length_m":40.0,"surface_area":240.1,"catchment_m2":1440.6,"inlet_capacity_lps":7.2,"nearest_drain":"MH-091","from_node":"J6445191536","to_node":"J2167027821"},"geometry":{"type":"LineString","coordinates":[[80.218077,12.979464],[80.217708,12.979442]]}},{"type":"Feature","properties":{"id":"R0860","name":null,"highway":"residential","osm_way":688061994,"width_m":6.0,"length_m":37.4,"surface_area":224.2,"catchment_m2":1345.3,"inlet_capacity_lps":7.2,"nearest_drain":"MH-057","from_node":"J6450913707","to_node":"J6450913714"},"geometry":{"type":"LineString","coordinates":[[80.213765,12.977871],[80.213427,12.977804]]}},{"type":"Feature","properties":{"id":"R0861","name":null,"highway":"residential","osm_way":688061990,"width_m":6.0,"length_m":52.7,"surface_area":316.4,"catchment_m2":1898.7,"inlet_capacity_lps":14.4,"nearest_drain":"MH-072","from_node":"J6450913708","to_node":"J6450913707"},"geometry":{"type":"LineString","coordinates":[[80.213672,12.978337],[80.213765,12.977871]]}},{"type":"Feature","properties":{"id":"R0862","name":null,"highway":"residential","osm_way":688061991,"width_m":6.0,"length_m":38.1,"surface_area":228.4,"catchment_m2":1370.3,"inlet_capacity_lps":7.2,"nearest_drain":"MH-072","from_node":"J6450913708","to_node":"J6450913713"},"geometry":{"type":"LineString","coordinates":[[80.213672,12.978337],[80.21333,12.97826]]}},{"type":"Feature","properties":{"id":"R0863","name":null,"highway":"residential","osm_way":688061991,"width_m":6.0,"length_m":39.8,"surface_area":238.9,"catchment_m2":1433.7,"inlet_capacity_lps":7.2,"nearest_drain":"MH-072","from_node":"J6450913709","to_node":"J6450913708"},"geometry":{"type":"LineString","coordinates":[[80.214032,12.97841],[80.213672,12.978337]]}},{"type":"Feature","properties":{"id":"R0864","name":null,"highway":"residential","osm_way":688061994,"width_m":6.0,"length_m":90.8,"surface_area":544.7,"catchment_m2":3268.2,"inlet_capacity_lps":21.6,"nearest_drain":"MH-072","from_node":"J6450913709","to_node":"J6450913707"},"geometry":{"type":"LineString","coordinates":[[80.214032,12.97841],[80.21408,12.978112],[80.214108,12.977975],[80.214111,12.977957],[80.21411,12.977946],[80.2141,12.977939],[80.214086,12.977934],[80.213765,12.977871]]}},{"type":"Feature","properties":{"id":"R0865","name":null,"highway":"residential","osm_way":688061992,"width_m":6.0,"length_m":29.9,"surface_area":179.3,"catchment_m2":1075.9,"inlet_capacity_lps":7.2,"nearest_drain":"MH-072","from_node":"J6450913711","to_node":"J6450913715"},"geometry":{"type":"LineString","coordinates":[[80.213377,12.978038],[80.213105,12.977996]]}},{"type":"Feature","properties":{"id":"R0866","name":null,"highway":"residential","osm_way":688061993,"width_m":6.0,"length_m":25.3,"surface_area":151.5,"catchment_m2":909.1,"inlet_capacity_lps":7.2,"nearest_drain":"MH-072","from_node":"J6450913711","to_node":"J6450913713"},"geometry":{"type":"LineString","coordinates":[[80.213377,12.978038],[80.21333,12.97826]]}},{"type":"Feature","properties":{"id":"R0867","name":null,"highway":"residential","osm_way":688061994,"width_m":6.0,"length_m":22.4,"surface_area":134.3,"catchment_m2":806.0,"inlet_capacity_lps":7.2,"nearest_drain":"MH-072","from_node":"J6450913712","to_node":"J6450913716"},"geometry":{"type":"LineString","coordinates":[[80.213089,12.978219],[80.213085,12.978278],[80.213082,12.97842]]}},{"type":"Feature","properties":{"id":"R0868","name":null,"highway":"residential","osm_way":1299279605,"width_m":6.0,"length_m":26.6,"surface_area":159.4,"catchment_m2":956.3,"inlet_capacity_lps":7.2,"nearest_drain":"MH-072","from_node":"J6450913713","to_node":"J6450913712"},"geometry":{"type":"LineString","coordinates":[[80.21333,12.97826],[80.213089,12.978219]]}},{"type":"Feature","properties":{"id":"R0869","name":null,"highway":"residential","osm_way":688061993,"width_m":6.0,"length_m":26.6,"surface_area":159.5,"catchment_m2":957.3,"inlet_capacity_lps":7.2,"nearest_drain":"MH-057","from_node":"J6450913714","to_node":"J6450913711"},"geometry":{"type":"LineString","coordinates":[[80.213427,12.977804],[80.213377,12.978038]]}},{"type":"Feature","properties":{"id":"R0870","name":null,"highway":"residential","osm_way":688061994,"width_m":6.0,"length_m":60.2,"surface_area":361.1,"catchment_m2":2166.4,"inlet_capacity_lps":14.4,"nearest_drain":"MH-072","from_node":"J6450913714","to_node":"J6450913715"},"geometry":{"type":"LineString","coordinates":[[80.213427,12.977804],[80.213173,12.977744],[80.213134,12.977753],[80.213114,12.977796],[80.213105,12.977996]]}},{"type":"Feature","properties":{"id":"R0871","name":null,"highway":"residential","osm_way":688061994,"width_m":6.0,"length_m":24.8,"surface_area":148.7,"catchment_m2":892.1,"inlet_capacity_lps":7.2,"nearest_drain":"MH-072","from_node":"J6450913715","to_node":"J6450913712"},"geometry":{"type":"LineString","coordinates":[[80.213105,12.977996],[80.213089,12.978219]]}},{"type":"Feature","properties":{"id":"R0872","name":null,"highway":"residential","osm_way":1207943988,"width_m":6.0,"length_m":20.6,"surface_area":123.4,"catchment_m2":740.1,"inlet_capacity_lps":7.2,"nearest_drain":"MH-030","from_node":"J6451339709","to_node":"J11192479772"},"geometry":{"type":"LineString","coordinates":[[80.214515,12.975414],[80.214701,12.975377]]}},{"type":"Feature","properties":{"id":"R0873","name":null,"highway":"residential","osm_way":27370224,"width_m":6.0,"length_m":80.1,"surface_area":480.9,"catchment_m2":2885.1,"inlet_capacity_lps":21.6,"nearest_drain":"MH-015","from_node":"J6451339710","to_node":"J300464381"},"geometry":{"type":"LineString","coordinates":[[80.214421,12.9747],[80.21516,12.974678]]}},{"type":"Feature","properties":{"id":"R0874","name":null,"highway":"residential","osm_way":688098104,"width_m":6.0,"length_m":80.1,"surface_area":480.4,"catchment_m2":2882.6,"inlet_capacity_lps":21.6,"nearest_drain":"MH-015","from_node":"J6451339710","to_node":"J6451339709"},"geometry":{"type":"LineString","coordinates":[[80.214421,12.9747],[80.21448,12.975185],[80.214515,12.975414]]}},{"type":"Feature","properties":{"id":"R0875","name":null,"highway":"residential","osm_way":692260577,"width_m":6.0,"length_m":44.2,"surface_area":265.1,"catchment_m2":1590.8,"inlet_capacity_lps":7.2,"nearest_drain":"MH-076","from_node":"J6498120749","to_node":"J12040950867"},"geometry":{"type":"LineString","coordinates":[[80.217881,12.978119],[80.218037,12.978128],[80.218052,12.978132],[80.21806,12.978137],[80.218065,12.978147],[80.218064,12.978164],[80.218049,12.978356]]}},{"type":"Feature","properties":{"id":"R0876","name":null,"highway":"residential","osm_way":318725679,"width_m":6.0,"length_m":16.0,"surface_area":96.2,"catchment_m2":577.3,"inlet_capacity_lps":7.2,"nearest_drain":"MH-091","from_node":"J6498120750","to_node":"J11043645705"},"geometry":{"type":"LineString","coordinates":[[80.217881,12.97908],[80.218028,12.979087]]}},{"type":"Feature","properties":{"id":"R0877","name":null,"highway":"residential","osm_way":692260577,"width_m":6.0,"length_m":28.3,"surface_area":169.9,"catchment_m2":1019.2,"inlet_capacity_lps":7.2,"nearest_drain":"MH-091","from_node":"J6498120750","to_node":"J11043645708"},"geometry":{"type":"LineString","coordinates":[[80.217881,12.97908],[80.217879,12.978825]]}},{"type":"Feature","properties":{"id":"R0878","name":null,"highway":"residential","osm_way":692260578,"width_m":6.0,"length_m":65.7,"surface_area":394.2,"catchment_m2":2364.9,"inlet_capacity_lps":14.4,"nearest_drain":"MH-092","from_node":"J6498120753","to_node":"J11043633904"},"geometry":{"type":"LineString","coordinates":[[80.218635,12.979411],[80.218568,12.979407],[80.21803,12.979374]]}},{"type":"Feature","properties":{"id":"R0879","name":null,"highway":"residential","osm_way":27319972,"width_m":6.0,"length_m":16.3,"surface_area":97.7,"catchment_m2":585.9,"inlet_capacity_lps":7.2,"nearest_drain":"MH-088","from_node":"J6498321179","to_node":"J11185858379"},"geometry":{"type":"LineString","coordinates":[[80.214884,12.979891],[80.214734,12.97989]]}},{"type":"Feature","properties":{"id":"R0880","name":null,"highway":"residential","osm_way":27319970,"width_m":6.0,"length_m":80.8,"surface_area":484.8,"catchment_m2":2908.6,"inlet_capacity_lps":21.6,"nearest_drain":"MH-088","from_node":"J6498321180","to_node":"J11591529924"},"geometry":{"type":"LineString","coordinates":[[80.214883,12.979518],[80.215628,12.979547]]}},{"type":"Feature","properties":{"id":"R0881","name":null,"highway":"residential","osm_way":692276922,"width_m":6.0,"length_m":41.4,"surface_area":248.5,"catchment_m2":1490.7,"inlet_capacity_lps":7.2,"nearest_drain":"MH-088","from_node":"J6498321180","to_node":"J6498321179"},"geometry":{"type":"LineString","coordinates":[[80.214883,12.979518],[80.214884,12.979891]]}},{"type":"Feature","properties":{"id":"R0882","name":null,"highway":"residential","osm_way":1433971465,"width_m":6.0,"length_m":61.4,"surface_area":368.5,"catchment_m2":2210.9,"inlet_capacity_lps":14.4,"nearest_drain":"MH-034","from_node":"J6502889951","to_node":"J2167148944"},"geometry":{"type":"LineString","coordinates":[[80.218245,12.976258],[80.218373,12.976268],[80.218391,12.976262],[80.218402,12.976232],[80.218405,12.975855]]}},{"type":"Feature","properties":{"id":"R0883","name":null,"highway":"residential","osm_way":692660674,"width_m":6.0,"length_m":38.5,"surface_area":230.9,"catchment_m2":1385.2,"inlet_capacity_lps":7.2,"nearest_drain":"MH-048","from_node":"J6502889952","to_node":"J6502889951"},"geometry":{"type":"LineString","coordinates":[[80.218222,12.976603],[80.218245,12.976258]]}},{"type":"Feature","properties":{"id":"R0884","name":null,"highway":"residential","osm_way":701476661,"width_m":6.0,"length_m":8.4,"surface_area":50.3,"catchment_m2":301.7,"inlet_capacity_lps":7.2,"nearest_drain":"MH-081","from_node":"J6587928261","to_node":"J11832541419"},"geometry":{"type":"LineString","coordinates":[[80.222691,12.978065],[80.222613,12.978069]]}},{"type":"Feature","properties":{"id":"R0885","name":null,"highway":"residential","osm_way":701517236,"width_m":6.0,"length_m":10.8,"surface_area":64.8,"catchment_m2":389.1,"inlet_capacity_lps":7.2,"nearest_drain":"MH-083","from_node":"J6588259895","to_node":"J6588259894"},"geometry":{"type":"LineString","coordinates":[[80.224769,12.978212],[80.224712,12.978293]]}},{"type":"Feature","properties":{"id":"R0886","name":null,"highway":"residential","osm_way":702342146,"width_m":6.0,"length_m":82.7,"surface_area":496.4,"catchment_m2":2978.4,"inlet_capacity_lps":21.6,"nearest_drain":"MH-039","from_node":"J6595580907","to_node":"J338406533"},"geometry":{"type":"LineString","coordinates":[[80.223453,12.975482],[80.222955,12.975396],[80.222946,12.975395],[80.222937,12.975397],[80.222932,12.975404],[80.222929,12.975412],[80.222914,12.975603],[80.222911,12.975615],[80.222906,12.975627]]}},{"type":"Feature","properties":{"id":"R0887","name":null,"highway":"residential","osm_way":1188960377,"width_m":6.0,"length_m":61.7,"surface_area":370.3,"catchment_m2":2221.6,"inlet_capacity_lps":14.4,"nearest_drain":"MH-043","from_node":"J6786335837","to_node":"J6786335841"},"geometry":{"type":"LineString","coordinates":[[80.212499,12.976394],[80.211931,12.976352]]}},{"type":"Feature","properties":{"id":"R0888","name":null,"highway":"residential","osm_way":723549914,"width_m":6.0,"length_m":57.6,"surface_area":345.8,"catchment_m2":2075.0,"inlet_capacity_lps":14.4,"nearest_drain":"MH-042","from_node":"J6786335839","to_node":"J6786335838"},"geometry":{"type":"LineString","coordinates":[[80.211889,12.976726],[80.211359,12.976687]]}},{"type":"Feature","properties":{"id":"R0889","name":null,"highway":"residential","osm_way":1188960376,"width_m":6.0,"length_m":31.6,"surface_area":189.5,"catchment_m2":1136.8,"inlet_capacity_lps":7.2,"nearest_drain":"MH-042","from_node":"J6786335839","to_node":"J2167027707"},"geometry":{"type":"LineString","coordinates":[[80.211889,12.976726],[80.211883,12.976866],[80.211863,12.977009]]}},{"type":"Feature","properties":{"id":"R0890","name":null,"highway":"residential","osm_way":723549915,"width_m":6.0,"length_m":58.1,"surface_area":348.5,"catchment_m2":2090.8,"inlet_capacity_lps":14.4,"nearest_drain":"MH-042","from_node":"J6786335841","to_node":"J6786335840"},"geometry":{"type":"LineString","coordinates":[[80.211931,12.976352],[80.211396,12.976313]]}},{"type":"Feature","properties":{"id":"R0891","name":null,"highway":"residential","osm_way":1188960376,"width_m":6.0,"length_m":17.4,"surface_area":104.1,"catchment_m2":624.8,"inlet_capacity_lps":7.2,"nearest_drain":"MH-042","from_node":"J6786335841","to_node":"J2167027634"},"geometry":{"type":"LineString","coordinates":[[80.211931,12.976352],[80.211918,12.976508]]}},{"type":"Feature","properties":{"id":"R0892","name":null,"highway":"residential","osm_way":752084428,"width_m":6.0,"length_m":31.8,"surface_area":191.0,"catchment_m2":1145.7,"inlet_capacity_lps":7.2,"nearest_drain":"MH-126","from_node":"J7030307790","to_node":"J7030307788"},"geometry":{"type":"LineString","coordinates":[[80.211298,12.982524],[80.211592,12.982528]]}},{"type":"Feature","properties":{"id":"R0893","name":null,"highway":"residential","osm_way":752084429,"width_m":6.0,"length_m":23.0,"surface_area":137.9,"catchment_m2":827.2,"inlet_capacity_lps":7.2,"nearest_drain":"MH-126","from_node":"J7030307790","to_node":"J7030307789"},"geometry":{"type":"LineString","coordinates":[[80.211298,12.982524],[80.211086,12.982516]]}},{"type":"Feature","properties":{"id":"R0894","name":null,"highway":"residential","osm_way":27354129,"width_m":6.0,"length_m":60.4,"surface_area":362.4,"catchment_m2":2174.2,"inlet_capacity_lps":14.4,"nearest_drain":"MH-125","from_node":"J7030307791","to_node":"J11612670134"},"geometry":{"type":"LineString","coordinates":[[80.2113,12.982803],[80.210743,12.982785]]}},{"type":"Feature","properties":{"id":"R0895","name":null,"highway":"residential","osm_way":752084429,"width_m":6.0,"length_m":30.9,"surface_area":185.5,"catchment_m2":1113.3,"inlet_capacity_lps":7.2,"nearest_drain":"MH-126","from_node":"J7030307791","to_node":"J7030307790"},"geometry":{"type":"LineString","coordinates":[[80.2113,12.982803],[80.211298,12.982524]]}},{"type":"Feature","properties":{"id":"R0896","name":null,"highway":"residential","osm_way":836402895,"width_m":6.0,"length_m":71.4,"surface_area":428.7,"catchment_m2":2572.2,"inlet_capacity_lps":14.4,"nearest_drain":"MH-056","from_node":"J7806646836","to_node":"J2167027668"},"geometry":{"type":"LineString","coordinates":[[80.212468,12.977405],[80.212536,12.976766]]}},{"type":"Feature","properties":{"id":"R0897","name":null,"highway":"residential","osm_way":836402906,"width_m":6.0,"length_m":38.5,"surface_area":231.2,"catchment_m2":1387.2,"inlet_capacity_lps":7.2,"nearest_drain":"MH-089","from_node":"J7806646878","to_node":"J11768865791"},"geometry":{"type":"LineString","coordinates":[[80.216028,12.978646],[80.215969,12.978987]]}},{"type":"Feature","properties":{"id":"R0898","name":null,"highway":"residential","osm_way":1267103246,"width_m":6.0,"length_m":17.6,"surface_area":105.4,"catchment_m2":632.5,"inlet_capacity_lps":7.2,"nearest_drain":"MH-074","from_node":"J7806646878","to_node":"J11768865797"},"geometry":{"type":"LineString","coordinates":[[80.216028,12.978646],[80.215868,12.978626]]}},{"type":"Feature","properties":{"id":"R0899","name":null,"highway":"residential","osm_way":836402911,"width_m":6.0,"length_m":7.9,"surface_area":47.5,"catchment_m2":285.0,"inlet_capacity_lps":7.2,"nearest_drain":"MH-006","from_node":"J7806670135","to_node":"J338282653"},"geometry":{"type":"LineString","coordinates":[[80.218228,12.973752],[80.218233,12.973771],[80.218245,12.973786],[80.218276,12.9738]]}},{"type":"Feature","properties":{"id":"R0900","name":null,"highway":"residential","osm_way":27344672,"width_m":6.0,"length_m":44.3,"surface_area":266.0,"catchment_m2":1596.0,"inlet_capacity_lps":7.2,"nearest_drain":"MH-027","from_node":"J7806740559","to_node":"J300185825"},"geometry":{"type":"LineString","coordinates":[[80.211626,12.974673],[80.211584,12.97507]]}},{"type":"Feature","properties":{"id":"R0901","name":null,"highway":"residential","osm_way":836412656,"width_m":6.0,"length_m":59.9,"surface_area":359.2,"catchment_m2":2155.0,"inlet_capacity_lps":14.4,"nearest_drain":"MH-012","from_node":"J7806740563","to_node":"J7806740559"},"geometry":{"type":"LineString","coordinates":[[80.211076,12.97462],[80.211626,12.974673]]}},{"type":"Feature","properties":{"id":"R0902","name":null,"highway":"residential","osm_way":27344680,"width_m":6.0,"length_m":133.0,"surface_area":798.3,"catchment_m2":4789.5,"inlet_capacity_lps":28.8,"nearest_drain":"MH-027","from_node":"J7806740567","to_node":"J300186160"},"geometry":{"type":"LineString","coordinates":[[80.210762,12.975939],[80.211461,12.975928],[80.211989,12.975943]]}},{"type":"Feature","properties":{"id":"R0903","name":null,"highway":"residential","osm_way":1083927830,"width_m":6.0,"length_m":90.2,"surface_area":541.4,"catchment_m2":3248.7,"inlet_capacity_lps":21.6,"nearest_drain":"MH-026","from_node":"J7806740567","to_node":"J10706568149"},"geometry":{"type":"LineString","coordinates":[[80.210762,12.975939],[80.210763,12.975899],[80.210768,12.975128]]}},{"type":"Feature","properties":{"id":"R0904","name":null,"highway":"residential","osm_way":836412658,"width_m":6.0,"length_m":8.9,"surface_area":53.3,"catchment_m2":319.9,"inlet_capacity_lps":7.2,"nearest_drain":"MH-072","from_node":"J7806740569","to_node":"J11043622941"},"geometry":{"type":"LineString","coordinates":[[80.213616,12.978551],[80.213614,12.978594],[80.213611,12.978631]]}},{"type":"Feature","properties":{"id":"R0905","name":null,"highway":"residential","osm_way":836412658,"width_m":6.0,"length_m":58.7,"surface_area":352.3,"catchment_m2":2113.7,"inlet_capacity_lps":14.4,"nearest_drain":"MH-087","from_node":"J7806740571","to_node":"J11768865801"},"geometry":{"type":"LineString","coordinates":[[80.213608,12.978965],[80.213592,12.978975],[80.213577,12.978976],[80.213547,12.978975],[80.213526,12.978974],[80.21307,12.978954]]}},{"type":"Feature","properties":{"id":"R0906","name":null,"highway":"residential","osm_way":1299281284,"width_m":6.0,"length_m":19.0,"surface_area":114.0,"catchment_m2":684.1,"inlet_capacity_lps":7.2,"nearest_drain":"MH-087","from_node":"J7806740571","to_node":"J12035880292"},"geometry":{"type":"LineString","coordinates":[[80.213608,12.978965],[80.213616,12.979136]]}},{"type":"Feature","properties":{"id":"R0907","name":null,"highway":"residential","osm_way":836412660,"width_m":6.0,"length_m":57.8,"surface_area":347.0,"catchment_m2":2082.1,"inlet_capacity_lps":14.4,"nearest_drain":"MH-111","from_node":"J7806740576","to_node":"J7806740575"},"geometry":{"type":"LineString","coordinates":[[80.211,12.98171],[80.211533,12.98173]]}},{"type":"Feature","properties":{"id":"R0908","name":null,"highway":"residential","osm_way":27319907,"width_m":6.0,"length_m":41.6,"surface_area":249.7,"catchment_m2":1498.4,"inlet_capacity_lps":7.2,"nearest_drain":"MH-127","from_node":"J7806740579","to_node":"J299883586"},"geometry":{"type":"LineString","coordinates":[[80.212565,12.982381],[80.212185,12.982329]]}},{"type":"Feature","properties":{"id":"R0909","name":null,"highway":"residential","osm_way":836412662,"width_m":6.0,"length_m":33.7,"surface_area":202.5,"catchment_m2":1214.8,"inlet_capacity_lps":7.2,"nearest_drain":"MH-127","from_node":"J7806740579","to_node":"J11043723059"},"geometry":{"type":"LineString","coordinates":[[80.212565,12.982381],[80.21259,12.982079]]}},{"type":"Feature","properties":{"id":"R0910","name":null,"highway":"residential","osm_way":1249398486,"width_m":6.0,"length_m":35.5,"surface_area":212.8,"catchment_m2":1276.5,"inlet_capacity_lps":7.2,"nearest_drain":"MH-127","from_node":"J7806740579","to_node":"J11612617050"},"geometry":{"type":"LineString","coordinates":[[80.212565,12.982381],[80.212542,12.982699]]}},{"type":"Feature","properties":{"id":"R0911","name":null,"highway":"residential","osm_way":836412667,"width_m":6.0,"length_m":69.5,"surface_area":416.9,"catchment_m2":2501.6,"inlet_capacity_lps":14.4,"nearest_drain":"MH-176","from_node":"J7806767006","to_node":"J7806767005"},"geometry":{"type":"LineString","coordinates":[[80.2162,12.985795],[80.216266,12.986417]]}},{"type":"Feature","properties":{"id":"R0912","name":null,"highway":"residential","osm_way":1267284684,"width_m":6.0,"length_m":23.0,"surface_area":138.2,"catchment_m2":829.0,"inlet_capacity_lps":7.2,"nearest_drain":"MH-189","from_node":"J7806767007","to_node":"J11770378194"},"geometry":{"type":"LineString","coordinates":[[80.216754,12.986457],[80.216771,12.986663]]}},{"type":"Feature","properties":{"id":"R0913","name":null,"highway":"residential","osm_way":1117796742,"width_m":6.0,"length_m":25.9,"surface_area":155.2,"catchment_m2":931.5,"inlet_capacity_lps":7.2,"nearest_drain":"MH-092","from_node":"J10223418146","to_node":"J10223418147"},"geometry":{"type":"LineString","coordinates":[[80.218857,12.979223],[80.219019,12.979261],[80.219089,12.979278]]}},{"type":"Feature","properties":{"id":"R0914","name":null,"highway":"residential","osm_way":1117796742,"width_m":6.0,"length_m":61.6,"surface_area":369.7,"catchment_m2":2218.3,"inlet_capacity_lps":14.4,"nearest_drain":"MH-092","from_node":"J10223418147","to_node":"J10223418151"},"geometry":{"type":"LineString","coordinates":[[80.219089,12.979278],[80.219024,12.979458],[80.219026,12.979478],[80.219032,12.979488],[80.219045,12.979497],[80.21933,12.979563],[80.219345,12.979558],[80.21935,12.979544]]}},{"type":"Feature","properties":{"id":"R0915","name":null,"highway":"residential","osm_way":27370234,"width_m":6.0,"length_m":52.6,"surface_area":315.8,"catchment_m2":1894.8,"inlet_capacity_lps":14.4,"nearest_drain":"MH-093","from_node":"J10223418151","to_node":"J2167149040"},"geometry":{"type":"LineString","coordinates":[[80.21935,12.979544],[80.219483,12.979128],[80.21948,12.97911],[80.219461,12.979107]]}},{"type":"Feature","properties":{"id":"R0916","name":null,"highway":"residential","osm_way":1083973667,"width_m":6.0,"length_m":13.1,"surface_area":78.7,"catchment_m2":472.3,"inlet_capacity_lps":7.2,"nearest_drain":"MH-064","from_node":"J10232817996","to_node":"J11192576637"},"geometry":{"type":"LineString","coordinates":[[80.221206,12.977795],[80.221146,12.977792],[80.221085,12.97779]]}},{"type":"Feature","properties":{"id":"R0917","name":null,"highway":"residential","osm_way":1124222251,"width_m":6.0,"length_m":69.7,"surface_area":418.2,"catchment_m2":2509.5,"inlet_capacity_lps":14.4,"nearest_drain":"MH-175","from_node":"J10280643072","to_node":"J300165225"},"geometry":{"type":"LineString","coordinates":[[80.215842,12.985596],[80.215908,12.985606],[80.21648,12.985533]]}},{"type":"Feature","properties":{"id":"R0918","name":null,"highway":"residential","osm_way":1146411450,"width_m":6.0,"length_m":73.7,"surface_area":442.2,"catchment_m2":2653.0,"inlet_capacity_lps":14.4,"nearest_drain":"MH-105","from_node":"J10669042771","to_node":"J10669042772"},"geometry":{"type":"LineString","coordinates":[[80.218151,12.980842],[80.217472,12.980809]]}},{"type":"Feature","properties":{"id":"R0919","name":null,"highway":"residential","osm_way":206673851,"width_m":6.0,"length_m":54.3,"surface_area":325.7,"catchment_m2":1954.3,"inlet_capacity_lps":14.4,"nearest_drain":"MH-057","from_node":"J10718193947","to_node":"J10718193946"},"geometry":{"type":"LineString","coordinates":[[80.21393,12.977066],[80.21343,12.977037]]}},{"type":"Feature","properties":{"id":"R0920","name":null,"highway":"residential","osm_way":1152322466,"width_m":6.0,"length_m":32.8,"surface_area":197.0,"catchment_m2":1181.9,"inlet_capacity_lps":7.2,"nearest_drain":"MH-057","from_node":"J10718193947","to_node":"J10718193950"},"geometry":{"type":"LineString","coordinates":[[80.21393,12.977066],[80.213902,12.97736]]}},{"type":"Feature","properties":{"id":"R0921","name":null,"highway":"residential","osm_way":1152322466,"width_m":6.0,"length_m":79.2,"surface_area":474.9,"catchment_m2":2849.6,"inlet_capacity_lps":21.6,"nearest_drain":"MH-057","from_node":"J10718193950","to_node":"J10718193949"},"geometry":{"type":"LineString","coordinates":[[80.213902,12.97736],[80.213881,12.977632],[80.213878,12.977652],[80.213869,12.977671],[80.21385,12.977678],[80.213825,12.977681],[80.213465,12.977629]]}},{"type":"Feature","properties":{"id":"R0922","name":null,"highway":"residential","osm_way":1152322467,"width_m":6.0,"length_m":48.1,"surface_area":288.8,"catchment_m2":1732.6,"inlet_capacity_lps":14.4,"nearest_drain":"MH-057","from_node":"J10718193950","to_node":"J10718193951"},"geometry":{"type":"LineString","coordinates":[[80.213902,12.97736],[80.213459,12.977329]]}},{"type":"Feature","properties":{"id":"R0923","name":null,"highway":"residential","osm_way":1188072772,"width_m":6.0,"length_m":9.8,"surface_area":59.1,"catchment_m2":354.5,"inlet_capacity_lps":7.2,"nearest_drain":"MH-026","from_node":"J11032223620","to_node":"J11032223622"},"geometry":{"type":"LineString","coordinates":[[80.210356,12.975481],[80.210291,12.975485],[80.210266,12.975487]]}},{"type":"Feature","properties":{"id":"R0924","name":null,"highway":"residential","osm_way":1188072773,"width_m":6.0,"length_m":20.8,"surface_area":124.9,"catchment_m2":749.4,"inlet_capacity_lps":7.2,"nearest_drain":"MH-026","from_node":"J11032223622","to_node":"J11032223624"},"geometry":{"type":"LineString","coordinates":[[80.210266,12.975487],[80.210264,12.9753]]}},{"type":"Feature","properties":{"id":"R0925","name":null,"highway":"residential","osm_way":1188072773,"width_m":6.0,"length_m":21.9,"surface_area":131.2,"catchment_m2":787.1,"inlet_capacity_lps":7.2,"nearest_drain":"MH-026","from_node":"J11032223624","to_node":"J11032223635"},"geometry":{"type":"LineString","coordinates":[[80.210264,12.9753],[80.210264,12.97529],[80.210261,12.975275],[80.210251,12.975266],[80.210089,12.975271]]}},{"type":"Feature","properties":{"id":"R0926","name":null,"highway":"residential","osm_way":1188072774,"width_m":6.0,"length_m":8.6,"surface_area":51.4,"catchment_m2":308.6,"inlet_capacity_lps":7.2,"nearest_drain":"MH-026","from_node":"J11032223624","to_node":"J11032223625"},"geometry":{"type":"LineString","coordinates":[[80.210264,12.9753],[80.210285,12.975301],[80.210343,12.975302]]}},{"type":"Feature","properties":{"id":"R0927","name":null,"highway":"residential","osm_way":1188072775,"width_m":6.0,"length_m":5.7,"surface_area":34.1,"catchment_m2":204.6,"inlet_capacity_lps":7.2,"nearest_drain":"MH-026","from_node":"J11032223633","to_node":"J11032223634"},"geometry":{"type":"LineString","coordinates":[[80.210032,12.975273],[80.210031,12.975255],[80.210031,12.975222]]}},{"type":"Feature","properties":{"id":"R0928","name":null,"highway":"residential","osm_way":1188072773,"width_m":6.0,"length_m":6.2,"surface_area":37.1,"catchment_m2":222.5,"inlet_capacity_lps":7.2,"nearest_drain":"MH-026","from_node":"J11032223635","to_node":"J11032223633"},"geometry":{"type":"LineString","coordinates":[[80.210089,12.975271],[80.210032,12.975273]]}},{"type":"Feature","properties":{"id":"R0929","name":null,"highway":"residential","osm_way":1188072776,"width_m":6.0,"length_m":5.5,"surface_area":33.0,"catchment_m2":198.3,"inlet_capacity_lps":7.2,"nearest_drain":"MH-026","from_node":"J11032223635","to_node":"J11032223636"},"geometry":{"type":"LineString","coordinates":[[80.210089,12.975271],[80.210088,12.975255],[80.210087,12.975221]]}},{"type":"Feature","properties":{"id":"R0930","name":null,"highway":"residential","osm_way":1188241308,"width_m":6.0,"length_m":34.9,"surface_area":209.4,"catchment_m2":1256.5,"inlet_capacity_lps":7.2,"nearest_drain":"MH-164","from_node":"J11033865567","to_node":"J11033865568"},"geometry":{"type":"LineString","coordinates":[[80.219185,12.984376],[80.219187,12.984356],[80.219195,12.984062]]}},{"type":"Feature","properties":{"id":"R0931","name":null,"highway":"residential","osm_way":1188240701,"width_m":6.0,"length_m":33.8,"surface_area":202.9,"catchment_m2":1217.4,"inlet_capacity_lps":7.2,"nearest_drain":"MH-107","from_node":"J11033910777","to_node":"J2230781432"},"geometry":{"type":"LineString","coordinates":[[80.220251,12.980864],[80.220253,12.98056]]}},{"type":"Feature","properties":{"id":"R0932","name":null,"highway":"residential","osm_way":1188240703,"width_m":6.0,"length_m":81.9,"surface_area":491.4,"catchment_m2":2948.4,"inlet_capacity_lps":21.6,"nearest_drain":"MH-107","from_node":"J11033910777","to_node":"J11033910796"},"geometry":{"type":"LineString","coordinates":[[80.220251,12.980864],[80.220661,12.980881],[80.220684,12.980875],[80.22069,12.980863],[80.220715,12.980564]]}},{"type":"Feature","properties":{"id":"R0933","name":null,"highway":"residential","osm_way":213364197,"width_m":6.0,"length_m":50.0,"surface_area":300.2,"catchment_m2":1801.0,"inlet_capacity_lps":14.4,"nearest_drain":"MH-107","from_node":"J11033910796","to_node":"J2230781432"},"geometry":{"type":"LineString","coordinates":[[80.220715,12.980564],[80.220253,12.98056]]}},{"type":"Feature","properties":{"id":"R0934","name":null,"highway":"residential","osm_way":1188922580,"width_m":6.0,"length_m":6.1,"surface_area":36.9,"catchment_m2":221.3,"inlet_capacity_lps":7.2,"nearest_drain":"MH-086","from_node":"J11039711234","to_node":"J2167027832"},"geometry":{"type":"LineString","coordinates":[[80.212543,12.979717],[80.2126,12.979722]]}},{"type":"Feature","properties":{"id":"R0935","name":null,"highway":"residential","osm_way":1189327975,"width_m":6.0,"length_m":27.1,"surface_area":162.7,"catchment_m2":976.2,"inlet_capacity_lps":7.2,"nearest_drain":"MH-028","from_node":"J11043604982","to_node":"J11043604983"},"geometry":{"type":"LineString","coordinates":[[80.213012,12.975812],[80.213261,12.975829]]}},{"type":"Feature","properties":{"id":"R0936","name":null,"highway":"residential","osm_way":836412658,"width_m":6.0,"length_m":37.2,"surface_area":223.1,"catchment_m2":1338.3,"inlet_capacity_lps":7.2,"nearest_drain":"MH-072","from_node":"J11043622941","to_node":"J7806740571"},"geometry":{"type":"LineString","coordinates":[[80.213611,12.978631],[80.213612,12.978945],[80.213608,12.978965]]}},{"type":"Feature","properties":{"id":"R0937","name":null,"highway":"residential","osm_way":1189330081,"width_m":6.0,"length_m":56.8,"surface_area":340.7,"catchment_m2":2044.4,"inlet_capacity_lps":14.4,"nearest_drain":"MH-072","from_node":"J11043622941","to_node":"J11043622942"},"geometry":{"type":"LineString","coordinates":[[80.213611,12.978631],[80.213088,12.978594]]}},{"type":"Feature","properties":{"id":"R0938","name":null,"highway":"residential","osm_way":836412658,"width_m":6.0,"length_m":19.4,"surface_area":116.1,"catchment_m2":696.8,"inlet_capacity_lps":7.2,"nearest_drain":"MH-072","from_node":"J11043622942","to_node":"J6450913716"},"geometry":{"type":"LineString","coordinates":[[80.213088,12.978594],[80.213082,12.978482],[80.213082,12.97842]]}},{"type":"Feature","properties":{"id":"R0939","name":null,"highway":"residential","osm_way":318725679,"width_m":6.0,"length_m":10.0,"surface_area":60.2,"catchment_m2":361.1,"inlet_capacity_lps":7.2,"nearest_drain":"MH-091","from_node":"J11043633901","to_node":"J6498120750"},"geometry":{"type":"LineString","coordinates":[[80.217788,12.979086],[80.217881,12.97908]]}},{"type":"Feature","properties":{"id":"R0940","name":null,"highway":"residential","osm_way":692260578,"width_m":6.0,"length_m":52.5,"surface_area":315.2,"catchment_m2":1891.2,"inlet_capacity_lps":14.4,"nearest_drain":"MH-091","from_node":"J11043633904","to_node":"J11043633901"},"geometry":{"type":"LineString","coordinates":[[80.21803,12.979374],[80.21787,12.979364],[80.21784,12.979357],[80.217814,12.979338],[80.217802,12.979309],[80.217798,12.979265],[80.217788,12.979086]]}},{"type":"Feature","properties":{"id":"R0941","name":null,"highway":"residential","osm_way":1189331588,"width_m":6.0,"length_m":31.9,"surface_area":191.5,"catchment_m2":1148.9,"inlet_capacity_lps":7.2,"nearest_drain":"MH-091","from_node":"J11043633904","to_node":"J11043645705"},"geometry":{"type":"LineString","coordinates":[[80.21803,12.979374],[80.218029,12.979247],[80.218028,12.979087]]}},{"type":"Feature","properties":{"id":"R0942","name":null,"highway":"residential","osm_way":27319970,"width_m":6.0,"length_m":36.1,"surface_area":216.4,"catchment_m2":1298.4,"inlet_capacity_lps":7.2,"nearest_drain":"MH-090","from_node":"J11043635649","to_node":"J11618417255"},"geometry":{"type":"LineString","coordinates":[[80.216261,12.97957],[80.216594,12.97958]]}},{"type":"Feature","properties":{"id":"R0943","name":null,"highway":"residential","osm_way":1189330702,"width_m":6.0,"length_m":46.6,"surface_area":279.8,"catchment_m2":1678.9,"inlet_capacity_lps":14.4,"nearest_drain":"MH-090","from_node":"J11043635649","to_node":"J11043635650"},"geometry":{"type":"LineString","coordinates":[[80.216261,12.97957],[80.216263,12.979989]]}},{"type":"Feature","properties":{"id":"R0944","name":null,"highway":"residential","osm_way":318725679,"width_m":6.0,"length_m":8.2,"surface_area":49.5,"catchment_m2":296.8,"inlet_capacity_lps":7.2,"nearest_drain":"MH-091","from_node":"J11043645705","to_node":"J11043645706"},"geometry":{"type":"LineString","coordinates":[[80.218028,12.979087],[80.218104,12.979087]]}},{"type":"Feature","properties":{"id":"R0945","name":null,"highway":"residential","osm_way":318725679,"width_m":6.0,"length_m":72.8,"surface_area":436.6,"catchment_m2":2619.8,"inlet_capacity_lps":14.4,"nearest_drain":"MH-091","from_node":"J11043645706","to_node":"J11192509122"},"geometry":{"type":"LineString","coordinates":[[80.218104,12.979087],[80.218265,12.979095],[80.218271,12.97875],[80.218113,12.978745]]}},{"type":"Feature","properties":{"id":"R0946","name":null,"highway":"residential","osm_way":1189331589,"width_m":6.0,"length_m":28.1,"surface_area":168.5,"catchment_m2":1011.2,"inlet_capacity_lps":7.2,"nearest_drain":"MH-091","from_node":"J11043645706","to_node":"J11043645707"},"geometry":{"type":"LineString","coordinates":[[80.218104,12.979087],[80.218112,12.978835]]}},{"type":"Feature","properties":{"id":"R0947","name":null,"highway":"residential","osm_way":1189331589,"width_m":6.0,"length_m":25.2,"surface_area":151.2,"catchment_m2":907.0,"inlet_capacity_lps":7.2,"nearest_drain":"MH-076","from_node":"J11043645707","to_node":"J11043645708"},"geometry":{"type":"LineString","coordinates":[[80.218112,12.978835],[80.217879,12.978825]]}},{"type":"Feature","properties":{"id":"R0948","name":null,"highway":"residential","osm_way":1207947963,"width_m":6.0,"length_m":10.0,"surface_area":59.8,"catchment_m2":358.7,"inlet_capacity_lps":7.2,"nearest_drain":"MH-076","from_node":"J11043645707","to_node":"J11192509122"},"geometry":{"type":"LineString","coordinates":[[80.218112,12.978835],[80.218113,12.978745]]}},{"type":"Feature","properties":{"id":"R0949","name":null,"highway":"residential","osm_way":692260577,"width_m":6.0,"length_m":26.3,"surface_area":157.6,"catchment_m2":945.5,"inlet_capacity_lps":7.2,"nearest_drain":"MH-076","from_node":"J11043645708","to_node":"J11192509131"},"geometry":{"type":"LineString","coordinates":[[80.217879,12.978825],[80.217867,12.978589]]}},{"type":"Feature","properties":{"id":"R0950","name":null,"highway":"residential","osm_way":1189331589,"width_m":6.0,"length_m":26.7,"surface_area":160.2,"catchment_m2":961.0,"inlet_capacity_lps":7.2,"nearest_drain":"MH-076","from_node":"J11043645708","to_node":"J11043645709"},"geometry":{"type":"LineString","coordinates":[[80.217879,12.978825],[80.217634,12.97881]]}},{"type":"Feature","properties":{"id":"R0951","name":null,"highway":"residential","osm_way":318725679,"width_m":6.0,"length_m":44.7,"surface_area":267.9,"catchment_m2":1607.4,"inlet_capacity_lps":7.2,"nearest_drain":"MH-091","from_node":"J11043645709","to_node":"J11043633901"},"geometry":{"type":"LineString","coordinates":[[80.217634,12.97881],[80.217634,12.979045],[80.217637,12.979058],[80.217651,12.979071],[80.217668,12.979076],[80.217788,12.979086]]}},{"type":"Feature","properties":{"id":"R0952","name":null,"highway":"residential","osm_way":1189331589,"width_m":6.0,"length_m":24.7,"surface_area":148.4,"catchment_m2":890.3,"inlet_capacity_lps":7.2,"nearest_drain":"MH-076","from_node":"J11043645709","to_node":"J11192509130"},"geometry":{"type":"LineString","coordinates":[[80.217634,12.97881],[80.217633,12.978588]]}},{"type":"Feature","properties":{"id":"R0953","name":null,"highway":"residential","osm_way":1189333177,"width_m":6.0,"length_m":56.8,"surface_area":340.9,"catchment_m2":2045.7,"inlet_capacity_lps":14.4,"nearest_drain":"MH-078","from_node":"J11043646146","to_node":"J11043646148"},"geometry":{"type":"LineString","coordinates":[[80.219271,12.978278],[80.219676,12.978314],[80.219687,12.978429]]}},{"type":"Feature","properties":{"id":"R0954","name":null,"highway":"residential","osm_way":1189344572,"width_m":6.0,"length_m":150.7,"surface_area":903.9,"catchment_m2":5423.6,"inlet_capacity_lps":36.0,"nearest_drain":"MH-065","from_node":"J11043694100","to_node":"J11832531985"},"geometry":{"type":"LineString","coordinates":[[80.221961,12.97753],[80.221956,12.977582],[80.221926,12.97792],[80.221904,12.977934],[80.221351,12.977905],[80.221366,12.977575],[80.221371,12.977507]]}},{"type":"Feature","properties":{"id":"R0955","name":null,"highway":"residential","osm_way":1189342898,"width_m":6.0,"length_m":50.2,"surface_area":301.5,"catchment_m2":1808.8,"inlet_capacity_lps":14.4,"nearest_drain":"MH-064","from_node":"J11043742756","to_node":"J11043742768"},"geometry":{"type":"LineString","coordinates":[[80.219953,12.976786],[80.219993,12.976791],[80.22026,12.976821],[80.22027,12.97683],[80.220272,12.976968]]}},{"type":"Feature","properties":{"id":"R0956","name":null,"highway":"residential","osm_way":1189342899,"width_m":6.0,"length_m":25.7,"surface_area":154.2,"catchment_m2":925.1,"inlet_capacity_lps":7.2,"nearest_drain":"MH-064","from_node":"J11043742759","to_node":"J11043742760"},"geometry":{"type":"LineString","coordinates":[[80.220247,12.977662],[80.220484,12.977676]]}},{"type":"Feature","properties":{"id":"R0957","name":null,"highway":"residential","osm_way":1189342904,"width_m":6.0,"length_m":41.5,"surface_area":248.9,"catchment_m2":1493.7,"inlet_capacity_lps":7.2,"nearest_drain":"MH-064","from_node":"J11043742759","to_node":"J11832525035"},"geometry":{"type":"LineString","coordinates":[[80.220247,12.977662],[80.22024,12.977829],[80.220451,12.977834]]}},{"type":"Feature","properties":{"id":"R0958","name":null,"highway":"residential","osm_way":1189342900,"width_m":6.0,"length_m":26.1,"surface_area":156.4,"catchment_m2":938.2,"inlet_capacity_lps":7.2,"nearest_drain":"MH-064","from_node":"J11043742762","to_node":"J11043742761"},"geometry":{"type":"LineString","coordinates":[[80.220255,12.977494],[80.220495,12.977497]]}},{"type":"Feature","properties":{"id":"R0959","name":null,"highway":"residential","osm_way":1189342904,"width_m":6.0,"length_m":18.7,"surface_area":112.3,"catchment_m2":673.9,"inlet_capacity_lps":7.2,"nearest_drain":"MH-064","from_node":"J11043742762","to_node":"J11043742759"},"geometry":{"type":"LineString","coordinates":[[80.220255,12.977494],[80.220247,12.977662]]}},{"type":"Feature","properties":{"id":"R0960","name":null,"highway":"residential","osm_way":1189342900,"width_m":6.0,"length_m":4.5,"surface_area":26.9,"catchment_m2":161.4,"inlet_capacity_lps":7.2,"nearest_drain":"MH-064","from_node":"J11043742764","to_node":"J11043742772"},"geometry":{"type":"LineString","coordinates":[[80.22026,12.977315],[80.220259,12.977356]]}},{"type":"Feature","properties":{"id":"R0961","name":null,"highway":"residential","osm_way":1189342901,"width_m":6.0,"length_m":26.1,"surface_area":156.4,"catchment_m2":938.1,"inlet_capacity_lps":7.2,"nearest_drain":"MH-064","from_node":"J11043742764","to_node":"J11043742765"},"geometry":{"type":"LineString","coordinates":[[80.22026,12.977315],[80.2205,12.977322]]}},{"type":"Feature","properties":{"id":"R0962","name":null,"highway":"residential","osm_way":1189342901,"width_m":6.0,"length_m":19.6,"surface_area":117.3,"catchment_m2":703.8,"inlet_capacity_lps":7.2,"nearest_drain":"MH-064","from_node":"J11043742766","to_node":"J11043742764"},"geometry":{"type":"LineString","coordinates":[[80.220263,12.977139],[80.22026,12.977315]]}},{"type":"Feature","properties":{"id":"R0963","name":null,"highway":"residential","osm_way":1189342902,"width_m":6.0,"length_m":22.3,"surface_area":133.9,"catchment_m2":803.5,"inlet_capacity_lps":7.2,"nearest_drain":"MH-064","from_node":"J11043742766","to_node":"J11043742767"},"geometry":{"type":"LineString","coordinates":[[80.220263,12.977139],[80.220469,12.977145]]}},{"type":"Feature","properties":{"id":"R0964","name":null,"highway":"residential","osm_way":1189342898,"width_m":6.0,"length_m":20.7,"surface_area":124.2,"catchment_m2":745.5,"inlet_capacity_lps":7.2,"nearest_drain":"MH-064","from_node":"J11043742768","to_node":"J11043742769"},"geometry":{"type":"LineString","coordinates":[[80.220272,12.976968],[80.220463,12.976969]]}},{"type":"Feature","properties":{"id":"R0965","name":null,"highway":"residential","osm_way":1189342903,"width_m":6.0,"length_m":11.3,"surface_area":68.1,"catchment_m2":408.5,"inlet_capacity_lps":7.2,"nearest_drain":"MH-064","from_node":"J11043742768","to_node":"J11043742770"},"geometry":{"type":"LineString","coordinates":[[80.220272,12.976968],[80.220266,12.97707]]}},{"type":"Feature","properties":{"id":"R0966","name":null,"highway":"residential","osm_way":1189342902,"width_m":6.0,"length_m":7.8,"surface_area":46.7,"catchment_m2":280.1,"inlet_capacity_lps":7.2,"nearest_drain":"MH-064","from_node":"J11043742770","to_node":"J11043742766"},"geometry":{"type":"LineString","coordinates":[[80.220266,12.97707],[80.220263,12.977139]]}},{"type":"Feature","properties":{"id":"R0967","name":null,"highway":"residential","osm_way":1189342903,"width_m":6.0,"length_m":23.0,"surface_area":137.9,"catchment_m2":827.4,"inlet_capacity_lps":7.2,"nearest_drain":"MH-063","from_node":"J11043742770","to_node":"J11043742771"},"geometry":{"type":"LineString","coordinates":[[80.220266,12.97707],[80.220054,12.977071]]}},{"type":"Feature","properties":{"id":"R0968","name":null,"highway":"residential","osm_way":1189342900,"width_m":6.0,"length_m":15.4,"surface_area":92.1,"catchment_m2":552.7,"inlet_capacity_lps":7.2,"nearest_drain":"MH-064","from_node":"J11043742772","to_node":"J11043742762"},"geometry":{"type":"LineString","coordinates":[[80.220259,12.977356],[80.220255,12.977494]]}},{"type":"Feature","properties":{"id":"R0969","name":null,"highway":"residential","osm_way":1189342905,"width_m":6.0,"length_m":43.7,"surface_area":262.1,"catchment_m2":1572.4,"inlet_capacity_lps":7.2,"nearest_drain":"MH-064","from_node":"J11043742772","to_node":"J11043742776"},"geometry":{"type":"LineString","coordinates":[[80.220259,12.977356],[80.22005,12.977352],[80.220048,12.977541]]}},{"type":"Feature","properties":{"id":"R0970","name":null,"highway":"residential","osm_way":1189342899,"width_m":6.0,"length_m":21.8,"surface_area":130.9,"catchment_m2":785.2,"inlet_capacity_lps":7.2,"nearest_drain":"MH-063","from_node":"J11043742774","to_node":"J11043742759"},"geometry":{"type":"LineString","coordinates":[[80.220046,12.977651],[80.220247,12.977662]]}},{"type":"Feature","properties":{"id":"R0971","name":null,"highway":"residential","osm_way":1274354083,"width_m":6.0,"length_m":67.1,"surface_area":402.6,"catchment_m2":2415.6,"inlet_capacity_lps":14.4,"nearest_drain":"MH-063","from_node":"J11043742774","to_node":"J11768817953"},"geometry":{"type":"LineString","coordinates":[[80.220046,12.977651],[80.220045,12.977811],[80.219865,12.977809],[80.219864,12.97754]]}},{"type":"Feature","properties":{"id":"R0972","name":null,"highway":"residential","osm_way":1274354083,"width_m":6.0,"length_m":12.2,"surface_area":73.1,"catchment_m2":438.4,"inlet_capacity_lps":7.2,"nearest_drain":"MH-063","from_node":"J11043742776","to_node":"J11043742774"},"geometry":{"type":"LineString","coordinates":[[80.220048,12.977541],[80.220046,12.977651]]}},{"type":"Feature","properties":{"id":"R0973","name":null,"highway":"residential","osm_way":1189344001,"width_m":6.0,"length_m":168.2,"surface_area":1008.9,"catchment_m2":6053.6,"inlet_capacity_lps":43.2,"nearest_drain":"MH-065","from_node":"J11043752058","to_node":"J11832523907"},"geometry":{"type":"LineString","coordinates":[[80.221206,12.97753],[80.221131,12.977527],[80.22061,12.977503],[80.220589,12.977511],[80.220576,12.977535],[80.220574,12.977789],[80.220593,12.977798],[80.22063,12.977798],[80.220749,12.977772],[80.220795,12.977751],[80.220862,12.977735],[80.220931,12.977725],[80.22114,12.977739],[80.221206,12.977743]]}},{"type":"Feature","properties":{"id":"R0974","name":null,"highway":"residential","osm_way":1189347510,"width_m":6.0,"length_m":9.1,"surface_area":54.3,"catchment_m2":325.8,"inlet_capacity_lps":7.2,"nearest_drain":"MH-050","from_node":"J11043778203","to_node":"J11192805680"},"geometry":{"type":"LineString","coordinates":[[80.221928,12.976463],[80.221924,12.976489],[80.221914,12.976544]]}},{"type":"Feature","properties":{"id":"R0975","name":null,"highway":"residential","osm_way":427336348,"width_m":6.0,"length_m":50.0,"surface_area":299.8,"catchment_m2":1799.0,"inlet_capacity_lps":14.4,"nearest_drain":"MH-203","from_node":"J11050668343","to_node":"J338440035"},"geometry":{"type":"LineString","coordinates":[[80.219203,12.987032],[80.21957,12.986889],[80.219633,12.986871]]}},{"type":"Feature","properties":{"id":"R0976","name":null,"highway":"residential","osm_way":1190132080,"width_m":6.0,"length_m":59.8,"surface_area":359.1,"catchment_m2":2154.5,"inlet_capacity_lps":14.4,"nearest_drain":"MH-205","from_node":"J11050703720","to_node":"J11050703724"},"geometry":{"type":"LineString","coordinates":[[80.221904,12.987436],[80.221834,12.987221],[80.22181,12.987215],[80.221791,12.987216],[80.221527,12.987298]]}},{"type":"Feature","properties":{"id":"R0977","name":null,"highway":"residential","osm_way":1190298474,"width_m":6.0,"length_m":63.3,"surface_area":379.7,"catchment_m2":2278.4,"inlet_capacity_lps":14.4,"nearest_drain":"MH-152","from_node":"J11052090902","to_node":"J11052090903"},"geometry":{"type":"LineString","coordinates":[[80.222522,12.983824],[80.222618,12.983801],[80.223079,12.983714],[80.223093,12.983721]]}},{"type":"Feature","properties":{"id":"R0978","name":null,"highway":"residential","osm_way":30604288,"width_m":6.0,"length_m":125.9,"surface_area":755.6,"catchment_m2":4533.5,"inlet_capacity_lps":28.8,"nearest_drain":"MH-010","from_node":"J11054602259","to_node":"J11054602264"},"geometry":{"type":"LineString","coordinates":[[80.221215,12.973276],[80.222376,12.973237]]}},{"type":"Feature","properties":{"id":"R0979","name":null,"highway":"residential","osm_way":30604288,"width_m":6.0,"length_m":25.8,"surface_area":154.6,"catchment_m2":927.6,"inlet_capacity_lps":7.2,"nearest_drain":"MH-009","from_node":"J11054602260","to_node":"J11054602259"},"geometry":{"type":"LineString","coordinates":[[80.221227,12.973505],[80.221216,12.973484],[80.221215,12.973276]]}},{"type":"Feature","properties":{"id":"R0980","name":null,"highway":"residential","osm_way":1190577690,"width_m":6.0,"length_m":24.4,"surface_area":146.5,"catchment_m2":879.2,"inlet_capacity_lps":7.2,"nearest_drain":"MH-010","from_node":"J11054602261","to_node":"J11054602264"},"geometry":{"type":"LineString","coordinates":[[80.222379,12.973456],[80.222376,12.973237]]}},{"type":"Feature","properties":{"id":"R0981","name":null,"highway":"residential","osm_way":1190577691,"width_m":6.0,"length_m":125.0,"surface_area":750.1,"catchment_m2":4500.8,"inlet_capacity_lps":28.8,"nearest_drain":"MH-010","from_node":"J11054602261","to_node":"J11054602260"},"geometry":{"type":"LineString","coordinates":[[80.222379,12.973456],[80.221252,12.973508],[80.221227,12.973505]]}},{"type":"Feature","properties":{"id":"R0982","name":null,"highway":"residential","osm_way":1190577690,"width_m":6.0,"length_m":4.8,"surface_area":28.6,"catchment_m2":171.3,"inlet_capacity_lps":7.2,"nearest_drain":"MH-010","from_node":"J11054602262","to_node":"J11054602261"},"geometry":{"type":"LineString","coordinates":[[80.222382,12.973499],[80.222379,12.973456]]}},{"type":"Feature","properties":{"id":"R0983","name":null,"highway":"residential","osm_way":213364679,"width_m":6.0,"length_m":119.9,"surface_area":719.5,"catchment_m2":4316.9,"inlet_capacity_lps":28.8,"nearest_drain":"MH-010","from_node":"J11054602263","to_node":"J11054602262"},"geometry":{"type":"LineString","coordinates":[[80.222821,12.973481],[80.222835,12.973786],[80.222832,12.973804],[80.222814,12.973811],[80.222432,12.973848],[80.222411,12.973834],[80.222405,12.973812],[80.222382,12.973499]]}},{"type":"Feature","properties":{"id":"R0984","name":null,"highway":"residential","osm_way":1190577690,"width_m":6.0,"length_m":47.6,"surface_area":285.4,"catchment_m2":1712.1,"inlet_capacity_lps":14.4,"nearest_drain":"MH-010","from_node":"J11054602263","to_node":"J11054602262"},"geometry":{"type":"LineString","coordinates":[[80.222821,12.973481],[80.222382,12.973499]]}},{"type":"Feature","properties":{"id":"R0985","name":null,"highway":"residential","osm_way":30604288,"width_m":6.0,"length_m":46.8,"surface_area":280.5,"catchment_m2":1683.2,"inlet_capacity_lps":14.4,"nearest_drain":"MH-010","from_node":"J11054602264","to_node":"J338406526"},"geometry":{"type":"LineString","coordinates":[[80.222376,12.973237],[80.222807,12.973215]]}},{"type":"Feature","properties":{"id":"R0986","name":null,"highway":"residential","osm_way":427336348,"width_m":6.0,"length_m":42.1,"surface_area":252.5,"catchment_m2":1515.1,"inlet_capacity_lps":7.2,"nearest_drain":"MH-203","from_node":"J11064227031","to_node":"J11050668343"},"geometry":{"type":"LineString","coordinates":[[80.218835,12.987153],[80.219203,12.987032]]}},{"type":"Feature","properties":{"id":"R0987","name":null,"highway":"residential","osm_way":1191975196,"width_m":6.0,"length_m":32.5,"surface_area":195.1,"catchment_m2":1170.9,"inlet_capacity_lps":7.2,"nearest_drain":"MH-039","from_node":"J11066180647","to_node":"J11066180648"},"geometry":{"type":"LineString","coordinates":[[80.224001,12.976104],[80.224029,12.975813]]}},{"type":"Feature","properties":{"id":"R0988","name":null,"highway":"residential","osm_way":1207942517,"width_m":6.0,"length_m":19.2,"surface_area":115.1,"catchment_m2":690.7,"inlet_capacity_lps":7.2,"nearest_drain":"MH-027","from_node":"J11192341573","to_node":"J11192341572"},"geometry":{"type":"LineString","coordinates":[[80.211532,12.975453],[80.21151,12.975624]]}},{"type":"Feature","properties":{"id":"R0989","name":null,"highway":"residential","osm_way":1207942518,"width_m":6.0,"length_m":50.0,"surface_area":299.9,"catchment_m2":1799.5,"inlet_capacity_lps":14.4,"nearest_drain":"MH-027","from_node":"J11192341573","to_node":"J11192341574"},"geometry":{"type":"LineString","coordinates":[[80.211532,12.975453],[80.211072,12.975416]]}},{"type":"Feature","properties":{"id":"R0990","name":null,"highway":"residential","osm_way":1207943988,"width_m":6.0,"length_m":20.1,"surface_area":120.4,"catchment_m2":722.2,"inlet_capacity_lps":7.2,"nearest_drain":"MH-030","from_node":"J11192479773","to_node":"J6451339709"},"geometry":{"type":"LineString","coordinates":[[80.214334,12.97545],[80.214515,12.975414]]}},{"type":"Feature","properties":{"id":"R0991","name":null,"highway":"residential","osm_way":27320153,"width_m":6.0,"length_m":16.9,"surface_area":101.7,"catchment_m2":610.1,"inlet_capacity_lps":7.2,"nearest_drain":"MH-031","from_node":"J11192479774","to_node":"J299883901"},"geometry":{"type":"LineString","coordinates":[[80.215158,12.975223],[80.215176,12.975375]]}},{"type":"Feature","properties":{"id":"R0992","name":null,"highway":"residential","osm_way":1207943989,"width_m":6.0,"length_m":33.4,"surface_area":200.3,"catchment_m2":1201.9,"inlet_capacity_lps":7.2,"nearest_drain":"MH-030","from_node":"J11192479774","to_node":"J11192479775"},"geometry":{"type":"LineString","coordinates":[[80.215158,12.975223],[80.21485,12.975227]]}},{"type":"Feature","properties":{"id":"R0993","name":null,"highway":"residential","osm_way":1207947963,"width_m":6.0,"length_m":16.9,"surface_area":101.4,"catchment_m2":608.1,"inlet_capacity_lps":7.2,"nearest_drain":"MH-077","from_node":"J11192509122","to_node":"J2230781405"},"geometry":{"type":"LineString","coordinates":[[80.218113,12.978745],[80.218115,12.978593]]}},{"type":"Feature","properties":{"id":"R0994","name":null,"highway":"residential","osm_way":1189331589,"width_m":6.0,"length_m":27.2,"surface_area":163.2,"catchment_m2":979.2,"inlet_capacity_lps":7.2,"nearest_drain":"MH-076","from_node":"J11192509130","to_node":"J11192509134"},"geometry":{"type":"LineString","coordinates":[[80.217633,12.978588],[80.217632,12.978343]]}},{"type":"Feature","properties":{"id":"R0995","name":null,"highway":"residential","osm_way":1207947964,"width_m":6.0,"length_m":25.3,"surface_area":152.1,"catchment_m2":912.4,"inlet_capacity_lps":7.2,"nearest_drain":"MH-076","from_node":"J11192509130","to_node":"J11192509131"},"geometry":{"type":"LineString","coordinates":[[80.217633,12.978588],[80.217867,12.978589]]}},{"type":"Feature","properties":{"id":"R0996","name":null,"highway":"residential","osm_way":692260577,"width_m":6.0,"length_m":26.7,"surface_area":160.2,"catchment_m2":961.5,"inlet_capacity_lps":7.2,"nearest_drain":"MH-076","from_node":"J11192509131","to_node":"J11192509133"},"geometry":{"type":"LineString","coordinates":[[80.217867,12.978589],[80.217874,12.978349]]}},{"type":"Feature","properties":{"id":"R0997","name":null,"highway":"residential","osm_way":1207947964,"width_m":6.0,"length_m":26.9,"surface_area":161.3,"catchment_m2":967.5,"inlet_capacity_lps":7.2,"nearest_drain":"MH-077","from_node":"J11192509131","to_node":"J2230781405"},"geometry":{"type":"LineString","coordinates":[[80.217867,12.978589],[80.218115,12.978593]]}},{"type":"Feature","properties":{"id":"R0998","name":null,"highway":"residential","osm_way":213364209,"width_m":6.0,"length_m":26.1,"surface_area":156.3,"catchment_m2":937.9,"inlet_capacity_lps":7.2,"nearest_drain":"MH-077","from_node":"J11192509132","to_node":"J2230781405"},"geometry":{"type":"LineString","coordinates":[[80.218129,12.978359],[80.218115,12.978593]]}},{"type":"Feature","properties":{"id":"R0999","name":null,"highway":"residential","osm_way":1207947965,"width_m":6.0,"length_m":8.7,"surface_area":52.2,"catchment_m2":313.1,"inlet_capacity_lps":7.2,"nearest_drain":"MH-077","from_node":"J11192509132","to_node":"J12040950867"},"geometry":{"type":"LineString","coordinates":[[80.218129,12.978359],[80.218049,12.978356]]}},{"type":"Feature","properties":{"id":"R1000","name":null,"highway":"residential","osm_way":692260577,"width_m":6.0,"length_m":25.6,"surface_area":153.8,"catchment_m2":922.7,"inlet_capacity_lps":7.2,"nearest_drain":"MH-076","from_node":"J11192509133","to_node":"J6498120749"},"geometry":{"type":"LineString","coordinates":[[80.217874,12.978349],[80.217881,12.978119]]}},{"type":"Feature","properties":{"id":"R1001","name":null,"highway":"residential","osm_way":1207947965,"width_m":6.0,"length_m":26.2,"surface_area":157.4,"catchment_m2":944.6,"inlet_capacity_lps":7.2,"nearest_drain":"MH-076","from_node":"J11192509133","to_node":"J11192509134"},"geometry":{"type":"LineString","coordinates":[[80.217874,12.978349],[80.217632,12.978343]]}},{"type":"Feature","properties":{"id":"R1002","name":null,"highway":"residential","osm_way":1189331589,"width_m":6.0,"length_m":51.8,"surface_area":310.7,"catchment_m2":1863.9,"inlet_capacity_lps":14.4,"nearest_drain":"MH-076","from_node":"J11192509134","to_node":"J6498120749"},"geometry":{"type":"LineString","coordinates":[[80.217632,12.978343],[80.217636,12.978126],[80.217644,12.978112],[80.217661,12.978108],[80.217881,12.978119]]}},{"type":"Feature","properties":{"id":"R1003","name":null,"highway":"residential","osm_way":1207951262,"width_m":6.0,"length_m":12.7,"surface_area":76.5,"catchment_m2":458.9,"inlet_capacity_lps":7.2,"nearest_drain":"MH-094","from_node":"J11192562684","to_node":"J11192562672"},"geometry":{"type":"LineString","coordinates":[[80.221022,12.979021],[80.221111,12.97903],[80.221139,12.979032]]}},{"type":"Feature","properties":{"id":"R1004","name":null,"highway":"residential","osm_way":1207951263,"width_m":6.0,"length_m":47.0,"surface_area":282.3,"catchment_m2":1693.6,"inlet_capacity_lps":14.4,"nearest_drain":"MH-079","from_node":"J11192562684","to_node":"J11192562685"},"geometry":{"type":"LineString","coordinates":[[80.221022,12.979021],[80.221045,12.978599]]}},{"type":"Feature","properties":{"id":"R1005","name":null,"highway":"residential","osm_way":1207951262,"width_m":6.0,"length_m":300.6,"surface_area":1803.5,"catchment_m2":10820.8,"inlet_capacity_lps":72.0,"nearest_drain":"MH-079","from_node":"J11192562685","to_node":"J11192562684"},"geometry":{"type":"LineString","coordinates":[[80.221045,12.978599],[80.219837,12.97857],[80.219809,12.978575],[80.219795,12.978588],[80.219787,12.978756],[80.219802,12.978788],[80.219827,12.978802],[80.22046,12.978865],[80.220475,12.978886],[80.220476,12.978935],[80.220503,12.978972],[80.221022,12.979021]]}},{"type":"Feature","properties":{"id":"R1006","name":null,"highway":"residential","osm_way":1083973667,"width_m":6.0,"length_m":151.3,"surface_area":908.1,"catchment_m2":5448.4,"inlet_capacity_lps":36.0,"nearest_drain":"MH-079","from_node":"J11192576637","to_node":"J11192576638"},"geometry":{"type":"LineString","coordinates":[[80.221085,12.97779],[80.22087,12.977783],[80.220635,12.977821],[80.220561,12.977874],[80.220556,12.977882],[80.220553,12.977891],[80.220546,12.978181],[80.220552,12.97819],[80.220562,12.978193],[80.221075,12.978209]]}},{"type":"Feature","properties":{"id":"R1007","name":null,"highway":"residential","osm_way":1207950111,"width_m":6.0,"length_m":46.6,"surface_area":279.5,"catchment_m2":1676.9,"inlet_capacity_lps":14.4,"nearest_drain":"MH-079","from_node":"J11192576637","to_node":"J11192576638"},"geometry":{"type":"LineString","coordinates":[[80.221085,12.97779],[80.221075,12.978209]]}},{"type":"Feature","properties":{"id":"R1008","name":null,"highway":"residential","osm_way":1083973667,"width_m":6.0,"length_m":11.8,"surface_area":70.5,"catchment_m2":423.1,"inlet_capacity_lps":7.2,"nearest_drain":"MH-079","from_node":"J11192576638","to_node":"J6307256855"},"geometry":{"type":"LineString","coordinates":[[80.221075,12.978209],[80.221124,12.978214],[80.221183,12.978216]]}},{"type":"Feature","properties":{"id":"R1009","name":null,"highway":"residential","osm_way":1189347510,"width_m":6.0,"length_m":92.1,"surface_area":552.3,"catchment_m2":3313.9,"inlet_capacity_lps":21.6,"nearest_drain":"MH-050","from_node":"J11192805680","to_node":"J11192805684"},"geometry":{"type":"LineString","coordinates":[[80.221914,12.976544],[80.221885,12.976765],[80.221874,12.976788],[80.221856,12.976802],[80.221285,12.976791]]}},{"type":"Feature","properties":{"id":"R1010","name":null,"highway":"residential","osm_way":1207980366,"width_m":6.0,"length_m":126.5,"surface_area":759.0,"catchment_m2":4553.9,"inlet_capacity_lps":28.8,"nearest_drain":"MH-050","from_node":"J11192805680","to_node":"J11192805684"},"geometry":{"type":"LineString","coordinates":[[80.221914,12.976544],[80.22188,12.976518],[80.221702,12.976398],[80.221637,12.976364],[80.221511,12.97632],[80.221288,12.976331],[80.22128,12.976336],[80.221285,12.976791]]}},{"type":"Feature","properties":{"id":"R1011","name":null,"highway":"residential","osm_way":1189347510,"width_m":6.0,"length_m":7.3,"surface_area":44.1,"catchment_m2":264.6,"inlet_capacity_lps":7.2,"nearest_drain":"MH-050","from_node":"J11192805684","to_node":"J11043778199"},"geometry":{"type":"LineString","coordinates":[[80.221285,12.976791],[80.221264,12.97679],[80.221217,12.97679]]}},{"type":"Feature","properties":{"id":"R1012","name":null,"highway":"residential","osm_way":1299914363,"width_m":6.0,"length_m":10.4,"surface_area":62.3,"catchment_m2":373.7,"inlet_capacity_lps":7.2,"nearest_drain":"MH-060","from_node":"J11192870602","to_node":"J300464075"},"geometry":{"type":"LineString","coordinates":[[80.21618,12.977824],[80.216167,12.977853],[80.216135,12.977878],[80.216127,12.977899]]}},{"type":"Feature","properties":{"id":"R1013","name":null,"highway":"residential","osm_way":27319970,"width_m":6.0,"length_m":27.8,"surface_area":166.8,"catchment_m2":1000.5,"inlet_capacity_lps":7.2,"nearest_drain":"MH-088","from_node":"J11301565297","to_node":"J6498321180"},"geometry":{"type":"LineString","coordinates":[[80.214627,12.979509],[80.214883,12.979518]]}},{"type":"Feature","properties":{"id":"R1014","name":null,"highway":"residential","osm_way":1219963671,"width_m":6.0,"length_m":88.6,"surface_area":531.5,"catchment_m2":3189.2,"inlet_capacity_lps":21.6,"nearest_drain":"MH-144","from_node":"J11304038196","to_node":"J299879547"},"geometry":{"type":"LineString","coordinates":[[80.214429,12.982947],[80.213669,12.982909],[80.213636,12.98291],[80.213616,12.982922]]}},{"type":"Feature","properties":{"id":"R1015","name":null,"highway":"residential","osm_way":836412660,"width_m":6.0,"length_m":12.8,"surface_area":76.8,"catchment_m2":460.6,"inlet_capacity_lps":7.2,"nearest_drain":"MH-111","from_node":"J11306915473","to_node":"J7806740576"},"geometry":{"type":"LineString","coordinates":[[80.210882,12.981702],[80.211,12.98171]]}},{"type":"Feature","properties":{"id":"R1016","name":null,"highway":"residential","osm_way":27343706,"width_m":6.0,"length_m":57.1,"surface_area":342.9,"catchment_m2":2057.4,"inlet_capacity_lps":14.4,"nearest_drain":"MH-186","from_node":"J11419390672","to_node":"J300165125"},"geometry":{"type":"LineString","coordinates":[[80.213507,12.986478],[80.213277,12.986485],[80.21298,12.986504]]}},{"type":"Feature","properties":{"id":"R1017","name":null,"highway":"residential","osm_way":836412680,"width_m":6.0,"length_m":41.2,"surface_area":247.0,"catchment_m2":1482.0,"inlet_capacity_lps":7.2,"nearest_drain":"MH-002","from_node":"J11430490205","to_node":"J2230781355"},"geometry":{"type":"LineString","coordinates":[[80.212935,12.973331],[80.212945,12.973366],[80.212964,12.973388],[80.21299,12.973393],[80.213277,12.973381]]}},{"type":"Feature","properties":{"id":"R1018","name":null,"highway":"residential","osm_way":1232382081,"width_m":6.0,"length_m":71.9,"surface_area":431.4,"catchment_m2":2588.7,"inlet_capacity_lps":14.4,"nearest_drain":"MH-167","from_node":"J11431661613","to_node":"J11052090903"},"geometry":{"type":"LineString","coordinates":[[80.222628,12.983993],[80.222692,12.983981],[80.223088,12.983896],[80.223107,12.983881],[80.223115,12.98386],[80.223101,12.983739],[80.223093,12.983721]]}},{"type":"Feature","properties":{"id":"R1019","name":null,"highway":"residential","osm_way":687566848,"width_m":6.0,"length_m":98.2,"surface_area":589.1,"catchment_m2":3534.8,"inlet_capacity_lps":21.6,"nearest_drain":"MH-167","from_node":"J11431663191","to_node":"J11431663198"},"geometry":{"type":"LineString","coordinates":[[80.222813,12.984024],[80.223705,12.983867]]}},{"type":"Feature","properties":{"id":"R1020","name":null,"highway":"residential","osm_way":1232381569,"width_m":6.0,"length_m":161.9,"surface_area":971.3,"catchment_m2":5827.7,"inlet_capacity_lps":36.0,"nearest_drain":"MH-167","from_node":"J11431663191","to_node":"J11431663198"},"geometry":{"type":"LineString","coordinates":[[80.222813,12.984024],[80.222888,12.984309],[80.222896,12.984319],[80.222916,12.984324],[80.223733,12.98418],[80.22374,12.984175],[80.223744,12.984166],[80.223705,12.983867]]}},{"type":"Feature","properties":{"id":"R1021","name":null,"highway":"residential","osm_way":687566848,"width_m":6.0,"length_m":4.8,"surface_area":28.9,"catchment_m2":173.7,"inlet_capacity_lps":7.2,"nearest_drain":"MH-153","from_node":"J11431663198","to_node":"J6445350089"},"geometry":{"type":"LineString","coordinates":[[80.223705,12.983867],[80.223715,12.983865],[80.223748,12.98386]]}},{"type":"Feature","properties":{"id":"R1022","name":null,"highway":"residential","osm_way":1242776547,"width_m":6.0,"length_m":16.1,"surface_area":96.8,"catchment_m2":581.0,"inlet_capacity_lps":7.2,"nearest_drain":"MH-133","from_node":"J11549375624","to_node":"J11549375625"},"geometry":{"type":"LineString","coordinates":[[80.218614,12.982429],[80.218465,12.982432]]}},{"type":"Feature","properties":{"id":"R1023","name":null,"highway":"residential","osm_way":27319973,"width_m":6.0,"length_m":41.5,"surface_area":248.9,"catchment_m2":1493.2,"inlet_capacity_lps":7.2,"nearest_drain":"MH-102","from_node":"J11591490821","to_node":"J300464024"},"geometry":{"type":"LineString","coordinates":[[80.215608,12.980257],[80.215231,12.980191]]}},{"type":"Feature","properties":{"id":"R1024","name":null,"highway":"residential","osm_way":1246845422,"width_m":6.0,"length_m":53.0,"surface_area":318.1,"catchment_m2":1908.7,"inlet_capacity_lps":14.4,"nearest_drain":"MH-102","from_node":"J11591490821","to_node":"J11591490822"},"geometry":{"type":"LineString","coordinates":[[80.215608,12.980257],[80.215581,12.980733]]}},{"type":"Feature","properties":{"id":"R1025","name":null,"highway":"residential","osm_way":27319970,"width_m":6.0,"length_m":31.2,"surface_area":187.5,"catchment_m2":1124.8,"inlet_capacity_lps":7.2,"nearest_drain":"MH-089","from_node":"J11591529924","to_node":"J11591529926"},"geometry":{"type":"LineString","coordinates":[[80.215628,12.979547],[80.215916,12.979559]]}},{"type":"Feature","properties":{"id":"R1026","name":null,"highway":"residential","osm_way":1246844996,"width_m":6.0,"length_m":51.5,"surface_area":309.1,"catchment_m2":1854.4,"inlet_capacity_lps":14.4,"nearest_drain":"MH-089","from_node":"J11591529924","to_node":"J11591529925"},"geometry":{"type":"LineString","coordinates":[[80.215628,12.979547],[80.215603,12.980009]]}},{"type":"Feature","properties":{"id":"R1027","name":null,"highway":"residential","osm_way":27319970,"width_m":6.0,"length_m":23.3,"surface_area":139.9,"catchment_m2":839.4,"inlet_capacity_lps":7.2,"nearest_drain":"MH-090","from_node":"J11591529926","to_node":"J299883685"},"geometry":{"type":"LineString","coordinates":[[80.215916,12.979559],[80.216131,12.979565]]}},{"type":"Feature","properties":{"id":"R1028","name":null,"highway":"residential","osm_way":1246844997,"width_m":6.0,"length_m":40.2,"surface_area":241.0,"catchment_m2":1446.1,"inlet_capacity_lps":7.2,"nearest_drain":"MH-089","from_node":"J11591529926","to_node":"J11591529927"},"geometry":{"type":"LineString","coordinates":[[80.215916,12.979559],[80.21591,12.97992]]}},{"type":"Feature","properties":{"id":"R1029","name":null,"highway":"residential","osm_way":27319907,"width_m":6.0,"length_m":33.9,"surface_area":203.6,"catchment_m2":1221.8,"inlet_capacity_lps":7.2,"nearest_drain":"MH-127","from_node":"J11612617051","to_node":"J7806740579"},"geometry":{"type":"LineString","coordinates":[[80.212877,12.982411],[80.212565,12.982381]]}},{"type":"Feature","properties":{"id":"R1030","name":null,"highway":"residential","osm_way":1249398487,"width_m":6.0,"length_m":36.0,"surface_area":215.8,"catchment_m2":1294.6,"inlet_capacity_lps":7.2,"nearest_drain":"MH-127","from_node":"J11612617051","to_node":"J11612617052"},"geometry":{"type":"LineString","coordinates":[[80.212877,12.982411],[80.212915,12.98209]]}},{"type":"Feature","properties":{"id":"R1031","name":null,"highway":"residential","osm_way":27354129,"width_m":6.0,"length_m":46.4,"surface_area":278.6,"catchment_m2":1671.5,"inlet_capacity_lps":14.4,"nearest_drain":"MH-125","from_node":"J11612670134","to_node":"J300304364"},"geometry":{"type":"LineString","coordinates":[[80.210743,12.982785],[80.210314,12.982772]]}},{"type":"Feature","properties":{"id":"R1032","name":null,"highway":"residential","osm_way":1249397900,"width_m":6.0,"length_m":39.8,"surface_area":238.6,"catchment_m2":1431.7,"inlet_capacity_lps":7.2,"nearest_drain":"MH-125","from_node":"J11612670134","to_node":"J11612670135"},"geometry":{"type":"LineString","coordinates":[[80.210743,12.982785],[80.210757,12.982428]]}},{"type":"Feature","properties":{"id":"R1033","name":null,"highway":"residential","osm_way":1249399187,"width_m":6.0,"length_m":39.5,"surface_area":237.2,"catchment_m2":1423.3,"inlet_capacity_lps":7.2,"nearest_drain":"MH-099","from_node":"J11612763919","to_node":"J11612763920"},"geometry":{"type":"LineString","coordinates":[[80.212075,12.980048],[80.212046,12.980403]]}},{"type":"Feature","properties":{"id":"R1034","name":null,"highway":"residential","osm_way":1249399188,"width_m":6.0,"length_m":40.4,"surface_area":242.3,"catchment_m2":1454.0,"inlet_capacity_lps":7.2,"nearest_drain":"MH-098","from_node":"J11612763921","to_node":"J11612763922"},"geometry":{"type":"LineString","coordinates":[[80.211761,12.980004],[80.211738,12.980366]]}},{"type":"Feature","properties":{"id":"R1035","name":null,"highway":"residential","osm_way":1249881995,"width_m":6.0,"length_m":47.7,"surface_area":286.4,"catchment_m2":1718.6,"inlet_capacity_lps":14.4,"nearest_drain":"MH-173","from_node":"J11618372055","to_node":"J11618372056"},"geometry":{"type":"LineString","coordinates":[[80.213842,12.985639],[80.213845,12.986069]]}},{"type":"Feature","properties":{"id":"R1036","name":null,"highway":"residential","osm_way":27319970,"width_m":6.0,"length_m":30.1,"surface_area":180.4,"catchment_m2":1082.5,"inlet_capacity_lps":7.2,"nearest_drain":"MH-090","from_node":"J11618417255","to_node":"J299883712"},"geometry":{"type":"LineString","coordinates":[[80.216594,12.97958],[80.216871,12.979588]]}},{"type":"Feature","properties":{"id":"R1037","name":null,"highway":"residential","osm_way":1249886890,"width_m":6.0,"length_m":37.5,"surface_area":224.8,"catchment_m2":1348.6,"inlet_capacity_lps":7.2,"nearest_drain":"MH-090","from_node":"J11618417255","to_node":"J11618417256"},"geometry":{"type":"LineString","coordinates":[[80.216594,12.97958],[80.216602,12.979917]]}},{"type":"Feature","properties":{"id":"R1038","name":null,"highway":"residential","osm_way":27319906,"width_m":6.0,"length_m":15.7,"surface_area":93.9,"catchment_m2":563.7,"inlet_capacity_lps":7.2,"nearest_drain":"MH-114","from_node":"J11618453820","to_node":"J300463595"},"geometry":{"type":"LineString","coordinates":[[80.21387,12.981301],[80.213859,12.98116]]}},{"type":"Feature","properties":{"id":"R1039","name":null,"highway":"residential","osm_way":1249880942,"width_m":6.0,"length_m":60.2,"surface_area":361.2,"catchment_m2":2167.1,"inlet_capacity_lps":14.4,"nearest_drain":"MH-114","from_node":"J11618453820","to_node":"J11618453821"},"geometry":{"type":"LineString","coordinates":[[80.21387,12.981301],[80.214425,12.981333]]}},{"type":"Feature","properties":{"id":"R1040","name":null,"highway":"residential","osm_way":27370215,"width_m":6.0,"length_m":48.2,"surface_area":289.1,"catchment_m2":1734.8,"inlet_capacity_lps":14.4,"nearest_drain":"MH-030","from_node":"J11626077024","to_node":"J300464334"},"geometry":{"type":"LineString","coordinates":[[80.214732,12.975733],[80.215173,12.975682]]}},{"type":"Feature","properties":{"id":"R1041","name":null,"highway":"residential","osm_way":1250697014,"width_m":6.0,"length_m":134.1,"surface_area":804.4,"catchment_m2":4826.2,"inlet_capacity_lps":28.8,"nearest_drain":"MH-045","from_node":"J11626077024","to_node":"J11626077035"},"geometry":{"type":"LineString","coordinates":[[80.214732,12.975733],[80.214789,12.976223],[80.214789,12.976238],[80.214783,12.976248],[80.214771,12.976256],[80.214581,12.976287],[80.214568,12.976287],[80.214558,12.976282],[80.214554,12.976272],[80.214518,12.97618],[80.214508,12.97617],[80.214493,12.976166],[80.214477,12.976167],[80.214164,12.976197]]}},{"type":"Feature","properties":{"id":"R1042","name":null,"highway":"residential","osm_way":27344666,"width_m":6.0,"length_m":24.0,"surface_area":144.1,"catchment_m2":864.7,"inlet_capacity_lps":7.2,"nearest_drain":"MH-045","from_node":"J11626077035","to_node":"J2167027630"},"geometry":{"type":"LineString","coordinates":[[80.214164,12.976197],[80.214135,12.976411]]}},{"type":"Feature","properties":{"id":"R1043","name":null,"highway":"residential","osm_way":1274354083,"width_m":6.0,"length_m":19.9,"surface_area":119.6,"catchment_m2":717.4,"inlet_capacity_lps":7.2,"nearest_drain":"MH-063","from_node":"J11768817953","to_node":"J11043742776"},"geometry":{"type":"LineString","coordinates":[[80.219864,12.97754],[80.220048,12.977541]]}},{"type":"Feature","properties":{"id":"R1044","name":null,"highway":"residential","osm_way":836412658,"width_m":6.0,"length_m":40.1,"surface_area":240.8,"catchment_m2":1444.8,"inlet_capacity_lps":7.2,"nearest_drain":"MH-072","from_node":"J11768865801","to_node":"J11043622942"},"geometry":{"type":"LineString","coordinates":[[80.21307,12.978954],[80.213076,12.978821],[80.213088,12.978594]]}},{"type":"Feature","properties":{"id":"R1045","name":null,"highway":"residential","osm_way":1299281283,"width_m":6.0,"length_m":25.1,"surface_area":150.7,"catchment_m2":904.2,"inlet_capacity_lps":7.2,"nearest_drain":"MH-087","from_node":"J11768865801","to_node":"J12035880291"},"geometry":{"type":"LineString","coordinates":[[80.21307,12.978954],[80.213064,12.97918]]}},{"type":"Feature","properties":{"id":"R1046","name":null,"highway":"residential","osm_way":1267273629,"width_m":6.0,"length_m":22.1,"surface_area":132.5,"catchment_m2":794.9,"inlet_capacity_lps":7.2,"nearest_drain":"MH-192","from_node":"J11770224836","to_node":"J11770224835"},"geometry":{"type":"LineString","coordinates":[[80.219145,12.986192],[80.219195,12.986385]]}},{"type":"Feature","properties":{"id":"R1047","name":null,"highway":"residential","osm_way":1267273630,"width_m":6.0,"length_m":20.7,"surface_area":124.4,"catchment_m2":746.4,"inlet_capacity_lps":7.2,"nearest_drain":"MH-191","from_node":"J11770224838","to_node":"J11770224837"},"geometry":{"type":"LineString","coordinates":[[80.218975,12.986232],[80.219028,12.986411]]}},{"type":"Feature","properties":{"id":"R1048","name":null,"highway":"residential","osm_way":1267273631,"width_m":6.0,"length_m":14.1,"surface_area":84.8,"catchment_m2":508.7,"inlet_capacity_lps":7.2,"nearest_drain":"MH-194","from_node":"J11770224840","to_node":"J11770224839"},"geometry":{"type":"LineString","coordinates":[[80.221814,12.986323],[80.221689,12.98636]]}},{"type":"Feature","properties":{"id":"R1049","name":null,"highway":"residential","osm_way":1267273633,"width_m":6.0,"length_m":17.5,"surface_area":104.9,"catchment_m2":629.5,"inlet_capacity_lps":7.2,"nearest_drain":"MH-194","from_node":"J11770224840","to_node":"J11770224842"},"geometry":{"type":"LineString","coordinates":[[80.221814,12.986323],[80.221771,12.986172]]}},{"type":"Feature","properties":{"id":"R1050","name":null,"highway":"residential","osm_way":1267273633,"width_m":6.0,"length_m":22.0,"surface_area":132.0,"catchment_m2":792.0,"inlet_capacity_lps":7.2,"nearest_drain":"MH-194","from_node":"J11770224843","to_node":"J11770224840"},"geometry":{"type":"LineString","coordinates":[[80.221868,12.986514],[80.221814,12.986323]]}},{"type":"Feature","properties":{"id":"R1051","name":null,"highway":"residential","osm_way":1267279327,"width_m":6.0,"length_m":22.3,"surface_area":133.9,"catchment_m2":803.2,"inlet_capacity_lps":7.2,"nearest_drain":"MH-161","from_node":"J11770291502","to_node":"J11770291505"},"geometry":{"type":"LineString","coordinates":[[80.216712,12.98499],[80.216698,12.984941],[80.216696,12.984853],[80.216702,12.984792]]}},{"type":"Feature","properties":{"id":"R1052","name":null,"highway":"residential","osm_way":1267279327,"width_m":6.0,"length_m":44.2,"surface_area":265.4,"catchment_m2":1592.7,"inlet_capacity_lps":7.2,"nearest_drain":"MH-161","from_node":"J11770291505","to_node":"J6444993156"},"geometry":{"type":"LineString","coordinates":[[80.216702,12.984792],[80.216706,12.984777],[80.216707,12.984762],[80.21672,12.984395]]}},{"type":"Feature","properties":{"id":"R1053","name":null,"highway":"residential","osm_way":27370092,"width_m":6.0,"length_m":101.6,"surface_area":609.6,"catchment_m2":3657.4,"inlet_capacity_lps":21.6,"nearest_drain":"MH-158","from_node":"J11770291561","to_node":"J300463611"},"geometry":{"type":"LineString","coordinates":[[80.213796,12.983987],[80.214325,12.984034],[80.214372,12.984022],[80.21441,12.983978],[80.21442,12.983687]]}},{"type":"Feature","properties":{"id":"R1054","name":null,"highway":"residential","osm_way":1269419302,"width_m":6.0,"length_m":23.5,"surface_area":140.9,"catchment_m2":845.4,"inlet_capacity_lps":7.2,"nearest_drain":"MH-177","from_node":"J11789974947","to_node":"J11789974948"},"geometry":{"type":"LineString","coordinates":[[80.217587,12.98528],[80.217578,12.985069]]}},{"type":"Feature","properties":{"id":"R1055","name":null,"highway":"residential","osm_way":1270309682,"width_m":6.0,"length_m":79.8,"surface_area":478.5,"catchment_m2":2871.2,"inlet_capacity_lps":21.6,"nearest_drain":"MH-141","from_node":"J11794935375","to_node":"J11794957073"},"geometry":{"type":"LineString","coordinates":[[80.211263,12.983794],[80.211277,12.983787],[80.211318,12.98378],[80.211334,12.983773],[80.211341,12.983763],[80.211347,12.98374],[80.211353,12.983693],[80.211417,12.983135]]}},{"type":"Feature","properties":{"id":"R1056","name":null,"highway":"residential","osm_way":1270310866,"width_m":6.0,"length_m":72.6,"surface_area":435.8,"catchment_m2":2614.6,"inlet_capacity_lps":14.4,"nearest_drain":"MH-141","from_node":"J11794935375","to_node":"J11794924262"},"geometry":{"type":"LineString","coordinates":[[80.211263,12.983794],[80.21113,12.983746],[80.211116,12.983738],[80.211113,12.983726],[80.211112,12.983702],[80.211158,12.983242]]}},{"type":"Feature","properties":{"id":"R1057","name":null,"highway":"residential","osm_way":1270311673,"width_m":6.0,"length_m":40.9,"surface_area":245.3,"catchment_m2":1471.5,"inlet_capacity_lps":7.2,"nearest_drain":"MH-099","from_node":"J11794953391","to_node":"J11794953392"},"geometry":{"type":"LineString","coordinates":[[80.212385,12.980461],[80.212394,12.980094]]}},{"type":"Feature","properties":{"id":"R1058","name":null,"highway":"residential","osm_way":1270311392,"width_m":6.0,"length_m":39.8,"surface_area":239.1,"catchment_m2":1434.4,"inlet_capacity_lps":7.2,"nearest_drain":"MH-141","from_node":"J11794957072","to_node":"J11794957073"},"geometry":{"type":"LineString","coordinates":[[80.211049,12.98312],[80.211417,12.983135]]}},{"type":"Feature","properties":{"id":"R1059","name":null,"highway":"residential","osm_way":1270309682,"width_m":6.0,"length_m":9.5,"surface_area":57.2,"catchment_m2":343.0,"inlet_capacity_lps":7.2,"nearest_drain":"MH-141","from_node":"J11794957073","to_node":"J11794935382"},"geometry":{"type":"LineString","coordinates":[[80.211417,12.983135],[80.211434,12.983051]]}},{"type":"Feature","properties":{"id":"R1060","name":null,"highway":"residential","osm_way":1270312687,"width_m":6.0,"length_m":87.4,"surface_area":524.7,"catchment_m2":3147.9,"inlet_capacity_lps":21.6,"nearest_drain":"MH-186","from_node":"J11794964049","to_node":"J11770291534"},"geometry":{"type":"LineString","coordinates":[[80.213825,12.986429],[80.213814,12.986206],[80.213809,12.986182],[80.213795,12.986168],[80.213747,12.986165],[80.213724,12.986158],[80.213708,12.986138],[80.213701,12.986108],[80.213644,12.98572]]}},{"type":"Feature","properties":{"id":"R1061","name":null,"highway":"residential","osm_way":1270312820,"width_m":6.0,"length_m":53.6,"surface_area":321.3,"catchment_m2":1927.9,"inlet_capacity_lps":14.4,"nearest_drain":"MH-160","from_node":"J11794989078","to_node":"J11794989079"},"geometry":{"type":"LineString","coordinates":[[80.215192,12.98371],[80.215163,12.984191]]}},{"type":"Feature","properties":{"id":"R1062","name":null,"highway":"residential","osm_way":1270321407,"width_m":6.0,"length_m":78.0,"surface_area":467.7,"catchment_m2":2806.3,"inlet_capacity_lps":21.6,"nearest_drain":"MH-163","from_node":"J11795010041","to_node":"J11795010052"},"geometry":{"type":"LineString","coordinates":[[80.218905,12.984344],[80.218907,12.984323],[80.21893,12.984061],[80.218927,12.98405],[80.218923,12.984042],[80.218915,12.984035],[80.218899,12.984033],[80.218829,12.984035],[80.218821,12.984039],[80.218817,12.984051],[80.218815,12.984106],[80.218807,12.984219],[80.218801,12.984311],[80.2188,12.984331]]}},{"type":"Feature","properties":{"id":"R1063","name":null,"highway":"residential","osm_way":1270321046,"width_m":6.0,"length_m":84.9,"surface_area":509.3,"catchment_m2":3055.9,"inlet_capacity_lps":21.6,"nearest_drain":"MH-163","from_node":"J11795039864","to_node":"J11795050571"},"geometry":{"type":"LineString","coordinates":[[80.219046,12.98436],[80.219048,12.984341],[80.21907,12.984056],[80.219069,12.984033],[80.219059,12.984013],[80.218993,12.98401],[80.218971,12.984029],[80.218964,12.984058],[80.21894,12.984324],[80.218937,12.984348]]}},{"type":"Feature","properties":{"id":"R1064","name":null,"highway":"residential","osm_way":318725685,"width_m":6.0,"length_m":39.2,"surface_area":235.3,"catchment_m2":1411.7,"inlet_capacity_lps":7.2,"nearest_drain":"MH-103","from_node":"J11806341579","to_node":"J300464018"},"geometry":{"type":"LineString","coordinates":[[80.216898,12.979965],[80.216936,12.979977],[80.217258,12.979981]]}},{"type":"Feature","properties":{"id":"R1065","name":null,"highway":"residential","osm_way":1271355280,"width_m":6.0,"length_m":18.0,"surface_area":108.1,"catchment_m2":648.4,"inlet_capacity_lps":7.2,"nearest_drain":"MH-103","from_node":"J11806341580","to_node":"J11806341579"},"geometry":{"type":"LineString","coordinates":[[80.216778,12.980078],[80.216898,12.979965]]}},{"type":"Feature","properties":{"id":"R1066","name":null,"highway":"residential","osm_way":1207951261,"width_m":6.0,"length_m":35.7,"surface_area":214.2,"catchment_m2":1285.0,"inlet_capacity_lps":7.2,"nearest_drain":"MH-107","from_node":"J11830282125","to_node":"J11830282126"},"geometry":{"type":"LineString","coordinates":[[80.220235,12.979729],[80.220235,12.98005]]}},{"type":"Feature","properties":{"id":"R1067","name":null,"highway":"residential","osm_way":1207951261,"width_m":6.0,"length_m":9.1,"surface_area":54.4,"catchment_m2":326.2,"inlet_capacity_lps":7.2,"nearest_drain":"MH-107","from_node":"J11830282126","to_node":"J2230781422"},"geometry":{"type":"LineString","coordinates":[[80.220235,12.98005],[80.220236,12.980132]]}},{"type":"Feature","properties":{"id":"R1068","name":null,"highway":"residential","osm_way":1274061501,"width_m":6.0,"length_m":32.5,"surface_area":194.7,"catchment_m2":1168.4,"inlet_capacity_lps":7.2,"nearest_drain":"MH-106","from_node":"J11830282126","to_node":"J11830282127"},"geometry":{"type":"LineString","coordinates":[[80.220235,12.98005],[80.219936,12.980059]]}},{"type":"Feature","properties":{"id":"R1069","name":null,"highway":"residential","osm_way":1274066412,"width_m":6.0,"length_m":26.2,"surface_area":157.5,"catchment_m2":944.7,"inlet_capacity_lps":7.2,"nearest_drain":"MH-092","from_node":"J11830335317","to_node":"J11830335318"},"geometry":{"type":"LineString","coordinates":[[80.21911,12.979235],[80.219039,12.97922],[80.218873,12.979185]]}},{"type":"Feature","properties":{"id":"R1070","name":null,"highway":"residential","osm_way":1274066413,"width_m":6.0,"length_m":5.2,"surface_area":31.4,"catchment_m2":188.3,"inlet_capacity_lps":7.2,"nearest_drain":"MH-092","from_node":"J11830335317","to_node":"J10223418147"},"geometry":{"type":"LineString","coordinates":[[80.21911,12.979235],[80.219089,12.979278]]}},{"type":"Feature","properties":{"id":"R1071","name":null,"highway":"residential","osm_way":1207951262,"width_m":6.0,"length_m":12.0,"surface_area":72.2,"catchment_m2":433.0,"inlet_capacity_lps":7.2,"nearest_drain":"MH-080","from_node":"J11830348872","to_node":"J11192562685"},"geometry":{"type":"LineString","coordinates":[[80.221155,12.97861],[80.221112,12.978608],[80.221045,12.978599]]}},{"type":"Feature","properties":{"id":"R1072","name":null,"highway":"residential","osm_way":1274354515,"width_m":6.0,"length_m":53.3,"surface_area":320.0,"catchment_m2":1919.9,"inlet_capacity_lps":14.4,"nearest_drain":"MH-078","from_node":"J11832488583","to_node":"J11832488587"},"geometry":{"type":"LineString","coordinates":[[80.219183,12.977974],[80.219095,12.977922],[80.219079,12.977903],[80.21907,12.977861],[80.219081,12.977549]]}},{"type":"Feature","properties":{"id":"R1073","name":null,"highway":"residential","osm_way":1274354214,"width_m":6.0,"length_m":30.4,"surface_area":182.2,"catchment_m2":1093.0,"inlet_capacity_lps":7.2,"nearest_drain":"MH-063","from_node":"J11832528780","to_node":"J11832528781"},"geometry":{"type":"LineString","coordinates":[[80.219511,12.977886],[80.219587,12.977894],[80.219789,12.977917]]}},{"type":"Feature","properties":{"id":"R1074","name":null,"highway":"residential","osm_way":30609150,"width_m":6.0,"length_m":40.9,"surface_area":245.3,"catchment_m2":1471.9,"inlet_capacity_lps":7.2,"nearest_drain":"MH-065","from_node":"J11832541412","to_node":"J338461420"},"geometry":{"type":"LineString","coordinates":[[80.222023,12.97763],[80.222009,12.977764],[80.22201,12.977784],[80.222015,12.977805],[80.222032,12.977811],[80.22221,12.977821]]}},{"type":"Feature","properties":{"id":"R1075","name":null,"highway":"residential","osm_way":701476661,"width_m":6.0,"length_m":28.5,"surface_area":170.7,"catchment_m2":1024.4,"inlet_capacity_lps":7.2,"nearest_drain":"MH-081","from_node":"J11832541419","to_node":"J6307256853"},"geometry":{"type":"LineString","coordinates":[[80.222613,12.978069],[80.222602,12.978275],[80.222551,12.978273]]}},{"type":"Feature","properties":{"id":"R1076","name":null,"highway":"residential","osm_way":1274356480,"width_m":6.0,"length_m":57.7,"surface_area":346.4,"catchment_m2":2078.5,"inlet_capacity_lps":14.4,"nearest_drain":"MH-066","from_node":"J11832541419","to_node":"J338461420"},"geometry":{"type":"LineString","coordinates":[[80.222613,12.978069],[80.222614,12.978011],[80.222609,12.977997],[80.222596,12.97799],[80.222472,12.977993],[80.222339,12.977928],[80.222273,12.977884],[80.222237,12.977848],[80.22221,12.977821]]}},{"type":"Feature","properties":{"id":"R1077","name":null,"highway":"residential","osm_way":1274355703,"width_m":6.0,"length_m":38.2,"surface_area":229.4,"catchment_m2":1376.7,"inlet_capacity_lps":7.2,"nearest_drain":"MH-066","from_node":"J11832551069","to_node":"J11832551070"},"geometry":{"type":"LineString","coordinates":[[80.222484,12.977555],[80.222481,12.977589],[80.222455,12.977898]]}},{"type":"Feature","properties":{"id":"R1078","name":null,"highway":"residential","osm_way":1190298335,"width_m":6.0,"length_m":17.9,"surface_area":107.6,"catchment_m2":645.4,"inlet_capacity_lps":7.2,"nearest_drain":"MH-153","from_node":"J11832572461","to_node":"J11052094379"},"geometry":{"type":"LineString","coordinates":[[80.223427,12.98359],[80.223263,12.983573]]}},{"type":"Feature","properties":{"id":"R1079","name":null,"highway":"residential","osm_way":1274360627,"width_m":6.0,"length_m":26.6,"surface_area":159.4,"catchment_m2":956.2,"inlet_capacity_lps":7.2,"nearest_drain":"MH-153","from_node":"J11832572461","to_node":"J11832572462"},"geometry":{"type":"LineString","coordinates":[[80.223427,12.98359],[80.223404,12.983827]]}},{"type":"Feature","properties":{"id":"R1080","name":null,"highway":"residential","osm_way":1207947965,"width_m":6.0,"length_m":19.0,"surface_area":113.8,"catchment_m2":682.8,"inlet_capacity_lps":7.2,"nearest_drain":"MH-076","from_node":"J12040950867","to_node":"J11192509133"},"geometry":{"type":"LineString","coordinates":[[80.218049,12.978356],[80.217874,12.978349]]}},{"type":"Feature","properties":{"id":"R1081","name":null,"highway":"residential","osm_way":836402906,"width_m":6.0,"length_m":46.8,"surface_area":280.9,"catchment_m2":1685.3,"inlet_capacity_lps":14.4,"nearest_drain":"MH-074","from_node":"J12040953841","to_node":"J7806646878"},"geometry":{"type":"LineString","coordinates":[[80.216106,12.978231],[80.216085,12.978353],[80.216028,12.978646]]}},{"type":"Feature","properties":{"id":"R1082","name":null,"highway":"residential","osm_way":1323165648,"width_m":6.0,"length_m":44.0,"surface_area":264.2,"catchment_m2":1585.0,"inlet_capacity_lps":7.2,"nearest_drain":"MH-121","from_node":"J12244063246","to_node":"J12244063247"},"geometry":{"type":"LineString","coordinates":[[80.221086,12.981247],[80.220686,12.981319]]}},{"type":"Feature","properties":{"id":"R1083","name":null,"highway":"residential","osm_way":1350831322,"width_m":6.0,"length_m":25.3,"surface_area":151.7,"catchment_m2":910.1,"inlet_capacity_lps":7.2,"nearest_drain":"MH-036","from_node":"J12497489527","to_node":"J12497489526"},"geometry":{"type":"LineString","coordinates":[[80.220668,12.975013],[80.220692,12.974954],[80.220754,12.974801]]}},{"type":"Feature","properties":{"id":"R1084","name":null,"highway":"residential","osm_way":1369903323,"width_m":6.0,"length_m":12.0,"surface_area":71.8,"catchment_m2":430.5,"inlet_capacity_lps":7.2,"nearest_drain":"MH-197","from_node":"J12686681459","to_node":"J12686681461"},"geometry":{"type":"LineString","coordinates":[[80.224858,12.98648],[80.2249,12.98658]]}},{"type":"Feature","properties":{"id":"R1085","name":null,"highway":"residential","osm_way":1371657978,"width_m":6.0,"length_m":43.4,"surface_area":260.2,"catchment_m2":1561.4,"inlet_capacity_lps":7.2,"nearest_drain":"MH-210","from_node":"J12702176405","to_node":"J12702176406"},"geometry":{"type":"LineString","coordinates":[[80.218444,12.987989],[80.218837,12.987918]]}},{"type":"Feature","properties":{"id":"R1086","name":null,"highway":"residential","osm_way":1467066124,"width_m":6.0,"length_m":33.4,"surface_area":200.2,"catchment_m2":1201.2,"inlet_capacity_lps":7.2,"nearest_drain":"MH-214","from_node":"J13456104077","to_node":"J13456104084"},"geometry":{"type":"LineString","coordinates":[[80.222587,12.987794],[80.222837,12.98797]]}},{"type":"Feature","properties":{"id":"R1087","name":null,"highway":"residential","osm_way":1467066124,"width_m":6.0,"length_m":3.5,"surface_area":21.0,"catchment_m2":126.0,"inlet_capacity_lps":7.2,"nearest_drain":"MH-214","from_node":"J13456104084","to_node":"J13456104092"},"geometry":{"type":"LineString","coordinates":[[80.222837,12.98797],[80.222862,12.987989]]}},{"type":"Feature","properties":{"id":"R1088","name":null,"highway":"residential","osm_way":1467066125,"width_m":6.0,"length_m":25.9,"surface_area":155.5,"catchment_m2":932.8,"inlet_capacity_lps":7.2,"nearest_drain":"MH-206","from_node":"J13456104084","to_node":"J13456104085"},"geometry":{"type":"LineString","coordinates":[[80.222837,12.98797],[80.222973,12.987778]]}},{"type":"Feature","properties":{"id":"R1089","name":null,"highway":"residential","osm_way":1467066126,"width_m":6.0,"length_m":23.1,"surface_area":138.8,"catchment_m2":832.8,"inlet_capacity_lps":7.2,"nearest_drain":"MH-206","from_node":"J13456104085","to_node":"J13456104087"},"geometry":{"type":"LineString","coordinates":[[80.222973,12.987778],[80.222975,12.987769],[80.222971,12.987763],[80.222799,12.98767]]}},{"type":"Feature","properties":{"id":"R1090","name":null,"highway":"residential","osm_way":1467066127,"width_m":6.0,"length_m":11.0,"surface_area":66.1,"catchment_m2":396.4,"inlet_capacity_lps":7.2,"nearest_drain":"MH-206","from_node":"J13456104085","to_node":"J13456104089"},"geometry":{"type":"LineString","coordinates":[[80.222973,12.987778],[80.223001,12.987791],[80.223065,12.987821]]}},{"type":"Feature","properties":{"id":"R1091","name":null,"highway":"residential","osm_way":1467066128,"width_m":6.0,"length_m":27.1,"surface_area":162.5,"catchment_m2":974.7,"inlet_capacity_lps":7.2,"nearest_drain":"MH-206","from_node":"J13456104087","to_node":"J13456104077"},"geometry":{"type":"LineString","coordinates":[[80.222799,12.98767],[80.222792,12.987669],[80.22278,12.987671],[80.222587,12.987794]]}},{"type":"Feature","properties":{"id":"R1092","name":null,"highway":"residential","osm_way":1539056184,"width_m":6.0,"length_m":36.1,"surface_area":216.8,"catchment_m2":1300.6,"inlet_capacity_lps":7.2,"nearest_drain":"MH-023","from_node":"J14014630763","to_node":"J14014630764"},"geometry":{"type":"LineString","coordinates":[[80.223022,12.974436],[80.223014,12.974112]]}},{"type":"Feature","properties":{"id":"R1093","name":"\u0b9a\u0ba9\u0bcd\u0ba9\u0ba4\u0bbf \u0ba4\u0bc6\u0bb0\u0bc1","highway":"residential","osm_way":1232379845,"width_m":3.0,"length_m":37.9,"surface_area":113.6,"catchment_m2":1250.1,"inlet_capacity_lps":7.2,"nearest_drain":"MH-181","from_node":"J2407565894","to_node":"J243325994"},"geometry":{"type":"LineString","coordinates":[[80.223773,12.985715],[80.223751,12.985712],[80.223737,12.9857],[80.223727,12.985682],[80.223628,12.985419]]}},{"type":"Feature","properties":{"id":"R1094","name":null,"highway":"living_street","osm_way":30606815,"width_m":4.0,"length_m":97.4,"surface_area":389.6,"catchment_m2":2727.4,"inlet_capacity_lps":21.6,"nearest_drain":"MH-203","from_node":"J338440033","to_node":"J338440035"},"geometry":{"type":"LineString","coordinates":[[80.21997,12.987683],[80.219633,12.986871]]}},{"type":"Feature","properties":{"id":"R1095","name":null,"highway":"living_street","osm_way":1189071890,"width_m":4.0,"length_m":54.7,"surface_area":218.9,"catchment_m2":1532.4,"inlet_capacity_lps":14.4,"nearest_drain":"MH-197","from_node":"J11041568830","to_node":"J11041568831"},"geometry":{"type":"LineString","coordinates":[[80.224295,12.986626],[80.224464,12.98709]]}},{"type":"Feature","properties":{"id":"R1096","name":null,"highway":"living_street","osm_way":1190128770,"width_m":4.0,"length_m":101.8,"surface_area":407.3,"catchment_m2":2851.0,"inlet_capacity_lps":21.6,"nearest_drain":"MH-203","from_node":"J11050668343","to_node":"J11050668344"},"geometry":{"type":"LineString","coordinates":[[80.219203,12.987032],[80.219553,12.987882]]}},{"type":"Feature","properties":{"id":"R1097","name":null,"highway":"living_street","osm_way":1267273635,"width_m":4.0,"length_m":45.9,"surface_area":183.5,"catchment_m2":1284.8,"inlet_capacity_lps":14.4,"nearest_drain":"MH-204","from_node":"J11770224846","to_node":"J11770224845"},"geometry":{"type":"LineString","coordinates":[[80.220557,12.98736],[80.220367,12.986991]]}},{"type":"Feature","properties":{"id":"R1098","name":null,"highway":"living_street","osm_way":1267273639,"width_m":4.0,"length_m":31.9,"surface_area":127.4,"catchment_m2":892.1,"inlet_capacity_lps":7.2,"nearest_drain":"MH-193","from_node":"J11770278892","to_node":"J11770278884"},"geometry":{"type":"LineString","coordinates":[[80.221127,12.986425],[80.220843,12.986498]]}},{"type":"Feature","properties":{"id":"R1099","name":"\u0ba4\u0bc7\u0bb0\u0b9f\u0bbf \u0ba4\u0bc6\u0bb0\u0bc1","highway":"living_street","osm_way":232405721,"width_m":3.0,"length_m":59.8,"surface_area":179.5,"catchment_m2":1615.2,"inlet_capacity_lps":14.4,"nearest_drain":"MH-181","from_node":"J2407565892","to_node":"J2407565894"},"geometry":{"type":"LineString","coordinates":[[80.224298,12.985546],[80.223773,12.985715]]}}]}