{"type":"FeatureCollection","features":[{"type":"Feature","properties":{"id":"R0001","name":"Anna Salai (Mount Road)","highway":"primary","osm_way":22977109,"width_m":16.0,"length_m":88.7,"surface_area":1419.9,"catchment_m2":6744.6,"inlet_capacity_lps":46.8,"nearest_drain":"MH-033","from_node":"J30037868","to_node":"J256035491"},"geometry":{"type":"LineString","coordinates":[[80.224441,13.018727],[80.224397,13.018833],[80.22438,13.01889],[80.224367,13.018991],[80.224364,13.019131],[80.224371,13.019239],[80.224391,13.019377],[80.224429,13.019507]]}},{"type":"Feature","properties":{"id":"R0002","name":"Anna Salai (Mount Road)","highway":"primary","osm_way":1082485667,"width_m":16.0,"length_m":22.3,"surface_area":356.8,"catchment_m2":1694.9,"inlet_capacity_lps":15.6,"nearest_drain":"MH-094","from_node":"J247713922","to_node":"J2237675658"},"geometry":{"type":"LineString","coordinates":[[80.227658,13.023724],[80.2278,13.023869]]}},{"type":"Feature","properties":{"id":"R0003","name":"Anna Salai (Mount Road)","highway":"primary","osm_way":22977109,"width_m":16.0,"length_m":37.8,"surface_area":604.8,"catchment_m2":2872.6,"inlet_capacity_lps":15.6,"nearest_drain":"MH-043","from_node":"J256035491","to_node":"J278613467"},"geometry":{"type":"LineString","coordinates":[[80.224429,13.019507],[80.224464,13.019603],[80.224525,13.019713],[80.224566,13.019773],[80.224586,13.019808]]}},{"type":"Feature","properties":{"id":"R0004","name":"Anna Salai (Mount Road)","highway":"primary","osm_way":355461070,"width_m":16.0,"length_m":22.9,"surface_area":366.4,"catchment_m2":1740.2,"inlet_capacity_lps":15.6,"nearest_drain":"MH-108","from_node":"J256035561","to_node":"J1183259307"},"geometry":{"type":"LineString","coordinates":[[80.228955,13.024716],[80.229122,13.024843]]}},{"type":"Feature","properties":{"id":"R0005","name":"Anna Salai (Mount Road)","highway":"primary","osm_way":22977109,"width_m":16.0,"length_m":72.2,"surface_area":1155.1,"catchment_m2":5486.8,"inlet_capacity_lps":31.2,"nearest_drain":"MH-056","from_node":"J278613467","to_node":"J301300685"},"geometry":{"type":"LineString","coordinates":[[80.224586,13.019808],[80.224966,13.020342]]}},{"type":"Feature","properties":{"id":"R0006","name":"Anna Salai (Mount Road)","highway":"primary","osm_way":1082485667,"width_m":16.0,"length_m":24.6,"surface_area":393.6,"catchment_m2":1869.5,"inlet_capacity_lps":15.6,"nearest_drain":"MH-094","from_node":"J278613475","to_node":"J247713922"},"geometry":{"type":"LineString","coordinates":[[80.227496,13.023568],[80.227658,13.023724]]}},{"type":"Feature","properties":{"id":"R0007","name":"Anna Salai (Mount Road)","highway":"primary","osm_way":22977109,"width_m":16.0,"length_m":111.8,"surface_area":1788.6,"catchment_m2":8496.0,"inlet_capacity_lps":62.4,"nearest_drain":"MH-070","from_node":"J301300685","to_node":"J1411621803"},"geometry":{"type":"LineString","coordinates":[[80.224966,13.020342],[80.225313,13.020821],[80.225435,13.02099],[80.22556,13.021164]]}},{"type":"Feature","properties":{"id":"R0008","name":"Anna Salai (Mount Road)","highway":"primary","osm_way":443502558,"width_m":16.0,"length_m":109.2,"surface_area":1747.7,"catchment_m2":8301.4,"inlet_capacity_lps":62.4,"nearest_drain":"MH-123","from_node":"J303511173","to_node":"J12704454322"},"geometry":{"type":"LineString","coordinates":[[80.230795,13.025758],[80.230389,13.02554],[80.229939,13.025242]]}},{"type":"Feature","properties":{"id":"R0009","name":"Anna Salai (Mount Road)","highway":"primary","osm_way":102457948,"width_m":16.0,"length_m":63.2,"surface_area":1010.4,"catchment_m2":4799.6,"inlet_capacity_lps":31.2,"nearest_drain":"MH-108","from_node":"J303511274","to_node":"J6245793329"},"geometry":{"type":"LineString","coordinates":[[80.229097,13.024561],[80.228624,13.024229]]}},{"type":"Feature","properties":{"id":"R0010","name":"Anna Salai (Mount Road)","highway":"primary","osm_way":214413795,"width_m":16.0,"length_m":73.1,"surface_area":1170.1,"catchment_m2":5557.9,"inlet_capacity_lps":31.2,"nearest_drain":"MH-009","from_node":"J308198209","to_node":"J30037867"},"geometry":{"type":"LineString","coordinates":[[80.225345,13.016083],[80.225231,13.016731]]}},{"type":"Feature","properties":{"id":"R0011","name":"Anna Salai (Mount Road)","highway":"primary","osm_way":1262394724,"width_m":16.0,"length_m":22.2,"surface_area":354.6,"catchment_m2":1684.2,"inlet_capacity_lps":15.6,"nearest_drain":"MH-109","from_node":"J1183259283","to_node":"J303511274"},"geometry":{"type":"LineString","coordinates":[[80.229256,13.024686],[80.229097,13.024561]]}},{"type":"Feature","properties":{"id":"R0012","name":"Anna Salai (Mount Road)","highway":"primary","osm_way":443502557,"width_m":16.0,"length_m":56.1,"surface_area":897.8,"catchment_m2":4264.6,"inlet_capacity_lps":31.2,"nearest_drain":"MH-123","from_node":"J1183259301","to_node":"J12704454323"},"geometry":{"type":"LineString","coordinates":[[80.229421,13.025082],[80.229756,13.025325],[80.229838,13.025382]]}},{"type":"Feature","properties":{"id":"R0013","name":"Anna Salai (Mount Road)","highway":"primary","osm_way":22977109,"width_m":16.0,"length_m":132.1,"surface_area":2113.5,"catchment_m2":10038.9,"inlet_capacity_lps":62.4,"nearest_drain":"MH-070","from_node":"J1411621803","to_node":"J9412787735"},"geometry":{"type":"LineString","coordinates":[[80.22556,13.021164],[80.225775,13.021456],[80.226072,13.021861],[80.226163,13.021962],[80.226294,13.022111]]}},{"type":"Feature","properties":{"id":"R0014","name":"Anna Salai (Mount Road)","highway":"primary","osm_way":1082485667,"width_m":16.0,"length_m":15.6,"surface_area":249.1,"catchment_m2":1183.2,"inlet_capacity_lps":15.6,"nearest_drain":"MH-083","from_node":"J1411621892","to_node":"J14148225602"},"geometry":{"type":"LineString","coordinates":[[80.226563,13.022442],[80.226641,13.022559]]}},{"type":"Feature","properties":{"id":"R0015","name":"Anna Salai (Mount Road)","highway":"primary","osm_way":102457948,"width_m":16.0,"length_m":63.7,"surface_area":1018.5,"catchment_m2":4838.0,"inlet_capacity_lps":31.2,"nearest_drain":"MH-057","from_node":"J2237592459","to_node":"J11052199789"},"geometry":{"type":"LineString","coordinates":[[80.225756,13.021199],[80.225419,13.02073]]}},{"type":"Feature","properties":{"id":"R0016","name":"Anna Salai (Mount Road)","highway":"primary","osm_way":1082485667,"width_m":16.0,"length_m":84.6,"surface_area":1353.9,"catchment_m2":6430.8,"inlet_capacity_lps":46.8,"nearest_drain":"MH-108","from_node":"J2237675658","to_node":"J14148225611"},"geometry":{"type":"LineString","coordinates":[[80.2278,13.023869],[80.227994,13.024043],[80.228159,13.024188],[80.228385,13.024372]]}},{"type":"Feature","properties":{"id":"R0017","name":"Anna Salai (Mount Road)","highway":"primary","osm_way":443502557,"width_m":16.0,"length_m":80.9,"surface_area":1294.1,"catchment_m2":6147.0,"inlet_capacity_lps":46.8,"nearest_drain":"MH-124","from_node":"J3048092023","to_node":"J11046242506"},"geometry":{"type":"LineString","coordinates":[[80.230284,13.02569],[80.230295,13.025697],[80.23066,13.025863],[80.230722,13.025883],[80.230777,13.025901],[80.230963,13.025961],[80.230974,13.025965]]}},{"type":"Feature","properties":{"id":"R0018","name":"Anna Salai (Mount Road)","highway":"primary","osm_way":214413795,"width_m":16.0,"length_m":36.6,"surface_area":585.3,"catchment_m2":2780.2,"inlet_capacity_lps":15.6,"nearest_drain":"MH-009","from_node":"J3388925676","to_node":"J308198209"},"geometry":{"type":"LineString","coordinates":[[80.225285,13.015759],[80.225345,13.016083]]}},{"type":"Feature","properties":{"id":"R0019","name":"Anna Salai (Mount Road)","highway":"primary","osm_way":1082485668,"width_m":16.0,"length_m":40.9,"surface_area":654.5,"catchment_m2":3108.8,"inlet_capacity_lps":15.6,"nearest_drain":"MH-001","from_node":"J5528559489","to_node":"J9412787734"},"geometry":{"type":"LineString","coordinates":[[80.22483,13.015249],[80.225089,13.015516]]}},{"type":"Feature","properties":{"id":"R0020","name":"Anna Salai (Mount Road)","highway":"primary","osm_way":102457948,"width_m":16.0,"length_m":461.2,"surface_area":7379.4,"catchment_m2":35052.1,"inlet_capacity_lps":234.0,"nearest_drain":"MH-108","from_node":"J6245793329","to_node":"J2237592459"},"geometry":{"type":"LineString","coordinates":[[80.228624,13.024229],[80.228388,13.024039],[80.227904,13.023614],[80.227466,13.023184],[80.227125,13.022722],[80.22673,13.022433],[80.226643,13.022342],[80.226191,13.021803],[80.225756,13.021199]]}},{"type":"Feature","properties":{"id":"R0021","name":"Anna Salai (Mount Road)","highway":"primary","osm_way":1082485667,"width_m":16.0,"length_m":59.2,"surface_area":947.0,"catchment_m2":4498.2,"inlet_capacity_lps":31.2,"nearest_drain":"MH-108","from_node":"J6245793330","to_node":"J256035561"},"geometry":{"type":"LineString","coordinates":[[80.228482,13.024451],[80.228955,13.024716]]}},{"type":"Feature","properties":{"id":"R0022","name":"Anna Salai (Mount Road)","highway":"primary","osm_way":1082485667,"width_m":16.0,"length_m":47.3,"surface_area":757.0,"catchment_m2":3595.8,"inlet_capacity_lps":31.2,"nearest_drain":"MH-083","from_node":"J9412787735","to_node":"J1411621892"},"geometry":{"type":"LineString","coordinates":[[80.226294,13.022111],[80.226557,13.022411],[80.226563,13.022442]]}},{"type":"Feature","properties":{"id":"R0023","name":"Anna Salai (Mount Road)","highway":"primary","osm_way":214413795,"width_m":16.0,"length_m":31.2,"surface_area":499.2,"catchment_m2":2371.0,"inlet_capacity_lps":15.6,"nearest_drain":"MH-002","from_node":"J11033764349","to_node":"J3388925676"},"geometry":{"type":"LineString","coordinates":[[80.225113,13.015541],[80.225265,13.015697],[80.225285,13.015759]]}},{"type":"Feature","properties":{"id":"R0024","name":"Anna Salai (Mount Road)","highway":"primary","osm_way":102457948,"width_m":16.0,"length_m":248.5,"surface_area":3976.1,"catchment_m2":18886.3,"inlet_capacity_lps":124.8,"nearest_drain":"MH-033","from_node":"J11052199789","to_node":"J308198144"},"geometry":{"type":"LineString","coordinates":[[80.225419,13.02073],[80.225393,13.020694],[80.225136,13.020375],[80.224913,13.020084],[80.224761,13.019872],[80.224714,13.019805],[80.224677,13.019752],[80.224604,13.019612],[80.224556,13.019499],[80.224521,13.019373],[80.224495,13.019237],[80.224485,13.019132],[80.224486,13.019075],[80.224489,13.019032],[80.224497,13.018957],[80.224509,13.018891],[80.224523,13.018845],[80.22455,13.018776]]}},{"type":"Feature","properties":{"id":"R0025","name":"Anna Salai (Mount Road)","highway":"primary","osm_way":443502558,"width_m":16.0,"length_m":53.8,"surface_area":860.5,"catchment_m2":4087.4,"inlet_capacity_lps":31.2,"nearest_drain":"MH-123","from_node":"J12704454322","to_node":"J1183259281"},"geometry":{"type":"LineString","coordinates":[[80.229939,13.025242],[80.229604,13.024966],[80.22956,13.02493]]}},{"type":"Feature","properties":{"id":"R0026","name":"Anna Salai (Mount Road)","highway":"primary","osm_way":443502557,"width_m":16.0,"length_m":59.3,"surface_area":948.3,"catchment_m2":4504.4,"inlet_capacity_lps":31.2,"nearest_drain":"MH-123","from_node":"J12704454323","to_node":"J3048092023"},"geometry":{"type":"LineString","coordinates":[[80.229838,13.025382],[80.230284,13.02569]]}},{"type":"Feature","properties":{"id":"R0027","name":"Anna Salai (Mount Road)","highway":"primary","osm_way":1082485667,"width_m":16.0,"length_m":145.6,"surface_area":2330.2,"catchment_m2":11068.3,"inlet_capacity_lps":78.0,"nearest_drain":"MH-094","from_node":"J14148225602","to_node":"J278613475"},"geometry":{"type":"LineString","coordinates":[[80.226641,13.022559],[80.22671,13.022666],[80.227496,13.023568]]}},{"type":"Feature","properties":{"id":"R0028","name":"Anna Salai (Mount Road)","highway":"primary","osm_way":1082485667,"width_m":16.0,"length_m":13.6,"surface_area":217.8,"catchment_m2":1034.4,"inlet_capacity_lps":15.6,"nearest_drain":"MH-108","from_node":"J14148225611","to_node":"J6245793330"},"geometry":{"type":"LineString","coordinates":[[80.228385,13.024372],[80.228482,13.024451]]}},{"type":"Feature","properties":{"id":"R0029","name":"Mambalam Canal Bridge","highway":"primary","osm_way":102457951,"width_m":16.0,"length_m":42.6,"surface_area":681.7,"catchment_m2":3237.9,"inlet_capacity_lps":15.6,"nearest_drain":"MH-109","from_node":"J1183259281","to_node":"J1183259283"},"geometry":{"type":"LineString","coordinates":[[80.22956,13.02493],[80.229256,13.024686]]}},{"type":"Feature","properties":{"id":"R0030","name":"Mambalam Canal Bridge","highway":"primary","osm_way":102457958,"width_m":16.0,"length_m":41.9,"surface_area":670.6,"catchment_m2":3185.6,"inlet_capacity_lps":15.6,"nearest_drain":"MH-123","from_node":"J1183259307","to_node":"J1183259301"},"geometry":{"type":"LineString","coordinates":[[80.229122,13.024843],[80.229421,13.025082]]}},{"type":"Feature","properties":{"id":"R0031","name":"Maraimalai Adigal Bridge","highway":"primary","osm_way":23647177,"width_m":16.0,"length_m":237.8,"surface_area":3805.2,"catchment_m2":18074.9,"inlet_capacity_lps":124.8,"nearest_drain":"MH-009","from_node":"J30037867","to_node":"J30037868"},"geometry":{"type":"LineString","coordinates":[[80.225231,13.016731],[80.224685,13.018111],[80.224441,13.018727]]}},{"type":"Feature","properties":{"id":"R0032","name":"Maraimalai Adigal Bridge","highway":"primary","osm_way":28067351,"width_m":16.0,"length_m":238.1,"surface_area":3810.0,"catchment_m2":18097.4,"inlet_capacity_lps":124.8,"nearest_drain":"MH-033","from_node":"J308198144","to_node":"J308198145"},"geometry":{"type":"LineString","coordinates":[[80.22455,13.018776],[80.225356,13.016783]]}},{"type":"Feature","properties":{"id":"R0033","name":"Taluk Office Road","highway":"primary","osm_way":28067348,"width_m":16.0,"length_m":43.2,"surface_area":691.4,"catchment_m2":3284.2,"inlet_capacity_lps":15.6,"nearest_drain":"MH-009","from_node":"J269767231","to_node":"J269767236"},"geometry":{"type":"LineString","coordinates":[[80.225671,13.016059],[80.225774,13.015683]]}},{"type":"Feature","properties":{"id":"R0034","name":"Taluk Office Road","highway":"primary","osm_way":28067348,"width_m":16.0,"length_m":78.3,"surface_area":1253.0,"catchment_m2":5951.6,"inlet_capacity_lps":46.8,"nearest_drain":"MH-002","from_node":"J269767236","to_node":"J256035580"},"geometry":{"type":"LineString","coordinates":[[80.225774,13.015683],[80.226005,13.015016]]}},{"type":"Feature","properties":{"id":"R0035","name":"Taluk Office Road","highway":"primary","osm_way":1040004962,"width_m":16.0,"length_m":87.5,"surface_area":1400.0,"catchment_m2":6650.1,"inlet_capacity_lps":46.8,"nearest_drain":"MH-009","from_node":"J308198145","to_node":"J269767231"},"geometry":{"type":"LineString","coordinates":[[80.225356,13.016783],[80.225671,13.016059]]}},{"type":"Feature","properties":{"id":"R0036","name":"Towards Adayar","highway":"primary","osm_way":23634681,"width_m":16.0,"length_m":89.2,"surface_area":1428.0,"catchment_m2":6782.8,"inlet_capacity_lps":46.8,"nearest_drain":"MH-002","from_node":"J30037866","to_node":"J256035580"},"geometry":{"type":"LineString","coordinates":[[80.225374,13.015497],[80.225571,13.01542],[80.225761,13.015316],[80.226005,13.015016]]}},{"type":"Feature","properties":{"id":"R0037","name":"Towards Adayar","highway":"primary","osm_way":23634681,"width_m":16.0,"length_m":64.6,"surface_area":1033.6,"catchment_m2":4909.5,"inlet_capacity_lps":31.2,"nearest_drain":"MH-002","from_node":"J5528559490","to_node":"J30037866"},"geometry":{"type":"LineString","coordinates":[[80.224882,13.015186],[80.225105,13.015358],[80.225242,13.015467],[80.225374,13.015497]]}},{"type":"Feature","properties":{"id":"R0038","name":null,"highway":"primary","osm_way":1555044392,"width_m":16.0,"length_m":294.9,"surface_area":4718.8,"catchment_m2":22414.1,"inlet_capacity_lps":156.0,"nearest_drain":"MH-108","from_node":"J14148225602","to_node":"J14148225611"},"geometry":{"type":"LineString","coordinates":[[80.226641,13.022559],[80.226807,13.022581],[80.227064,13.02273],[80.227362,13.023101],[80.227682,13.023458],[80.228009,13.023755],[80.228301,13.024024],[80.228424,13.024134],[80.228461,13.024204],[80.228385,13.024372]]}},{"type":"Feature","properties":{"id":"R0039","name":"SHU88","highway":"primary_link","osm_way":28534462,"width_m":7.0,"length_m":35.5,"surface_area":248.4,"catchment_m2":958.1,"inlet_capacity_lps":7.8,"nearest_drain":"MH-009","from_node":"J269767231","to_node":"J308198209"},"geometry":{"type":"LineString","coordinates":[[80.225671,13.016059],[80.225345,13.016083]]}},{"type":"Feature","properties":{"id":"R0040","name":null,"highway":"primary_link","osm_way":667059397,"width_m":7.0,"length_m":29.1,"surface_area":203.7,"catchment_m2":785.9,"inlet_capacity_lps":7.8,"nearest_drain":"MH-108","from_node":"J6245793330","to_node":"J6245793329"},"geometry":{"type":"LineString","coordinates":[[80.228482,13.024451],[80.228624,13.024229]]}},{"type":"Feature","properties":{"id":"R0041","name":null,"highway":"primary_link","osm_way":1372010626,"width_m":7.0,"length_m":18.9,"surface_area":132.6,"catchment_m2":511.5,"inlet_capacity_lps":7.8,"nearest_drain":"MH-123","from_node":"J12704454322","to_node":"J12704454323"},"geometry":{"type":"LineString","coordinates":[[80.229939,13.025242],[80.229838,13.025382]]}},{"type":"Feature","properties":{"id":"R0042","name":"1st Main Road","highway":"secondary","osm_way":22936551,"width_m":12.0,"length_m":28.0,"surface_area":336.6,"catchment_m2":1739.0,"inlet_capacity_lps":15.6,"nearest_drain":"MH-163","from_node":"J2237592479","to_node":"J13284331470"},"geometry":{"type":"LineString","coordinates":[[80.230951,13.027672],[80.230933,13.027923]]}},{"type":"Feature","properties":{"id":"R0043","name":"1st Main Road","highway":"secondary","osm_way":1082485666,"width_m":12.0,"length_m":170.7,"surface_area":2048.4,"catchment_m2":10583.3,"inlet_capacity_lps":93.6,"nearest_drain":"MH-177","from_node":"J9412787736","to_node":"J2237592486"},"geometry":{"type":"LineString","coordinates":[[80.230927,13.027998],[80.230756,13.029524]]}},{"type":"Feature","properties":{"id":"R0044","name":"1st Main Road","highway":"secondary","osm_way":22936551,"width_m":12.0,"length_m":8.3,"surface_area":99.7,"catchment_m2":514.9,"inlet_capacity_lps":15.6,"nearest_drain":"MH-163","from_node":"J13284331470","to_node":"J9412787736"},"geometry":{"type":"LineString","coordinates":[[80.230933,13.027923],[80.230927,13.027998]]}},{"type":"Feature","properties":{"id":"R0045","name":"70 Feet Road","highway":"secondary","osm_way":722197014,"width_m":12.0,"length_m":72.3,"surface_area":867.3,"catchment_m2":4480.9,"inlet_capacity_lps":31.2,"nearest_drain":"MH-160","from_node":"J250363446","to_node":"J10738744587"},"geometry":{"type":"LineString","coordinates":[[80.226916,13.02792],[80.226881,13.027917],[80.22681,13.02792],[80.226258,13.028018]]}},{"type":"Feature","properties":{"id":"R0046","name":"70 Feet Road","highway":"secondary","osm_way":26528428,"width_m":12.0,"length_m":31.4,"surface_area":376.2,"catchment_m2":1943.8,"inlet_capacity_lps":15.6,"nearest_drain":"MH-184","from_node":"J250363497","to_node":"J2168668966"},"geometry":{"type":"LineString","coordinates":[[80.227411,13.029908],[80.227372,13.029628]]}},{"type":"Feature","properties":{"id":"R0047","name":"70 Feet Road","highway":"secondary","osm_way":722197014,"width_m":12.0,"length_m":35.8,"surface_area":429.3,"catchment_m2":2218.2,"inlet_capacity_lps":15.6,"nearest_drain":"MH-160","from_node":"J250363499","to_node":"J2237675838"},"geometry":{"type":"LineString","coordinates":[[80.227166,13.028404],[80.227099,13.028089]]}},{"type":"Feature","properties":{"id":"R0048","name":"70 Feet Road","highway":"secondary","osm_way":26528428,"width_m":12.0,"length_m":103.7,"surface_area":1244.4,"catchment_m2":6429.5,"inlet_capacity_lps":46.8,"nearest_drain":"MH-161","from_node":"J2168668966","to_node":"J7035475567"},"geometry":{"type":"LineString","coordinates":[[80.227372,13.029628],[80.227363,13.029587],[80.227321,13.029348],[80.227289,13.029167],[80.227283,13.029118],[80.227226,13.028757],[80.227218,13.028708]]}},{"type":"Feature","properties":{"id":"R0049","name":"70 Feet Road","highway":"secondary","osm_way":722197014,"width_m":12.0,"length_m":28.2,"surface_area":338.5,"catchment_m2":1748.7,"inlet_capacity_lps":15.6,"nearest_drain":"MH-160","from_node":"J2237675838","to_node":"J250363446"},"geometry":{"type":"LineString","coordinates":[[80.227099,13.028089],[80.227071,13.028026],[80.227013,13.027977],[80.226916,13.02792]]}},{"type":"Feature","properties":{"id":"R0050","name":"70 Feet Road","highway":"secondary","osm_way":26528428,"width_m":12.0,"length_m":34.3,"surface_area":411.1,"catchment_m2":2123.9,"inlet_capacity_lps":15.6,"nearest_drain":"MH-161","from_node":"J7035475567","to_node":"J250363499"},"geometry":{"type":"LineString","coordinates":[[80.227218,13.028708],[80.227166,13.028404]]}},{"type":"Feature","properties":{"id":"R0051","name":"70 Feet Road","highway":"secondary","osm_way":722197014,"width_m":12.0,"length_m":9.9,"surface_area":119.4,"catchment_m2":616.8,"inlet_capacity_lps":15.6,"nearest_drain":"MH-160","from_node":"J10738744587","to_node":"J250363488"},"geometry":{"type":"LineString","coordinates":[[80.226258,13.028018],[80.226168,13.028035]]}},{"type":"Feature","properties":{"id":"R0052","name":"Abraham Bridge","highway":"secondary","osm_way":32543791,"width_m":12.0,"length_m":278.9,"surface_area":3347.2,"catchment_m2":17294.0,"inlet_capacity_lps":140.4,"nearest_drain":"MH-004","from_node":"J10970891292","to_node":"J10970897505"},"geometry":{"type":"LineString","coordinates":[[80.218711,13.018308],[80.218268,13.017846],[80.218173,13.017748],[80.218107,13.017685],[80.218048,13.017637],[80.217988,13.017593],[80.216957,13.016907],[80.216703,13.016762]]}},{"type":"Feature","properties":{"id":"R0053","name":"Abraham Bridge","highway":"secondary","osm_way":1555109999,"width_m":12.0,"length_m":84.6,"surface_area":1015.7,"catchment_m2":5247.9,"inlet_capacity_lps":46.8,"nearest_drain":"MH-004","from_node":"J10970897505","to_node":"J10970897508"},"geometry":{"type":"LineString","coordinates":[[80.216703,13.016762],[80.216525,13.01667],[80.216289,13.016558],[80.216005,13.016419]]}},{"type":"Feature","properties":{"id":"R0054","name":"Alandur Road","highway":"secondary","osm_way":22979972,"width_m":12.0,"length_m":133.5,"surface_area":1602.3,"catchment_m2":8278.3,"inlet_capacity_lps":62.4,"nearest_drain":"MH-027","from_node":"J343711369","to_node":"J9885084116"},"geometry":{"type":"LineString","coordinates":[[80.219515,13.01933],[80.219281,13.018969],[80.219125,13.018764],[80.218775,13.018373]]}},{"type":"Feature","properties":{"id":"R0055","name":"Alandur Road","highway":"secondary","osm_way":1232161315,"width_m":12.0,"length_m":10.0,"surface_area":120.5,"catchment_m2":622.4,"inlet_capacity_lps":15.6,"nearest_drain":"MH-027","from_node":"J9885084116","to_node":"J10970891292"},"geometry":{"type":"LineString","coordinates":[[80.218775,13.018373],[80.218711,13.018308]]}},{"type":"Feature","properties":{"id":"R0056","name":"Aranganathan Subway","highway":"secondary","osm_way":23186322,"width_m":12.0,"length_m":199.8,"surface_area":2397.1,"catchment_m2":12384.8,"inlet_capacity_lps":109.2,"nearest_drain":"MH-158","from_node":"J250363488","to_node":"J250737683"},"geometry":{"type":"LineString","coordinates":[[80.226168,13.028035],[80.224363,13.028403]]}},{"type":"Feature","properties":{"id":"R0057","name":"CIT Nagar 1st Main Road","highway":"secondary","osm_way":1148723083,"width_m":12.0,"length_m":21.0,"surface_area":251.8,"catchment_m2":1301.2,"inlet_capacity_lps":15.6,"nearest_drain":"MH-177","from_node":"J2168721183","to_node":"J2239156001"},"geometry":{"type":"LineString","coordinates":[[80.230827,13.02972],[80.23085,13.029533]]}},{"type":"Feature","properties":{"id":"R0058","name":"CIT Nagar 1st Main Road","highway":"secondary","osm_way":102457960,"width_m":12.0,"length_m":27.7,"surface_area":332.4,"catchment_m2":1717.2,"inlet_capacity_lps":15.6,"nearest_drain":"MH-177","from_node":"J2239156001","to_node":"J14105043109"},"geometry":{"type":"LineString","coordinates":[[80.23085,13.029533],[80.23088,13.029286]]}},{"type":"Feature","properties":{"id":"R0059","name":"Jayaram Street","highway":"secondary","osm_way":26527900,"width_m":12.0,"length_m":87.5,"surface_area":1050.5,"catchment_m2":5427.8,"inlet_capacity_lps":46.8,"nearest_drain":"MH-089","from_node":"J256029578","to_node":"J2239237854"},"geometry":{"type":"LineString","coordinates":[[80.219603,13.023174],[80.219516,13.022391]]}},{"type":"Feature","properties":{"id":"R0060","name":"Jayaram Street","highway":"secondary","osm_way":26527900,"width_m":12.0,"length_m":50.8,"surface_area":609.4,"catchment_m2":3148.4,"inlet_capacity_lps":31.2,"nearest_drain":"MH-100","from_node":"J256029582","to_node":"J256029666"},"geometry":{"type":"LineString","coordinates":[[80.219789,13.024879],[80.219755,13.024424]]}},{"type":"Feature","properties":{"id":"R0061","name":"Jayaram Street","highway":"secondary","osm_way":26527900,"width_m":12.0,"length_m":124.8,"surface_area":1497.4,"catchment_m2":7736.3,"inlet_capacity_lps":62.4,"nearest_drain":"MH-089","from_node":"J256029665","to_node":"J256029578"},"geometry":{"type":"LineString","coordinates":[[80.219745,13.024288],[80.219701,13.023867],[80.219603,13.023174]]}},{"type":"Feature","properties":{"id":"R0062","name":"Jayaram Street","highway":"secondary","osm_way":26527900,"width_m":12.0,"length_m":15.2,"surface_area":182.1,"catchment_m2":940.6,"inlet_capacity_lps":15.6,"nearest_drain":"MH-100","from_node":"J256029666","to_node":"J256029665"},"geometry":{"type":"LineString","coordinates":[[80.219755,13.024424],[80.219745,13.024288]]}},{"type":"Feature","properties":{"id":"R0063","name":"Jayaram Street","highway":"secondary","osm_way":26527900,"width_m":12.0,"length_m":10.8,"surface_area":130.0,"catchment_m2":671.8,"inlet_capacity_lps":15.6,"nearest_drain":"MH-077","from_node":"J2239237854","to_node":"J277442970"},"geometry":{"type":"LineString","coordinates":[[80.219516,13.022391],[80.219539,13.022296]]}},{"type":"Feature","properties":{"id":"R0064","name":"Kodambakkam Road","highway":"secondary","osm_way":25459948,"width_m":12.0,"length_m":13.9,"surface_area":167.1,"catchment_m2":863.4,"inlet_capacity_lps":15.6,"nearest_drain":"MH-128","from_node":"J256029583","to_node":"J256029844"},"geometry":{"type":"LineString","coordinates":[[80.21974,13.026882],[80.219734,13.026757]]}},{"type":"Feature","properties":{"id":"R0065","name":"Kodambakkam Road","highway":"secondary","osm_way":25459948,"width_m":12.0,"length_m":33.0,"surface_area":395.9,"catchment_m2":2045.5,"inlet_capacity_lps":15.6,"nearest_drain":"MH-141","from_node":"J256029584","to_node":"J256031754"},"geometry":{"type":"LineString","coordinates":[[80.219768,13.027474],[80.219753,13.027178]]}},{"type":"Feature","properties":{"id":"R0066","name":"Kodambakkam Road","highway":"secondary","osm_way":25459948,"width_m":12.0,"length_m":15.7,"surface_area":188.3,"catchment_m2":972.8,"inlet_capacity_lps":15.6,"nearest_drain":"MH-153","from_node":"J256029585","to_node":"J256031686"},"geometry":{"type":"LineString","coordinates":[[80.219939,13.028798],[80.219908,13.02866]]}},{"type":"Feature","properties":{"id":"R0067","name":"Kodambakkam Road","highway":"secondary","osm_way":25459948,"width_m":12.0,"length_m":38.7,"surface_area":464.5,"catchment_m2":2400.0,"inlet_capacity_lps":15.6,"nearest_drain":"MH-128","from_node":"J256029844","to_node":"J256031782"},"geometry":{"type":"LineString","coordinates":[[80.219734,13.026757],[80.219743,13.026409]]}},{"type":"Feature","properties":{"id":"R0068","name":"Kodambakkam Road","highway":"secondary","osm_way":25459948,"width_m":12.0,"length_m":20.6,"surface_area":247.7,"catchment_m2":1279.8,"inlet_capacity_lps":15.6,"nearest_drain":"MH-153","from_node":"J256031686","to_node":"J256031687"},"geometry":{"type":"LineString","coordinates":[[80.219908,13.02866],[80.219872,13.028478]]}},{"type":"Feature","properties":{"id":"R0069","name":"Kodambakkam Road","highway":"secondary","osm_way":25459948,"width_m":12.0,"length_m":85.0,"surface_area":1020.3,"catchment_m2":5271.7,"inlet_capacity_lps":46.8,"nearest_drain":"MH-141","from_node":"J256031687","to_node":"J256031723"},"geometry":{"type":"LineString","coordinates":[[80.219872,13.028478],[80.219821,13.028005],[80.21979,13.027717]]}},{"type":"Feature","properties":{"id":"R0070","name":"Kodambakkam Road","highway":"secondary","osm_way":25459948,"width_m":12.0,"length_m":27.2,"surface_area":325.8,"catchment_m2":1683.5,"inlet_capacity_lps":15.6,"nearest_drain":"MH-141","from_node":"J256031723","to_node":"J256029584"},"geometry":{"type":"LineString","coordinates":[[80.21979,13.027717],[80.219768,13.027474]]}},{"type":"Feature","properties":{"id":"R0071","name":"Kodambakkam Road","highway":"secondary","osm_way":25459948,"width_m":12.0,"length_m":32.9,"surface_area":394.7,"catchment_m2":2039.1,"inlet_capacity_lps":15.6,"nearest_drain":"MH-141","from_node":"J256031754","to_node":"J256029583"},"geometry":{"type":"LineString","coordinates":[[80.219753,13.027178],[80.21974,13.026882]]}},{"type":"Feature","properties":{"id":"R0072","name":"Kodambakkam Road","highway":"secondary","osm_way":25459948,"width_m":12.0,"length_m":63.2,"surface_area":758.0,"catchment_m2":3916.3,"inlet_capacity_lps":31.2,"nearest_drain":"MH-128","from_node":"J256031782","to_node":"J256031787"},"geometry":{"type":"LineString","coordinates":[[80.219743,13.026409],[80.21978,13.025842]]}},{"type":"Feature","properties":{"id":"R0073","name":"Kodambakkam Road","highway":"secondary","osm_way":25459948,"width_m":12.0,"length_m":52.0,"surface_area":623.7,"catchment_m2":3222.3,"inlet_capacity_lps":31.2,"nearest_drain":"MH-113","from_node":"J256031787","to_node":"J256031794"},"geometry":{"type":"LineString","coordinates":[[80.21978,13.025842],[80.21979,13.025375]]}},{"type":"Feature","properties":{"id":"R0074","name":"Kodambakkam Road","highway":"secondary","osm_way":25459948,"width_m":12.0,"length_m":55.1,"surface_area":661.3,"catchment_m2":3416.7,"inlet_capacity_lps":31.2,"nearest_drain":"MH-100","from_node":"J256031794","to_node":"J256029582"},"geometry":{"type":"LineString","coordinates":[[80.21979,13.025375],[80.219789,13.024879]]}},{"type":"Feature","properties":{"id":"R0075","name":"Kodambakkam Road","highway":"secondary","osm_way":25459948,"width_m":12.0,"length_m":54.0,"surface_area":648.5,"catchment_m2":3350.4,"inlet_capacity_lps":31.2,"nearest_drain":"MH-167","from_node":"J1183492448","to_node":"J256029585"},"geometry":{"type":"LineString","coordinates":[[80.220038,13.029274],[80.219939,13.028798]]}},{"type":"Feature","properties":{"id":"R0076","name":"Kodambakkam Road","highway":"secondary","osm_way":25459948,"width_m":12.0,"length_m":51.2,"surface_area":614.7,"catchment_m2":3176.0,"inlet_capacity_lps":31.2,"nearest_drain":"MH-179","from_node":"J1183492467","to_node":"J2172916520"},"geometry":{"type":"LineString","coordinates":[[80.22019,13.029893],[80.220141,13.029688],[80.220079,13.029446]]}},{"type":"Feature","properties":{"id":"R0077","name":"Kodambakkam Road","highway":"secondary","osm_way":25459948,"width_m":12.0,"length_m":19.6,"surface_area":234.9,"catchment_m2":1213.5,"inlet_capacity_lps":15.6,"nearest_drain":"MH-168","from_node":"J2172916520","to_node":"J1183492448"},"geometry":{"type":"LineString","coordinates":[[80.220079,13.029446],[80.220038,13.029274]]}},{"type":"Feature","properties":{"id":"R0078","name":"Mosque Street","highway":"secondary","osm_way":26528018,"width_m":12.0,"length_m":31.2,"surface_area":374.7,"catchment_m2":1935.9,"inlet_capacity_lps":15.6,"nearest_drain":"MH-064","from_node":"J256029552","to_node":"J2172914896"},"geometry":{"type":"LineString","coordinates":[[80.219496,13.02146],[80.219494,13.021179]]}},{"type":"Feature","properties":{"id":"R0079","name":"Mosque Street","highway":"secondary","osm_way":26528018,"width_m":12.0,"length_m":13.9,"surface_area":166.6,"catchment_m2":860.5,"inlet_capacity_lps":15.6,"nearest_drain":"MH-038","from_node":"J256029755","to_node":"J343711369"},"geometry":{"type":"LineString","coordinates":[[80.219489,13.019452],[80.219515,13.01933]]}},{"type":"Feature","properties":{"id":"R0080","name":"Mosque Street","highway":"secondary","osm_way":26528018,"width_m":12.0,"length_m":93.1,"surface_area":1117.7,"catchment_m2":5774.7,"inlet_capacity_lps":46.8,"nearest_drain":"MH-077","from_node":"J277442970","to_node":"J256029552"},"geometry":{"type":"LineString","coordinates":[[80.219539,13.022296],[80.219519,13.021974],[80.219496,13.02146]]}},{"type":"Feature","properties":{"id":"R0081","name":"Mosque Street","highway":"secondary","osm_way":26528018,"width_m":12.0,"length_m":21.9,"surface_area":262.6,"catchment_m2":1356.6,"inlet_capacity_lps":15.6,"nearest_drain":"MH-052","from_node":"J2172914891","to_node":"J9189073665"},"geometry":{"type":"LineString","coordinates":[[80.21949,13.020163],[80.219484,13.019966]]}},{"type":"Feature","properties":{"id":"R0082","name":"Mosque Street","highway":"secondary","osm_way":26528018,"width_m":12.0,"length_m":113.0,"surface_area":1356.1,"catchment_m2":7006.5,"inlet_capacity_lps":62.4,"nearest_drain":"MH-064","from_node":"J2172914896","to_node":"J2172914891"},"geometry":{"type":"LineString","coordinates":[[80.219494,13.021179],[80.21949,13.020163]]}},{"type":"Feature","properties":{"id":"R0083","name":"Mosque Street","highway":"secondary","osm_way":26528018,"width_m":12.0,"length_m":33.5,"surface_area":402.4,"catchment_m2":2079.0,"inlet_capacity_lps":15.6,"nearest_drain":"MH-038","from_node":"J9189073659","to_node":"J256029755"},"geometry":{"type":"LineString","coordinates":[[80.219471,13.019753],[80.219476,13.019581],[80.219489,13.019452]]}},{"type":"Feature","properties":{"id":"R0084","name":"Mosque Street","highway":"secondary","osm_way":26528018,"width_m":12.0,"length_m":23.7,"surface_area":285.0,"catchment_m2":1472.4,"inlet_capacity_lps":15.6,"nearest_drain":"MH-038","from_node":"J9189073665","to_node":"J9189073659"},"geometry":{"type":"LineString","coordinates":[[80.219484,13.019966],[80.219471,13.019753]]}},{"type":"Feature","properties":{"id":"R0085","name":"Reddy Kuppam Road","highway":"secondary","osm_way":26527888,"width_m":12.0,"length_m":12.3,"surface_area":148.0,"catchment_m2":764.8,"inlet_capacity_lps":15.6,"nearest_drain":"MH-157","from_node":"J250363456","to_node":"J10734648879"},"geometry":{"type":"LineString","coordinates":[[80.224057,13.02859],[80.224022,13.028484]]}},{"type":"Feature","properties":{"id":"R0086","name":"Reddy Kuppam Road","highway":"secondary","osm_way":26527888,"width_m":12.0,"length_m":33.6,"surface_area":403.5,"catchment_m2":2084.8,"inlet_capacity_lps":15.6,"nearest_drain":"MH-157","from_node":"J250363460","to_node":"J250363456"},"geometry":{"type":"LineString","coordinates":[[80.224046,13.028892],[80.22404,13.028804],[80.224051,13.028669],[80.224057,13.02859]]}},{"type":"Feature","properties":{"id":"R0087","name":"Reddy Kuppam Road","highway":"secondary","osm_way":722197015,"width_m":12.0,"length_m":38.0,"surface_area":456.3,"catchment_m2":2357.5,"inlet_capacity_lps":15.6,"nearest_drain":"MH-158","from_node":"J250737683","to_node":"J10734648879"},"geometry":{"type":"LineString","coordinates":[[80.224363,13.028403],[80.224022,13.028484]]}},{"type":"Feature","properties":{"id":"R0088","name":"Reddy Kuppam Road","highway":"secondary","osm_way":26527888,"width_m":12.0,"length_m":102.0,"surface_area":1224.1,"catchment_m2":6324.4,"inlet_capacity_lps":46.8,"nearest_drain":"MH-170","from_node":"J2168668967","to_node":"J250363460"},"geometry":{"type":"LineString","coordinates":[[80.224312,13.029676],[80.224317,13.029352],[80.224303,13.029212],[80.224295,13.029133],[80.224247,13.029002],[80.224158,13.028915],[80.224046,13.028892]]}},{"type":"Feature","properties":{"id":"R0089","name":"Vandiakran Street","highway":"secondary","osm_way":206819131,"width_m":12.0,"length_m":22.9,"surface_area":274.5,"catchment_m2":1418.5,"inlet_capacity_lps":15.6,"nearest_drain":"MH-170","from_node":"J250363460","to_node":"J2168668955"},"geometry":{"type":"LineString","coordinates":[[80.224046,13.028892],[80.223994,13.028917],[80.223935,13.029055]]}},{"type":"Feature","properties":{"id":"R0090","name":"Vandiakran Street","highway":"secondary","osm_way":206819131,"width_m":12.0,"length_m":45.1,"surface_area":541.7,"catchment_m2":2798.8,"inlet_capacity_lps":31.2,"nearest_drain":"MH-170","from_node":"J2168668955","to_node":"J2168668962"},"geometry":{"type":"LineString","coordinates":[[80.223935,13.029055],[80.223896,13.029098],[80.223889,13.029308],[80.223893,13.029446]]}},{"type":"Feature","properties":{"id":"R0091","name":"Vandiakran Street","highway":"secondary","osm_way":206819131,"width_m":12.0,"length_m":50.2,"surface_area":601.8,"catchment_m2":3109.5,"inlet_capacity_lps":31.2,"nearest_drain":"MH-182","from_node":"J2168668962","to_node":"J2168668970"},"geometry":{"type":"LineString","coordinates":[[80.223893,13.029446],[80.223894,13.029698],[80.223901,13.029897]]}},{"type":"Feature","properties":{"id":"R0092","name":"Velachery Road","highway":"secondary","osm_way":1515577178,"width_m":12.0,"length_m":30.7,"surface_area":368.1,"catchment_m2":1901.7,"inlet_capacity_lps":15.6,"nearest_drain":"MH-002","from_node":"J30037866","to_node":"J3388925676"},"geometry":{"type":"LineString","coordinates":[[80.225374,13.015497],[80.225285,13.015759]]}},{"type":"Feature","properties":{"id":"R0093","name":null,"highway":"secondary","osm_way":214356690,"width_m":12.0,"length_m":246.9,"surface_area":2962.3,"catchment_m2":15305.2,"inlet_capacity_lps":124.8,"nearest_drain":"MH-160","from_node":"J250363456","to_node":"J2237675836"},"geometry":{"type":"LineString","coordinates":[[80.224057,13.02859],[80.224157,13.028542],[80.224287,13.028495],[80.226196,13.028103],[80.226272,13.028086]]}},{"type":"Feature","properties":{"id":"R0094","name":null,"highway":"secondary","osm_way":214356690,"width_m":12.0,"length_m":123.6,"surface_area":1483.1,"catchment_m2":7662.5,"inlet_capacity_lps":62.4,"nearest_drain":"MH-160","from_node":"J2237675836","to_node":"J7035475569"},"geometry":{"type":"LineString","coordinates":[[80.226272,13.028086],[80.22678,13.027983],[80.22687,13.027987],[80.226924,13.028012],[80.226981,13.028054],[80.227012,13.028094],[80.227028,13.028157],[80.227075,13.028428]]}},{"type":"Feature","properties":{"id":"R0095","name":null,"highway":"secondary","osm_way":214356690,"width_m":12.0,"length_m":38.7,"surface_area":465.0,"catchment_m2":2402.4,"inlet_capacity_lps":15.6,"nearest_drain":"MH-160","from_node":"J7035475569","to_node":"J7035475577"},"geometry":{"type":"LineString","coordinates":[[80.227075,13.028428],[80.227137,13.028771]]}},{"type":"Feature","properties":{"id":"R0096","name":null,"highway":"secondary","osm_way":214356690,"width_m":12.0,"length_m":32.8,"surface_area":393.4,"catchment_m2":2032.5,"inlet_capacity_lps":15.6,"nearest_drain":"MH-174","from_node":"J7035475572","to_node":"J7035475575"},"geometry":{"type":"LineString","coordinates":[[80.227298,13.02964],[80.227341,13.029932]]}},{"type":"Feature","properties":{"id":"R0097","name":null,"highway":"secondary","osm_way":214356690,"width_m":12.0,"length_m":48.3,"surface_area":580.1,"catchment_m2":2997.2,"inlet_capacity_lps":31.2,"nearest_drain":"MH-174","from_node":"J7035475576","to_node":"J7035475572"},"geometry":{"type":"LineString","coordinates":[[80.227237,13.02921],[80.227298,13.02964]]}},{"type":"Feature","properties":{"id":"R0098","name":null,"highway":"secondary","osm_way":214356690,"width_m":12.0,"length_m":49.9,"surface_area":599.2,"catchment_m2":3095.6,"inlet_capacity_lps":31.2,"nearest_drain":"MH-160","from_node":"J7035475577","to_node":"J7035475576"},"geometry":{"type":"LineString","coordinates":[[80.227137,13.028771],[80.227237,13.02921]]}},{"type":"Feature","properties":{"id":"R0099","name":null,"highway":"secondary","osm_way":1288869997,"width_m":12.0,"length_m":85.9,"surface_area":1031.2,"catchment_m2":5328.1,"inlet_capacity_lps":46.8,"nearest_drain":"MH-177","from_node":"J11951550395","to_node":"J11951550396"},"geometry":{"type":"LineString","coordinates":[[80.230947,13.028218],[80.230861,13.028986]]}},{"type":"Feature","properties":{"id":"R0100","name":null,"highway":"secondary","osm_way":1288869998,"width_m":12.0,"length_m":69.1,"surface_area":829.1,"catchment_m2":4283.5,"inlet_capacity_lps":31.2,"nearest_drain":"MH-177","from_node":"J11951550396","to_node":"J11951550397"},"geometry":{"type":"LineString","coordinates":[[80.230861,13.028986],[80.230783,13.029603]]}},{"type":"Feature","properties":{"id":"R0101","name":null,"highway":"secondary","osm_way":1447854046,"width_m":12.0,"length_m":9.5,"surface_area":113.6,"catchment_m2":587.0,"inlet_capacity_lps":15.6,"nearest_drain":"MH-163","from_node":"J13284331470","to_node":"J13284331471"},"geometry":{"type":"LineString","coordinates":[[80.230933,13.027923],[80.23098,13.027995]]}},{"type":"Feature","properties":{"id":"R0102","name":null,"highway":"secondary","osm_way":1447854045,"width_m":12.0,"length_m":25.1,"surface_area":301.3,"catchment_m2":1556.5,"inlet_capacity_lps":15.6,"nearest_drain":"MH-163","from_node":"J13284331471","to_node":"J11951550395"},"geometry":{"type":"LineString","coordinates":[[80.23098,13.027995],[80.230947,13.028218]]}},{"type":"Feature","properties":{"id":"R0103","name":"kumaran colony 1st street","highway":"secondary_link","osm_way":1154233297,"width_m":7.0,"length_m":17.1,"surface_area":119.5,"catchment_m2":460.7,"inlet_capacity_lps":7.8,"nearest_drain":"MH-157","from_node":"J256031685","to_node":"J250363456"},"geometry":{"type":"LineString","coordinates":[[80.223962,13.028472],[80.22399,13.028532],[80.224057,13.02859]]}},{"type":"Feature","properties":{"id":"R0104","name":null,"highway":"secondary_link","osm_way":1154233296,"width_m":7.0,"length_m":6.6,"surface_area":46.4,"catchment_m2":179.1,"inlet_capacity_lps":7.8,"nearest_drain":"MH-157","from_node":"J10734648879","to_node":"J256031685"},"geometry":{"type":"LineString","coordinates":[[80.224022,13.028484],[80.223962,13.028472]]}},{"type":"Feature","properties":{"id":"R0105","name":"14th Avenue","highway":"tertiary","osm_way":218240180,"width_m":9.0,"length_m":62.0,"surface_area":558.4,"catchment_m2":3040.0,"inlet_capacity_lps":31.2,"nearest_drain":"MH-150","from_node":"J277443514","to_node":"J277443401"},"geometry":{"type":"LineString","coordinates":[[80.216127,13.028443],[80.216698,13.028401]]}},{"type":"Feature","properties":{"id":"R0106","name":"Alandur Road","highway":"tertiary","osm_way":29882214,"width_m":9.0,"length_m":66.9,"surface_area":602.5,"catchment_m2":3280.2,"inlet_capacity_lps":31.2,"nearest_drain":"MH-054","from_node":"J247714010","to_node":"J2239237825"},"geometry":{"type":"LineString","coordinates":[[80.221689,13.020488],[80.221425,13.020338],[80.221153,13.02019]]}},{"type":"Feature","properties":{"id":"R0107","name":"Alandur Road","highway":"tertiary","osm_way":29882214,"width_m":9.0,"length_m":90.5,"surface_area":814.2,"catchment_m2":4433.0,"inlet_capacity_lps":46.8,"nearest_drain":"MH-039","from_node":"J247714011","to_node":"J256029711"},"geometry":{"type":"LineString","coordinates":[[80.221098,13.020157],[80.220801,13.020006],[80.220352,13.019792]]}},{"type":"Feature","properties":{"id":"R0108","name":"Alandur Road","highway":"tertiary","osm_way":29882214,"width_m":9.0,"length_m":12.0,"surface_area":107.7,"catchment_m2":586.5,"inlet_capacity_lps":15.6,"nearest_drain":"MH-039","from_node":"J256029711","to_node":"J2237806349"},"geometry":{"type":"LineString","coordinates":[[80.220352,13.019792],[80.220258,13.019735]]}},{"type":"Feature","properties":{"id":"R0109","name":"Alandur Road","highway":"tertiary","osm_way":29882214,"width_m":9.0,"length_m":16.9,"surface_area":152.0,"catchment_m2":827.3,"inlet_capacity_lps":15.6,"nearest_drain":"MH-038","from_node":"J256029754","to_node":"J7042650198"},"geometry":{"type":"LineString","coordinates":[[80.219778,13.019475],[80.219638,13.019408]]}},{"type":"Feature","properties":{"id":"R0110","name":"Alandur Road","highway":"tertiary","osm_way":29882214,"width_m":9.0,"length_m":56.0,"surface_area":503.6,"catchment_m2":2741.8,"inlet_capacity_lps":31.2,"nearest_drain":"MH-054","from_node":"J329317964","to_node":"J247714010"},"geometry":{"type":"LineString","coordinates":[[80.222145,13.020725],[80.221689,13.020488]]}},{"type":"Feature","properties":{"id":"R0111","name":"Alandur Road","highway":"tertiary","osm_way":29882214,"width_m":9.0,"length_m":59.5,"surface_area":535.3,"catchment_m2":2914.2,"inlet_capacity_lps":31.2,"nearest_drain":"MH-039","from_node":"J2237806349","to_node":"J256029754"},"geometry":{"type":"LineString","coordinates":[[80.220258,13.019735],[80.219778,13.019475]]}},{"type":"Feature","properties":{"id":"R0112","name":"Alandur Road","highway":"tertiary","osm_way":29882214,"width_m":9.0,"length_m":7.0,"surface_area":62.7,"catchment_m2":341.3,"inlet_capacity_lps":15.6,"nearest_drain":"MH-054","from_node":"J2239237825","to_node":"J247714011"},"geometry":{"type":"LineString","coordinates":[[80.221153,13.02019],[80.221098,13.020157]]}},{"type":"Feature","properties":{"id":"R0113","name":"Alandur Road","highway":"tertiary","osm_way":29882214,"width_m":9.0,"length_m":15.9,"surface_area":143.1,"catchment_m2":778.9,"inlet_capacity_lps":15.6,"nearest_drain":"MH-038","from_node":"J7042650198","to_node":"J343711369"},"geometry":{"type":"LineString","coordinates":[[80.219638,13.019408],[80.219515,13.01933]]}},{"type":"Feature","properties":{"id":"R0114","name":"Bazaar Road","highway":"tertiary","osm_way":25562398,"width_m":9.0,"length_m":13.7,"surface_area":123.7,"catchment_m2":673.4,"inlet_capacity_lps":15.6,"nearest_drain":"MH-081","from_node":"J256035527","to_node":"J1411621949"},"geometry":{"type":"LineString","coordinates":[[80.225003,13.022265],[80.225112,13.02233]]}},{"type":"Feature","properties":{"id":"R0115","name":"Bazaar Road","highway":"tertiary","osm_way":1144623520,"width_m":9.0,"length_m":23.6,"surface_area":212.1,"catchment_m2":1154.6,"inlet_capacity_lps":15.6,"nearest_drain":"MH-069","from_node":"J278613466","to_node":"J329317958"},"geometry":{"type":"LineString","coordinates":[[80.224268,13.021897],[80.224084,13.021784]]}},{"type":"Feature","properties":{"id":"R0116","name":"Bazaar Road","highway":"tertiary","osm_way":1144623522,"width_m":9.0,"length_m":43.1,"surface_area":387.8,"catchment_m2":2111.2,"inlet_capacity_lps":15.6,"nearest_drain":"MH-069","from_node":"J278613466","to_node":"J301300687"},"geometry":{"type":"LineString","coordinates":[[80.224268,13.021897],[80.224627,13.022062]]}},{"type":"Feature","properties":{"id":"R0117","name":"Bazaar Road","highway":"tertiary","osm_way":25562398,"width_m":9.0,"length_m":46.6,"surface_area":419.1,"catchment_m2":2281.8,"inlet_capacity_lps":31.2,"nearest_drain":"MH-081","from_node":"J301300687","to_node":"J256035527"},"geometry":{"type":"LineString","coordinates":[[80.224627,13.022062],[80.225003,13.022265]]}},{"type":"Feature","properties":{"id":"R0118","name":"Bazaar Road","highway":"tertiary","osm_way":25562398,"width_m":9.0,"length_m":83.9,"surface_area":755.3,"catchment_m2":4112.1,"inlet_capacity_lps":46.8,"nearest_drain":"MH-093","from_node":"J329314306","to_node":"J1411621776"},"geometry":{"type":"LineString","coordinates":[[80.22549,13.022558],[80.225783,13.022705],[80.226173,13.022914]]}},{"type":"Feature","properties":{"id":"R0119","name":"Bazaar Road","highway":"tertiary","osm_way":25562398,"width_m":9.0,"length_m":160.9,"surface_area":1448.5,"catchment_m2":7886.2,"inlet_capacity_lps":78.0,"nearest_drain":"MH-094","from_node":"J1411621776","to_node":"J278613475"},"geometry":{"type":"LineString","coordinates":[[80.226173,13.022914],[80.227212,13.0234],[80.227496,13.023568]]}},{"type":"Feature","properties":{"id":"R0120","name":"Bazaar Road","highway":"tertiary","osm_way":25562398,"width_m":9.0,"length_m":48.2,"surface_area":433.5,"catchment_m2":2360.3,"inlet_capacity_lps":31.2,"nearest_drain":"MH-081","from_node":"J1411621949","to_node":"J329314306"},"geometry":{"type":"LineString","coordinates":[[80.225112,13.02233],[80.225391,13.022503],[80.22549,13.022558]]}},{"type":"Feature","properties":{"id":"R0121","name":"Bazaar Road Subway","highway":"tertiary","osm_way":29882204,"width_m":9.0,"length_m":89.3,"surface_area":803.9,"catchment_m2":4376.8,"inlet_capacity_lps":46.8,"nearest_drain":"MH-068","from_node":"J329317958","to_node":"J2237738446"},"geometry":{"type":"LineString","coordinates":[[80.224084,13.021784],[80.223356,13.021406]]}},{"type":"Feature","properties":{"id":"R0122","name":"Bazaar Road Subway","highway":"tertiary","osm_way":214180583,"width_m":9.0,"length_m":78.3,"surface_area":705.0,"catchment_m2":3838.4,"inlet_capacity_lps":46.8,"nearest_drain":"MH-067","from_node":"J2237738442","to_node":"J329317964"},"geometry":{"type":"LineString","coordinates":[[80.222773,13.021074],[80.222145,13.020725]]}},{"type":"Feature","properties":{"id":"R0123","name":"Bazaar Road Subway","highway":"tertiary","osm_way":214180580,"width_m":9.0,"length_m":73.2,"surface_area":658.6,"catchment_m2":3585.4,"inlet_capacity_lps":31.2,"nearest_drain":"MH-068","from_node":"J2237738446","to_node":"J2237738442"},"geometry":{"type":"LineString","coordinates":[[80.223356,13.021406],[80.222773,13.021074]]}},{"type":"Feature","properties":{"id":"R0124","name":"East Jones Road","highway":"tertiary","osm_way":23634201,"width_m":9.0,"length_m":17.5,"surface_area":157.8,"catchment_m2":859.1,"inlet_capacity_lps":15.6,"nearest_drain":"MH-121","from_node":"J256029598","to_node":"J1411621439"},"geometry":{"type":"LineString","coordinates":[[80.227398,13.025115],[80.227237,13.025131]]}},{"type":"Feature","properties":{"id":"R0125","name":"East Jones Road","highway":"tertiary","osm_way":23634201,"width_m":9.0,"length_m":39.8,"surface_area":358.3,"catchment_m2":1951.0,"inlet_capacity_lps":15.6,"nearest_drain":"MH-121","from_node":"J256035537","to_node":"J256029598"},"geometry":{"type":"LineString","coordinates":[[80.227763,13.025074],[80.227398,13.025115]]}},{"type":"Feature","properties":{"id":"R0126","name":"East Jones Road","highway":"tertiary","osm_way":23634201,"width_m":9.0,"length_m":92.2,"surface_area":829.8,"catchment_m2":4517.6,"inlet_capacity_lps":46.8,"nearest_drain":"MH-108","from_node":"J256035561","to_node":"J2237675774"},"geometry":{"type":"LineString","coordinates":[[80.228955,13.024716],[80.228835,13.024881],[80.228751,13.024928],[80.228643,13.024947],[80.228209,13.024999]]}},{"type":"Feature","properties":{"id":"R0127","name":"East Jones Road","highway":"tertiary","osm_way":23634201,"width_m":9.0,"length_m":133.7,"surface_area":1203.2,"catchment_m2":6551.0,"inlet_capacity_lps":62.4,"nearest_drain":"MH-121","from_node":"J1411621439","to_node":"J2237675785"},"geometry":{"type":"LineString","coordinates":[[80.227237,13.025131],[80.226012,13.025275]]}},{"type":"Feature","properties":{"id":"R0128","name":"East Jones Road","highway":"tertiary","osm_way":23634201,"width_m":9.0,"length_m":7.4,"surface_area":66.4,"catchment_m2":361.7,"inlet_capacity_lps":15.6,"nearest_drain":"MH-121","from_node":"J2168668910","to_node":"J11774985686"},"geometry":{"type":"LineString","coordinates":[[80.22796,13.02504],[80.227893,13.025052]]}},{"type":"Feature","properties":{"id":"R0129","name":"East Jones Road","highway":"tertiary","osm_way":23634201,"width_m":9.0,"length_m":27.4,"surface_area":246.4,"catchment_m2":1341.3,"inlet_capacity_lps":15.6,"nearest_drain":"MH-121","from_node":"J2237675774","to_node":"J2168668910"},"geometry":{"type":"LineString","coordinates":[[80.228209,13.024999],[80.22796,13.02504]]}},{"type":"Feature","properties":{"id":"R0130","name":"East Jones Road","highway":"tertiary","osm_way":23634201,"width_m":9.0,"length_m":151.9,"surface_area":1366.7,"catchment_m2":7440.8,"inlet_capacity_lps":78.0,"nearest_drain":"MH-118","from_node":"J2237675785","to_node":"J256035526"},"geometry":{"type":"LineString","coordinates":[[80.226012,13.025275],[80.225896,13.025284],[80.22513,13.025306],[80.224611,13.0253]]}},{"type":"Feature","properties":{"id":"R0131","name":"East Jones Road","highway":"tertiary","osm_way":23634201,"width_m":9.0,"length_m":14.3,"surface_area":128.5,"catchment_m2":699.4,"inlet_capacity_lps":15.6,"nearest_drain":"MH-121","from_node":"J11774985686","to_node":"J256035537"},"geometry":{"type":"LineString","coordinates":[[80.227893,13.025052],[80.227763,13.025074]]}},{"type":"Feature","properties":{"id":"R0132","name":"Jeenis Road","highway":"tertiary","osm_way":23634661,"width_m":9.0,"length_m":94.8,"surface_area":852.8,"catchment_m2":4643.2,"inlet_capacity_lps":46.8,"nearest_drain":"MH-056","from_node":"J278613467","to_node":"J2237675607"},"geometry":{"type":"LineString","coordinates":[[80.224586,13.019808],[80.224571,13.019994],[80.224561,13.020128],[80.224464,13.020651]]}},{"type":"Feature","properties":{"id":"R0133","name":"Jeenis Road","highway":"tertiary","osm_way":23634661,"width_m":9.0,"length_m":140.2,"surface_area":1261.5,"catchment_m2":6868.3,"inlet_capacity_lps":78.0,"nearest_drain":"MH-069","from_node":"J2237675607","to_node":"J278613466"},"geometry":{"type":"LineString","coordinates":[[80.224464,13.020651],[80.224379,13.021132],[80.224318,13.021528],[80.224273,13.021816],[80.224268,13.021897]]}},{"type":"Feature","properties":{"id":"R0134","name":"Jones Road","highway":"tertiary","osm_way":25460661,"width_m":9.0,"length_m":64.2,"surface_area":577.5,"catchment_m2":3144.0,"inlet_capacity_lps":31.2,"nearest_drain":"MH-116","from_node":"J256029600","to_node":"J11774985739"},"geometry":{"type":"LineString","coordinates":[[80.22343,13.025209],[80.222899,13.025163],[80.222842,13.025147]]}},{"type":"Feature","properties":{"id":"R0135","name":"Jones Road","highway":"tertiary","osm_way":25460661,"width_m":9.0,"length_m":93.7,"surface_area":843.1,"catchment_m2":4590.2,"inlet_capacity_lps":46.8,"nearest_drain":"MH-115","from_node":"J256029646","to_node":"J256029929"},"geometry":{"type":"LineString","coordinates":[[80.221139,13.024942],[80.220275,13.024901]]}},{"type":"Feature","properties":{"id":"R0136","name":"Jones Road","highway":"tertiary","osm_way":25460661,"width_m":9.0,"length_m":31.0,"surface_area":278.6,"catchment_m2":1516.7,"inlet_capacity_lps":15.6,"nearest_drain":"MH-116","from_node":"J256029679","to_node":"J256031676"},"geometry":{"type":"LineString","coordinates":[[80.222143,13.025076],[80.22186,13.025036]]}},{"type":"Feature","properties":{"id":"R0137","name":"Jones Road","highway":"tertiary","osm_way":25460661,"width_m":9.0,"length_m":52.8,"surface_area":474.9,"catchment_m2":2585.7,"inlet_capacity_lps":31.2,"nearest_drain":"MH-114","from_node":"J256029929","to_node":"J256029582"},"geometry":{"type":"LineString","coordinates":[[80.220275,13.024901],[80.219789,13.024879]]}},{"type":"Feature","properties":{"id":"R0138","name":"Jones Road","highway":"tertiary","osm_way":25460661,"width_m":9.0,"length_m":78.8,"surface_area":709.0,"catchment_m2":3860.3,"inlet_capacity_lps":46.8,"nearest_drain":"MH-115","from_node":"J256031676","to_node":"J256029646"},"geometry":{"type":"LineString","coordinates":[[80.22186,13.025036],[80.221139,13.024942]]}},{"type":"Feature","properties":{"id":"R0139","name":"Jones Road","highway":"tertiary","osm_way":25460661,"width_m":9.0,"length_m":76.3,"surface_area":686.3,"catchment_m2":3736.5,"inlet_capacity_lps":46.8,"nearest_drain":"MH-116","from_node":"J11774985739","to_node":"J256029679"},"geometry":{"type":"LineString","coordinates":[[80.222842,13.025147],[80.22263,13.025128],[80.222464,13.025112],[80.222143,13.025076]]}},{"type":"Feature","properties":{"id":"R0140","name":"Jones Subway","highway":"tertiary","osm_way":51541652,"width_m":9.0,"length_m":55.6,"surface_area":500.0,"catchment_m2":2722.3,"inlet_capacity_lps":31.2,"nearest_drain":"MH-118","from_node":"J256035526","to_node":"J658977913"},"geometry":{"type":"LineString","coordinates":[[80.224611,13.0253],[80.224099,13.025273]]}},{"type":"Feature","properties":{"id":"R0141","name":"Jones Subway","highway":"tertiary","osm_way":51541605,"width_m":9.0,"length_m":72.8,"surface_area":655.0,"catchment_m2":3565.9,"inlet_capacity_lps":31.2,"nearest_drain":"MH-117","from_node":"J658977913","to_node":"J256029600"},"geometry":{"type":"LineString","coordinates":[[80.224099,13.025273],[80.22343,13.025209]]}},{"type":"Feature","properties":{"id":"R0142","name":"Karunanithi Street","highway":"tertiary","osm_way":1285825370,"width_m":9.0,"length_m":121.3,"surface_area":1091.4,"catchment_m2":5942.3,"inlet_capacity_lps":62.4,"nearest_drain":"MH-154","from_node":"J256031686","to_node":"J2172914960"},"geometry":{"type":"LineString","coordinates":[[80.219908,13.02866],[80.221023,13.028572]]}},{"type":"Feature","properties":{"id":"R0143","name":"Karunanithi Street","highway":"tertiary","osm_way":1285825370,"width_m":9.0,"length_m":72.2,"surface_area":649.5,"catchment_m2":3536.1,"inlet_capacity_lps":31.2,"nearest_drain":"MH-155","from_node":"J2172914960","to_node":"J256029591"},"geometry":{"type":"LineString","coordinates":[[80.221023,13.028572],[80.221681,13.028466]]}},{"type":"Feature","properties":{"id":"R0144","name":"Kothaval Chavadi Street","highway":"tertiary","osm_way":23634210,"width_m":9.0,"length_m":122.6,"surface_area":1103.0,"catchment_m2":6005.0,"inlet_capacity_lps":62.4,"nearest_drain":"MH-062","from_node":"J256029621","to_node":"J2239237839"},"geometry":{"type":"LineString","coordinates":[[80.216239,13.021739],[80.216799,13.02166],[80.217359,13.021581]]}},{"type":"Feature","properties":{"id":"R0145","name":"Kothaval Chavadi Street","highway":"tertiary","osm_way":23634210,"width_m":9.0,"length_m":183.6,"surface_area":1652.0,"catchment_m2":8994.1,"inlet_capacity_lps":93.6,"nearest_drain":"MH-064","from_node":"J256029624","to_node":"J256029552"},"geometry":{"type":"LineString","coordinates":[[80.217803,13.021507],[80.218862,13.021474],[80.219496,13.02146]]}},{"type":"Feature","properties":{"id":"R0146","name":"Kothaval Chavadi Street","highway":"tertiary","osm_way":23634210,"width_m":9.0,"length_m":48.8,"surface_area":439.0,"catchment_m2":2390.3,"inlet_capacity_lps":31.2,"nearest_drain":"MH-063","from_node":"J2239237839","to_node":"J256029624"},"geometry":{"type":"LineString","coordinates":[[80.217359,13.021581],[80.217803,13.021507]]}},{"type":"Feature","properties":{"id":"R0147","name":"Kumaran Colony 1st Street","highway":"tertiary","osm_way":23163888,"width_m":9.0,"length_m":150.6,"surface_area":1355.5,"catchment_m2":7380.1,"inlet_capacity_lps":78.0,"nearest_drain":"MH-156","from_node":"J256029591","to_node":"J3683401209"},"geometry":{"type":"LineString","coordinates":[[80.221681,13.028466],[80.223071,13.028466]]}},{"type":"Feature","properties":{"id":"R0148","name":"Kumaran Colony 1st Street","highway":"tertiary","osm_way":23163888,"width_m":9.0,"length_m":96.6,"surface_area":869.1,"catchment_m2":4731.9,"inlet_capacity_lps":46.8,"nearest_drain":"MH-157","from_node":"J3683401209","to_node":"J256031685"},"geometry":{"type":"LineString","coordinates":[[80.223071,13.028466],[80.223962,13.028472]]}},{"type":"Feature","properties":{"id":"R0149","name":"Ragavan Colony East Street","highway":"tertiary","osm_way":214379317,"width_m":9.0,"length_m":44.9,"surface_area":404.2,"catchment_m2":2200.5,"inlet_capacity_lps":15.6,"nearest_drain":"MH-150","from_node":"J256031689","to_node":"J300218903"},"geometry":{"type":"LineString","coordinates":[[80.216746,13.028731],[80.216797,13.029131]]}},{"type":"Feature","properties":{"id":"R0150","name":"Ragavan Colony East Street","highway":"tertiary","osm_way":214379317,"width_m":9.0,"length_m":37.1,"surface_area":333.6,"catchment_m2":1816.1,"inlet_capacity_lps":15.6,"nearest_drain":"MH-150","from_node":"J277443401","to_node":"J256031689"},"geometry":{"type":"LineString","coordinates":[[80.216698,13.028401],[80.216746,13.028731]]}},{"type":"Feature","properties":{"id":"R0151","name":"Ragavan Colony East Street","highway":"tertiary","osm_way":214379317,"width_m":9.0,"length_m":7.8,"surface_area":70.2,"catchment_m2":382.3,"inlet_capacity_lps":15.6,"nearest_drain":"MH-164","from_node":"J300218899","to_node":"J291796982"},"geometry":{"type":"LineString","coordinates":[[80.216877,13.029798],[80.216885,13.029867]]}},{"type":"Feature","properties":{"id":"R0152","name":"Ragavan Colony East Street","highway":"tertiary","osm_way":214379317,"width_m":9.0,"length_m":32.3,"surface_area":291.1,"catchment_m2":1585.0,"inlet_capacity_lps":15.6,"nearest_drain":"MH-164","from_node":"J300218901","to_node":"J300218899"},"geometry":{"type":"LineString","coordinates":[[80.216848,13.029508],[80.216877,13.029798]]}},{"type":"Feature","properties":{"id":"R0153","name":"Ragavan Colony East Street","highway":"tertiary","osm_way":214379317,"width_m":9.0,"length_m":42.3,"surface_area":380.4,"catchment_m2":2071.3,"inlet_capacity_lps":15.6,"nearest_drain":"MH-164","from_node":"J300218903","to_node":"J300218901"},"geometry":{"type":"LineString","coordinates":[[80.216797,13.029131],[80.216848,13.029508]]}},{"type":"Feature","properties":{"id":"R0154","name":"Reddy Kuppam Street","highway":"tertiary","osm_way":25459982,"width_m":9.0,"length_m":10.9,"surface_area":98.5,"catchment_m2":536.2,"inlet_capacity_lps":15.6,"nearest_drain":"MH-157","from_node":"J250363480","to_node":"J256031684"},"geometry":{"type":"LineString","coordinates":[[80.224013,13.028189],[80.224014,13.02809]]}},{"type":"Feature","properties":{"id":"R0155","name":"Reddy Kuppam Street","highway":"tertiary","osm_way":25459982,"width_m":9.0,"length_m":22.4,"surface_area":201.6,"catchment_m2":1097.4,"inlet_capacity_lps":15.6,"nearest_drain":"MH-132","from_node":"J250363482","to_node":"J256031650"},"geometry":{"type":"LineString","coordinates":[[80.224105,13.02683],[80.224136,13.026631]]}},{"type":"Feature","properties":{"id":"R0156","name":"Reddy Kuppam Street","highway":"tertiary","osm_way":25459982,"width_m":9.0,"length_m":49.2,"surface_area":442.5,"catchment_m2":2409.4,"inlet_capacity_lps":31.2,"nearest_drain":"MH-132","from_node":"J256031650","to_node":"J250363483"},"geometry":{"type":"LineString","coordinates":[[80.224136,13.026631],[80.224207,13.026194]]}},{"type":"Feature","properties":{"id":"R0157","name":"Reddy Kuppam Street","highway":"tertiary","osm_way":25459982,"width_m":9.0,"length_m":38.9,"surface_area":350.2,"catchment_m2":1906.5,"inlet_capacity_lps":15.6,"nearest_drain":"MH-131","from_node":"J256031680","to_node":"J250363482"},"geometry":{"type":"LineString","coordinates":[[80.224086,13.027179],[80.224105,13.02683]]}},{"type":"Feature","properties":{"id":"R0158","name":"Reddy Kuppam Street","highway":"tertiary","osm_way":25459982,"width_m":9.0,"length_m":14.8,"surface_area":133.2,"catchment_m2":725.1,"inlet_capacity_lps":15.6,"nearest_drain":"MH-157","from_node":"J256031684","to_node":"J11600973766"},"geometry":{"type":"LineString","coordinates":[[80.224014,13.02809],[80.224021,13.027957]]}},{"type":"Feature","properties":{"id":"R0159","name":"Reddy Kuppam Street","highway":"tertiary","osm_way":25459982,"width_m":9.0,"length_m":32.9,"surface_area":296.3,"catchment_m2":1613.0,"inlet_capacity_lps":15.6,"nearest_drain":"MH-157","from_node":"J10734648879","to_node":"J250363480"},"geometry":{"type":"LineString","coordinates":[[80.224022,13.028484],[80.224013,13.028189]]}},{"type":"Feature","properties":{"id":"R0160","name":"Reddy Kuppam Street","highway":"tertiary","osm_way":25459982,"width_m":9.0,"length_m":41.7,"surface_area":375.3,"catchment_m2":2043.2,"inlet_capacity_lps":15.6,"nearest_drain":"MH-144","from_node":"J11046228012","to_node":"J256031680"},"geometry":{"type":"LineString","coordinates":[[80.22406,13.027553],[80.224086,13.027179]]}},{"type":"Feature","properties":{"id":"R0161","name":"Reddy Kuppam Street","highway":"tertiary","osm_way":25459982,"width_m":9.0,"length_m":40.2,"surface_area":362.2,"catchment_m2":1972.0,"inlet_capacity_lps":15.6,"nearest_drain":"MH-157","from_node":"J11600973766","to_node":"J250363481"},"geometry":{"type":"LineString","coordinates":[[80.224021,13.027957],[80.224033,13.027835],[80.224057,13.027597]]}},{"type":"Feature","properties":{"id":"R0162","name":"West Jones Road","highway":"tertiary","osm_way":262500157,"width_m":9.0,"length_m":164.3,"surface_area":1479.1,"catchment_m2":8053.0,"inlet_capacity_lps":78.0,"nearest_drain":"MH-099","from_node":"J256029582","to_node":"J256029799"},"geometry":{"type":"LineString","coordinates":[[80.219789,13.024879],[80.219263,13.024863],[80.218364,13.024781],[80.218276,13.024771]]}},{"type":"Feature","properties":{"id":"R0163","name":"West Jones Road","highway":"tertiary","osm_way":262500157,"width_m":9.0,"length_m":36.6,"surface_area":329.1,"catchment_m2":1791.6,"inlet_capacity_lps":15.6,"nearest_drain":"MH-098","from_node":"J256029601","to_node":"J2237738480"},"geometry":{"type":"LineString","coordinates":[[80.21767,13.024733],[80.217333,13.024713]]}},{"type":"Feature","properties":{"id":"R0164","name":"West Jones Road","highway":"tertiary","osm_way":262500157,"width_m":9.0,"length_m":65.8,"surface_area":592.3,"catchment_m2":3224.8,"inlet_capacity_lps":31.2,"nearest_drain":"MH-098","from_node":"J256029799","to_node":"J256029601"},"geometry":{"type":"LineString","coordinates":[[80.218276,13.024771],[80.21767,13.024733]]}},{"type":"Feature","properties":{"id":"R0165","name":"West Jones Road","highway":"tertiary","osm_way":262500157,"width_m":9.0,"length_m":40.4,"surface_area":363.5,"catchment_m2":1978.8,"inlet_capacity_lps":15.6,"nearest_drain":"MH-097","from_node":"J2237738480","to_node":"J11178383501"},"geometry":{"type":"LineString","coordinates":[[80.217333,13.024713],[80.216962,13.024676]]}},{"type":"Feature","properties":{"id":"R0166","name":"West Jones Road","highway":"tertiary","osm_way":262500157,"width_m":9.0,"length_m":35.0,"surface_area":314.9,"catchment_m2":1714.4,"inlet_capacity_lps":15.6,"nearest_drain":"MH-097","from_node":"J6305301447","to_node":"J256029604"},"geometry":{"type":"LineString","coordinates":[[80.216911,13.02467],[80.21659,13.024633]]}},{"type":"Feature","properties":{"id":"R0167","name":"West Jones Road","highway":"tertiary","osm_way":262500157,"width_m":9.0,"length_m":5.6,"surface_area":50.7,"catchment_m2":276.3,"inlet_capacity_lps":15.6,"nearest_drain":"MH-097","from_node":"J11178383501","to_node":"J6305301447"},"geometry":{"type":"LineString","coordinates":[[80.216962,13.024676],[80.216911,13.02467]]}},{"type":"Feature","properties":{"id":"R0168","name":"1st Cross Street","highway":"residential","osm_way":23163901,"width_m":6.0,"length_m":282.2,"surface_area":1692.9,"catchment_m2":10157.5,"inlet_capacity_lps":70.2,"nearest_drain":"MH-161","from_node":"J250363545","to_node":"J250363552"},"geometry":{"type":"LineString","coordinates":[[80.230155,13.028978],[80.228497,13.027923],[80.228296,13.027869],[80.227881,13.027877]]}},{"type":"Feature","properties":{"id":"R0169","name":"1st Street","highway":"residential","osm_way":1267887251,"width_m":6.0,"length_m":41.1,"surface_area":246.7,"catchment_m2":1480.5,"inlet_capacity_lps":7.8,"nearest_drain":"MH-045","from_node":"J11307400830","to_node":"J256035575"},"geometry":{"type":"LineString","coordinates":[[80.228099,13.019655],[80.228227,13.019966],[80.228235,13.019982],[80.228248,13.019993]]}},{"type":"Feature","properties":{"id":"R0170","name":"2nd Border Street","highway":"residential","osm_way":25689807,"width_m":6.0,"length_m":38.6,"surface_area":231.7,"catchment_m2":1390.1,"inlet_capacity_lps":7.8,"nearest_drain":"MH-133","from_node":"J280089107","to_node":"J2168668934"},"geometry":{"type":"LineString","coordinates":[[80.225531,13.026934],[80.225462,13.026593]]}},{"type":"Feature","properties":{"id":"R0171","name":"2nd Border Street","highway":"residential","osm_way":25689807,"width_m":6.0,"length_m":31.6,"surface_area":189.3,"catchment_m2":1136.0,"inlet_capacity_lps":7.8,"nearest_drain":"MH-146","from_node":"J304283815","to_node":"J2237675823"},"geometry":{"type":"LineString","coordinates":[[80.225658,13.027498],[80.225593,13.027221]]}},{"type":"Feature","properties":{"id":"R0172","name":"2nd Border Street","highway":"residential","osm_way":25689807,"width_m":6.0,"length_m":32.7,"surface_area":196.1,"catchment_m2":1176.3,"inlet_capacity_lps":7.8,"nearest_drain":"MH-146","from_node":"J2237675823","to_node":"J280089107"},"geometry":{"type":"LineString","coordinates":[[80.225593,13.027221],[80.225531,13.026934]]}},{"type":"Feature","properties":{"id":"R0173","name":"2nd Border Street","highway":"residential","osm_way":25689807,"width_m":6.0,"length_m":29.1,"surface_area":174.5,"catchment_m2":1047.2,"inlet_capacity_lps":7.8,"nearest_drain":"MH-146","from_node":"J2237675831","to_node":"J304283815"},"geometry":{"type":"LineString","coordinates":[[80.225728,13.027751],[80.225658,13.027498]]}},{"type":"Feature","properties":{"id":"R0174","name":"2nd Border Street","highway":"residential","osm_way":25689807,"width_m":6.0,"length_m":36.7,"surface_area":220.5,"catchment_m2":1322.8,"inlet_capacity_lps":7.8,"nearest_drain":"MH-146","from_node":"J2237675835","to_node":"J2237675831"},"geometry":{"type":"LineString","coordinates":[[80.225821,13.028068],[80.225728,13.027751]]}},{"type":"Feature","properties":{"id":"R0175","name":"2nd Cross Street","highway":"residential","osm_way":23163903,"width_m":6.0,"length_m":214.4,"surface_area":1286.1,"catchment_m2":7716.7,"inlet_capacity_lps":54.6,"nearest_drain":"MH-148","from_node":"J250363580","to_node":"J1723299453"},"geometry":{"type":"LineString","coordinates":[[80.227828,13.027324],[80.228221,13.02732],[80.22856,13.027383],[80.22879,13.027487],[80.229626,13.027998]]}},{"type":"Feature","properties":{"id":"R0176","name":"2nd Cross Street","highway":"residential","osm_way":23163903,"width_m":6.0,"length_m":73.2,"surface_area":439.2,"catchment_m2":2634.9,"inlet_capacity_lps":15.6,"nearest_drain":"MH-162","from_node":"J1723299453","to_node":"J250363586"},"geometry":{"type":"LineString","coordinates":[[80.229626,13.027998],[80.230195,13.028352]]}},{"type":"Feature","properties":{"id":"R0177","name":"2nd Street","highway":"residential","osm_way":23163893,"width_m":6.0,"length_m":41.6,"surface_area":249.9,"catchment_m2":1499.2,"inlet_capacity_lps":7.8,"nearest_drain":"MH-159","from_node":"J250363513","to_node":"J250363516"},"geometry":{"type":"LineString","coordinates":[[80.225965,13.028612],[80.226056,13.028976]]}},{"type":"Feature","properties":{"id":"R0178","name":"2nd Street","highway":"residential","osm_way":23163893,"width_m":6.0,"length_m":48.9,"surface_area":293.6,"catchment_m2":1761.9,"inlet_capacity_lps":15.6,"nearest_drain":"MH-172","from_node":"J250363516","to_node":"J250363518"},"geometry":{"type":"LineString","coordinates":[[80.226056,13.028976],[80.226173,13.029402]]}},{"type":"Feature","properties":{"id":"R0179","name":"2nd Street","highway":"residential","osm_way":23163893,"width_m":6.0,"length_m":48.1,"surface_area":288.5,"catchment_m2":1731.1,"inlet_capacity_lps":15.6,"nearest_drain":"MH-173","from_node":"J250363518","to_node":"J250363519"},"geometry":{"type":"LineString","coordinates":[[80.226173,13.029402],[80.226275,13.029822]]}},{"type":"Feature","properties":{"id":"R0180","name":"2nd Street","highway":"residential","osm_way":23163893,"width_m":6.0,"length_m":44.5,"surface_area":266.8,"catchment_m2":1600.9,"inlet_capacity_lps":7.8,"nearest_drain":"MH-159","from_node":"J2237675844","to_node":"J250363513"},"geometry":{"type":"LineString","coordinates":[[80.225885,13.02822],[80.225896,13.028277],[80.225965,13.028612]]}},{"type":"Feature","properties":{"id":"R0181","name":"3rd Street","highway":"residential","osm_way":24831595,"width_m":6.0,"length_m":42.4,"surface_area":254.4,"catchment_m2":1526.4,"inlet_capacity_lps":7.8,"nearest_drain":"MH-046","from_node":"J269767405","to_node":"J269767407"},"geometry":{"type":"LineString","coordinates":[[80.228572,13.019891],[80.228421,13.019539]]}},{"type":"Feature","properties":{"id":"R0182","name":"4th Street","highway":"residential","osm_way":27633817,"width_m":6.0,"length_m":40.8,"surface_area":244.5,"catchment_m2":1467.3,"inlet_capacity_lps":7.8,"nearest_drain":"MH-046","from_node":"J269767389","to_node":"J2168668861"},"geometry":{"type":"LineString","coordinates":[[80.229063,13.019293],[80.229414,13.019163]]}},{"type":"Feature","properties":{"id":"R0183","name":"4th Street","highway":"residential","osm_way":27633817,"width_m":6.0,"length_m":14.7,"surface_area":87.9,"catchment_m2":527.6,"inlet_capacity_lps":7.8,"nearest_drain":"MH-034","from_node":"J269767394","to_node":"J256035574"},"geometry":{"type":"LineString","coordinates":[[80.230138,13.018862],[80.230181,13.018738]]}},{"type":"Feature","properties":{"id":"R0184","name":"4th Street","highway":"residential","osm_way":27633817,"width_m":6.0,"length_m":36.9,"surface_area":221.5,"catchment_m2":1329.0,"inlet_capacity_lps":7.8,"nearest_drain":"MH-046","from_node":"J269767403","to_node":"J269767389"},"geometry":{"type":"LineString","coordinates":[[80.228746,13.019415],[80.228898,13.019357],[80.229063,13.019293]]}},{"type":"Feature","properties":{"id":"R0185","name":"4th Street","highway":"residential","osm_way":27633817,"width_m":6.0,"length_m":37.7,"surface_area":226.4,"catchment_m2":1358.6,"inlet_capacity_lps":7.8,"nearest_drain":"MH-046","from_node":"J269767407","to_node":"J269767403"},"geometry":{"type":"LineString","coordinates":[[80.228421,13.019539],[80.228571,13.01948],[80.228746,13.019415]]}},{"type":"Feature","properties":{"id":"R0186","name":"4th Street","highway":"residential","osm_way":27633817,"width_m":6.0,"length_m":85.3,"surface_area":511.5,"catchment_m2":3069.2,"inlet_capacity_lps":23.4,"nearest_drain":"MH-047","from_node":"J2168668861","to_node":"J2168668860"},"geometry":{"type":"LineString","coordinates":[[80.229414,13.019163],[80.230148,13.018887]]}},{"type":"Feature","properties":{"id":"R0187","name":"4th Street","highway":"residential","osm_way":27633817,"width_m":6.0,"length_m":137.8,"surface_area":826.7,"catchment_m2":4960.4,"inlet_capacity_lps":39.0,"nearest_drain":"MH-058","from_node":"J11052199789","to_node":"J11052209735"},"geometry":{"type":"LineString","coordinates":[[80.225419,13.02073],[80.225851,13.020569],[80.226129,13.020472],[80.226613,13.020303]]}},{"type":"Feature","properties":{"id":"R0188","name":"4th Street","highway":"residential","osm_way":27633817,"width_m":6.0,"length_m":177.7,"surface_area":1066.0,"catchment_m2":6395.9,"inlet_capacity_lps":46.8,"nearest_drain":"MH-045","from_node":"J11052209735","to_node":"J11307400830"},"geometry":{"type":"LineString","coordinates":[[80.226613,13.020303],[80.226649,13.02029],[80.227627,13.019956],[80.227939,13.019739],[80.228002,13.019699],[80.228099,13.019655]]}},{"type":"Feature","properties":{"id":"R0189","name":"4th Street","highway":"residential","osm_way":27633817,"width_m":6.0,"length_m":37.3,"surface_area":223.7,"catchment_m2":1342.3,"inlet_capacity_lps":7.8,"nearest_drain":"MH-045","from_node":"J11307400830","to_node":"J269767407"},"geometry":{"type":"LineString","coordinates":[[80.228099,13.019655],[80.228265,13.019601],[80.228421,13.019539]]}},{"type":"Feature","properties":{"id":"R0190","name":"5th Street","highway":"residential","osm_way":24831594,"width_m":6.0,"length_m":43.4,"surface_area":260.3,"catchment_m2":1561.6,"inlet_capacity_lps":7.8,"nearest_drain":"MH-046","from_node":"J269767402","to_node":"J269767403"},"geometry":{"type":"LineString","coordinates":[[80.228891,13.019778],[80.228746,13.019415]]}},{"type":"Feature","properties":{"id":"R0191","name":"9th Street","highway":"residential","osm_way":24831592,"width_m":6.0,"length_m":40.2,"surface_area":241.4,"catchment_m2":1448.6,"inlet_capacity_lps":7.8,"nearest_drain":"MH-046","from_node":"J269767390","to_node":"J4415623860"},"geometry":{"type":"LineString","coordinates":[[80.229138,13.019466],[80.229482,13.01933]]}},{"type":"Feature","properties":{"id":"R0192","name":"9th Street","highway":"residential","osm_way":24831592,"width_m":6.0,"length_m":85.5,"surface_area":512.8,"catchment_m2":3077.0,"inlet_capacity_lps":23.4,"nearest_drain":"MH-047","from_node":"J4415623860","to_node":"J269767393"},"geometry":{"type":"LineString","coordinates":[[80.229482,13.01933],[80.230223,13.019066]]}},{"type":"Feature","properties":{"id":"R0193","name":"Abdul Razaak 1st Street","highway":"residential","osm_way":1189562081,"width_m":6.0,"length_m":127.8,"surface_area":766.7,"catchment_m2":4599.9,"inlet_capacity_lps":31.2,"nearest_drain":"MH-032","from_node":"J256035511","to_node":"J256035513"},"geometry":{"type":"LineString","coordinates":[[80.223986,13.018273],[80.223861,13.019415]]}},{"type":"Feature","properties":{"id":"R0194","name":"Abdul Razzak Street","highway":"residential","osm_way":29885398,"width_m":6.0,"length_m":62.3,"surface_area":373.7,"catchment_m2":2242.2,"inlet_capacity_lps":15.6,"nearest_drain":"MH-043","from_node":"J256035491","to_node":"J256035513"},"geometry":{"type":"LineString","coordinates":[[80.224429,13.019507],[80.224195,13.019471],[80.22416,13.019465],[80.223861,13.019415]]}},{"type":"Feature","properties":{"id":"R0195","name":"Abdul Razzak Street","highway":"residential","osm_way":29885398,"width_m":6.0,"length_m":170.5,"surface_area":1023.2,"catchment_m2":6138.9,"inlet_capacity_lps":46.8,"nearest_drain":"MH-030","from_node":"J256035502","to_node":"J1411621789"},"geometry":{"type":"LineString","coordinates":[[80.222555,13.019156],[80.22224,13.019085],[80.222192,13.019072],[80.222158,13.019055],[80.222138,13.019017],[80.221914,13.018483],[80.221902,13.01797]]}},{"type":"Feature","properties":{"id":"R0196","name":"Abdul Razzak Street","highway":"residential","osm_way":29885398,"width_m":6.0,"length_m":119.5,"surface_area":717.1,"catchment_m2":4302.9,"inlet_capacity_lps":31.2,"nearest_drain":"MH-041","from_node":"J256035506","to_node":"J256035502"},"geometry":{"type":"LineString","coordinates":[[80.223638,13.019363],[80.223543,13.01935],[80.223368,13.019315],[80.22296,13.019235],[80.222555,13.019156]]}},{"type":"Feature","properties":{"id":"R0197","name":"Abdul Razzak Street","highway":"residential","osm_way":29885398,"width_m":6.0,"length_m":24.9,"surface_area":149.3,"catchment_m2":895.9,"inlet_capacity_lps":7.8,"nearest_drain":"MH-042","from_node":"J256035513","to_node":"J256035506"},"geometry":{"type":"LineString","coordinates":[[80.223861,13.019415],[80.223638,13.019363]]}},{"type":"Feature","properties":{"id":"R0198","name":"Abdul Razzak Street","highway":"residential","osm_way":29885398,"width_m":6.0,"length_m":27.7,"surface_area":166.0,"catchment_m2":996.1,"inlet_capacity_lps":7.8,"nearest_drain":"MH-017","from_node":"J1411621530","to_node":"J1411621925"},"geometry":{"type":"LineString","coordinates":[[80.221889,13.017537],[80.221893,13.017288]]}},{"type":"Feature","properties":{"id":"R0199","name":"Abdul Razzak Street","highway":"residential","osm_way":29885398,"width_m":6.0,"length_m":21.1,"surface_area":126.6,"catchment_m2":759.4,"inlet_capacity_lps":7.8,"nearest_drain":"MH-017","from_node":"J1411621789","to_node":"J2172914886"},"geometry":{"type":"LineString","coordinates":[[80.221902,13.01797],[80.221901,13.017781]]}},{"type":"Feature","properties":{"id":"R0200","name":"Abdul Razzak Street","highway":"residential","osm_way":29885398,"width_m":6.0,"length_m":77.8,"surface_area":467.0,"catchment_m2":2802.0,"inlet_capacity_lps":23.4,"nearest_drain":"MH-006","from_node":"J1411621925","to_node":"J329367257"},"geometry":{"type":"LineString","coordinates":[[80.221893,13.017288],[80.221842,13.01659]]}},{"type":"Feature","properties":{"id":"R0201","name":"Abdul Razzak Street","highway":"residential","osm_way":29885398,"width_m":6.0,"length_m":27.1,"surface_area":162.8,"catchment_m2":977.0,"inlet_capacity_lps":7.8,"nearest_drain":"MH-017","from_node":"J2172914886","to_node":"J1411621530"},"geometry":{"type":"LineString","coordinates":[[80.221901,13.017781],[80.221889,13.017537]]}},{"type":"Feature","properties":{"id":"R0202","name":"Abith Colony Main Road","highway":"residential","osm_way":23634227,"width_m":6.0,"length_m":33.6,"surface_area":201.6,"catchment_m2":1209.8,"inlet_capacity_lps":7.8,"nearest_drain":"MH-015","from_node":"J280088891","to_node":"J1412280374"},"geometry":{"type":"LineString","coordinates":[[80.219691,13.017097],[80.219735,13.017396]]}},{"type":"Feature","properties":{"id":"R0203","name":"Abith Colony Main Road","highway":"residential","osm_way":23634227,"width_m":6.0,"length_m":11.4,"surface_area":68.2,"catchment_m2":409.2,"inlet_capacity_lps":7.8,"nearest_drain":"MH-015","from_node":"J1412280332","to_node":"J2237806300"},"geometry":{"type":"LineString","coordinates":[[80.219801,13.017857],[80.219813,13.017959]]}},{"type":"Feature","properties":{"id":"R0204","name":"Abith Colony Main Road","highway":"residential","osm_way":23634227,"width_m":6.0,"length_m":38.3,"surface_area":229.6,"catchment_m2":1377.7,"inlet_capacity_lps":7.8,"nearest_drain":"MH-028","from_node":"J1412280372","to_node":"J1412280373"},"geometry":{"type":"LineString","coordinates":[[80.219843,13.018261],[80.219892,13.018602]]}},{"type":"Feature","properties":{"id":"R0205","name":"Abith Colony Main Road","highway":"residential","osm_way":23634227,"width_m":6.0,"length_m":100.0,"surface_area":599.7,"catchment_m2":3598.3,"inlet_capacity_lps":23.4,"nearest_drain":"MH-038","from_node":"J1412280373","to_node":"J256029754"},"geometry":{"type":"LineString","coordinates":[[80.219892,13.018602],[80.219928,13.018955],[80.21992,13.019072],[80.219894,13.01917],[80.219778,13.019475]]}},{"type":"Feature","properties":{"id":"R0206","name":"Abith Colony Main Road","highway":"residential","osm_way":23634227,"width_m":6.0,"length_m":15.8,"surface_area":94.8,"catchment_m2":569.0,"inlet_capacity_lps":7.8,"nearest_drain":"MH-015","from_node":"J1412280374","to_node":"J1412280396"},"geometry":{"type":"LineString","coordinates":[[80.219735,13.017396],[80.219762,13.017536]]}},{"type":"Feature","properties":{"id":"R0207","name":"Abith Colony Main Road","highway":"residential","osm_way":23634227,"width_m":6.0,"length_m":36.0,"surface_area":216.1,"catchment_m2":1296.5,"inlet_capacity_lps":7.8,"nearest_drain":"MH-015","from_node":"J1412280396","to_node":"J1412280332"},"geometry":{"type":"LineString","coordinates":[[80.219762,13.017536],[80.219801,13.017857]]}},{"type":"Feature","properties":{"id":"R0208","name":"Abith Colony Main Road","highway":"residential","osm_way":23634227,"width_m":6.0,"length_m":30.5,"surface_area":183.1,"catchment_m2":1098.5,"inlet_capacity_lps":7.8,"nearest_drain":"MH-015","from_node":"J2237806300","to_node":"J11428752987"},"geometry":{"type":"LineString","coordinates":[[80.219813,13.017959],[80.219842,13.018232]]}},{"type":"Feature","properties":{"id":"R0209","name":"Adikesavan Street","highway":"residential","osm_way":214180585,"width_m":6.0,"length_m":57.3,"surface_area":343.7,"catchment_m2":2062.3,"inlet_capacity_lps":15.6,"nearest_drain":"MH-127","from_node":"J256029936","to_node":"J256029898"},"geometry":{"type":"LineString","coordinates":[[80.217643,13.026311],[80.21779,13.026307],[80.218012,13.026301],[80.218171,13.026297]]}},{"type":"Feature","properties":{"id":"R0210","name":"Anjaneyar Koil Street","highway":"residential","osm_way":1267814983,"width_m":6.0,"length_m":52.0,"surface_area":311.8,"catchment_m2":1870.9,"inlet_capacity_lps":15.6,"nearest_drain":"MH-062","from_node":"J256029621","to_node":"J256031619"},"geometry":{"type":"LineString","coordinates":[[80.216239,13.021739],[80.216139,13.021282]]}},{"type":"Feature","properties":{"id":"R0211","name":"Anjaneyar Koil Street","highway":"residential","osm_way":1267814983,"width_m":6.0,"length_m":64.1,"surface_area":384.5,"catchment_m2":2306.8,"inlet_capacity_lps":15.6,"nearest_drain":"MH-074","from_node":"J256029658","to_node":"J2239237849"},"geometry":{"type":"LineString","coordinates":[[80.216313,13.022656],[80.216273,13.022223],[80.216268,13.022081]]}},{"type":"Feature","properties":{"id":"R0212","name":"Anjaneyar Koil Street","highway":"residential","osm_way":1267814983,"width_m":6.0,"length_m":57.8,"surface_area":346.6,"catchment_m2":2079.6,"inlet_capacity_lps":15.6,"nearest_drain":"MH-062","from_node":"J256031619","to_node":"J256029622"},"geometry":{"type":"LineString","coordinates":[[80.216139,13.021282],[80.216037,13.020772]]}},{"type":"Feature","properties":{"id":"R0213","name":"Anjaneyar Koil Street","highway":"residential","osm_way":1267814983,"width_m":6.0,"length_m":38.2,"surface_area":229.1,"catchment_m2":1374.5,"inlet_capacity_lps":7.8,"nearest_drain":"MH-074","from_node":"J2239237849","to_node":"J256029621"},"geometry":{"type":"LineString","coordinates":[[80.216268,13.022081],[80.216239,13.021739]]}},{"type":"Feature","properties":{"id":"R0214","name":"Anna Street","highway":"residential","osm_way":27347429,"width_m":6.0,"length_m":90.0,"surface_area":539.7,"catchment_m2":3238.4,"inlet_capacity_lps":23.4,"nearest_drain":"MH-150","from_node":"J300218914","to_node":"J277443401"},"geometry":{"type":"LineString","coordinates":[[80.217527,13.028366],[80.216698,13.028401]]}},{"type":"Feature","properties":{"id":"R0215","name":"Annamalai Nagar 1st Street","highway":"residential","osm_way":27347414,"width_m":6.0,"length_m":270.2,"surface_area":1621.0,"catchment_m2":9726.1,"inlet_capacity_lps":70.2,"nearest_drain":"MH-167","from_node":"J300218899","to_node":"J1183492446"},"geometry":{"type":"LineString","coordinates":[[80.216877,13.029798],[80.219354,13.029516]]}},{"type":"Feature","properties":{"id":"R0216","name":"Annamalai Nagar 2nd Street","highway":"residential","osm_way":27347415,"width_m":6.0,"length_m":50.3,"surface_area":302.1,"catchment_m2":1812.4,"inlet_capacity_lps":15.6,"nearest_drain":"MH-165","from_node":"J300218901","to_node":"J300218905"},"geometry":{"type":"LineString","coordinates":[[80.216848,13.029508],[80.217309,13.029455]]}},{"type":"Feature","properties":{"id":"R0217","name":"Annamalai Nagar 2nd Street","highway":"residential","osm_way":27347415,"width_m":6.0,"length_m":169.8,"surface_area":1018.7,"catchment_m2":6112.3,"inlet_capacity_lps":46.8,"nearest_drain":"MH-166","from_node":"J300218905","to_node":"J6497548280"},"geometry":{"type":"LineString","coordinates":[[80.217309,13.029455],[80.218618,13.029303],[80.218861,13.02925]]}},{"type":"Feature","properties":{"id":"R0218","name":"Annamalai Nagar 2nd Street","highway":"residential","osm_way":1225584489,"width_m":6.0,"length_m":78.9,"surface_area":473.6,"catchment_m2":2841.6,"inlet_capacity_lps":23.4,"nearest_drain":"MH-168","from_node":"J1183492446","to_node":"J2172916520"},"geometry":{"type":"LineString","coordinates":[[80.219354,13.029516],[80.220079,13.029446]]}},{"type":"Feature","properties":{"id":"R0219","name":"Annamalai Nagar 2nd Street","highway":"residential","osm_way":27347415,"width_m":6.0,"length_m":43.0,"surface_area":258.1,"catchment_m2":1548.6,"inlet_capacity_lps":7.8,"nearest_drain":"MH-167","from_node":"J6497548280","to_node":"J1183492460"},"geometry":{"type":"LineString","coordinates":[[80.218861,13.02925],[80.219257,13.029213]]}},{"type":"Feature","properties":{"id":"R0220","name":"Annamalai Nagar 3rd street","highway":"residential","osm_way":27347416,"width_m":6.0,"length_m":51.1,"surface_area":306.5,"catchment_m2":1839.0,"inlet_capacity_lps":15.6,"nearest_drain":"MH-165","from_node":"J300218903","to_node":"J300218906"},"geometry":{"type":"LineString","coordinates":[[80.216797,13.029131],[80.217265,13.029079]]}},{"type":"Feature","properties":{"id":"R0221","name":"Annamalai Nagar 3rd street","highway":"residential","osm_way":27347416,"width_m":6.0,"length_m":170.6,"surface_area":1023.4,"catchment_m2":6140.3,"inlet_capacity_lps":46.8,"nearest_drain":"MH-165","from_node":"J300218906","to_node":"J6497548281"},"geometry":{"type":"LineString","coordinates":[[80.217265,13.029079],[80.218574,13.028945],[80.218831,13.028918]]}},{"type":"Feature","properties":{"id":"R0222","name":"Annamalai Nagar 3rd street","highway":"residential","osm_way":27347416,"width_m":6.0,"length_m":120.7,"surface_area":724.4,"catchment_m2":4346.7,"inlet_capacity_lps":31.2,"nearest_drain":"MH-166","from_node":"J6497548281","to_node":"J256029585"},"geometry":{"type":"LineString","coordinates":[[80.218831,13.028918],[80.219939,13.028798]]}},{"type":"Feature","properties":{"id":"R0223","name":"Arokya Matha Nagar 1st Street","highway":"residential","osm_way":995110704,"width_m":6.0,"length_m":38.2,"surface_area":229.4,"catchment_m2":1376.7,"inlet_capacity_lps":7.8,"nearest_drain":"MH-024","from_node":"J2168668850","to_node":"J2168668851"},"geometry":{"type":"LineString","coordinates":[[80.22823,13.017521],[80.227878,13.017539]]}},{"type":"Feature","properties":{"id":"R0224","name":"Arokya Matha Nagar 1st Street","highway":"residential","osm_way":995110704,"width_m":6.0,"length_m":79.8,"surface_area":478.7,"catchment_m2":2872.3,"inlet_capacity_lps":23.4,"nearest_drain":"MH-022","from_node":"J2168668851","to_node":"J2168668854"},"geometry":{"type":"LineString","coordinates":[[80.227878,13.017539],[80.227582,13.017559],[80.227307,13.017556],[80.227142,13.017555]]}},{"type":"Feature","properties":{"id":"R0225","name":"Arokya Matha Nagar 1st Street","highway":"residential","osm_way":995110704,"width_m":6.0,"length_m":58.6,"surface_area":351.9,"catchment_m2":2111.2,"inlet_capacity_lps":15.6,"nearest_drain":"MH-024","from_node":"J9189073691","to_node":"J2168668850"},"geometry":{"type":"LineString","coordinates":[[80.228772,13.01751],[80.22823,13.017521]]}},{"type":"Feature","properties":{"id":"R0226","name":"Arokya Matha Nagar 2nd Street","highway":"residential","osm_way":214599669,"width_m":6.0,"length_m":195.7,"surface_area":1174.5,"catchment_m2":7046.8,"inlet_capacity_lps":54.6,"nearest_drain":"MH-024","from_node":"J2168668854","to_node":"J2168668857"},"geometry":{"type":"LineString","coordinates":[[80.227142,13.017555],[80.227223,13.017704],[80.227296,13.017813],[80.227334,13.017852],[80.227381,13.017877],[80.22744,13.017886],[80.227819,13.017869],[80.228771,13.017836]]}},{"type":"Feature","properties":{"id":"R0227","name":"Arokya Matha Nagar 2nd Street","highway":"residential","osm_way":214599669,"width_m":6.0,"length_m":56.4,"surface_area":338.4,"catchment_m2":2030.1,"inlet_capacity_lps":15.6,"nearest_drain":"MH-022","from_node":"J2241068036","to_node":"J2168668854"},"geometry":{"type":"LineString","coordinates":[[80.227037,13.017136],[80.227022,13.0175],[80.227023,13.01752],[80.227038,13.017533],[80.227142,13.017555]]}},{"type":"Feature","properties":{"id":"R0228","name":"Avvai Street","highway":"residential","osm_way":102482929,"width_m":6.0,"length_m":92.6,"surface_area":555.3,"catchment_m2":3332.1,"inlet_capacity_lps":23.4,"nearest_drain":"MH-150","from_node":"J1183492452","to_node":"J301171307"},"geometry":{"type":"LineString","coordinates":[[80.216651,13.028079],[80.217504,13.028026]]}},{"type":"Feature","properties":{"id":"R0229","name":"Balaji Singh Street","highway":"residential","osm_way":23634665,"width_m":6.0,"length_m":43.7,"surface_area":262.1,"catchment_m2":1572.5,"inlet_capacity_lps":7.8,"nearest_drain":"MH-106","from_node":"J256035538","to_node":"J2237675685"},"geometry":{"type":"LineString","coordinates":[[80.227353,13.024791],[80.226952,13.024832]]}},{"type":"Feature","properties":{"id":"R0230","name":"Balaji Singh Street","highway":"residential","osm_way":23634665,"width_m":6.0,"length_m":195.1,"surface_area":1170.3,"catchment_m2":7022.0,"inlet_capacity_lps":54.6,"nearest_drain":"MH-119","from_node":"J2237675685","to_node":"J256035541"},"geometry":{"type":"LineString","coordinates":[[80.226952,13.024832],[80.226107,13.024946],[80.22516,13.024974]]}},{"type":"Feature","properties":{"id":"R0231","name":"Balaji St Lane","highway":"residential","osm_way":214172296,"width_m":6.0,"length_m":263.3,"surface_area":1580.0,"catchment_m2":9479.8,"inlet_capacity_lps":70.2,"nearest_drain":"MH-105","from_node":"J10593437252","to_node":"J2237675685"},"geometry":{"type":"LineString","coordinates":[[80.225136,13.024215],[80.225475,13.024211],[80.225494,13.024213],[80.225515,13.024223],[80.22553,13.024237],[80.225536,13.024267],[80.225542,13.02447],[80.225545,13.024479],[80.225552,13.024485],[80.22556,13.024487],[80.225876,13.024468],[80.226845,13.024403],[80.226861,13.024404],[80.226873,13.024409],[80.226881,13.02442],[80.226889,13.024432],[80.226952,13.024832]]}},{"type":"Feature","properties":{"id":"R0232","name":"Balakrishnan Street","highway":"residential","osm_way":214180588,"width_m":6.0,"length_m":57.6,"surface_area":345.5,"catchment_m2":2073.2,"inlet_capacity_lps":15.6,"nearest_drain":"MH-111","from_node":"J11365607238","to_node":"J2237738498"},"geometry":{"type":"LineString","coordinates":[[80.21817,13.025201],[80.217639,13.025171]]}},{"type":"Feature","properties":{"id":"R0233","name":"Bharathiyar Street","highway":"residential","osm_way":127647956,"width_m":6.0,"length_m":52.0,"surface_area":312.2,"catchment_m2":1873.1,"inlet_capacity_lps":15.6,"nearest_drain":"MH-016","from_node":"J2237806295","to_node":"J1412280332"},"geometry":{"type":"LineString","coordinates":[[80.220279,13.017814],[80.219801,13.017857]]}},{"type":"Feature","properties":{"id":"R0234","name":"Bhujangarao Street","highway":"residential","osm_way":282480216,"width_m":6.0,"length_m":16.3,"surface_area":97.6,"catchment_m2":585.4,"inlet_capacity_lps":7.8,"nearest_drain":"MH-066","from_node":"J256029625","to_node":"J256031636"},"geometry":{"type":"LineString","coordinates":[[80.221134,13.021457],[80.22117,13.021599]]}},{"type":"Feature","properties":{"id":"R0235","name":"Bhujangarao Street","highway":"residential","osm_way":282480216,"width_m":6.0,"length_m":19.0,"surface_area":114.2,"catchment_m2":685.0,"inlet_capacity_lps":7.8,"nearest_drain":"MH-066","from_node":"J256031636","to_node":"J2611869057"},"geometry":{"type":"LineString","coordinates":[[80.22117,13.021599],[80.221207,13.021766]]}},{"type":"Feature","properties":{"id":"R0236","name":"Bhujangarao Street","highway":"residential","osm_way":214366888,"width_m":6.0,"length_m":118.3,"surface_area":709.6,"catchment_m2":4257.8,"inlet_capacity_lps":31.2,"nearest_drain":"MH-054","from_node":"J2239237825","to_node":"J2864271987"},"geometry":{"type":"LineString","coordinates":[[80.221153,13.02019],[80.221129,13.021253]]}},{"type":"Feature","properties":{"id":"R0237","name":"Bhujangarao Street","highway":"residential","osm_way":282480216,"width_m":6.0,"length_m":47.2,"surface_area":283.0,"catchment_m2":1698.0,"inlet_capacity_lps":15.6,"nearest_drain":"MH-066","from_node":"J2611869057","to_node":"J256029644"},"geometry":{"type":"LineString","coordinates":[[80.221207,13.021766],[80.221228,13.02219]]}},{"type":"Feature","properties":{"id":"R0238","name":"Bhujangarao Street","highway":"residential","osm_way":282480216,"width_m":6.0,"length_m":22.6,"surface_area":135.9,"catchment_m2":815.3,"inlet_capacity_lps":7.8,"nearest_drain":"MH-066","from_node":"J2864271987","to_node":"J256029625"},"geometry":{"type":"LineString","coordinates":[[80.221129,13.021253],[80.221134,13.021457]]}},{"type":"Feature","properties":{"id":"R0239","name":"Brahmin Lane","highway":"residential","osm_way":23634393,"width_m":6.0,"length_m":79.4,"surface_area":476.2,"catchment_m2":2857.3,"inlet_capacity_lps":23.4,"nearest_drain":"MH-054","from_node":"J2864271989","to_node":"J2237738437"},"geometry":{"type":"LineString","coordinates":[[80.221707,13.021252],[80.221686,13.020539]]}},{"type":"Feature","properties":{"id":"R0240","name":"Charles Todhunter Road","highway":"residential","osm_way":1460933515,"width_m":6.0,"length_m":110.9,"surface_area":665.5,"catchment_m2":3992.7,"inlet_capacity_lps":31.2,"nearest_drain":"MH-073","from_node":"J10574362331","to_node":"J10574445786"},"geometry":{"type":"LineString","coordinates":[[80.230712,13.021597],[80.230704,13.021593],[80.230681,13.021564],[80.230655,13.021509],[80.230623,13.021422],[80.230341,13.020671]]}},{"type":"Feature","properties":{"id":"R0241","name":"Charles Todhunter Road","highway":"residential","osm_way":1460933516,"width_m":6.0,"length_m":60.4,"surface_area":362.1,"catchment_m2":2172.7,"inlet_capacity_lps":15.6,"nearest_drain":"MH-085","from_node":"J10574445745","to_node":"J10574445747"},"geometry":{"type":"LineString","coordinates":[[80.230964,13.022634],[80.230637,13.022955],[80.23057,13.023018]]}},{"type":"Feature","properties":{"id":"R0242","name":"Charles Todhunter Road","highway":"residential","osm_way":1460933516,"width_m":6.0,"length_m":22.1,"surface_area":132.5,"catchment_m2":794.7,"inlet_capacity_lps":7.8,"nearest_drain":"MH-096","from_node":"J10574445747","to_node":"J10574445789"},"geometry":{"type":"LineString","coordinates":[[80.23057,13.023018],[80.230628,13.02312],[80.230672,13.02319]]}},{"type":"Feature","properties":{"id":"R0243","name":"Charles Todhunter Road","highway":"residential","osm_way":1460933515,"width_m":6.0,"length_m":28.7,"surface_area":172.1,"catchment_m2":1032.5,"inlet_capacity_lps":7.8,"nearest_drain":"MH-073","from_node":"J10574445776","to_node":"J10574445779"},"geometry":{"type":"LineString","coordinates":[[80.230965,13.021875],[80.230885,13.021725],[80.230862,13.021681],[80.230833,13.021653]]}},{"type":"Feature","properties":{"id":"R0244","name":"Charles Todhunter Road","highway":"residential","osm_way":1460933515,"width_m":6.0,"length_m":14.5,"surface_area":87.3,"catchment_m2":523.6,"inlet_capacity_lps":7.8,"nearest_drain":"MH-073","from_node":"J10574445779","to_node":"J10574362331"},"geometry":{"type":"LineString","coordinates":[[80.230833,13.021653],[80.230796,13.021636],[80.230741,13.021613],[80.230712,13.021597]]}},{"type":"Feature","properties":{"id":"R0245","name":"Charles Todhunter Road","highway":"residential","osm_way":1134245383,"width_m":6.0,"length_m":79.8,"surface_area":478.7,"catchment_m2":2872.1,"inlet_capacity_lps":23.4,"nearest_drain":"MH-095","from_node":"J10574445789","to_node":"J13399298679"},"geometry":{"type":"LineString","coordinates":[[80.230672,13.02319],[80.230581,13.023259],[80.230534,13.023301],[80.230342,13.023455],[80.230102,13.023644]]}},{"type":"Feature","properties":{"id":"R0246","name":"Charles Todhunter Road","highway":"residential","osm_way":1460933517,"width_m":6.0,"length_m":86.7,"surface_area":520.3,"catchment_m2":3121.9,"inlet_capacity_lps":23.4,"nearest_drain":"MH-108","from_node":"J11052194867","to_node":"J303511274"},"geometry":{"type":"LineString","coordinates":[[80.229686,13.024036],[80.229379,13.024279],[80.229097,13.024561]]}},{"type":"Feature","properties":{"id":"R0247","name":"Charles Todhunter Road","highway":"residential","osm_way":1134245383,"width_m":6.0,"length_m":63.2,"surface_area":379.1,"catchment_m2":2274.4,"inlet_capacity_lps":15.6,"nearest_drain":"MH-109","from_node":"J13399298679","to_node":"J11052194867"},"geometry":{"type":"LineString","coordinates":[[80.230102,13.023644],[80.229793,13.023888],[80.229686,13.024036]]}},{"type":"Feature","properties":{"id":"R0248","name":"Chetty Street","highway":"residential","osm_way":23634222,"width_m":6.0,"length_m":22.4,"surface_area":134.2,"catchment_m2":805.1,"inlet_capacity_lps":7.8,"nearest_drain":"MH-039","from_node":"J256029711","to_node":"J256029734"},"geometry":{"type":"LineString","coordinates":[[80.220352,13.019792],[80.22032,13.01999]]}},{"type":"Feature","properties":{"id":"R0249","name":"Chetty Street","highway":"residential","osm_way":23634222,"width_m":6.0,"length_m":160.7,"surface_area":964.3,"catchment_m2":5785.8,"inlet_capacity_lps":39.0,"nearest_drain":"MH-053","from_node":"J256029734","to_node":"J256029712"},"geometry":{"type":"LineString","coordinates":[[80.22032,13.01999],[80.22031,13.02085],[80.220315,13.021095],[80.220322,13.021436]]}},{"type":"Feature","properties":{"id":"R0250","name":"Dhadiratnam Street","highway":"residential","osm_way":214180600,"width_m":6.0,"length_m":146.0,"surface_area":875.9,"catchment_m2":5255.3,"inlet_capacity_lps":39.0,"nearest_drain":"MH-140","from_node":"J256031744","to_node":"J11365607241"},"geometry":{"type":"LineString","coordinates":[[80.217269,13.027076],[80.217291,13.026286],[80.217298,13.025764]]}},{"type":"Feature","properties":{"id":"R0251","name":"Dhadiratnam Street","highway":"residential","osm_way":1190123768,"width_m":6.0,"length_m":79.0,"surface_area":473.9,"catchment_m2":2843.6,"inlet_capacity_lps":23.4,"nearest_drain":"MH-098","from_node":"J9189073684","to_node":"J2237738480"},"geometry":{"type":"LineString","coordinates":[[80.217304,13.025423],[80.217333,13.024713]]}},{"type":"Feature","properties":{"id":"R0252","name":"Dhadiratnam Street","highway":"residential","osm_way":214180600,"width_m":6.0,"length_m":37.9,"surface_area":227.5,"catchment_m2":1365.2,"inlet_capacity_lps":7.8,"nearest_drain":"MH-111","from_node":"J11365607241","to_node":"J9189073684"},"geometry":{"type":"LineString","coordinates":[[80.217298,13.025764],[80.217299,13.025716],[80.217304,13.025423]]}},{"type":"Feature","properties":{"id":"R0253","name":"Dharmraja Koil Street","highway":"residential","osm_way":208176500,"width_m":6.0,"length_m":13.1,"surface_area":78.7,"catchment_m2":472.3,"inlet_capacity_lps":7.8,"nearest_drain":"MH-091","from_node":"J256035529","to_node":"J2016779517"},"geometry":{"type":"LineString","coordinates":[[80.224906,13.023465],[80.224939,13.023504],[80.22496,13.023529],[80.224987,13.023552]]}},{"type":"Feature","properties":{"id":"R0254","name":"Dharmraja Koil Street","highway":"residential","osm_way":208176500,"width_m":6.0,"length_m":34.5,"surface_area":207.0,"catchment_m2":1242.2,"inlet_capacity_lps":7.8,"nearest_drain":"MH-091","from_node":"J2016779517","to_node":"J2016779516"},"geometry":{"type":"LineString","coordinates":[[80.224987,13.023552],[80.225013,13.023862]]}},{"type":"Feature","properties":{"id":"R0255","name":"Dhobikhana Street","highway":"residential","osm_way":207139288,"width_m":6.0,"length_m":102.2,"surface_area":613.3,"catchment_m2":3679.7,"inlet_capacity_lps":23.4,"nearest_drain":"MH-018","from_node":"J2172914886","to_node":"J9189133160"},"geometry":{"type":"LineString","coordinates":[[80.221901,13.017781],[80.222833,13.017922]]}},{"type":"Feature","properties":{"id":"R0256","name":"Dhobikhana Street","highway":"residential","osm_way":207139288,"width_m":6.0,"length_m":76.2,"surface_area":457.0,"catchment_m2":2742.0,"inlet_capacity_lps":23.4,"nearest_drain":"MH-018","from_node":"J9189133160","to_node":"J2237806310"},"geometry":{"type":"LineString","coordinates":[[80.222833,13.017922],[80.223528,13.018027]]}},{"type":"Feature","properties":{"id":"R0257","name":"Dhrmraja Koil Street","highway":"residential","osm_way":1220264474,"width_m":6.0,"length_m":48.7,"surface_area":292.2,"catchment_m2":1753.3,"inlet_capacity_lps":15.6,"nearest_drain":"MH-081","from_node":"J256035527","to_node":"J1411621550"},"geometry":{"type":"LineString","coordinates":[[80.225003,13.022265],[80.224927,13.022697]]}},{"type":"Feature","properties":{"id":"R0258","name":"Dhrmraja Koil Street","highway":"residential","osm_way":23634662,"width_m":6.0,"length_m":12.8,"surface_area":76.6,"catchment_m2":459.4,"inlet_capacity_lps":7.8,"nearest_drain":"MH-091","from_node":"J256035529","to_node":"J9189073685"},"geometry":{"type":"LineString","coordinates":[[80.224906,13.023465],[80.22487,13.02349],[80.224849,13.023527],[80.224843,13.023556]]}},{"type":"Feature","properties":{"id":"R0259","name":"Dhrmraja Koil Street","highway":"residential","osm_way":23634662,"width_m":6.0,"length_m":52.9,"surface_area":317.5,"catchment_m2":1905.0,"inlet_capacity_lps":15.6,"nearest_drain":"MH-081","from_node":"J1411621550","to_node":"J2168668888"},"geometry":{"type":"LineString","coordinates":[[80.224927,13.022697],[80.224905,13.023172]]}},{"type":"Feature","properties":{"id":"R0260","name":"Dhrmraja Koil Street","highway":"residential","osm_way":23634662,"width_m":6.0,"length_m":32.5,"surface_area":195.1,"catchment_m2":1170.9,"inlet_capacity_lps":7.8,"nearest_drain":"MH-091","from_node":"J2168668888","to_node":"J256035529"},"geometry":{"type":"LineString","coordinates":[[80.224905,13.023172],[80.224906,13.023465]]}},{"type":"Feature","properties":{"id":"R0261","name":"Dhrmraja Koil Street","highway":"residential","osm_way":23634662,"width_m":6.0,"length_m":34.8,"surface_area":208.9,"catchment_m2":1253.4,"inlet_capacity_lps":7.8,"nearest_drain":"MH-091","from_node":"J9189073685","to_node":"J256035531"},"geometry":{"type":"LineString","coordinates":[[80.224843,13.023556],[80.224842,13.023869]]}},{"type":"Feature","properties":{"id":"R0262","name":"Divan Bashyam Street","highway":"residential","osm_way":207139313,"width_m":6.0,"length_m":14.3,"surface_area":85.7,"catchment_m2":514.1,"inlet_capacity_lps":7.8,"nearest_drain":"MH-089","from_node":"J2172914898","to_node":"J11774940979"},"geometry":{"type":"LineString","coordinates":[[80.219068,13.023224],[80.219199,13.023212]]}},{"type":"Feature","properties":{"id":"R0263","name":"Divan Bashyam Street","highway":"residential","osm_way":207139313,"width_m":6.0,"length_m":46.4,"surface_area":278.6,"catchment_m2":1671.6,"inlet_capacity_lps":15.6,"nearest_drain":"MH-089","from_node":"J2172914899","to_node":"J2172914898"},"geometry":{"type":"LineString","coordinates":[[80.218641,13.023255],[80.219068,13.023224]]}},{"type":"Feature","properties":{"id":"R0264","name":"Divan Bashyam Street","highway":"residential","osm_way":207139313,"width_m":6.0,"length_m":86.0,"surface_area":516.1,"catchment_m2":3096.6,"inlet_capacity_lps":23.4,"nearest_drain":"MH-088","from_node":"J2172914912","to_node":"J2172914899"},"geometry":{"type":"LineString","coordinates":[[80.218724,13.024024],[80.21871,13.023805],[80.218661,13.023397],[80.218641,13.023255]]}},{"type":"Feature","properties":{"id":"R0265","name":"Divan Bashyam Street","highway":"residential","osm_way":207139313,"width_m":6.0,"length_m":26.6,"surface_area":159.7,"catchment_m2":957.9,"inlet_capacity_lps":7.8,"nearest_drain":"MH-099","from_node":"J2172914916","to_node":"J2172914912"},"geometry":{"type":"LineString","coordinates":[[80.218714,13.024263],[80.218724,13.024024]]}},{"type":"Feature","properties":{"id":"R0266","name":"Divan Bashyam Street","highway":"residential","osm_way":207139313,"width_m":6.0,"length_m":43.9,"surface_area":263.4,"catchment_m2":1580.5,"inlet_capacity_lps":7.8,"nearest_drain":"MH-089","from_node":"J11774940979","to_node":"J256029578"},"geometry":{"type":"LineString","coordinates":[[80.219199,13.023212],[80.219603,13.023174]]}},{"type":"Feature","properties":{"id":"R0267","name":"East Road","highway":"residential","osm_way":160274862,"width_m":6.0,"length_m":161.0,"surface_area":966.1,"catchment_m2":5796.4,"inlet_capacity_lps":39.0,"nearest_drain":"MH-149","from_node":"J250363538","to_node":"J250363586"},"geometry":{"type":"LineString","coordinates":[[80.23039,13.026917],[80.230386,13.026977],[80.230195,13.028352]]}},{"type":"Feature","properties":{"id":"R0268","name":"East Road","highway":"residential","osm_way":160274862,"width_m":6.0,"length_m":49.9,"surface_area":299.6,"catchment_m2":1797.4,"inlet_capacity_lps":15.6,"nearest_drain":"MH-176","from_node":"J250363545","to_node":"J11491395648"},"geometry":{"type":"LineString","coordinates":[[80.230155,13.028978],[80.230094,13.029423]]}},{"type":"Feature","properties":{"id":"R0269","name":"East Road","highway":"residential","osm_way":160274862,"width_m":6.0,"length_m":69.7,"surface_area":418.5,"catchment_m2":2510.8,"inlet_capacity_lps":15.6,"nearest_drain":"MH-176","from_node":"J250363586","to_node":"J250363545"},"geometry":{"type":"LineString","coordinates":[[80.230195,13.028352],[80.230155,13.028978]]}},{"type":"Feature","properties":{"id":"R0270","name":"Elumalai Street","highway":"residential","osm_way":23634229,"width_m":6.0,"length_m":229.9,"surface_area":1379.2,"catchment_m2":8275.5,"inlet_capacity_lps":62.4,"nearest_drain":"MH-128","from_node":"J256029844","to_node":"J11365607249"},"geometry":{"type":"LineString","coordinates":[[80.219734,13.026757],[80.21834,13.026739],[80.21831,13.026762],[80.218285,13.02678],[80.218261,13.026805],[80.218238,13.026817],[80.217641,13.0268]]}},{"type":"Feature","properties":{"id":"R0271","name":"Gandhi Street","highway":"residential","osm_way":23163892,"width_m":6.0,"length_m":42.5,"surface_area":254.9,"catchment_m2":1529.4,"inlet_capacity_lps":7.8,"nearest_drain":"MH-159","from_node":"J250363498","to_node":"J250363513"},"geometry":{"type":"LineString","coordinates":[[80.225581,13.028692],[80.225965,13.028612]]}},{"type":"Feature","properties":{"id":"R0272","name":"Gandhi Street","highway":"residential","osm_way":23163892,"width_m":6.0,"length_m":122.0,"surface_area":731.8,"catchment_m2":4390.9,"inlet_capacity_lps":31.2,"nearest_drain":"MH-159","from_node":"J250363513","to_node":"J7035475569"},"geometry":{"type":"LineString","coordinates":[[80.225965,13.028612],[80.227075,13.028428]]}},{"type":"Feature","properties":{"id":"R0273","name":"Gandhi Street","highway":"residential","osm_way":23163892,"width_m":6.0,"length_m":10.3,"surface_area":61.8,"catchment_m2":370.6,"inlet_capacity_lps":7.8,"nearest_drain":"MH-160","from_node":"J7035475569","to_node":"J250363499"},"geometry":{"type":"LineString","coordinates":[[80.227075,13.028428],[80.227166,13.028404]]}},{"type":"Feature","properties":{"id":"R0274","name":"Hospital Lane","highway":"residential","osm_way":214188198,"width_m":6.0,"length_m":58.7,"surface_area":352.5,"catchment_m2":2114.7,"inlet_capacity_lps":15.6,"nearest_drain":"MH-037","from_node":"J2237806359","to_node":"J256029763"},"geometry":{"type":"LineString","coordinates":[[80.218164,13.020055],[80.218087,13.019533]]}},{"type":"Feature","properties":{"id":"R0275","name":"Hospital Road","highway":"residential","osm_way":214162273,"width_m":6.0,"length_m":128.8,"surface_area":772.7,"catchment_m2":4636.1,"inlet_capacity_lps":31.2,"nearest_drain":"MH-175","from_node":"J250363589","to_node":"J250363497"},"geometry":{"type":"LineString","coordinates":[[80.228577,13.029688],[80.22788,13.029794],[80.227411,13.029908]]}},{"type":"Feature","properties":{"id":"R0276","name":"Hospital Road","highway":"residential","osm_way":214162273,"width_m":6.0,"length_m":28.3,"surface_area":169.8,"catchment_m2":1019.1,"inlet_capacity_lps":7.8,"nearest_drain":"MH-175","from_node":"J250363595","to_node":"J250363597"},"geometry":{"type":"LineString","coordinates":[[80.229123,13.029639],[80.228862,13.029646]]}},{"type":"Feature","properties":{"id":"R0277","name":"Hospital Road","highway":"residential","osm_way":214162273,"width_m":6.0,"length_m":31.3,"surface_area":187.7,"catchment_m2":1126.4,"inlet_capacity_lps":7.8,"nearest_drain":"MH-175","from_node":"J250363597","to_node":"J250363589"},"geometry":{"type":"LineString","coordinates":[[80.228862,13.029646],[80.228577,13.029688]]}},{"type":"Feature","properties":{"id":"R0278","name":"Hospital Road","highway":"residential","osm_way":214188199,"width_m":6.0,"length_m":62.3,"surface_area":373.9,"catchment_m2":2243.4,"inlet_capacity_lps":15.6,"nearest_drain":"MH-038","from_node":"J256029755","to_node":"J2239237809"},"geometry":{"type":"LineString","coordinates":[[80.219489,13.019452],[80.218914,13.019473]]}},{"type":"Feature","properties":{"id":"R0279","name":"Hospital Road","highway":"residential","osm_way":214188199,"width_m":6.0,"length_m":46.9,"surface_area":281.7,"catchment_m2":1690.1,"inlet_capacity_lps":15.6,"nearest_drain":"MH-036","from_node":"J256029763","to_node":"J256029764"},"geometry":{"type":"LineString","coordinates":[[80.218087,13.019533],[80.217659,13.019602]]}},{"type":"Feature","properties":{"id":"R0280","name":"Hospital Road","highway":"residential","osm_way":214188199,"width_m":6.0,"length_m":12.5,"surface_area":75.0,"catchment_m2":449.8,"inlet_capacity_lps":7.8,"nearest_drain":"MH-036","from_node":"J256029764","to_node":"J301300026"},"geometry":{"type":"LineString","coordinates":[[80.217659,13.019602],[80.217549,13.019636]]}},{"type":"Feature","properties":{"id":"R0281","name":"Hospital Road","highway":"residential","osm_way":214188199,"width_m":6.0,"length_m":27.6,"surface_area":165.9,"catchment_m2":995.1,"inlet_capacity_lps":7.8,"nearest_drain":"MH-036","from_node":"J256029776","to_node":"J301300045"},"geometry":{"type":"LineString","coordinates":[[80.217325,13.019694],[80.21708,13.019764]]}},{"type":"Feature","properties":{"id":"R0282","name":"Hospital Road","highway":"residential","osm_way":214188199,"width_m":6.0,"length_m":25.1,"surface_area":150.9,"catchment_m2":905.2,"inlet_capacity_lps":7.8,"nearest_drain":"MH-036","from_node":"J301300026","to_node":"J256029776"},"geometry":{"type":"LineString","coordinates":[[80.217549,13.019636],[80.217325,13.019694]]}},{"type":"Feature","properties":{"id":"R0283","name":"Hospital Road","highway":"residential","osm_way":214188199,"width_m":6.0,"length_m":49.3,"surface_area":295.9,"catchment_m2":1775.3,"inlet_capacity_lps":15.6,"nearest_drain":"MH-036","from_node":"J301300045","to_node":"J2239237817"},"geometry":{"type":"LineString","coordinates":[[80.21708,13.019764],[80.216645,13.019894]]}},{"type":"Feature","properties":{"id":"R0284","name":"Hospital Road","highway":"residential","osm_way":214188199,"width_m":6.0,"length_m":89.9,"surface_area":539.3,"catchment_m2":3235.7,"inlet_capacity_lps":23.4,"nearest_drain":"MH-037","from_node":"J2239237809","to_node":"J256029763"},"geometry":{"type":"LineString","coordinates":[[80.218914,13.019473],[80.218611,13.019495],[80.218087,13.019533]]}},{"type":"Feature","properties":{"id":"R0285","name":"Hospital Road","highway":"residential","osm_way":214188199,"width_m":6.0,"length_m":27.4,"surface_area":164.6,"catchment_m2":987.5,"inlet_capacity_lps":7.8,"nearest_drain":"MH-049","from_node":"J2239237817","to_node":"J1412280354"},"geometry":{"type":"LineString","coordinates":[[80.216645,13.019894],[80.216402,13.019965]]}},{"type":"Feature","properties":{"id":"R0286","name":"Hospital Road","highway":"residential","osm_way":214188199,"width_m":6.0,"length_m":16.9,"surface_area":101.3,"catchment_m2":608.0,"inlet_capacity_lps":7.8,"nearest_drain":"MH-038","from_node":"J7042650198","to_node":"J256029755"},"geometry":{"type":"LineString","coordinates":[[80.219638,13.019408],[80.219489,13.019452]]}},{"type":"Feature","properties":{"id":"R0287","name":"Ilayazwar koil street","highway":"residential","osm_way":214366920,"width_m":6.0,"length_m":18.6,"surface_area":111.8,"catchment_m2":670.9,"inlet_capacity_lps":7.8,"nearest_drain":"MH-086","from_node":"J416015878","to_node":"J2239237881"},"geometry":{"type":"LineString","coordinates":[[80.21701,13.023039],[80.217096,13.023057],[80.21713,13.023082],[80.217143,13.023121]]}},{"type":"Feature","properties":{"id":"R0288","name":"Ilayazwar koil street","highway":"residential","osm_way":1232153708,"width_m":6.0,"length_m":44.5,"surface_area":266.7,"catchment_m2":1600.3,"inlet_capacity_lps":7.8,"nearest_drain":"MH-098","from_node":"J2172914908","to_node":"J416015881"},"geometry":{"type":"LineString","coordinates":[[80.217203,13.02391],[80.217232,13.024309]]}},{"type":"Feature","properties":{"id":"R0289","name":"Ilayazwar koil street","highway":"residential","osm_way":214366920,"width_m":6.0,"length_m":27.9,"surface_area":167.5,"catchment_m2":1005.0,"inlet_capacity_lps":7.8,"nearest_drain":"MH-087","from_node":"J2239237881","to_node":"J2239237883"},"geometry":{"type":"LineString","coordinates":[[80.217143,13.023121],[80.217158,13.023371]]}},{"type":"Feature","properties":{"id":"R0290","name":"Ilayazwar koil street","highway":"residential","osm_way":214366920,"width_m":6.0,"length_m":27.0,"surface_area":162.2,"catchment_m2":973.2,"inlet_capacity_lps":7.8,"nearest_drain":"MH-087","from_node":"J2239237883","to_node":"J9189073679"},"geometry":{"type":"LineString","coordinates":[[80.217158,13.023371],[80.217179,13.023614]]}},{"type":"Feature","properties":{"id":"R0291","name":"Ilayazwar koil street","highway":"residential","osm_way":1232153708,"width_m":6.0,"length_m":33.1,"surface_area":198.3,"catchment_m2":1190.1,"inlet_capacity_lps":7.8,"nearest_drain":"MH-098","from_node":"J9189073679","to_node":"J2172914908"},"geometry":{"type":"LineString","coordinates":[[80.217179,13.023614],[80.2172,13.023862],[80.217203,13.02391]]}},{"type":"Feature","properties":{"id":"R0292","name":"Jayaram Street","highway":"residential","osm_way":27442544,"width_m":6.0,"length_m":42.1,"surface_area":252.8,"catchment_m2":1516.7,"inlet_capacity_lps":7.8,"nearest_drain":"MH-056","from_node":"J301300685","to_node":"J2237675611"},"geometry":{"type":"LineString","coordinates":[[80.224966,13.020342],[80.224902,13.020716]]}},{"type":"Feature","properties":{"id":"R0293","name":"Jayaram Street","highway":"residential","osm_way":27442544,"width_m":6.0,"length_m":152.8,"surface_area":916.7,"catchment_m2":5500.0,"inlet_capacity_lps":39.0,"nearest_drain":"MH-056","from_node":"J2237675611","to_node":"J301300687"},"geometry":{"type":"LineString","coordinates":[[80.224902,13.020716],[80.224778,13.021469],[80.224691,13.021824],[80.224627,13.022062]]}},{"type":"Feature","properties":{"id":"R0294","name":"Jeenis Road","highway":"residential","osm_way":29883036,"width_m":6.0,"length_m":133.1,"surface_area":798.9,"catchment_m2":4793.4,"inlet_capacity_lps":31.2,"nearest_drain":"MH-091","from_node":"J256035522","to_node":"J256035525"},"geometry":{"type":"LineString","coordinates":[[80.224303,13.022683],[80.22438,13.023325],[80.22443,13.023873]]}},{"type":"Feature","properties":{"id":"R0295","name":"Jeenis Road","highway":"residential","osm_way":214598742,"width_m":6.0,"length_m":154.4,"surface_area":926.3,"catchment_m2":5557.8,"inlet_capacity_lps":39.0,"nearest_drain":"MH-091","from_node":"J256035525","to_node":"J658977916"},"geometry":{"type":"LineString","coordinates":[[80.22443,13.023873],[80.224512,13.024996],[80.224549,13.025256]]}},{"type":"Feature","properties":{"id":"R0296","name":"Jeenis Road","highway":"residential","osm_way":29883036,"width_m":6.0,"length_m":87.4,"surface_area":524.7,"catchment_m2":3147.9,"inlet_capacity_lps":23.4,"nearest_drain":"MH-081","from_node":"J278613466","to_node":"J256035522"},"geometry":{"type":"LineString","coordinates":[[80.224268,13.021897],[80.224277,13.022211],[80.224303,13.022683]]}},{"type":"Feature","properties":{"id":"R0297","name":"Jeenis Road","highway":"residential","osm_way":214172307,"width_m":6.0,"length_m":90.3,"surface_area":541.6,"catchment_m2":3249.5,"inlet_capacity_lps":23.4,"nearest_drain":"MH-119","from_node":"J2237675785","to_node":"J2237675787"},"geometry":{"type":"LineString","coordinates":[[80.226012,13.025275],[80.225905,13.02526],[80.22588,13.025257],[80.225205,13.025271],[80.22518,13.025272]]}},{"type":"Feature","properties":{"id":"R0298","name":"Jeer Lane","highway":"residential","osm_way":995110702,"width_m":6.0,"length_m":38.5,"surface_area":231.1,"catchment_m2":1386.8,"inlet_capacity_lps":7.8,"nearest_drain":"MH-091","from_node":"J2016779517","to_node":"J9189073686"},"geometry":{"type":"LineString","coordinates":[[80.224987,13.023552],[80.225342,13.023541]]}},{"type":"Feature","properties":{"id":"R0299","name":"Jeer Lane","highway":"residential","osm_way":995110702,"width_m":6.0,"length_m":15.6,"surface_area":93.4,"catchment_m2":560.7,"inlet_capacity_lps":7.8,"nearest_drain":"MH-091","from_node":"J9189073685","to_node":"J2016779517"},"geometry":{"type":"LineString","coordinates":[[80.224843,13.023556],[80.224987,13.023552]]}},{"type":"Feature","properties":{"id":"R0300","name":"Jothiammal Nagar","highway":"residential","osm_way":127574699,"width_m":6.0,"length_m":72.9,"surface_area":437.6,"catchment_m2":2625.4,"inlet_capacity_lps":15.6,"nearest_drain":"MH-071","from_node":"J256035577","to_node":"J2168668880"},"geometry":{"type":"LineString","coordinates":[[80.228568,13.02127],[80.229205,13.021056]]}},{"type":"Feature","properties":{"id":"R0301","name":"Jothiammal Nagar","highway":"residential","osm_way":127574699,"width_m":6.0,"length_m":24.0,"surface_area":144.0,"catchment_m2":863.7,"inlet_capacity_lps":7.8,"nearest_drain":"MH-060","from_node":"J269767409","to_node":"J13399298675"},"geometry":{"type":"LineString","coordinates":[[80.230046,13.020767],[80.230256,13.020699]]}},{"type":"Feature","properties":{"id":"R0302","name":"Jothiammal Nagar","highway":"residential","osm_way":127574699,"width_m":6.0,"length_m":34.4,"surface_area":206.2,"catchment_m2":1237.1,"inlet_capacity_lps":7.8,"nearest_drain":"MH-061","from_node":"J269767422","to_node":"J1411621698"},"geometry":{"type":"LineString","coordinates":[[80.230524,13.02061],[80.230637,13.020568],[80.230824,13.020511]]}},{"type":"Feature","properties":{"id":"R0303","name":"Jothiammal Nagar","highway":"residential","osm_way":127574699,"width_m":6.0,"length_m":96.7,"surface_area":579.9,"catchment_m2":3479.6,"inlet_capacity_lps":23.4,"nearest_drain":"MH-060","from_node":"J2168668880","to_node":"J269767409"},"geometry":{"type":"LineString","coordinates":[[80.229205,13.021056],[80.230046,13.020767]]}},{"type":"Feature","properties":{"id":"R0304","name":"Jothiammal Nagar","highway":"residential","osm_way":1189557747,"width_m":6.0,"length_m":121.6,"surface_area":729.8,"catchment_m2":4378.7,"inlet_capacity_lps":31.2,"nearest_drain":"MH-070","from_node":"J2237592459","to_node":"J7652452428"},"geometry":{"type":"LineString","coordinates":[[80.225756,13.021199],[80.226186,13.021022],[80.226527,13.020915],[80.226738,13.020867],[80.226817,13.020885]]}},{"type":"Feature","properties":{"id":"R0305","name":"Jothiammal Nagar","highway":"residential","osm_way":127574699,"width_m":6.0,"length_m":203.8,"surface_area":1222.7,"catchment_m2":7336.2,"inlet_capacity_lps":54.6,"nearest_drain":"MH-071","from_node":"J7652452428","to_node":"J256035577"},"geometry":{"type":"LineString","coordinates":[[80.226817,13.020885],[80.226903,13.020904],[80.227322,13.021123],[80.227858,13.021338],[80.228128,13.021307],[80.228282,13.021364],[80.228568,13.02127]]}},{"type":"Feature","properties":{"id":"R0306","name":"Jothiammal Nagar","highway":"residential","osm_way":127574699,"width_m":6.0,"length_m":21.0,"surface_area":125.9,"catchment_m2":755.4,"inlet_capacity_lps":7.8,"nearest_drain":"MH-061","from_node":"J10574445786","to_node":"J269767422"},"geometry":{"type":"LineString","coordinates":[[80.230341,13.020671],[80.230357,13.020666],[80.230524,13.02061]]}},{"type":"Feature","properties":{"id":"R0307","name":"Jothiammal Nagar","highway":"residential","osm_way":127574699,"width_m":6.0,"length_m":9.7,"surface_area":58.1,"catchment_m2":348.3,"inlet_capacity_lps":7.8,"nearest_drain":"MH-061","from_node":"J13399298675","to_node":"J10574445786"},"geometry":{"type":"LineString","coordinates":[[80.230256,13.020699],[80.230341,13.020671]]}},{"type":"Feature","properties":{"id":"R0308","name":"Kamakodi Street","highway":"residential","osm_way":214180589,"width_m":6.0,"length_m":51.3,"surface_area":308.0,"catchment_m2":1848.0,"inlet_capacity_lps":15.6,"nearest_drain":"MH-127","from_node":"J2237738508","to_node":"J2237738510"},"geometry":{"type":"LineString","coordinates":[[80.218113,13.026571],[80.21794,13.026573],[80.217768,13.026576],[80.217639,13.026578]]}},{"type":"Feature","properties":{"id":"R0309","name":"Kamarajar street","highway":"residential","osm_way":437234535,"width_m":6.0,"length_m":97.5,"surface_area":585.0,"catchment_m2":3510.1,"inlet_capacity_lps":23.4,"nearest_drain":"MH-151","from_node":"J256031708","to_node":"J4350494421"},"geometry":{"type":"LineString","coordinates":[[80.217517,13.028256],[80.218413,13.028181]]}},{"type":"Feature","properties":{"id":"R0310","name":"Kambar Street","highway":"residential","osm_way":207139292,"width_m":6.0,"length_m":38.5,"surface_area":231.2,"catchment_m2":1387.1,"inlet_capacity_lps":7.8,"nearest_drain":"MH-140","from_node":"J256031744","to_node":"J256031750"},"geometry":{"type":"LineString","coordinates":[[80.217269,13.027076],[80.217623,13.02711]]}},{"type":"Feature","properties":{"id":"R0311","name":"Kambar Street","highway":"residential","osm_way":127647963,"width_m":6.0,"length_m":54.0,"surface_area":323.9,"catchment_m2":1943.6,"inlet_capacity_lps":15.6,"nearest_drain":"MH-016","from_node":"J2237806282","to_node":"J1412280396"},"geometry":{"type":"LineString","coordinates":[[80.220254,13.017471],[80.22024,13.017479],[80.220215,13.017483],[80.219762,13.017536]]}},{"type":"Feature","properties":{"id":"R0312","name":"Kambar Street","highway":"residential","osm_way":207139292,"width_m":6.0,"length_m":108.0,"surface_area":647.9,"catchment_m2":3887.3,"inlet_capacity_lps":31.2,"nearest_drain":"MH-139","from_node":"J11365607253","to_node":"J256031744"},"geometry":{"type":"LineString","coordinates":[[80.216273,13.027036],[80.216548,13.027041],[80.217269,13.027076]]}},{"type":"Feature","properties":{"id":"R0313","name":"Kannagi Street","highway":"residential","osm_way":214188202,"width_m":6.0,"length_m":46.5,"surface_area":278.8,"catchment_m2":1672.9,"inlet_capacity_lps":15.6,"nearest_drain":"MH-028","from_node":"J2237806300","to_node":"J2237806306"},"geometry":{"type":"LineString","coordinates":[[80.219813,13.017959],[80.219386,13.017993]]}},{"type":"Feature","properties":{"id":"R0314","name":"Karaneeswar Koil Street","highway":"residential","osm_way":30953265,"width_m":40.0,"length_m":254.3,"surface_area":10173.8,"catchment_m2":17804.1,"inlet_capacity_lps":124.8,"nearest_drain":"MH-104","from_node":"J277442968","to_node":"J277442969"},"geometry":{"type":"LineString","coordinates":[[80.22324,13.024373],[80.223197,13.023747],[80.223187,13.023426],[80.223094,13.02256],[80.223049,13.022094]]}},{"type":"Feature","properties":{"id":"R0315","name":"Karani Garden 1st Street","highway":"residential","osm_way":23634428,"width_m":6.0,"length_m":142.1,"surface_area":852.4,"catchment_m2":5114.5,"inlet_capacity_lps":39.0,"nearest_drain":"MH-115","from_node":"J256031645","to_node":"J256031794"},"geometry":{"type":"LineString","coordinates":[[80.2211,13.025445],[80.21979,13.025375]]}},{"type":"Feature","properties":{"id":"R0316","name":"Karani Garden 2nd Street","highway":"residential","osm_way":23634427,"width_m":6.0,"length_m":142.4,"surface_area":854.3,"catchment_m2":5126.0,"inlet_capacity_lps":39.0,"nearest_drain":"MH-130","from_node":"J256031787","to_node":"J256031792"},"geometry":{"type":"LineString","coordinates":[[80.21978,13.025842],[80.221092,13.025917]]}},{"type":"Feature","properties":{"id":"R0317","name":"Karani Garden 3rd Street","highway":"residential","osm_way":23634426,"width_m":6.0,"length_m":142.1,"surface_area":852.5,"catchment_m2":5115.0,"inlet_capacity_lps":39.0,"nearest_drain":"MH-128","from_node":"J256031777","to_node":"J256031782"},"geometry":{"type":"LineString","coordinates":[[80.221053,13.026457],[80.219743,13.026409]]}},{"type":"Feature","properties":{"id":"R0318","name":"Karani Garden Main Street","highway":"residential","osm_way":30953269,"width_m":6.0,"length_m":56.2,"surface_area":337.1,"catchment_m2":2022.6,"inlet_capacity_lps":15.6,"nearest_drain":"MH-115","from_node":"J256029646","to_node":"J256031645"},"geometry":{"type":"LineString","coordinates":[[80.221139,13.024942],[80.2211,13.025445]]}},{"type":"Feature","properties":{"id":"R0319","name":"Karani Garden Main Street","highway":"residential","osm_way":30953269,"width_m":6.0,"length_m":52.5,"surface_area":314.8,"catchment_m2":1888.8,"inlet_capacity_lps":15.6,"nearest_drain":"MH-115","from_node":"J256031645","to_node":"J256031792"},"geometry":{"type":"LineString","coordinates":[[80.2211,13.025445],[80.221092,13.025917]]}},{"type":"Feature","properties":{"id":"R0320","name":"Karani Garden Main Street","highway":"residential","osm_way":30953269,"width_m":6.0,"length_m":60.2,"surface_area":361.2,"catchment_m2":2166.9,"inlet_capacity_lps":15.6,"nearest_drain":"MH-129","from_node":"J256031792","to_node":"J256031777"},"geometry":{"type":"LineString","coordinates":[[80.221092,13.025917],[80.221053,13.026457]]}},{"type":"Feature","properties":{"id":"R0321","name":"Kavarai Street","highway":"residential","osm_way":26528240,"width_m":6.0,"length_m":62.7,"surface_area":376.4,"catchment_m2":2258.3,"inlet_capacity_lps":15.6,"nearest_drain":"MH-075","from_node":"J256029624","to_node":"J256031628"},"geometry":{"type":"LineString","coordinates":[[80.217803,13.021507],[80.21787,13.022067]]}},{"type":"Feature","properties":{"id":"R0322","name":"Kavarai Street","highway":"residential","osm_way":1232150605,"width_m":6.0,"length_m":45.3,"surface_area":272.1,"catchment_m2":1632.5,"inlet_capacity_lps":15.6,"nearest_drain":"MH-075","from_node":"J256029654","to_node":"J256031640"},"geometry":{"type":"LineString","coordinates":[[80.217989,13.022592],[80.218041,13.022997]]}},{"type":"Feature","properties":{"id":"R0323","name":"Kavarai Street","highway":"residential","osm_way":1232150605,"width_m":6.0,"length_m":59.5,"surface_area":357.3,"catchment_m2":2143.5,"inlet_capacity_lps":15.6,"nearest_drain":"MH-099","from_node":"J256029664","to_node":"J256029799"},"geometry":{"type":"LineString","coordinates":[[80.218238,13.024237],[80.218276,13.024771]]}},{"type":"Feature","properties":{"id":"R0324","name":"Kavarai Street","highway":"residential","osm_way":26528240,"width_m":6.0,"length_m":75.6,"surface_area":453.8,"catchment_m2":2722.5,"inlet_capacity_lps":23.4,"nearest_drain":"MH-036","from_node":"J256029776","to_node":"J256031615"},"geometry":{"type":"LineString","coordinates":[[80.217325,13.019694],[80.217428,13.020038],[80.217516,13.020348]]}},{"type":"Feature","properties":{"id":"R0325","name":"Kavarai Street","highway":"residential","osm_way":26528240,"width_m":6.0,"length_m":21.9,"surface_area":131.6,"catchment_m2":789.6,"inlet_capacity_lps":7.8,"nearest_drain":"MH-050","from_node":"J256029785","to_node":"J256031622"},"geometry":{"type":"LineString","coordinates":[[80.217667,13.020846],[80.217723,13.021035]]}},{"type":"Feature","properties":{"id":"R0326","name":"Kavarai Street","highway":"residential","osm_way":26528240,"width_m":6.0,"length_m":57.7,"surface_area":346.4,"catchment_m2":2078.7,"inlet_capacity_lps":15.6,"nearest_drain":"MH-050","from_node":"J256031615","to_node":"J256029785"},"geometry":{"type":"LineString","coordinates":[[80.217516,13.020348],[80.217667,13.020846]]}},{"type":"Feature","properties":{"id":"R0327","name":"Kavarai Street","highway":"residential","osm_way":26528240,"width_m":6.0,"length_m":7.8,"surface_area":46.9,"catchment_m2":281.2,"inlet_capacity_lps":7.8,"nearest_drain":"MH-063","from_node":"J256031622","to_node":"J9189073658"},"geometry":{"type":"LineString","coordinates":[[80.217723,13.021035],[80.217734,13.021105]]}},{"type":"Feature","properties":{"id":"R0328","name":"Kavarai Street","highway":"residential","osm_way":26528240,"width_m":6.0,"length_m":11.6,"surface_area":69.4,"catchment_m2":416.3,"inlet_capacity_lps":7.8,"nearest_drain":"MH-075","from_node":"J256031628","to_node":"J11428646347"},"geometry":{"type":"LineString","coordinates":[[80.21787,13.022067],[80.217885,13.02217]]}},{"type":"Feature","properties":{"id":"R0329","name":"Kavarai Street","highway":"residential","osm_way":1232150605,"width_m":6.0,"length_m":139.6,"surface_area":837.7,"catchment_m2":5026.0,"inlet_capacity_lps":39.0,"nearest_drain":"MH-088","from_node":"J256031640","to_node":"J256029664"},"geometry":{"type":"LineString","coordinates":[[80.218041,13.022997],[80.218098,13.023361],[80.218171,13.02372],[80.218238,13.024237]]}},{"type":"Feature","properties":{"id":"R0330","name":"Kavarai Street","highway":"residential","osm_way":26528240,"width_m":6.0,"length_m":45.3,"surface_area":271.7,"catchment_m2":1630.4,"inlet_capacity_lps":15.6,"nearest_drain":"MH-063","from_node":"J9189073658","to_node":"J256029624"},"geometry":{"type":"LineString","coordinates":[[80.217734,13.021105],[80.217803,13.021507]]}},{"type":"Feature","properties":{"id":"R0331","name":"Kavarai Street","highway":"residential","osm_way":26528240,"width_m":6.0,"length_m":47.8,"surface_area":286.8,"catchment_m2":1720.7,"inlet_capacity_lps":15.6,"nearest_drain":"MH-075","from_node":"J11428646347","to_node":"J11428701005"},"geometry":{"type":"LineString","coordinates":[[80.217885,13.02217],[80.217931,13.022597]]}},{"type":"Feature","properties":{"id":"R0332","name":"Koothadum Pilliyar Koil Street","highway":"residential","osm_way":1210960913,"width_m":6.0,"length_m":97.4,"surface_area":584.3,"catchment_m2":3505.9,"inlet_capacity_lps":23.4,"nearest_drain":"MH-079","from_node":"J256029644","to_node":"J11219674096"},"geometry":{"type":"LineString","coordinates":[[80.221228,13.02219],[80.221224,13.023066]]}},{"type":"Feature","properties":{"id":"R0333","name":"Koothadum Pilliyar Koil Street","highway":"residential","osm_way":29885235,"width_m":6.0,"length_m":26.1,"surface_area":156.8,"catchment_m2":940.6,"inlet_capacity_lps":7.8,"nearest_drain":"MH-102","from_node":"J256029647","to_node":"J256029671"},"geometry":{"type":"LineString","coordinates":[[80.221172,13.024276],[80.221167,13.024511]]}},{"type":"Feature","properties":{"id":"R0334","name":"Koothadum Pilliyar Koil Street","highway":"residential","osm_way":29885235,"width_m":6.0,"length_m":15.0,"surface_area":90.2,"catchment_m2":541.2,"inlet_capacity_lps":7.8,"nearest_drain":"MH-102","from_node":"J256029671","to_node":"J256029677"},"geometry":{"type":"LineString","coordinates":[[80.221167,13.024511],[80.221158,13.024646]]}},{"type":"Feature","properties":{"id":"R0335","name":"Koothadum Pilliyar Koil Street","highway":"residential","osm_way":29885235,"width_m":6.0,"length_m":32.9,"surface_area":197.5,"catchment_m2":1184.7,"inlet_capacity_lps":7.8,"nearest_drain":"MH-102","from_node":"J256029677","to_node":"J256029646"},"geometry":{"type":"LineString","coordinates":[[80.221158,13.024646],[80.221139,13.024942]]}},{"type":"Feature","properties":{"id":"R0336","name":"Koothadum Pilliyar Koil Street","highway":"residential","osm_way":29885235,"width_m":6.0,"length_m":134.7,"surface_area":808.3,"catchment_m2":4849.9,"inlet_capacity_lps":31.2,"nearest_drain":"MH-102","from_node":"J11219674096","to_node":"J256029647"},"geometry":{"type":"LineString","coordinates":[[80.221224,13.023066],[80.221172,13.024276]]}},{"type":"Feature","properties":{"id":"R0337","name":"Kumaran Colony 2nd Street","highway":"residential","osm_way":214180595,"width_m":6.0,"length_m":122.7,"surface_area":736.3,"catchment_m2":4417.7,"inlet_capacity_lps":31.2,"nearest_drain":"MH-156","from_node":"J2237738523","to_node":"J6304859530"},"geometry":{"type":"LineString","coordinates":[[80.222284,13.027702],[80.222274,13.028015],[80.222275,13.028026],[80.222281,13.028036],[80.222289,13.028043],[80.222298,13.028047],[80.223065,13.028055]]}},{"type":"Feature","properties":{"id":"R0338","name":"Kumaran Colony 2nd Street","highway":"residential","osm_way":214180595,"width_m":6.0,"length_m":102.8,"surface_area":617.1,"catchment_m2":3702.6,"inlet_capacity_lps":23.4,"nearest_drain":"MH-157","from_node":"J6304859530","to_node":"J256031684"},"geometry":{"type":"LineString","coordinates":[[80.223065,13.028055],[80.224014,13.02809]]}},{"type":"Feature","properties":{"id":"R0339","name":"Kumarasamy Street","highway":"residential","osm_way":23634234,"width_m":6.0,"length_m":53.3,"surface_area":320.0,"catchment_m2":1919.7,"inlet_capacity_lps":15.6,"nearest_drain":"MH-127","from_node":"J256029900","to_node":"J256029924"},"geometry":{"type":"LineString","coordinates":[[80.218141,13.026042],[80.218047,13.02604],[80.217912,13.026037],[80.217742,13.026033],[80.217649,13.02603]]}},{"type":"Feature","properties":{"id":"R0340","name":"LDG Road","highway":"residential","osm_way":24831576,"width_m":6.0,"length_m":216.2,"surface_area":1297.4,"catchment_m2":7784.2,"inlet_capacity_lps":54.6,"nearest_drain":"MH-003","from_node":"J269767197","to_node":"J2241065633"},"geometry":{"type":"LineString","coordinates":[[80.228002,13.016723],[80.227772,13.016387],[80.227726,13.016312],[80.227456,13.016047],[80.227396,13.015971],[80.227319,13.015873],[80.226944,13.015155],[80.226917,13.015107]]}},{"type":"Feature","properties":{"id":"R0341","name":"LDG Road","highway":"residential","osm_way":160185079,"width_m":6.0,"length_m":7.0,"surface_area":42.2,"catchment_m2":253.1,"inlet_capacity_lps":7.8,"nearest_drain":"MH-011","from_node":"J269767197","to_node":"J2168668838"},"geometry":{"type":"LineString","coordinates":[[80.228002,13.016723],[80.227946,13.016756]]}},{"type":"Feature","properties":{"id":"R0342","name":"LDG Road","highway":"residential","osm_way":160185079,"width_m":6.0,"length_m":18.8,"surface_area":112.7,"catchment_m2":675.9,"inlet_capacity_lps":7.8,"nearest_drain":"MH-022","from_node":"J269767207","to_node":"J2241068036"},"geometry":{"type":"LineString","coordinates":[[80.22721,13.017145],[80.227037,13.017136]]}},{"type":"Feature","properties":{"id":"R0343","name":"LDG Road","highway":"residential","osm_way":160185079,"width_m":6.0,"length_m":129.8,"surface_area":778.7,"catchment_m2":4672.3,"inlet_capacity_lps":31.2,"nearest_drain":"MH-009","from_node":"J269767212","to_node":"J9189073692"},"geometry":{"type":"LineString","coordinates":[[80.22682,13.01707],[80.22671,13.016969],[80.225964,13.016254]]}},{"type":"Feature","properties":{"id":"R0344","name":"LDG Road","highway":"residential","osm_way":160185079,"width_m":6.0,"length_m":91.6,"surface_area":549.5,"catchment_m2":3296.9,"inlet_capacity_lps":23.4,"nearest_drain":"MH-011","from_node":"J2168668838","to_node":"J269767207"},"geometry":{"type":"LineString","coordinates":[[80.227946,13.016756],[80.227627,13.016943],[80.227423,13.017075],[80.227315,13.017129],[80.22721,13.017145]]}},{"type":"Feature","properties":{"id":"R0345","name":"LDG Road","highway":"residential","osm_way":160185079,"width_m":6.0,"length_m":24.6,"surface_area":147.6,"catchment_m2":885.7,"inlet_capacity_lps":7.8,"nearest_drain":"MH-022","from_node":"J2241068036","to_node":"J269767212"},"geometry":{"type":"LineString","coordinates":[[80.227037,13.017136],[80.22682,13.01707]]}},{"type":"Feature","properties":{"id":"R0346","name":"LDG Road","highway":"residential","osm_way":160185079,"width_m":6.0,"length_m":38.7,"surface_area":232.3,"catchment_m2":1394.0,"inlet_capacity_lps":7.8,"nearest_drain":"MH-009","from_node":"J9189073692","to_node":"J269767231"},"geometry":{"type":"LineString","coordinates":[[80.225964,13.016254],[80.225915,13.016213],[80.225798,13.016117],[80.225671,13.016059]]}},{"type":"Feature","properties":{"id":"R0347","name":"Mosque lane","highway":"residential","osm_way":23634400,"width_m":6.0,"length_m":34.1,"surface_area":204.3,"catchment_m2":1225.9,"inlet_capacity_lps":7.8,"nearest_drain":"MH-063","from_node":"J256031622","to_node":"J2237806380"},"geometry":{"type":"LineString","coordinates":[[80.217723,13.021035],[80.218028,13.020961]]}},{"type":"Feature","properties":{"id":"R0348","name":"Mosque lane","highway":"residential","osm_way":23634400,"width_m":6.0,"length_m":116.6,"surface_area":699.6,"catchment_m2":4197.4,"inlet_capacity_lps":31.2,"nearest_drain":"MH-052","from_node":"J2237806380","to_node":"J256031624"},"geometry":{"type":"LineString","coordinates":[[80.218028,13.020961],[80.218228,13.020934],[80.218619,13.020908],[80.218892,13.020902],[80.219101,13.020919]]}},{"type":"Feature","properties":{"id":"R0349","name":"Munusamy Street","highway":"residential","osm_way":23634236,"width_m":6.0,"length_m":38.0,"surface_area":228.3,"catchment_m2":1369.7,"inlet_capacity_lps":7.8,"nearest_drain":"MH-111","from_node":"J256029619","to_node":"J11365607241"},"geometry":{"type":"LineString","coordinates":[[80.217649,13.025763],[80.217298,13.025764]]}},{"type":"Feature","properties":{"id":"R0350","name":"Munusamy Street","highway":"residential","osm_way":23634236,"width_m":6.0,"length_m":47.0,"surface_area":281.9,"catchment_m2":1691.4,"inlet_capacity_lps":15.6,"nearest_drain":"MH-112","from_node":"J11365607240","to_node":"J256029619"},"geometry":{"type":"LineString","coordinates":[[80.218083,13.025771],[80.217649,13.025763]]}},{"type":"Feature","properties":{"id":"R0351","name":"Muthurangam Road","highway":"residential","osm_way":23047834,"width_m":6.0,"length_m":61.8,"surface_area":370.6,"catchment_m2":2223.4,"inlet_capacity_lps":15.6,"nearest_drain":"MH-175","from_node":"J250363592","to_node":"J250363589"},"geometry":{"type":"LineString","coordinates":[[80.228564,13.029133],[80.228577,13.029688]]}},{"type":"Feature","properties":{"id":"R0352","name":"Nagalingam Street","highway":"residential","osm_way":1232161316,"width_m":6.0,"length_m":39.4,"surface_area":236.4,"catchment_m2":1418.4,"inlet_capacity_lps":7.8,"nearest_drain":"MH-027","from_node":"J9885084116","to_node":"J11428752899"},"geometry":{"type":"LineString","coordinates":[[80.218775,13.018373],[80.218865,13.018315],[80.218915,13.018282],[80.218927,13.01823],[80.219027,13.018135]]}},{"type":"Feature","properties":{"id":"R0353","name":"Natarajan Street","highway":"residential","osm_way":23634425,"width_m":6.0,"length_m":230.9,"surface_area":1385.2,"catchment_m2":8311.4,"inlet_capacity_lps":62.4,"nearest_drain":"MH-141","from_node":"J256031750","to_node":"J256031754"},"geometry":{"type":"LineString","coordinates":[[80.217623,13.02711],[80.219753,13.027178]]}},{"type":"Feature","properties":{"id":"R0354","name":"Nehru Street","highway":"residential","osm_way":1232157597,"width_m":6.0,"length_m":49.3,"surface_area":295.6,"catchment_m2":1773.4,"inlet_capacity_lps":15.6,"nearest_drain":"MH-028","from_node":"J11428752986","to_node":"J11428752987"},"geometry":{"type":"LineString","coordinates":[[80.21939,13.018277],[80.219842,13.018232]]}},{"type":"Feature","properties":{"id":"R0355","name":"Nethaji Street","highway":"residential","osm_way":27709133,"width_m":6.0,"length_m":228.1,"surface_area":1368.5,"catchment_m2":8211.0,"inlet_capacity_lps":62.4,"nearest_drain":"MH-131","from_node":"J256031652","to_node":"J250363482"},"geometry":{"type":"LineString","coordinates":[[80.222002,13.026734],[80.224105,13.02683]]}},{"type":"Feature","properties":{"id":"R0356","name":"New Street","highway":"residential","osm_way":206819125,"width_m":6.0,"length_m":234.0,"surface_area":1404.0,"catchment_m2":8423.9,"inlet_capacity_lps":62.4,"nearest_drain":"MH-170","from_node":"J2168668955","to_node":"J2172914961"},"geometry":{"type":"LineString","coordinates":[[80.223935,13.029055],[80.223716,13.029],[80.223439,13.028967],[80.222879,13.028963],[80.221786,13.029016]]}},{"type":"Feature","properties":{"id":"R0357","name":"North Road","highway":"residential","osm_way":722197016,"width_m":6.0,"length_m":49.4,"surface_area":296.6,"catchment_m2":1779.9,"inlet_capacity_lps":15.6,"nearest_drain":"MH-161","from_node":"J250363499","to_node":"J6102767474"},"geometry":{"type":"LineString","coordinates":[[80.227166,13.028404],[80.22762,13.028351]]}},{"type":"Feature","properties":{"id":"R0358","name":"North Road","highway":"residential","osm_way":27108526,"width_m":12.0,"length_m":269.7,"surface_area":3236.1,"catchment_m2":11326.5,"inlet_capacity_lps":140.4,"nearest_drain":"MH-161","from_node":"J250363500","to_node":"J11491395660"},"geometry":{"type":"LineString","coordinates":[[80.227916,13.028315],[80.228206,13.028306],[80.228447,13.0284],[80.22993,13.029392],[80.230059,13.029446]]}},{"type":"Feature","properties":{"id":"R0359","name":"North Road","highway":"residential","osm_way":1237237482,"width_m":6.0,"length_m":10.3,"surface_area":61.9,"catchment_m2":371.2,"inlet_capacity_lps":7.8,"nearest_drain":"MH-177","from_node":"J2237592486","to_node":"J2239156001"},"geometry":{"type":"LineString","coordinates":[[80.230756,13.029524],[80.23085,13.029533]]}},{"type":"Feature","properties":{"id":"R0360","name":"North Road","highway":"residential","osm_way":650571895,"width_m":10.0,"length_m":22.0,"surface_area":220.0,"catchment_m2":880.2,"inlet_capacity_lps":15.6,"nearest_drain":"MH-161","from_node":"J6102767474","to_node":"J6102767475"},"geometry":{"type":"LineString","coordinates":[[80.22762,13.028351],[80.227821,13.028322]]}},{"type":"Feature","properties":{"id":"R0361","name":"North Road","highway":"residential","osm_way":27108526,"width_m":12.0,"length_m":10.3,"surface_area":124.2,"catchment_m2":434.5,"inlet_capacity_lps":15.6,"nearest_drain":"MH-161","from_node":"J6102767475","to_node":"J250363500"},"geometry":{"type":"LineString","coordinates":[[80.227821,13.028322],[80.227916,13.028315]]}},{"type":"Feature","properties":{"id":"R0362","name":"North Road","highway":"residential","osm_way":1237237482,"width_m":6.0,"length_m":69.4,"surface_area":416.7,"catchment_m2":2500.1,"inlet_capacity_lps":15.6,"nearest_drain":"MH-176","from_node":"J11491395653","to_node":"J2237592486"},"geometry":{"type":"LineString","coordinates":[[80.230118,13.02946],[80.230407,13.029488],[80.230756,13.029524]]}},{"type":"Feature","properties":{"id":"R0363","name":"Old Mambalam Road","highway":"residential","osm_way":23634200,"width_m":6.0,"length_m":113.3,"surface_area":679.8,"catchment_m2":4078.8,"inlet_capacity_lps":31.2,"nearest_drain":"MH-155","from_node":"J256029591","to_node":"J256029593"},"geometry":{"type":"LineString","coordinates":[[80.221681,13.028466],[80.221642,13.028025],[80.221643,13.027449]]}},{"type":"Feature","properties":{"id":"R0364","name":"Old Mambalam Road","highway":"residential","osm_way":23634200,"width_m":6.0,"length_m":67.5,"surface_area":404.7,"catchment_m2":2428.3,"inlet_capacity_lps":15.6,"nearest_drain":"MH-142","from_node":"J256029593","to_node":"J256029594"},"geometry":{"type":"LineString","coordinates":[[80.221643,13.027449],[80.221649,13.026842]]}},{"type":"Feature","properties":{"id":"R0365","name":"Old Mambalam Road","highway":"residential","osm_way":23634200,"width_m":6.0,"length_m":44.4,"surface_area":266.1,"catchment_m2":1596.8,"inlet_capacity_lps":7.8,"nearest_drain":"MH-130","from_node":"J256029594","to_node":"J256031648"},"geometry":{"type":"LineString","coordinates":[[80.221649,13.026842],[80.221656,13.026646],[80.221669,13.026444]]}},{"type":"Feature","properties":{"id":"R0366","name":"Old Mambalam Road","highway":"residential","osm_way":23634200,"width_m":6.0,"length_m":14.6,"surface_area":87.7,"catchment_m2":526.0,"inlet_capacity_lps":7.8,"nearest_drain":"MH-130","from_node":"J256031648","to_node":"J256031796"},"geometry":{"type":"LineString","coordinates":[[80.221669,13.026444],[80.221689,13.026314]]}},{"type":"Feature","properties":{"id":"R0367","name":"Old Mambalam Road","highway":"residential","osm_way":23634200,"width_m":6.0,"length_m":48.6,"surface_area":291.7,"catchment_m2":1750.2,"inlet_capacity_lps":15.6,"nearest_drain":"MH-115","from_node":"J256031658","to_node":"J256031676"},"geometry":{"type":"LineString","coordinates":[[80.221805,13.02547],[80.22186,13.025036]]}},{"type":"Feature","properties":{"id":"R0368","name":"Old Mambalam Road","highway":"residential","osm_way":23634200,"width_m":6.0,"length_m":46.1,"surface_area":276.7,"catchment_m2":1660.3,"inlet_capacity_lps":15.6,"nearest_drain":"MH-130","from_node":"J256031796","to_node":"J2681704881"},"geometry":{"type":"LineString","coordinates":[[80.221689,13.026314],[80.221744,13.026111],[80.221772,13.025908]]}},{"type":"Feature","properties":{"id":"R0369","name":"Old Mambalam Road","highway":"residential","osm_way":23634200,"width_m":6.0,"length_m":73.6,"surface_area":441.6,"catchment_m2":2649.4,"inlet_capacity_lps":15.6,"nearest_drain":"MH-180","from_node":"J277443362","to_node":"J1183492453"},"geometry":{"type":"LineString","coordinates":[[80.221776,13.029846],[80.221803,13.029184]]}},{"type":"Feature","properties":{"id":"R0370","name":"Old Mambalam Road","highway":"residential","osm_way":23634200,"width_m":6.0,"length_m":18.8,"surface_area":112.7,"catchment_m2":676.4,"inlet_capacity_lps":7.8,"nearest_drain":"MH-169","from_node":"J1183492453","to_node":"J2172914961"},"geometry":{"type":"LineString","coordinates":[[80.221803,13.029184],[80.221786,13.029016]]}},{"type":"Feature","properties":{"id":"R0371","name":"Old Mambalam Road","highway":"residential","osm_way":23634200,"width_m":6.0,"length_m":62.2,"surface_area":373.2,"catchment_m2":2239.2,"inlet_capacity_lps":15.6,"nearest_drain":"MH-155","from_node":"J2172914961","to_node":"J256029591"},"geometry":{"type":"LineString","coordinates":[[80.221786,13.029016],[80.221751,13.028836],[80.221681,13.028466]]}},{"type":"Feature","properties":{"id":"R0372","name":"Old Mambalam Road","highway":"residential","osm_way":23634200,"width_m":6.0,"length_m":48.8,"surface_area":292.9,"catchment_m2":1757.5,"inlet_capacity_lps":15.6,"nearest_drain":"MH-130","from_node":"J2681704881","to_node":"J256031658"},"geometry":{"type":"LineString","coordinates":[[80.221772,13.025908],[80.221805,13.02547]]}},{"type":"Feature","properties":{"id":"R0373","name":"Old Mambalam Road","highway":"residential","osm_way":23634200,"width_m":6.0,"length_m":15.5,"surface_area":92.8,"catchment_m2":556.9,"inlet_capacity_lps":7.8,"nearest_drain":"MH-180","from_node":"J11796342184","to_node":"J277443362"},"geometry":{"type":"LineString","coordinates":[[80.221693,13.029959],[80.221776,13.029846]]}},{"type":"Feature","properties":{"id":"R0374","name":"Otthai Vaadai Street","highway":"residential","osm_way":23634217,"width_m":6.0,"length_m":17.4,"surface_area":104.5,"catchment_m2":626.7,"inlet_capacity_lps":7.8,"nearest_drain":"MH-100","from_node":"J256029666","to_node":"J256029716"},"geometry":{"type":"LineString","coordinates":[[80.219755,13.024424],[80.219916,13.024423]]}},{"type":"Feature","properties":{"id":"R0375","name":"Otthai Vaadai Street","highway":"residential","osm_way":23634217,"width_m":6.0,"length_m":46.8,"surface_area":281.0,"catchment_m2":1685.9,"inlet_capacity_lps":15.6,"nearest_drain":"MH-101","from_node":"J256029667","to_node":"J2237738471"},"geometry":{"type":"LineString","coordinates":[[80.220276,13.024443],[80.220708,13.024472]]}},{"type":"Feature","properties":{"id":"R0376","name":"Otthai Vaadai Street","highway":"residential","osm_way":23634217,"width_m":6.0,"length_m":39.1,"surface_area":234.8,"catchment_m2":1408.6,"inlet_capacity_lps":7.8,"nearest_drain":"MH-101","from_node":"J256029716","to_node":"J256029667"},"geometry":{"type":"LineString","coordinates":[[80.219916,13.024423],[80.220276,13.024443]]}},{"type":"Feature","properties":{"id":"R0377","name":"Otthai Vaadai Street","highway":"residential","osm_way":23634217,"width_m":6.0,"length_m":49.9,"surface_area":299.7,"catchment_m2":1798.0,"inlet_capacity_lps":15.6,"nearest_drain":"MH-101","from_node":"J2237738471","to_node":"J256029671"},"geometry":{"type":"LineString","coordinates":[[80.220708,13.024472],[80.221167,13.024511]]}},{"type":"Feature","properties":{"id":"R0378","name":"Pall More Street","highway":"residential","osm_way":1285825369,"width_m":6.0,"length_m":89.4,"surface_area":536.7,"catchment_m2":3220.2,"inlet_capacity_lps":23.4,"nearest_drain":"MH-181","from_node":"J277443362","to_node":"J2172914967"},"geometry":{"type":"LineString","coordinates":[[80.221776,13.029846],[80.222601,13.029828]]}},{"type":"Feature","properties":{"id":"R0379","name":"Periyar Ramaswamy Street","highway":"residential","osm_way":27347418,"width_m":6.0,"length_m":50.4,"surface_area":302.6,"catchment_m2":1815.5,"inlet_capacity_lps":15.6,"nearest_drain":"MH-151","from_node":"J256031689","to_node":"J300218907"},"geometry":{"type":"LineString","coordinates":[[80.216746,13.028731],[80.217209,13.028683]]}},{"type":"Feature","properties":{"id":"R0380","name":"Periyar Ramaswamy Street","highway":"residential","osm_way":27347418,"width_m":6.0,"length_m":37.6,"surface_area":225.5,"catchment_m2":1353.1,"inlet_capacity_lps":7.8,"nearest_drain":"MH-151","from_node":"J300218907","to_node":"J300218910"},"geometry":{"type":"LineString","coordinates":[[80.217209,13.028683],[80.217554,13.028645]]}},{"type":"Feature","properties":{"id":"R0381","name":"Periyar Ramaswamy Street","highway":"residential","osm_way":27347418,"width_m":6.0,"length_m":251.9,"surface_area":1511.1,"catchment_m2":9066.6,"inlet_capacity_lps":62.4,"nearest_drain":"MH-151","from_node":"J300218910","to_node":"J256031687"},"geometry":{"type":"LineString","coordinates":[[80.217554,13.028645],[80.218606,13.028547],[80.219872,13.028478]]}},{"type":"Feature","properties":{"id":"R0382","name":"Perumal Koil Street","highway":"residential","osm_way":214366895,"width_m":6.0,"length_m":6.3,"surface_area":38.0,"catchment_m2":227.9,"inlet_capacity_lps":7.8,"nearest_drain":"MH-075","from_node":"J256029654","to_node":"J11428701005"},"geometry":{"type":"LineString","coordinates":[[80.217989,13.022592],[80.217931,13.022597]]}},{"type":"Feature","properties":{"id":"R0383","name":"Perumal Koil Street","highway":"residential","osm_way":1232150607,"width_m":6.0,"length_m":166.9,"surface_area":1001.6,"catchment_m2":6009.3,"inlet_capacity_lps":46.8,"nearest_drain":"MH-075","from_node":"J2239237854","to_node":"J256029654"},"geometry":{"type":"LineString","coordinates":[[80.219516,13.022391],[80.217989,13.022592]]}},{"type":"Feature","properties":{"id":"R0384","name":"Perumal Koil Street","highway":"residential","osm_way":214366895,"width_m":6.0,"length_m":23.7,"surface_area":142.0,"catchment_m2":852.0,"inlet_capacity_lps":7.8,"nearest_drain":"MH-075","from_node":"J2239237856","to_node":"J2239237858"},"geometry":{"type":"LineString","coordinates":[[80.21771,13.022628],[80.217492,13.022632]]}},{"type":"Feature","properties":{"id":"R0385","name":"Perumal Koil Street","highway":"residential","osm_way":214366895,"width_m":6.0,"length_m":40.7,"surface_area":244.1,"catchment_m2":1464.8,"inlet_capacity_lps":7.8,"nearest_drain":"MH-075","from_node":"J2239237858","to_node":"J2239237859"},"geometry":{"type":"LineString","coordinates":[[80.217492,13.022632],[80.217116,13.022639]]}},{"type":"Feature","properties":{"id":"R0386","name":"Perumal Koil Street","highway":"residential","osm_way":214366895,"width_m":6.0,"length_m":87.1,"surface_area":522.4,"catchment_m2":3134.4,"inlet_capacity_lps":23.4,"nearest_drain":"MH-074","from_node":"J2239237859","to_node":"J256029658"},"geometry":{"type":"LineString","coordinates":[[80.217116,13.022639],[80.216313,13.022656]]}},{"type":"Feature","properties":{"id":"R0387","name":"Perumal Koil Street","highway":"residential","osm_way":214366895,"width_m":6.0,"length_m":24.2,"surface_area":145.1,"catchment_m2":870.7,"inlet_capacity_lps":7.8,"nearest_drain":"MH-075","from_node":"J11428701005","to_node":"J2239237856"},"geometry":{"type":"LineString","coordinates":[[80.217931,13.022597],[80.21771,13.022628]]}},{"type":"Feature","properties":{"id":"R0388","name":"Pillaiyar Koil Street","highway":"residential","osm_way":23634666,"width_m":6.0,"length_m":33.1,"surface_area":198.9,"catchment_m2":1193.1,"inlet_capacity_lps":7.8,"nearest_drain":"MH-119","from_node":"J256035541","to_node":"J2237675787"},"geometry":{"type":"LineString","coordinates":[[80.22516,13.024974],[80.22518,13.025272]]}},{"type":"Feature","properties":{"id":"R0389","name":"Pillaiyar Koil Street","highway":"residential","osm_way":23634666,"width_m":6.0,"length_m":40.1,"surface_area":240.6,"catchment_m2":1443.7,"inlet_capacity_lps":7.8,"nearest_drain":"MH-105","from_node":"J256035542","to_node":"J10593437252"},"geometry":{"type":"LineString","coordinates":[[80.225129,13.023855],[80.225136,13.024215]]}},{"type":"Feature","properties":{"id":"R0390","name":"Pillaiyar Koil Street","highway":"residential","osm_way":1131526939,"width_m":6.0,"length_m":57.9,"surface_area":347.3,"catchment_m2":2084.0,"inlet_capacity_lps":15.6,"nearest_drain":"MH-119","from_node":"J10548419779","to_node":"J256035543"},"geometry":{"type":"LineString","coordinates":[[80.225186,13.025345],[80.225198,13.025865]]}},{"type":"Feature","properties":{"id":"R0391","name":"Pillaiyar Koil Street","highway":"residential","osm_way":23634666,"width_m":6.0,"length_m":84.4,"surface_area":506.7,"catchment_m2":3040.1,"inlet_capacity_lps":23.4,"nearest_drain":"MH-105","from_node":"J10593437252","to_node":"J256035541"},"geometry":{"type":"LineString","coordinates":[[80.225136,13.024215],[80.22516,13.024974]]}},{"type":"Feature","properties":{"id":"R0392","name":"Pillam Mosque 1st Street","highway":"residential","osm_way":214188203,"width_m":6.0,"length_m":117.8,"surface_area":706.8,"catchment_m2":4240.6,"inlet_capacity_lps":31.2,"nearest_drain":"MH-050","from_node":"J256031625","to_node":"J256031626"},"geometry":{"type":"LineString","coordinates":[[80.217966,13.020658],[80.218308,13.020605],[80.218706,13.020544],[80.219042,13.020512]]}},{"type":"Feature","properties":{"id":"R0393","name":"Police Lane","highway":"residential","osm_way":1510438611,"width_m":6.0,"length_m":5.6,"surface_area":33.9,"catchment_m2":203.2,"inlet_capacity_lps":7.8,"nearest_drain":"MH-054","from_node":"J2237738437","to_node":"J247714010"},"geometry":{"type":"LineString","coordinates":[[80.221686,13.020539],[80.221689,13.020488]]}},{"type":"Feature","properties":{"id":"R0394","name":"Potter Street","highway":"residential","osm_way":23634664,"width_m":6.0,"length_m":27.9,"surface_area":167.7,"catchment_m2":1006.0,"inlet_capacity_lps":7.8,"nearest_drain":"MH-094","from_node":"J256035533","to_node":"J12394176010"},"geometry":{"type":"LineString","coordinates":[[80.227213,13.02379],[80.22724,13.02404]]}},{"type":"Feature","properties":{"id":"R0395","name":"Potter Street","highway":"residential","osm_way":23634664,"width_m":6.0,"length_m":36.3,"surface_area":218.1,"catchment_m2":1308.5,"inlet_capacity_lps":7.8,"nearest_drain":"MH-121","from_node":"J256035538","to_node":"J256029598"},"geometry":{"type":"LineString","coordinates":[[80.227353,13.024791],[80.227398,13.025115]]}},{"type":"Feature","properties":{"id":"R0396","name":"Potter Street","highway":"residential","osm_way":23634664,"width_m":6.0,"length_m":84.4,"surface_area":506.4,"catchment_m2":3038.2,"inlet_capacity_lps":23.4,"nearest_drain":"MH-107","from_node":"J12394176010","to_node":"J256035538"},"geometry":{"type":"LineString","coordinates":[[80.22724,13.02404],[80.227269,13.024341],[80.227353,13.024791]]}},{"type":"Feature","properties":{"id":"R0397","name":"Ragavan Colony 1st Cross Street","highway":"residential","osm_way":27347430,"width_m":6.0,"length_m":155.2,"surface_area":931.5,"catchment_m2":5588.8,"inlet_capacity_lps":39.0,"nearest_drain":"MH-150","from_node":"J277443514","to_node":"J300218915"},"geometry":{"type":"LineString","coordinates":[[80.216127,13.028443],[80.216157,13.028785],[80.216194,13.029078],[80.216275,13.029832]]}},{"type":"Feature","properties":{"id":"R0398","name":"Ragavan Colony 1st Cross Street","highway":"residential","osm_way":27347430,"width_m":6.0,"length_m":82.4,"surface_area":494.7,"catchment_m2":2967.9,"inlet_capacity_lps":23.4,"nearest_drain":"MH-139","from_node":"J1183492468","to_node":"J277443514"},"geometry":{"type":"LineString","coordinates":[[80.216043,13.027707],[80.216127,13.028443]]}},{"type":"Feature","properties":{"id":"R0399","name":"Ragavan Colony 2nd Street","highway":"residential","osm_way":26607462,"width_m":6.0,"length_m":66.3,"surface_area":397.6,"catchment_m2":2385.5,"inlet_capacity_lps":15.6,"nearest_drain":"MH-178","from_node":"J300218915","to_node":"J291796982"},"geometry":{"type":"LineString","coordinates":[[80.216275,13.029832],[80.216885,13.029867]]}},{"type":"Feature","properties":{"id":"R0400","name":"Ragavan Colony 4th Street","highway":"residential","osm_way":23634416,"width_m":6.0,"length_m":37.1,"surface_area":222.3,"catchment_m2":1333.8,"inlet_capacity_lps":7.8,"nearest_drain":"MH-139","from_node":"J256029606","to_node":"J256031700"},"geometry":{"type":"LineString","coordinates":[[80.216591,13.027434],[80.216617,13.027766]]}},{"type":"Feature","properties":{"id":"R0401","name":"Ragavan Colony 4th Street","highway":"residential","osm_way":23634416,"width_m":6.0,"length_m":35.0,"surface_area":209.8,"catchment_m2":1258.9,"inlet_capacity_lps":7.8,"nearest_drain":"MH-139","from_node":"J256031700","to_node":"J1183492452"},"geometry":{"type":"LineString","coordinates":[[80.216617,13.027766],[80.216651,13.028079]]}},{"type":"Feature","properties":{"id":"R0402","name":"Ragavan Colony 4th Street","highway":"residential","osm_way":23634416,"width_m":6.0,"length_m":36.1,"surface_area":216.8,"catchment_m2":1301.1,"inlet_capacity_lps":7.8,"nearest_drain":"MH-150","from_node":"J1183492452","to_node":"J277443401"},"geometry":{"type":"LineString","coordinates":[[80.216651,13.028079],[80.216698,13.028401]]}},{"type":"Feature","properties":{"id":"R0403","name":"Ragavan Colony 4th Street","highway":"residential","osm_way":23634416,"width_m":6.0,"length_m":57.3,"surface_area":343.9,"catchment_m2":2063.5,"inlet_capacity_lps":15.6,"nearest_drain":"MH-139","from_node":"J2172914947","to_node":"J256029606"},"geometry":{"type":"LineString","coordinates":[[80.21625,13.027192],[80.216511,13.027207],[80.216547,13.02722],[80.21657,13.027246],[80.216591,13.027434]]}},{"type":"Feature","properties":{"id":"R0404","name":"Rajaji Street","highway":"residential","osm_way":214356672,"width_m":6.0,"length_m":226.9,"surface_area":1361.4,"catchment_m2":8168.4,"inlet_capacity_lps":62.4,"nearest_drain":"MH-144","from_node":"J256031677","to_node":"J250363481"},"geometry":{"type":"LineString","coordinates":[[80.221971,13.027414],[80.224057,13.027597]]}},{"type":"Feature","properties":{"id":"R0405","name":"Ramapuram Ramasamy Street","highway":"residential","osm_way":23634398,"width_m":6.0,"length_m":172.5,"surface_area":1035.3,"catchment_m2":6211.6,"inlet_capacity_lps":46.8,"nearest_drain":"MH-062","from_node":"J256029785","to_node":"J256031619"},"geometry":{"type":"LineString","coordinates":[[80.217667,13.020846],[80.216139,13.021282]]}},{"type":"Feature","properties":{"id":"R0406","name":"Ramasamy Street","highway":"residential","osm_way":23634237,"width_m":6.0,"length_m":35.3,"surface_area":211.9,"catchment_m2":1271.4,"inlet_capacity_lps":7.8,"nearest_drain":"MH-111","from_node":"J256029928","to_node":"J9189073684"},"geometry":{"type":"LineString","coordinates":[[80.21763,13.025439],[80.217304,13.025423]]}},{"type":"Feature","properties":{"id":"R0407","name":"Ramasamy Street","highway":"residential","osm_way":23634237,"width_m":6.0,"length_m":54.6,"surface_area":327.7,"catchment_m2":1966.0,"inlet_capacity_lps":15.6,"nearest_drain":"MH-111","from_node":"J11365607239","to_node":"J256029928"},"geometry":{"type":"LineString","coordinates":[[80.218133,13.025458],[80.21763,13.025439]]}},{"type":"Feature","properties":{"id":"R0408","name":"Reddy Kuppam Road","highway":"residential","osm_way":214180602,"width_m":6.0,"length_m":45.8,"surface_area":274.8,"catchment_m2":1648.7,"inlet_capacity_lps":15.6,"nearest_drain":"MH-132","from_node":"J250363483","to_node":"J256031653"},"geometry":{"type":"LineString","coordinates":[[80.224207,13.026194],[80.224262,13.025785]]}},{"type":"Feature","properties":{"id":"R0409","name":"Reddy Kuppam Road","highway":"residential","osm_way":214180602,"width_m":6.0,"length_m":55.6,"surface_area":333.5,"catchment_m2":2001.0,"inlet_capacity_lps":15.6,"nearest_drain":"MH-118","from_node":"J256031653","to_node":"J658977517"},"geometry":{"type":"LineString","coordinates":[[80.224262,13.025785],[80.224135,13.025301]]}},{"type":"Feature","properties":{"id":"R0410","name":"Rengabashyam Street","highway":"residential","osm_way":26528232,"width_m":6.0,"length_m":71.6,"surface_area":429.5,"catchment_m2":2577.0,"inlet_capacity_lps":15.6,"nearest_drain":"MH-098","from_node":"J256029663","to_node":"J416015881"},"geometry":{"type":"LineString","coordinates":[[80.216572,13.02433],[80.217232,13.024309]]}},{"type":"Feature","properties":{"id":"R0411","name":"Rengabashyam Street","highway":"residential","osm_way":26528232,"width_m":6.0,"length_m":62.9,"surface_area":377.5,"catchment_m2":2265.0,"inlet_capacity_lps":15.6,"nearest_drain":"MH-098","from_node":"J416015881","to_node":"J2172914915"},"geometry":{"type":"LineString","coordinates":[[80.217232,13.024309],[80.217812,13.024272]]}},{"type":"Feature","properties":{"id":"R0412","name":"Rengabashyam Street","highway":"residential","osm_way":26528232,"width_m":6.0,"length_m":46.4,"surface_area":278.3,"catchment_m2":1669.9,"inlet_capacity_lps":15.6,"nearest_drain":"MH-098","from_node":"J2172914915","to_node":"J256029664"},"geometry":{"type":"LineString","coordinates":[[80.217812,13.024272],[80.218238,13.024237]]}},{"type":"Feature","properties":{"id":"R0413","name":"Sadayappan Street","highway":"residential","osm_way":23634410,"width_m":6.0,"length_m":265.9,"surface_area":1595.1,"catchment_m2":9570.6,"inlet_capacity_lps":70.2,"nearest_drain":"MH-132","from_node":"J250363483","to_node":"J2681704881"},"geometry":{"type":"LineString","coordinates":[[80.224207,13.026194],[80.222903,13.026082],[80.221772,13.025908]]}},{"type":"Feature","properties":{"id":"R0414","name":"Sai Baba Street","highway":"residential","osm_way":102482931,"width_m":6.0,"length_m":171.9,"surface_area":1031.6,"catchment_m2":6189.6,"inlet_capacity_lps":46.8,"nearest_drain":"MH-179","from_node":"J1183492467","to_node":"J277443362"},"geometry":{"type":"LineString","coordinates":[[80.22019,13.029893],[80.220586,13.029864],[80.221776,13.029846]]}},{"type":"Feature","properties":{"id":"R0415","name":"Sakunthala street","highway":"residential","osm_way":207139319,"width_m":6.0,"length_m":17.5,"surface_area":105.1,"catchment_m2":630.8,"inlet_capacity_lps":7.8,"nearest_drain":"MH-139","from_node":"J2172914947","to_node":"J11365607253"},"geometry":{"type":"LineString","coordinates":[[80.21625,13.027192],[80.216273,13.027036]]}},{"type":"Feature","properties":{"id":"R0416","name":"Sakunthala street","highway":"residential","osm_way":207139319,"width_m":6.0,"length_m":120.5,"surface_area":722.9,"catchment_m2":4337.5,"inlet_capacity_lps":31.2,"nearest_drain":"MH-125","from_node":"J6445090966","to_node":"J301300221"},"geometry":{"type":"LineString","coordinates":[[80.216312,13.026196],[80.216309,13.026175],[80.216334,13.02587],[80.216363,13.025595],[80.216417,13.025143],[80.216419,13.025127],[80.216418,13.025118]]}},{"type":"Feature","properties":{"id":"R0417","name":"Sakunthala street","highway":"residential","osm_way":207139319,"width_m":6.0,"length_m":93.7,"surface_area":562.1,"catchment_m2":3372.5,"inlet_capacity_lps":23.4,"nearest_drain":"MH-125","from_node":"J11365607253","to_node":"J6445090966"},"geometry":{"type":"LineString","coordinates":[[80.216273,13.027036],[80.216267,13.026943],[80.216273,13.026555],[80.216312,13.026196]]}},{"type":"Feature","properties":{"id":"R0418","name":"Sarathambal Street","highway":"residential","osm_way":207139289,"width_m":6.0,"length_m":226.8,"surface_area":1361.0,"catchment_m2":8166.1,"inlet_capacity_lps":62.4,"nearest_drain":"MH-144","from_node":"J256031680","to_node":"J2172914945"},"geometry":{"type":"LineString","coordinates":[[80.224086,13.027179],[80.221994,13.027072]]}},{"type":"Feature","properties":{"id":"R0419","name":"Sasthri 2nd Street","highway":"residential","osm_way":27709312,"width_m":6.0,"length_m":132.3,"surface_area":793.6,"catchment_m2":4761.7,"inlet_capacity_lps":31.2,"nearest_drain":"MH-147","from_node":"J304283815","to_node":"J304283883"},"geometry":{"type":"LineString","coordinates":[[80.225658,13.027498],[80.226858,13.02728]]}},{"type":"Feature","properties":{"id":"R0420","name":"Sembada Street","highway":"residential","osm_way":23634224,"width_m":6.0,"length_m":239.9,"surface_area":1439.3,"catchment_m2":8635.5,"inlet_capacity_lps":62.4,"nearest_drain":"MH-100","from_node":"J256029716","to_node":"J3446341080"},"geometry":{"type":"LineString","coordinates":[[80.219916,13.024423],[80.219899,13.023196],[80.219873,13.022266]]}},{"type":"Feature","properties":{"id":"R0421","name":"Sembada Street","highway":"residential","osm_way":337564554,"width_m":6.0,"length_m":120.0,"surface_area":720.1,"catchment_m2":4320.5,"inlet_capacity_lps":31.2,"nearest_drain":"MH-064","from_node":"J256029725","to_node":"J1985553761"},"geometry":{"type":"LineString","coordinates":[[80.219892,13.021445],[80.219907,13.020366]]}},{"type":"Feature","properties":{"id":"R0422","name":"Sembada Street","highway":"residential","osm_way":1232164948,"width_m":6.0,"length_m":90.9,"surface_area":545.5,"catchment_m2":3272.9,"inlet_capacity_lps":23.4,"nearest_drain":"MH-077","from_node":"J3446341081","to_node":"J256029725"},"geometry":{"type":"LineString","coordinates":[[80.219897,13.022263],[80.219892,13.021445]]}},{"type":"Feature","properties":{"id":"R0423","name":"Seshachala Mudali Street","highway":"residential","osm_way":1203397832,"width_m":6.0,"length_m":49.5,"surface_area":297.2,"catchment_m2":1783.3,"inlet_capacity_lps":15.6,"nearest_drain":"MH-094","from_node":"J256035533","to_node":"J247713922"},"geometry":{"type":"LineString","coordinates":[[80.227213,13.02379],[80.227564,13.02377],[80.227658,13.023724]]}},{"type":"Feature","properties":{"id":"R0424","name":"Seshachala Mudali Street","highway":"residential","osm_way":214599137,"width_m":6.0,"length_m":225.9,"surface_area":1355.4,"catchment_m2":8132.4,"inlet_capacity_lps":62.4,"nearest_drain":"MH-092","from_node":"J256035542","to_node":"J256035533"},"geometry":{"type":"LineString","coordinates":[[80.225129,13.023855],[80.225718,13.02381],[80.227213,13.02379]]}},{"type":"Feature","properties":{"id":"R0425","name":"Shastri Street","highway":"residential","osm_way":214598765,"width_m":6.0,"length_m":49.1,"surface_area":294.9,"catchment_m2":1769.3,"inlet_capacity_lps":15.6,"nearest_drain":"MH-146","from_node":"J280089107","to_node":"J2237675819"},"geometry":{"type":"LineString","coordinates":[[80.225531,13.026934],[80.225975,13.026847]]}},{"type":"Feature","properties":{"id":"R0426","name":"Shastri Street","highway":"residential","osm_way":1434312801,"width_m":6.0,"length_m":28.3,"surface_area":169.8,"catchment_m2":1018.5,"inlet_capacity_lps":7.8,"nearest_drain":"MH-147","from_node":"J304283883","to_node":"J2237675827"},"geometry":{"type":"LineString","coordinates":[[80.226858,13.02728],[80.226909,13.02753]]}},{"type":"Feature","properties":{"id":"R0427","name":"Shastri Street","highway":"residential","osm_way":214598765,"width_m":6.0,"length_m":27.6,"surface_area":165.7,"catchment_m2":994.2,"inlet_capacity_lps":7.8,"nearest_drain":"MH-134","from_node":"J2237675815","to_node":"J11801178049"},"geometry":{"type":"LineString","coordinates":[[80.226526,13.026744],[80.226776,13.026696]]}},{"type":"Feature","properties":{"id":"R0428","name":"Shastri Street","highway":"residential","osm_way":214598765,"width_m":6.0,"length_m":30.8,"surface_area":185.0,"catchment_m2":1110.2,"inlet_capacity_lps":7.8,"nearest_drain":"MH-134","from_node":"J2237675817","to_node":"J2237675815"},"geometry":{"type":"LineString","coordinates":[[80.226246,13.026797],[80.226526,13.026744]]}},{"type":"Feature","properties":{"id":"R0429","name":"Shastri Street","highway":"residential","osm_way":214598765,"width_m":6.0,"length_m":29.9,"surface_area":179.2,"catchment_m2":1074.9,"inlet_capacity_lps":7.8,"nearest_drain":"MH-134","from_node":"J2237675819","to_node":"J2237675817"},"geometry":{"type":"LineString","coordinates":[[80.225975,13.026847],[80.226246,13.026797]]}},{"type":"Feature","properties":{"id":"R0430","name":"Shastri Street","highway":"residential","osm_way":214598765,"width_m":6.0,"length_m":32.3,"surface_area":193.8,"catchment_m2":1162.9,"inlet_capacity_lps":7.8,"nearest_drain":"MH-147","from_node":"J2237675821","to_node":"J304283883"},"geometry":{"type":"LineString","coordinates":[[80.226814,13.026993],[80.226858,13.02728]]}},{"type":"Feature","properties":{"id":"R0431","name":"Shastri Street","highway":"residential","osm_way":1434312801,"width_m":6.0,"length_m":31.6,"surface_area":189.5,"catchment_m2":1137.1,"inlet_capacity_lps":7.8,"nearest_drain":"MH-147","from_node":"J2237675827","to_node":"J2237675832"},"geometry":{"type":"LineString","coordinates":[[80.226909,13.02753],[80.226942,13.027812]]}},{"type":"Feature","properties":{"id":"R0432","name":"Shastri Street","highway":"residential","osm_way":1434312801,"width_m":6.0,"length_m":12.4,"surface_area":74.4,"catchment_m2":446.2,"inlet_capacity_lps":7.8,"nearest_drain":"MH-147","from_node":"J2237675832","to_node":"J250363446"},"geometry":{"type":"LineString","coordinates":[[80.226942,13.027812],[80.226916,13.02792]]}},{"type":"Feature","properties":{"id":"R0433","name":"Shastri Street","highway":"residential","osm_way":214598765,"width_m":6.0,"length_m":30.7,"surface_area":183.9,"catchment_m2":1103.5,"inlet_capacity_lps":7.8,"nearest_drain":"MH-134","from_node":"J11801178049","to_node":"J2239155975"},"geometry":{"type":"LineString","coordinates":[[80.226776,13.026696],[80.226812,13.026969]]}},{"type":"Feature","properties":{"id":"R0434","name":"Soodiammanpet Street","highway":"residential","osm_way":214598767,"width_m":6.0,"length_m":47.9,"surface_area":287.5,"catchment_m2":1725.0,"inlet_capacity_lps":15.6,"nearest_drain":"MH-119","from_node":"J256035543","to_node":"J2168668922"},"geometry":{"type":"LineString","coordinates":[[80.225198,13.025865],[80.22564,13.025867]]}},{"type":"Feature","properties":{"id":"R0435","name":"Soodiammanpet Street","highway":"residential","osm_way":214172262,"width_m":6.0,"length_m":21.8,"surface_area":130.5,"catchment_m2":783.2,"inlet_capacity_lps":7.8,"nearest_drain":"MH-120","from_node":"J2168668916","to_node":"J2168668912"},"geometry":{"type":"LineString","coordinates":[[80.227062,13.025701],[80.227046,13.025535],[80.227046,13.025524],[80.227046,13.025507]]}},{"type":"Feature","properties":{"id":"R0436","name":"Soodiammanpet Street","highway":"residential","osm_way":214172262,"width_m":6.0,"length_m":160.9,"surface_area":965.7,"catchment_m2":5794.0,"inlet_capacity_lps":39.0,"nearest_drain":"MH-120","from_node":"J2168668922","to_node":"J2168668916"},"geometry":{"type":"LineString","coordinates":[[80.22564,13.025867],[80.226606,13.025835],[80.226701,13.025829],[80.226717,13.025813],[80.226736,13.02575],[80.226761,13.025733],[80.226845,13.025716],[80.227062,13.025701]]}},{"type":"Feature","properties":{"id":"R0437","name":"Subramania Mundali Street","highway":"residential","osm_way":25460246,"width_m":6.0,"length_m":198.4,"surface_area":1190.2,"catchment_m2":7141.5,"inlet_capacity_lps":54.6,"nearest_drain":"MH-103","from_node":"J256029648","to_node":"J11774985744"},"geometry":{"type":"LineString","coordinates":[[80.222156,13.024396],[80.22217,13.023946],[80.222168,13.023468],[80.222167,13.023008],[80.222167,13.022895],[80.222159,13.022612]]}},{"type":"Feature","properties":{"id":"R0438","name":"Subramania Swamy Koil Street","highway":"residential","osm_way":337564556,"width_m":6.0,"length_m":50.9,"surface_area":305.6,"catchment_m2":1833.4,"inlet_capacity_lps":15.6,"nearest_drain":"MH-101","from_node":"J256029667","to_node":"J256029929"},"geometry":{"type":"LineString","coordinates":[[80.220276,13.024443],[80.220275,13.024901]]}},{"type":"Feature","properties":{"id":"R0439","name":"Subramania Swamy Koil Street","highway":"residential","osm_way":102482930,"width_m":6.0,"length_m":86.5,"surface_area":518.8,"catchment_m2":3112.9,"inlet_capacity_lps":23.4,"nearest_drain":"MH-078","from_node":"J256029712","to_node":"J3446341087"},"geometry":{"type":"LineString","coordinates":[[80.220322,13.021436],[80.220314,13.021856],[80.220321,13.022213]]}},{"type":"Feature","properties":{"id":"R0440","name":"Subramania Swamy Koil Street","highway":"residential","osm_way":337564556,"width_m":6.0,"length_m":247.0,"surface_area":1482.1,"catchment_m2":8892.5,"inlet_capacity_lps":62.4,"nearest_drain":"MH-101","from_node":"J3446341088","to_node":"J256029667"},"geometry":{"type":"LineString","coordinates":[[80.220264,13.022222],[80.2203,13.023207],[80.220276,13.024443]]}},{"type":"Feature","properties":{"id":"R0441","name":"Subramaniya Salai","highway":"residential","osm_way":23634204,"width_m":6.0,"length_m":37.1,"surface_area":222.6,"catchment_m2":1335.3,"inlet_capacity_lps":7.8,"nearest_drain":"MH-140","from_node":"J256029607","to_node":"J256031750"},"geometry":{"type":"LineString","coordinates":[[80.217615,13.027443],[80.217623,13.02711]]}},{"type":"Feature","properties":{"id":"R0442","name":"Subramaniya Salai","highway":"residential","osm_way":23634204,"width_m":6.0,"length_m":36.1,"surface_area":216.5,"catchment_m2":1298.8,"inlet_capacity_lps":7.8,"nearest_drain":"MH-111","from_node":"J256029619","to_node":"J256029928"},"geometry":{"type":"LineString","coordinates":[[80.217649,13.025763],[80.21763,13.025439]]}},{"type":"Feature","properties":{"id":"R0443","name":"Subramaniya Salai","highway":"residential","osm_way":23634204,"width_m":6.0,"length_m":29.8,"surface_area":178.7,"catchment_m2":1072.4,"inlet_capacity_lps":7.8,"nearest_drain":"MH-126","from_node":"J256029924","to_node":"J256029619"},"geometry":{"type":"LineString","coordinates":[[80.217649,13.02603],[80.217649,13.025763]]}},{"type":"Feature","properties":{"id":"R0444","name":"Subramaniya Salai","highway":"residential","osm_way":23634204,"width_m":6.0,"length_m":29.8,"surface_area":178.6,"catchment_m2":1071.4,"inlet_capacity_lps":7.8,"nearest_drain":"MH-111","from_node":"J256029928","to_node":"J2237738498"},"geometry":{"type":"LineString","coordinates":[[80.21763,13.025439],[80.217639,13.025171]]}},{"type":"Feature","properties":{"id":"R0445","name":"Subramaniya Salai","highway":"residential","osm_way":23634204,"width_m":6.0,"length_m":31.2,"surface_area":187.2,"catchment_m2":1123.5,"inlet_capacity_lps":7.8,"nearest_drain":"MH-126","from_node":"J256029936","to_node":"J256029924"},"geometry":{"type":"LineString","coordinates":[[80.217643,13.026311],[80.217649,13.02603]]}},{"type":"Feature","properties":{"id":"R0446","name":"Subramaniya Salai","highway":"residential","osm_way":23634204,"width_m":6.0,"length_m":34.5,"surface_area":207.1,"catchment_m2":1242.9,"inlet_capacity_lps":7.8,"nearest_drain":"MH-140","from_node":"J256031750","to_node":"J11365607249"},"geometry":{"type":"LineString","coordinates":[[80.217623,13.02711],[80.217641,13.0268]]}},{"type":"Feature","properties":{"id":"R0447","name":"Subramaniya Salai","highway":"residential","osm_way":23634204,"width_m":6.0,"length_m":48.9,"surface_area":293.2,"catchment_m2":1759.1,"inlet_capacity_lps":15.6,"nearest_drain":"MH-098","from_node":"J2237738498","to_node":"J256029601"},"geometry":{"type":"LineString","coordinates":[[80.217639,13.025171],[80.21767,13.024733]]}},{"type":"Feature","properties":{"id":"R0448","name":"Subramaniya Salai","highway":"residential","osm_way":23634204,"width_m":6.0,"length_m":29.7,"surface_area":178.2,"catchment_m2":1068.9,"inlet_capacity_lps":7.8,"nearest_drain":"MH-126","from_node":"J2237738510","to_node":"J256029936"},"geometry":{"type":"LineString","coordinates":[[80.217639,13.026578],[80.217643,13.026311]]}},{"type":"Feature","properties":{"id":"R0449","name":"Subramaniya Salai","highway":"residential","osm_way":23634204,"width_m":6.0,"length_m":24.7,"surface_area":148.0,"catchment_m2":887.9,"inlet_capacity_lps":7.8,"nearest_drain":"MH-126","from_node":"J11365607249","to_node":"J2237738510"},"geometry":{"type":"LineString","coordinates":[[80.217641,13.0268],[80.21764,13.026779],[80.217639,13.026578]]}},{"type":"Feature","properties":{"id":"R0450","name":"Tank Square Street","highway":"residential","osm_way":30953264,"width_m":6.0,"length_m":48.8,"surface_area":292.8,"catchment_m2":1756.7,"inlet_capacity_lps":15.6,"nearest_drain":"MH-102","from_node":"J256029647","to_node":"J2237738466"},"geometry":{"type":"LineString","coordinates":[[80.221172,13.024276],[80.221621,13.024316]]}},{"type":"Feature","properties":{"id":"R0451","name":"Tank Square Street","highway":"residential","osm_way":214366897,"width_m":6.0,"length_m":69.6,"surface_area":417.6,"catchment_m2":2505.6,"inlet_capacity_lps":15.6,"nearest_drain":"MH-103","from_node":"J256029648","to_node":"J2237738469"},"geometry":{"type":"LineString","coordinates":[[80.222156,13.024396],[80.222798,13.024416]]}},{"type":"Feature","properties":{"id":"R0452","name":"Tank Square Street","highway":"residential","osm_way":25460261,"width_m":6.0,"length_m":35.2,"surface_area":211.3,"catchment_m2":1267.8,"inlet_capacity_lps":7.8,"nearest_drain":"MH-103","from_node":"J256029678","to_node":"J256029648"},"geometry":{"type":"LineString","coordinates":[[80.222154,13.024712],[80.222156,13.024396]]}},{"type":"Feature","properties":{"id":"R0453","name":"Tank Square Street","highway":"residential","osm_way":25460261,"width_m":6.0,"length_m":40.4,"surface_area":242.6,"catchment_m2":1455.7,"inlet_capacity_lps":7.8,"nearest_drain":"MH-116","from_node":"J256029679","to_node":"J256029678"},"geometry":{"type":"LineString","coordinates":[[80.222143,13.025076],[80.222154,13.024712]]}},{"type":"Feature","properties":{"id":"R0454","name":"Tank Square Street","highway":"residential","osm_way":214366897,"width_m":6.0,"length_m":39.1,"surface_area":234.6,"catchment_m2":1407.4,"inlet_capacity_lps":7.8,"nearest_drain":"MH-103","from_node":"J277442967","to_node":"J277442968"},"geometry":{"type":"LineString","coordinates":[[80.222889,13.024417],[80.223166,13.024402],[80.223206,13.024399],[80.22324,13.024373]]}},{"type":"Feature","properties":{"id":"R0455","name":"Tank Square Street","highway":"residential","osm_way":30953264,"width_m":6.0,"length_m":58.7,"surface_area":351.9,"catchment_m2":2111.6,"inlet_capacity_lps":15.6,"nearest_drain":"MH-103","from_node":"J2237738466","to_node":"J256029648"},"geometry":{"type":"LineString","coordinates":[[80.221621,13.024316],[80.222156,13.024396]]}},{"type":"Feature","properties":{"id":"R0456","name":"Tank Square Street","highway":"residential","osm_way":214366897,"width_m":6.0,"length_m":9.9,"surface_area":59.2,"catchment_m2":355.3,"inlet_capacity_lps":7.8,"nearest_drain":"MH-103","from_node":"J2237738469","to_node":"J277442967"},"geometry":{"type":"LineString","coordinates":[[80.222798,13.024416],[80.222889,13.024417]]}},{"type":"Feature","properties":{"id":"R0457","name":"Thiru vi ka street","highway":"residential","osm_way":23634420,"width_m":6.0,"length_m":92.6,"surface_area":555.6,"catchment_m2":3333.4,"inlet_capacity_lps":23.4,"nearest_drain":"MH-139","from_node":"J256031700","to_node":"J256031701"},"geometry":{"type":"LineString","coordinates":[[80.216617,13.027766],[80.217472,13.027737]]}},{"type":"Feature","properties":{"id":"R0458","name":"Thiruvalluvar Street","highway":"residential","osm_way":23634202,"width_m":6.0,"length_m":203.1,"surface_area":1218.9,"catchment_m2":7313.2,"inlet_capacity_lps":54.6,"nearest_drain":"MH-141","from_node":"J256029584","to_node":"J256029593"},"geometry":{"type":"LineString","coordinates":[[80.219768,13.027474],[80.221643,13.027449]]}},{"type":"Feature","properties":{"id":"R0459","name":"Thiruvalluvar Street","highway":"residential","osm_way":23634202,"width_m":6.0,"length_m":93.3,"surface_area":559.7,"catchment_m2":3357.9,"inlet_capacity_lps":23.4,"nearest_drain":"MH-139","from_node":"J256029606","to_node":"J1183492456"},"geometry":{"type":"LineString","coordinates":[[80.216591,13.027434],[80.217452,13.02743]]}},{"type":"Feature","properties":{"id":"R0460","name":"Thiruvalluvar Street","highway":"residential","osm_way":23634202,"width_m":6.0,"length_m":233.3,"surface_area":1399.9,"catchment_m2":8399.1,"inlet_capacity_lps":62.4,"nearest_drain":"MH-140","from_node":"J256029607","to_node":"J256029584"},"geometry":{"type":"LineString","coordinates":[[80.217615,13.027443],[80.218552,13.027477],[80.219768,13.027474]]}},{"type":"Feature","properties":{"id":"R0461","name":"Thiruvalluvar Street","highway":"residential","osm_way":23634202,"width_m":6.0,"length_m":17.8,"surface_area":106.6,"catchment_m2":639.3,"inlet_capacity_lps":7.8,"nearest_drain":"MH-140","from_node":"J1183492456","to_node":"J256029607"},"geometry":{"type":"LineString","coordinates":[[80.217452,13.02743],[80.217615,13.027443]]}},{"type":"Feature","properties":{"id":"R0462","name":"Thiruvalluvar Street","highway":"residential","osm_way":127647960,"width_m":6.0,"length_m":47.0,"surface_area":282.0,"catchment_m2":1691.8,"inlet_capacity_lps":15.6,"nearest_drain":"MH-029","from_node":"J1412280372","to_node":"J1412280355"},"geometry":{"type":"LineString","coordinates":[[80.219843,13.018261],[80.220275,13.018218]]}},{"type":"Feature","properties":{"id":"R0463","name":"VGP Lane","highway":"residential","osm_way":206819102,"width_m":6.0,"length_m":189.1,"surface_area":1134.5,"catchment_m2":6806.9,"inlet_capacity_lps":46.8,"nearest_drain":"MH-091","from_node":"J2168668888","to_node":"J2168668901"},"geometry":{"type":"LineString","coordinates":[[80.224905,13.023172],[80.225262,13.023167],[80.225502,13.02317],[80.225641,13.023172],[80.225742,13.023192],[80.225772,13.023234],[80.225801,13.023281],[80.225829,13.023314],[80.225864,13.023329],[80.225917,13.023343],[80.22599,13.023343],[80.226081,13.023342],[80.226107,13.023349],[80.226136,13.023359],[80.226169,13.023364],[80.226314,13.023359],[80.226469,13.023391],[80.22657,13.023404]]}},{"type":"Feature","properties":{"id":"R0464","name":"VOC Street Jayaram Pillai Street","highway":"residential","osm_way":23634423,"width_m":6.0,"length_m":250.2,"surface_area":1500.9,"catchment_m2":9005.4,"inlet_capacity_lps":62.4,"nearest_drain":"MH-140","from_node":"J256031723","to_node":"J256031730"},"geometry":{"type":"LineString","coordinates":[[80.21979,13.027717],[80.218566,13.027799],[80.217484,13.02782]]}},{"type":"Feature","properties":{"id":"R0465","name":"Vaaniyar Street","highway":"residential","osm_way":26528235,"width_m":6.0,"length_m":51.5,"surface_area":309.3,"catchment_m2":1855.7,"inlet_capacity_lps":15.6,"nearest_drain":"MH-099","from_node":"J256029664","to_node":"J2172914916"},"geometry":{"type":"LineString","coordinates":[[80.218238,13.024237],[80.218714,13.024263]]}},{"type":"Feature","properties":{"id":"R0466","name":"Vaaniyar Street","highway":"residential","osm_way":26528235,"width_m":6.0,"length_m":111.8,"surface_area":670.8,"catchment_m2":4024.9,"inlet_capacity_lps":31.2,"nearest_drain":"MH-099","from_node":"J2172914916","to_node":"J256029665"},"geometry":{"type":"LineString","coordinates":[[80.218714,13.024263],[80.219745,13.024288]]}},{"type":"Feature","properties":{"id":"R0467","name":"Vadhyar Subbraya mudali street","highway":"residential","osm_way":30953266,"width_m":6.0,"length_m":57.2,"surface_area":343.1,"catchment_m2":2058.4,"inlet_capacity_lps":15.6,"nearest_drain":"MH-078","from_node":"J256029644","to_node":"J2237738452"},"geometry":{"type":"LineString","coordinates":[[80.221228,13.02219],[80.2207,13.022199]]}},{"type":"Feature","properties":{"id":"R0468","name":"Vadhyar Subbraya mudali street","highway":"residential","osm_way":30953266,"width_m":6.0,"length_m":50.2,"surface_area":301.1,"catchment_m2":1806.5,"inlet_capacity_lps":15.6,"nearest_drain":"MH-080","from_node":"J256029682","to_node":"J2237738450"},"geometry":{"type":"LineString","coordinates":[[80.222142,13.022143],[80.221679,13.022166]]}},{"type":"Feature","properties":{"id":"R0469","name":"Vadhyar Subbraya mudali street","highway":"residential","osm_way":30953266,"width_m":6.0,"length_m":98.5,"surface_area":590.8,"catchment_m2":3544.9,"inlet_capacity_lps":23.4,"nearest_drain":"MH-080","from_node":"J277442969","to_node":"J256029682"},"geometry":{"type":"LineString","coordinates":[[80.223049,13.022094],[80.222142,13.022143]]}},{"type":"Feature","properties":{"id":"R0470","name":"Vadhyar Subbraya mudali street","highway":"residential","osm_way":30953266,"width_m":6.0,"length_m":49.0,"surface_area":294.0,"catchment_m2":1763.9,"inlet_capacity_lps":15.6,"nearest_drain":"MH-079","from_node":"J2237738450","to_node":"J256029644"},"geometry":{"type":"LineString","coordinates":[[80.221679,13.022166],[80.221228,13.02219]]}},{"type":"Feature","properties":{"id":"R0471","name":"Vadhyar Subbraya mudali street","highway":"residential","osm_way":30953266,"width_m":6.0,"length_m":6.7,"surface_area":40.0,"catchment_m2":239.9,"inlet_capacity_lps":7.8,"nearest_drain":"MH-078","from_node":"J2237738452","to_node":"J2611869059"},"geometry":{"type":"LineString","coordinates":[[80.2207,13.022199],[80.220639,13.0222]]}},{"type":"Feature","properties":{"id":"R0472","name":"Vadhyar Subbraya mudali street","highway":"residential","osm_way":30953266,"width_m":6.0,"length_m":34.4,"surface_area":206.4,"catchment_m2":1238.6,"inlet_capacity_lps":7.8,"nearest_drain":"MH-078","from_node":"J2611869059","to_node":"J3446341087"},"geometry":{"type":"LineString","coordinates":[[80.220639,13.0222],[80.220321,13.022213]]}},{"type":"Feature","properties":{"id":"R0473","name":"Vadhyar Subbraya mudali street","highway":"residential","osm_way":30953266,"width_m":6.0,"length_m":36.4,"surface_area":218.4,"catchment_m2":1310.3,"inlet_capacity_lps":7.8,"nearest_drain":"MH-077","from_node":"J3446341080","to_node":"J277442970"},"geometry":{"type":"LineString","coordinates":[[80.219873,13.022266],[80.219539,13.022296]]}},{"type":"Feature","properties":{"id":"R0474","name":"Vadhyar Subbraya mudali street","highway":"residential","osm_way":30953266,"width_m":6.0,"length_m":6.3,"surface_area":37.7,"catchment_m2":226.0,"inlet_capacity_lps":7.8,"nearest_drain":"MH-078","from_node":"J3446341087","to_node":"J3446341088"},"geometry":{"type":"LineString","coordinates":[[80.220321,13.022213],[80.220264,13.022222]]}},{"type":"Feature","properties":{"id":"R0475","name":"Vadhyar Subbraya mudali street","highway":"residential","osm_way":30953266,"width_m":6.0,"length_m":40.0,"surface_area":239.8,"catchment_m2":1438.9,"inlet_capacity_lps":7.8,"nearest_drain":"MH-078","from_node":"J3446341088","to_node":"J3446341081"},"geometry":{"type":"LineString","coordinates":[[80.220264,13.022222],[80.219897,13.022263]]}},{"type":"Feature","properties":{"id":"R0476","name":"Varasiddhi Vinayagar Koil Street","highway":"residential","osm_way":1232164949,"width_m":6.0,"length_m":42.9,"surface_area":257.4,"catchment_m2":1544.4,"inlet_capacity_lps":7.8,"nearest_drain":"MH-064","from_node":"J256029552","to_node":"J256029725"},"geometry":{"type":"LineString","coordinates":[[80.219496,13.02146],[80.219892,13.021445]]}},{"type":"Feature","properties":{"id":"R0477","name":"Varasiddhi Vinayagar Koil Street","highway":"residential","osm_way":282480214,"width_m":6.0,"length_m":88.0,"surface_area":528.2,"catchment_m2":3169.4,"inlet_capacity_lps":23.4,"nearest_drain":"MH-065","from_node":"J256029712","to_node":"J256029625"},"geometry":{"type":"LineString","coordinates":[[80.220322,13.021436],[80.220749,13.021439],[80.221134,13.021457]]}},{"type":"Feature","properties":{"id":"R0478","name":"Varasiddhi Vinayagar Koil Street","highway":"residential","osm_way":282480214,"width_m":6.0,"length_m":46.6,"surface_area":279.6,"catchment_m2":1677.8,"inlet_capacity_lps":15.6,"nearest_drain":"MH-065","from_node":"J256029725","to_node":"J256029712"},"geometry":{"type":"LineString","coordinates":[[80.219892,13.021445],[80.220322,13.021436]]}},{"type":"Feature","properties":{"id":"R0479","name":"Vasugi street","highway":"residential","osm_way":27432326,"width_m":6.0,"length_m":34.1,"surface_area":204.9,"catchment_m2":1229.3,"inlet_capacity_lps":7.8,"nearest_drain":"MH-140","from_node":"J256031701","to_node":"J1183492456"},"geometry":{"type":"LineString","coordinates":[[80.217472,13.027737],[80.217452,13.02743]]}},{"type":"Feature","properties":{"id":"R0480","name":"Vasugi street","highway":"residential","osm_way":27432326,"width_m":6.0,"length_m":25.6,"surface_area":153.4,"catchment_m2":920.1,"inlet_capacity_lps":7.8,"nearest_drain":"MH-151","from_node":"J256031708","to_node":"J301171307"},"geometry":{"type":"LineString","coordinates":[[80.217517,13.028256],[80.217504,13.028026]]}},{"type":"Feature","properties":{"id":"R0481","name":"Vasugi street","highway":"residential","osm_way":27432326,"width_m":6.0,"length_m":9.3,"surface_area":55.9,"catchment_m2":335.2,"inlet_capacity_lps":7.8,"nearest_drain":"MH-140","from_node":"J256031730","to_node":"J256031701"},"geometry":{"type":"LineString","coordinates":[[80.217484,13.02782],[80.217472,13.027737]]}},{"type":"Feature","properties":{"id":"R0482","name":"Vasugi street","highway":"residential","osm_way":27432326,"width_m":6.0,"length_m":31.2,"surface_area":187.2,"catchment_m2":1123.1,"inlet_capacity_lps":7.8,"nearest_drain":"MH-151","from_node":"J300218910","to_node":"J300218914"},"geometry":{"type":"LineString","coordinates":[[80.217554,13.028645],[80.217527,13.028366]]}},{"type":"Feature","properties":{"id":"R0483","name":"Vasugi street","highway":"residential","osm_way":27432326,"width_m":6.0,"length_m":12.3,"surface_area":73.5,"catchment_m2":441.1,"inlet_capacity_lps":7.8,"nearest_drain":"MH-151","from_node":"J300218914","to_node":"J256031708"},"geometry":{"type":"LineString","coordinates":[[80.217527,13.028366],[80.217517,13.028256]]}},{"type":"Feature","properties":{"id":"R0484","name":"Vasugi street","highway":"residential","osm_way":27432326,"width_m":6.0,"length_m":23.1,"surface_area":138.4,"catchment_m2":830.6,"inlet_capacity_lps":7.8,"nearest_drain":"MH-140","from_node":"J301171307","to_node":"J256031730"},"geometry":{"type":"LineString","coordinates":[[80.217504,13.028026],[80.217484,13.02782]]}},{"type":"Feature","properties":{"id":"R0485","name":"Visaka garden","highway":"residential","osm_way":23634203,"width_m":6.0,"length_m":207.0,"surface_area":1241.7,"catchment_m2":7450.3,"inlet_capacity_lps":54.6,"nearest_drain":"MH-141","from_node":"J256029583","to_node":"J256029594"},"geometry":{"type":"LineString","coordinates":[[80.21974,13.026882],[80.221649,13.026842]]}},{"type":"Feature","properties":{"id":"R0486","name":"W Mada Street","highway":"residential","osm_way":26528275,"width_m":6.0,"length_m":33.7,"surface_area":202.0,"catchment_m2":1211.8,"inlet_capacity_lps":7.8,"nearest_drain":"MH-097","from_node":"J256029604","to_node":"J256029663"},"geometry":{"type":"LineString","coordinates":[[80.21659,13.024633],[80.216572,13.02433]]}},{"type":"Feature","properties":{"id":"R0487","name":"W Mada Street","highway":"residential","osm_way":26528275,"width_m":6.0,"length_m":42.5,"surface_area":255.2,"catchment_m2":1531.5,"inlet_capacity_lps":7.8,"nearest_drain":"MH-097","from_node":"J256029663","to_node":"J2172914909"},"geometry":{"type":"LineString","coordinates":[[80.216572,13.02433],[80.216547,13.023949]]}},{"type":"Feature","properties":{"id":"R0488","name":"W Mada Street","highway":"residential","osm_way":26528275,"width_m":6.0,"length_m":48.6,"surface_area":291.6,"catchment_m2":1749.4,"inlet_capacity_lps":15.6,"nearest_drain":"MH-074","from_node":"J416015828","to_node":"J256029658"},"geometry":{"type":"LineString","coordinates":[[80.216381,13.023087],[80.216362,13.022942],[80.216313,13.022656]]}},{"type":"Feature","properties":{"id":"R0489","name":"W Mada Street","highway":"residential","osm_way":26528275,"width_m":6.0,"length_m":53.9,"surface_area":323.3,"catchment_m2":1940.0,"inlet_capacity_lps":15.6,"nearest_drain":"MH-097","from_node":"J2172914909","to_node":"J2239237886"},"geometry":{"type":"LineString","coordinates":[[80.216547,13.023949],[80.216473,13.023678],[80.216434,13.023477]]}},{"type":"Feature","properties":{"id":"R0490","name":"W Mada Street","highway":"residential","osm_way":26528275,"width_m":6.0,"length_m":43.7,"surface_area":262.1,"catchment_m2":1572.7,"inlet_capacity_lps":7.8,"nearest_drain":"MH-086","from_node":"J2239237886","to_node":"J416015828"},"geometry":{"type":"LineString","coordinates":[[80.216434,13.023477],[80.216412,13.023331],[80.216381,13.023087]]}},{"type":"Feature","properties":{"id":"R0491","name":"West Road","highway":"residential","osm_way":23163900,"width_m":6.0,"length_m":48.8,"surface_area":292.6,"catchment_m2":1755.8,"inlet_capacity_lps":15.6,"nearest_drain":"MH-161","from_node":"J250363500","to_node":"J250363552"},"geometry":{"type":"LineString","coordinates":[[80.227916,13.028315],[80.227881,13.027877]]}},{"type":"Feature","properties":{"id":"R0492","name":"West Road","highway":"residential","osm_way":23163900,"width_m":6.0,"length_m":61.8,"surface_area":370.7,"catchment_m2":2224.5,"inlet_capacity_lps":15.6,"nearest_drain":"MH-161","from_node":"J250363552","to_node":"J250363580"},"geometry":{"type":"LineString","coordinates":[[80.227881,13.027877],[80.227828,13.027324]]}},{"type":"Feature","properties":{"id":"R0493","name":"West Road","highway":"residential","osm_way":23163900,"width_m":6.0,"length_m":195.4,"surface_area":1172.6,"catchment_m2":7035.3,"inlet_capacity_lps":54.6,"nearest_drain":"MH-122","from_node":"J250363577","to_node":"J269768063"},"geometry":{"type":"LineString","coordinates":[[80.227801,13.027009],[80.227894,13.026884],[80.22838,13.026382],[80.229074,13.025768]]}},{"type":"Feature","properties":{"id":"R0494","name":"West Road","highway":"residential","osm_way":23163900,"width_m":6.0,"length_m":35.2,"surface_area":210.9,"catchment_m2":1265.6,"inlet_capacity_lps":7.8,"nearest_drain":"MH-148","from_node":"J250363580","to_node":"J250363577"},"geometry":{"type":"LineString","coordinates":[[80.227828,13.027324],[80.227801,13.027009]]}},{"type":"Feature","properties":{"id":"R0495","name":null,"highway":"residential","osm_way":1247980192,"width_m":6.0,"length_m":10.3,"surface_area":62.1,"catchment_m2":372.6,"inlet_capacity_lps":7.8,"nearest_drain":"MH-157","from_node":"J250363480","to_node":"J11600973745"},"geometry":{"type":"LineString","coordinates":[[80.224013,13.028189],[80.224108,13.028195]]}},{"type":"Feature","properties":{"id":"R0496","name":null,"highway":"residential","osm_way":23163898,"width_m":6.0,"length_m":119.4,"surface_area":716.2,"catchment_m2":4297.2,"inlet_capacity_lps":31.2,"nearest_drain":"MH-160","from_node":"J250363516","to_node":"J7035475577"},"geometry":{"type":"LineString","coordinates":[[80.226056,13.028976],[80.227137,13.028771]]}},{"type":"Feature","properties":{"id":"R0497","name":null,"highway":"residential","osm_way":23163895,"width_m":6.0,"length_m":37.1,"surface_area":222.5,"catchment_m2":1334.7,"inlet_capacity_lps":7.8,"nearest_drain":"MH-173","from_node":"J250363519","to_node":"J250363522"},"geometry":{"type":"LineString","coordinates":[[80.226275,13.029822],[80.22661,13.029753]]}},{"type":"Feature","properties":{"id":"R0498","name":null,"highway":"residential","osm_way":23163895,"width_m":6.0,"length_m":37.7,"surface_area":226.0,"catchment_m2":1355.9,"inlet_capacity_lps":7.8,"nearest_drain":"MH-173","from_node":"J250363522","to_node":"J250363524"},"geometry":{"type":"LineString","coordinates":[[80.22661,13.029753],[80.226954,13.029706]]}},{"type":"Feature","properties":{"id":"R0499","name":null,"highway":"residential","osm_way":23163896,"width_m":6.0,"length_m":46.9,"surface_area":281.5,"catchment_m2":1688.9,"inlet_capacity_lps":15.6,"nearest_drain":"MH-173","from_node":"J250363522","to_node":"J250363523"},"geometry":{"type":"LineString","coordinates":[[80.22661,13.029753],[80.226538,13.029337]]}},{"type":"Feature","properties":{"id":"R0500","name":null,"highway":"residential","osm_way":23163894,"width_m":6.0,"length_m":40.2,"surface_area":241.4,"catchment_m2":1448.1,"inlet_capacity_lps":7.8,"nearest_drain":"MH-173","from_node":"J250363523","to_node":"J250363518"},"geometry":{"type":"LineString","coordinates":[[80.226538,13.029337],[80.226173,13.029402]]}},{"type":"Feature","properties":{"id":"R0501","name":null,"highway":"residential","osm_way":23163895,"width_m":6.0,"length_m":37.9,"surface_area":227.6,"catchment_m2":1365.8,"inlet_capacity_lps":7.8,"nearest_drain":"MH-173","from_node":"J250363524","to_node":"J7035475572"},"geometry":{"type":"LineString","coordinates":[[80.226954,13.029706],[80.227298,13.02964]]}},{"type":"Feature","properties":{"id":"R0502","name":null,"highway":"residential","osm_way":23163897,"width_m":6.0,"length_m":47.8,"surface_area":287.1,"catchment_m2":1722.5,"inlet_capacity_lps":15.6,"nearest_drain":"MH-173","from_node":"J250363524","to_node":"J250363525"},"geometry":{"type":"LineString","coordinates":[[80.226954,13.029706],[80.226871,13.029283]]}},{"type":"Feature","properties":{"id":"R0503","name":null,"highway":"residential","osm_way":23163894,"width_m":6.0,"length_m":36.5,"surface_area":219.3,"catchment_m2":1315.5,"inlet_capacity_lps":7.8,"nearest_drain":"MH-173","from_node":"J250363525","to_node":"J250363523"},"geometry":{"type":"LineString","coordinates":[[80.226871,13.029283],[80.226538,13.029337]]}},{"type":"Feature","properties":{"id":"R0504","name":null,"highway":"residential","osm_way":24831613,"width_m":6.0,"length_m":93.4,"surface_area":560.6,"catchment_m2":3363.7,"inlet_capacity_lps":23.4,"nearest_drain":"MH-137","from_node":"J250363542","to_node":"J250363538"},"geometry":{"type":"LineString","coordinates":[[80.229754,13.026354],[80.22992,13.026485],[80.230278,13.026786],[80.230326,13.02683],[80.230366,13.026877],[80.23039,13.026917]]}},{"type":"Feature","properties":{"id":"R0505","name":null,"highway":"residential","osm_way":24831615,"width_m":6.0,"length_m":93.5,"surface_area":560.9,"catchment_m2":3365.3,"inlet_capacity_lps":23.4,"nearest_drain":"MH-124","from_node":"J250363542","to_node":"J3048092023"},"geometry":{"type":"LineString","coordinates":[[80.229754,13.026354],[80.230246,13.025739],[80.230284,13.02569]]}},{"type":"Feature","properties":{"id":"R0506","name":null,"highway":"residential","osm_way":214356668,"width_m":6.0,"length_m":35.6,"surface_area":213.7,"catchment_m2":1282.0,"inlet_capacity_lps":7.8,"nearest_drain":"MH-148","from_node":"J250363577","to_node":"J2239155981"},"geometry":{"type":"LineString","coordinates":[[80.227801,13.027009],[80.227473,13.027021]]}},{"type":"Feature","properties":{"id":"R0507","name":null,"highway":"residential","osm_way":23163906,"width_m":6.0,"length_m":44.3,"surface_area":265.9,"catchment_m2":1595.5,"inlet_capacity_lps":7.8,"nearest_drain":"MH-175","from_node":"J250363595","to_node":"J250363603"},"geometry":{"type":"LineString","coordinates":[[80.229123,13.029639],[80.229106,13.029241]]}},{"type":"Feature","properties":{"id":"R0508","name":null,"highway":"residential","osm_way":23163907,"width_m":6.0,"length_m":51.1,"surface_area":306.7,"catchment_m2":1840.0,"inlet_capacity_lps":15.6,"nearest_drain":"MH-175","from_node":"J250363597","to_node":"J250363608"},"geometry":{"type":"LineString","coordinates":[[80.228862,13.029646],[80.228841,13.029187]]}},{"type":"Feature","properties":{"id":"R0509","name":null,"highway":"residential","osm_way":23634396,"width_m":6.0,"length_m":167.0,"surface_area":1002.1,"catchment_m2":6012.4,"inlet_capacity_lps":46.8,"nearest_drain":"MH-049","from_node":"J256029622","to_node":"J256031615"},"geometry":{"type":"LineString","coordinates":[[80.216037,13.020772],[80.217516,13.020348]]}},{"type":"Feature","properties":{"id":"R0510","name":null,"highway":"residential","osm_way":995110694,"width_m":6.0,"length_m":90.6,"surface_area":543.5,"catchment_m2":3260.8,"inlet_capacity_lps":23.4,"nearest_drain":"MH-053","from_node":"J256029734","to_node":"J9189073665"},"geometry":{"type":"LineString","coordinates":[[80.22032,13.01999],[80.219925,13.019977],[80.219484,13.019966]]}},{"type":"Feature","properties":{"id":"R0511","name":null,"highway":"residential","osm_way":23634401,"width_m":6.0,"length_m":122.1,"surface_area":732.6,"catchment_m2":4395.5,"inlet_capacity_lps":31.2,"nearest_drain":"MH-036","from_node":"J256029764","to_node":"J256031625"},"geometry":{"type":"LineString","coordinates":[[80.217659,13.019602],[80.217736,13.019866],[80.217812,13.02013],[80.217889,13.020394],[80.217966,13.020658]]}},{"type":"Feature","properties":{"id":"R0512","name":null,"highway":"residential","osm_way":23634401,"width_m":6.0,"length_m":34.3,"surface_area":205.7,"catchment_m2":1234.4,"inlet_capacity_lps":7.8,"nearest_drain":"MH-050","from_node":"J256031625","to_node":"J2237806380"},"geometry":{"type":"LineString","coordinates":[[80.217966,13.020658],[80.218028,13.020961]]}},{"type":"Feature","properties":{"id":"R0513","name":null,"highway":"residential","osm_way":23634403,"width_m":6.0,"length_m":92.3,"surface_area":553.9,"catchment_m2":3323.4,"inlet_capacity_lps":23.4,"nearest_drain":"MH-075","from_node":"J256031628","to_node":"J256031629"},"geometry":{"type":"LineString","coordinates":[[80.21787,13.022067],[80.218718,13.021987]]}},{"type":"Feature","properties":{"id":"R0514","name":null,"highway":"residential","osm_way":339131125,"width_m":6.0,"length_m":62.1,"surface_area":372.3,"catchment_m2":2234.0,"inlet_capacity_lps":15.6,"nearest_drain":"MH-066","from_node":"J256031636","to_node":"J3463198220"},"geometry":{"type":"LineString","coordinates":[[80.22117,13.021599],[80.220598,13.021581]]}},{"type":"Feature","properties":{"id":"R0515","name":null,"highway":"residential","osm_way":23634405,"width_m":6.0,"length_m":59.8,"surface_area":359.0,"catchment_m2":2154.0,"inlet_capacity_lps":15.6,"nearest_drain":"MH-088","from_node":"J256031640","to_node":"J2172914897"},"geometry":{"type":"LineString","coordinates":[[80.218041,13.022997],[80.218591,13.022949]]}},{"type":"Feature","properties":{"id":"R0516","name":null,"highway":"residential","osm_way":23634656,"width_m":6.0,"length_m":162.3,"surface_area":974.0,"catchment_m2":5844.1,"inlet_capacity_lps":39.0,"nearest_drain":"MH-041","from_node":"J256035502","to_node":"J2237806362"},"geometry":{"type":"LineString","coordinates":[[80.222555,13.019156],[80.222478,13.019744],[80.222477,13.019782],[80.222484,13.019809],[80.222852,13.020525]]}},{"type":"Feature","properties":{"id":"R0517","name":null,"highway":"residential","osm_way":23634657,"width_m":6.0,"length_m":249.1,"surface_area":1494.3,"catchment_m2":8966.0,"inlet_capacity_lps":62.4,"nearest_drain":"MH-068","from_node":"J256035506","to_node":"J329322378"},"geometry":{"type":"LineString","coordinates":[[80.223638,13.019363],[80.223413,13.019904],[80.223225,13.020573],[80.223135,13.02081],[80.223088,13.020938],[80.223087,13.020967],[80.223088,13.021006],[80.223097,13.021037],[80.223134,13.021115],[80.223185,13.021194],[80.223242,13.021271],[80.223344,13.021444]]}},{"type":"Feature","properties":{"id":"R0518","name":null,"highway":"residential","osm_way":1188222715,"width_m":6.0,"length_m":30.3,"surface_area":182.0,"catchment_m2":1091.9,"inlet_capacity_lps":7.8,"nearest_drain":"MH-032","from_node":"J256035511","to_node":"J11033762453"},"geometry":{"type":"LineString","coordinates":[[80.223986,13.018273],[80.223961,13.018218],[80.224013,13.018011]]}},{"type":"Feature","properties":{"id":"R0519","name":null,"highway":"residential","osm_way":23634663,"width_m":6.0,"length_m":44.7,"surface_area":267.9,"catchment_m2":1607.7,"inlet_capacity_lps":7.8,"nearest_drain":"MH-091","from_node":"J256035525","to_node":"J256035531"},"geometry":{"type":"LineString","coordinates":[[80.22443,13.023873],[80.224842,13.023869]]}},{"type":"Feature","properties":{"id":"R0520","name":null,"highway":"residential","osm_way":23634663,"width_m":6.0,"length_m":18.5,"surface_area":111.1,"catchment_m2":666.9,"inlet_capacity_lps":7.8,"nearest_drain":"MH-091","from_node":"J256035531","to_node":"J2016779516"},"geometry":{"type":"LineString","coordinates":[[80.224842,13.023869],[80.225013,13.023862]]}},{"type":"Feature","properties":{"id":"R0521","name":null,"highway":"residential","osm_way":23634668,"width_m":6.0,"length_m":52.1,"surface_area":312.6,"catchment_m2":1875.7,"inlet_capacity_lps":15.6,"nearest_drain":"MH-132","from_node":"J256035544","to_node":"J256035543"},"geometry":{"type":"LineString","coordinates":[[80.224717,13.025871],[80.225198,13.025865]]}},{"type":"Feature","properties":{"id":"R0522","name":null,"highway":"residential","osm_way":23634669,"width_m":6.0,"length_m":29.0,"surface_area":174.0,"catchment_m2":1044.1,"inlet_capacity_lps":7.8,"nearest_drain":"MH-120","from_node":"J256035547","to_node":"J2168668912"},"geometry":{"type":"LineString","coordinates":[[80.226778,13.025505],[80.227046,13.025507]]}},{"type":"Feature","properties":{"id":"R0523","name":null,"highway":"residential","osm_way":23634670,"width_m":6.0,"length_m":32.8,"surface_area":196.7,"catchment_m2":1180.4,"inlet_capacity_lps":7.8,"nearest_drain":"MH-135","from_node":"J256035554","to_node":"J2237675805"},"geometry":{"type":"LineString","coordinates":[[80.227357,13.025583],[80.227387,13.025876]]}},{"type":"Feature","properties":{"id":"R0524","name":null,"highway":"residential","osm_way":23634671,"width_m":6.0,"length_m":69.8,"surface_area":418.6,"catchment_m2":2511.7,"inlet_capacity_lps":15.6,"nearest_drain":"MH-121","from_node":"J256035554","to_node":"J11774985697"},"geometry":{"type":"LineString","coordinates":[[80.227357,13.025583],[80.227995,13.025493]]}},{"type":"Feature","properties":{"id":"R0525","name":null,"highway":"residential","osm_way":1267858945,"width_m":6.0,"length_m":19.5,"surface_area":116.9,"catchment_m2":701.5,"inlet_capacity_lps":7.8,"nearest_drain":"MH-122","from_node":"J256035558","to_node":"J11774985685"},"geometry":{"type":"LineString","coordinates":[[80.22802,13.025589],[80.228193,13.025541]]}},{"type":"Feature","properties":{"id":"R0526","name":null,"highway":"residential","osm_way":23634672,"width_m":6.0,"length_m":68.7,"surface_area":412.3,"catchment_m2":2474.0,"inlet_capacity_lps":15.6,"nearest_drain":"MH-122","from_node":"J256035559","to_node":"J2237675774"},"geometry":{"type":"LineString","coordinates":[[80.228452,13.02557],[80.228209,13.024999]]}},{"type":"Feature","properties":{"id":"R0527","name":null,"highway":"residential","osm_way":23634678,"width_m":6.0,"length_m":37.3,"surface_area":223.6,"catchment_m2":1341.8,"inlet_capacity_lps":7.8,"nearest_drain":"MH-059","from_node":"J256035575","to_node":"J269767405"},"geometry":{"type":"LineString","coordinates":[[80.228248,13.019993],[80.228267,13.019998],[80.228289,13.019995],[80.228415,13.019946],[80.228572,13.019891]]}},{"type":"Feature","properties":{"id":"R0528","name":null,"highway":"residential","osm_way":1262111332,"width_m":6.0,"length_m":122.9,"surface_area":737.3,"catchment_m2":4423.7,"inlet_capacity_lps":31.2,"nearest_drain":"MH-059","from_node":"J256035577","to_node":"J2168668879"},"geometry":{"type":"LineString","coordinates":[[80.228568,13.02127],[80.228268,13.020344],[80.228264,13.020328],[80.228262,13.020316],[80.228264,13.020307],[80.228275,13.0203],[80.228293,13.020293],[80.228356,13.020271]]}},{"type":"Feature","properties":{"id":"R0529","name":null,"highway":"residential","osm_way":23634678,"width_m":6.0,"length_m":21.5,"surface_area":128.9,"catchment_m2":773.4,"inlet_capacity_lps":7.8,"nearest_drain":"MH-048","from_node":"J256035578","to_node":"J269767393"},"geometry":{"type":"LineString","coordinates":[[80.230299,13.019245],[80.230223,13.019066]]}},{"type":"Feature","properties":{"id":"R0530","name":null,"highway":"residential","osm_way":24831574,"width_m":6.0,"length_m":126.8,"surface_area":760.9,"catchment_m2":4565.4,"inlet_capacity_lps":31.2,"nearest_drain":"MH-013","from_node":"J269767187","to_node":"J2168668834"},"geometry":{"type":"LineString","coordinates":[[80.229918,13.016082],[80.228899,13.01627],[80.228776,13.01632]]}},{"type":"Feature","properties":{"id":"R0531","name":null,"highway":"residential","osm_way":206819123,"width_m":6.0,"length_m":155.3,"surface_area":931.9,"catchment_m2":5591.2,"inlet_capacity_lps":39.0,"nearest_drain":"MH-013","from_node":"J269767187","to_node":"J2168668837"},"geometry":{"type":"LineString","coordinates":[[80.229918,13.016082],[80.229965,13.016392],[80.229968,13.016422],[80.229959,13.016441],[80.229946,13.016456],[80.229098,13.016616],[80.228927,13.016658]]}},{"type":"Feature","properties":{"id":"R0532","name":null,"highway":"residential","osm_way":28067412,"width_m":6.0,"length_m":23.8,"surface_area":142.8,"catchment_m2":857.0,"inlet_capacity_lps":7.8,"nearest_drain":"MH-022","from_node":"J269767212","to_node":"J2168668843"},"geometry":{"type":"LineString","coordinates":[[80.22682,13.01707],[80.226658,13.017214]]}},{"type":"Feature","properties":{"id":"R0533","name":null,"highway":"residential","osm_way":24831575,"width_m":6.0,"length_m":143.2,"surface_area":859.0,"catchment_m2":5154.2,"inlet_capacity_lps":39.0,"nearest_drain":"MH-002","from_node":"J269767236","to_node":"J2241065780"},"geometry":{"type":"LineString","coordinates":[[80.225774,13.015683],[80.225961,13.015746],[80.226159,13.015799],[80.226394,13.015877],[80.226601,13.016063],[80.226868,13.016338]]}},{"type":"Feature","properties":{"id":"R0534","name":null,"highway":"residential","osm_way":23634678,"width_m":6.0,"length_m":40.5,"surface_area":243.0,"catchment_m2":1458.3,"inlet_capacity_lps":7.8,"nearest_drain":"MH-047","from_node":"J269767388","to_node":"J2168668870"},"geometry":{"type":"LineString","coordinates":[[80.22922,13.019657],[80.229569,13.019526]]}},{"type":"Feature","properties":{"id":"R0535","name":null,"highway":"residential","osm_way":24831591,"width_m":6.0,"length_m":23.1,"surface_area":138.5,"catchment_m2":831.1,"inlet_capacity_lps":7.8,"nearest_drain":"MH-046","from_node":"J269767388","to_node":"J269767390"},"geometry":{"type":"LineString","coordinates":[[80.22922,13.019657],[80.229138,13.019466]]}},{"type":"Feature","properties":{"id":"R0536","name":null,"highway":"residential","osm_way":24831591,"width_m":6.0,"length_m":20.8,"surface_area":124.9,"catchment_m2":749.3,"inlet_capacity_lps":7.8,"nearest_drain":"MH-046","from_node":"J269767390","to_node":"J269767389"},"geometry":{"type":"LineString","coordinates":[[80.229138,13.019466],[80.229063,13.019293]]}},{"type":"Feature","properties":{"id":"R0537","name":null,"highway":"residential","osm_way":23634678,"width_m":6.0,"length_m":21.5,"surface_area":128.9,"catchment_m2":773.7,"inlet_capacity_lps":7.8,"nearest_drain":"MH-034","from_node":"J269767393","to_node":"J2168668860"},"geometry":{"type":"LineString","coordinates":[[80.230223,13.019066],[80.230148,13.018887]]}},{"type":"Feature","properties":{"id":"R0538","name":null,"highway":"residential","osm_way":24831593,"width_m":6.0,"length_m":58.6,"surface_area":351.8,"catchment_m2":2110.9,"inlet_capacity_lps":15.6,"nearest_drain":"MH-034","from_node":"J269767394","to_node":"J269767396"},"geometry":{"type":"LineString","coordinates":[[80.230138,13.018862],[80.229938,13.018372]]}},{"type":"Feature","properties":{"id":"R0539","name":null,"highway":"residential","osm_way":23634678,"width_m":6.0,"length_m":38.1,"surface_area":228.8,"catchment_m2":1372.6,"inlet_capacity_lps":7.8,"nearest_drain":"MH-047","from_node":"J269767402","to_node":"J269767388"},"geometry":{"type":"LineString","coordinates":[[80.228891,13.019778],[80.22905,13.01972],[80.22922,13.019657]]}},{"type":"Feature","properties":{"id":"R0540","name":null,"highway":"residential","osm_way":23634678,"width_m":6.0,"length_m":36.8,"surface_area":220.6,"catchment_m2":1323.4,"inlet_capacity_lps":7.8,"nearest_drain":"MH-046","from_node":"J269767405","to_node":"J269767402"},"geometry":{"type":"LineString","coordinates":[[80.228572,13.019891],[80.228734,13.019837],[80.228891,13.019778]]}},{"type":"Feature","properties":{"id":"R0541","name":null,"highway":"residential","osm_way":24831596,"width_m":6.0,"length_m":92.0,"surface_area":552.0,"catchment_m2":3311.7,"inlet_capacity_lps":23.4,"nearest_drain":"MH-060","from_node":"J269767409","to_node":"J269767410"},"geometry":{"type":"LineString","coordinates":[[80.230046,13.020767],[80.22976,13.019989]]}},{"type":"Feature","properties":{"id":"R0542","name":null,"highway":"residential","osm_way":1220264473,"width_m":6.0,"length_m":55.0,"surface_area":329.8,"catchment_m2":1978.5,"inlet_capacity_lps":15.6,"nearest_drain":"MH-060","from_node":"J269767410","to_node":"J269767421"},"geometry":{"type":"LineString","coordinates":[[80.22976,13.019989],[80.230234,13.019813]]}},{"type":"Feature","properties":{"id":"R0543","name":null,"highway":"residential","osm_way":24831598,"width_m":6.0,"length_m":94.1,"surface_area":564.4,"catchment_m2":3386.5,"inlet_capacity_lps":23.4,"nearest_drain":"MH-048","from_node":"J269767422","to_node":"J269767421"},"geometry":{"type":"LineString","coordinates":[[80.230524,13.02061],[80.230234,13.019813]]}},{"type":"Feature","properties":{"id":"R0544","name":null,"highway":"residential","osm_way":24831613,"width_m":6.0,"length_m":62.5,"surface_area":375.0,"catchment_m2":2249.8,"inlet_capacity_lps":15.6,"nearest_drain":"MH-122","from_node":"J269768063","to_node":"J269768067"},"geometry":{"type":"LineString","coordinates":[[80.229074,13.025768],[80.229489,13.026159]]}},{"type":"Feature","properties":{"id":"R0545","name":null,"highway":"residential","osm_way":24831614,"width_m":6.0,"length_m":114.8,"surface_area":688.8,"catchment_m2":4132.5,"inlet_capacity_lps":31.2,"nearest_drain":"MH-137","from_node":"J269768064","to_node":"J269768067"},"geometry":{"type":"LineString","coordinates":[[80.228708,13.026857],[80.229489,13.026159]]}},{"type":"Feature","properties":{"id":"R0546","name":null,"highway":"residential","osm_way":24831613,"width_m":6.0,"length_m":35.9,"surface_area":215.7,"catchment_m2":1294.1,"inlet_capacity_lps":7.8,"nearest_drain":"MH-137","from_node":"J269768067","to_node":"J250363542"},"geometry":{"type":"LineString","coordinates":[[80.229489,13.026159],[80.229754,13.026354]]}},{"type":"Feature","properties":{"id":"R0547","name":null,"highway":"residential","osm_way":35475065,"width_m":6.0,"length_m":77.2,"surface_area":463.4,"catchment_m2":2780.5,"inlet_capacity_lps":23.4,"nearest_drain":"MH-103","from_node":"J277442967","to_node":"J416015721"},"geometry":{"type":"LineString","coordinates":[[80.222889,13.024417],[80.222846,13.02511]]}},{"type":"Feature","properties":{"id":"R0548","name":null,"highway":"residential","osm_way":214172298,"width_m":6.0,"length_m":33.5,"surface_area":200.9,"catchment_m2":1205.5,"inlet_capacity_lps":7.8,"nearest_drain":"MH-134","from_node":"J280089108","to_node":"J2168668937"},"geometry":{"type":"LineString","coordinates":[[80.226811,13.026685],[80.227107,13.026598]]}},{"type":"Feature","properties":{"id":"R0549","name":null,"highway":"residential","osm_way":27347417,"width_m":6.0,"length_m":42.1,"surface_area":252.9,"catchment_m2":1517.3,"inlet_capacity_lps":7.8,"nearest_drain":"MH-165","from_node":"J300218905","to_node":"J300218906"},"geometry":{"type":"LineString","coordinates":[[80.217309,13.029455],[80.217265,13.029079]]}},{"type":"Feature","properties":{"id":"R0550","name":null,"highway":"residential","osm_way":27347417,"width_m":6.0,"length_m":44.4,"surface_area":266.7,"catchment_m2":1600.0,"inlet_capacity_lps":7.8,"nearest_drain":"MH-165","from_node":"J300218906","to_node":"J300218907"},"geometry":{"type":"LineString","coordinates":[[80.217265,13.029079],[80.217209,13.028683]]}},{"type":"Feature","properties":{"id":"R0551","name":null,"highway":"residential","osm_way":27442436,"width_m":6.0,"length_m":155.8,"surface_area":934.7,"catchment_m2":5608.0,"inlet_capacity_lps":39.0,"nearest_drain":"MH-026","from_node":"J301300024","to_node":"J301300026"},"geometry":{"type":"LineString","coordinates":[[80.217122,13.018298],[80.217298,13.018814],[80.217324,13.018902],[80.217378,13.019056],[80.217441,13.019255],[80.217549,13.019636]]}},{"type":"Feature","properties":{"id":"R0552","name":null,"highway":"residential","osm_way":27442440,"width_m":6.0,"length_m":165.7,"surface_area":994.4,"catchment_m2":5966.5,"inlet_capacity_lps":46.8,"nearest_drain":"MH-025","from_node":"J301300044","to_node":"J301300045"},"geometry":{"type":"LineString","coordinates":[[80.216639,13.018337],[80.21708,13.019764]]}},{"type":"Feature","properties":{"id":"R0553","name":null,"highway":"residential","osm_way":1434312800,"width_m":6.0,"length_m":29.0,"surface_area":174.1,"catchment_m2":1044.7,"inlet_capacity_lps":7.8,"nearest_drain":"MH-147","from_node":"J304283883","to_node":"J2239155983"},"geometry":{"type":"LineString","coordinates":[[80.226858,13.02728],[80.227118,13.027215]]}},{"type":"Feature","properties":{"id":"R0554","name":null,"highway":"residential","osm_way":29882115,"width_m":6.0,"length_m":120.5,"surface_area":722.8,"catchment_m2":4336.8,"inlet_capacity_lps":31.2,"nearest_drain":"MH-070","from_node":"J329314306","to_node":"J12045033658"},"geometry":{"type":"LineString","coordinates":[[80.22549,13.022558],[80.22563,13.021809],[80.225753,13.02151]]}},{"type":"Feature","properties":{"id":"R0555","name":null,"highway":"residential","osm_way":282480211,"width_m":6.0,"length_m":18.4,"surface_area":110.3,"catchment_m2":661.7,"inlet_capacity_lps":7.8,"nearest_drain":"MH-067","from_node":"J329321829","to_node":"J2237738444"},"geometry":{"type":"LineString","coordinates":[[80.222778,13.021028],[80.222847,13.021179]]}},{"type":"Feature","properties":{"id":"R0556","name":null,"highway":"residential","osm_way":282480211,"width_m":6.0,"length_m":49.9,"surface_area":299.5,"catchment_m2":1797.3,"inlet_capacity_lps":15.6,"nearest_drain":"MH-067","from_node":"J329349378","to_node":"J2611869009"},"geometry":{"type":"LineString","coordinates":[[80.222882,13.021273],[80.223031,13.021697]]}},{"type":"Feature","properties":{"id":"R0557","name":null,"highway":"residential","osm_way":35475076,"width_m":6.0,"length_m":68.4,"surface_area":410.1,"catchment_m2":2460.6,"inlet_capacity_lps":15.6,"nearest_drain":"MH-086","from_node":"J416015828","to_node":"J416015878"},"geometry":{"type":"LineString","coordinates":[[80.216381,13.023087],[80.21701,13.023039]]}},{"type":"Feature","properties":{"id":"R0558","name":null,"highway":"residential","osm_way":214366919,"width_m":6.0,"length_m":96.3,"surface_area":577.6,"catchment_m2":3465.9,"inlet_capacity_lps":23.4,"nearest_drain":"MH-086","from_node":"J416015878","to_node":"J2239237856"},"geometry":{"type":"LineString","coordinates":[[80.21701,13.023039],[80.217009,13.022999],[80.217011,13.022965],[80.217029,13.022903],[80.217083,13.022854],[80.217158,13.022823],[80.217277,13.022781],[80.217418,13.022752],[80.217546,13.022681],[80.21771,13.022628]]}},{"type":"Feature","properties":{"id":"R0559","name":null,"highway":"residential","osm_way":1267858948,"width_m":6.0,"length_m":135.1,"surface_area":810.3,"catchment_m2":4862.0,"inlet_capacity_lps":39.0,"nearest_drain":"MH-118","from_node":"J658977517","to_node":"J2237738501"},"geometry":{"type":"LineString","coordinates":[[80.224135,13.025301],[80.222894,13.025192]]}},{"type":"Feature","properties":{"id":"R0560","name":null,"highway":"residential","osm_way":1131526938,"width_m":6.0,"length_m":74.4,"surface_area":446.1,"catchment_m2":2676.7,"inlet_capacity_lps":15.6,"nearest_drain":"MH-118","from_node":"J658977916","to_node":"J10548419779"},"geometry":{"type":"LineString","coordinates":[[80.224549,13.025256],[80.224564,13.025308],[80.224572,13.025321],[80.224591,13.025327],[80.225165,13.025344],[80.225186,13.025345]]}},{"type":"Feature","properties":{"id":"R0561","name":null,"highway":"residential","osm_way":23634670,"width_m":6.0,"length_m":37.8,"surface_area":226.9,"catchment_m2":1361.3,"inlet_capacity_lps":7.8,"nearest_drain":"MH-121","from_node":"J1411621439","to_node":"J256035548"},"geometry":{"type":"LineString","coordinates":[[80.227237,13.025131],[80.227287,13.025467]]}},{"type":"Feature","properties":{"id":"R0562","name":null,"highway":"residential","osm_way":127574697,"width_m":6.0,"length_m":17.1,"surface_area":102.6,"catchment_m2":615.5,"inlet_capacity_lps":7.8,"nearest_drain":"MH-019","from_node":"J1411621456","to_node":"J2241068099"},"geometry":{"type":"LineString","coordinates":[[80.223552,13.017839],[80.223406,13.01778]]}},{"type":"Feature","properties":{"id":"R0563","name":null,"highway":"residential","osm_way":1188018472,"width_m":6.0,"length_m":49.9,"surface_area":299.5,"catchment_m2":1796.7,"inlet_capacity_lps":15.6,"nearest_drain":"MH-031","from_node":"J1411621466","to_node":"J1411621789"},"geometry":{"type":"LineString","coordinates":[[80.222352,13.018055],[80.222346,13.018048],[80.222332,13.018045],[80.221962,13.017976],[80.221902,13.01797]]}},{"type":"Feature","properties":{"id":"R0564","name":null,"highway":"residential","osm_way":1249843438,"width_m":6.0,"length_m":38.1,"surface_area":228.4,"catchment_m2":1370.2,"inlet_capacity_lps":7.8,"nearest_drain":"MH-032","from_node":"J1411621503","to_node":"J1411621908"},"geometry":{"type":"LineString","coordinates":[[80.223217,13.018135],[80.223156,13.018472]]}},{"type":"Feature","properties":{"id":"R0565","name":null,"highway":"residential","osm_way":127574704,"width_m":6.0,"length_m":67.6,"surface_area":405.9,"catchment_m2":2435.1,"inlet_capacity_lps":15.6,"nearest_drain":"MH-081","from_node":"J1411621550","to_node":"J256035522"},"geometry":{"type":"LineString","coordinates":[[80.224927,13.022697],[80.224303,13.022683]]}},{"type":"Feature","properties":{"id":"R0566","name":null,"highway":"residential","osm_way":127574711,"width_m":6.0,"length_m":98.7,"surface_area":592.3,"catchment_m2":3553.8,"inlet_capacity_lps":23.4,"nearest_drain":"MH-019","from_node":"J1411621562","to_node":"J2241068079"},"geometry":{"type":"LineString","coordinates":[[80.223342,13.017483],[80.222568,13.017382],[80.222439,13.017363]]}},{"type":"Feature","properties":{"id":"R0567","name":null,"highway":"residential","osm_way":214599102,"width_m":6.0,"length_m":33.8,"surface_area":202.9,"catchment_m2":1217.6,"inlet_capacity_lps":7.8,"nearest_drain":"MH-019","from_node":"J1411621562","to_node":"J2241068099"},"geometry":{"type":"LineString","coordinates":[[80.223342,13.017483],[80.223406,13.01778]]}},{"type":"Feature","properties":{"id":"R0568","name":null,"highway":"residential","osm_way":1229607364,"width_m":6.0,"length_m":29.4,"surface_area":176.4,"catchment_m2":1058.6,"inlet_capacity_lps":7.8,"nearest_drain":"MH-019","from_node":"J1411621562","to_node":"J1411621631"},"geometry":{"type":"LineString","coordinates":[[80.223342,13.017483],[80.223417,13.01748],[80.223539,13.017442],[80.223601,13.017415]]}},{"type":"Feature","properties":{"id":"R0569","name":null,"highway":"residential","osm_way":214188212,"width_m":6.0,"length_m":33.5,"surface_area":201.0,"catchment_m2":1205.8,"inlet_capacity_lps":7.8,"nearest_drain":"MH-019","from_node":"J1411621631","to_node":"J11775267667"},"geometry":{"type":"LineString","coordinates":[[80.223601,13.017415],[80.223599,13.017431],[80.2236,13.017451],[80.223801,13.017562],[80.223816,13.017571],[80.223821,13.017593]]}},{"type":"Feature","properties":{"id":"R0570","name":null,"highway":"residential","osm_way":1229607364,"width_m":6.0,"length_m":49.9,"surface_area":299.5,"catchment_m2":1797.0,"inlet_capacity_lps":15.6,"nearest_drain":"MH-019","from_node":"J1411621631","to_node":"J1411621778"},"geometry":{"type":"LineString","coordinates":[[80.223601,13.017415],[80.223612,13.01735],[80.223606,13.017285],[80.223529,13.016976]]}},{"type":"Feature","properties":{"id":"R0571","name":null,"highway":"residential","osm_way":649558084,"width_m":6.0,"length_m":154.2,"surface_area":924.9,"catchment_m2":5549.6,"inlet_capacity_lps":39.0,"nearest_drain":"MH-048","from_node":"J1411621698","to_node":"J256035578"},"geometry":{"type":"LineString","coordinates":[[80.230824,13.020511],[80.230495,13.01957],[80.230445,13.019415],[80.230408,13.019344],[80.230358,13.019275],[80.230299,13.019245]]}},{"type":"Feature","properties":{"id":"R0572","name":null,"highway":"residential","osm_way":127574693,"width_m":6.0,"length_m":29.5,"surface_area":177.1,"catchment_m2":1062.3,"inlet_capacity_lps":7.8,"nearest_drain":"MH-007","from_node":"J1411621730","to_node":"J1411621754"},"geometry":{"type":"LineString","coordinates":[[80.222371,13.016576],[80.222303,13.01657],[80.222235,13.016569],[80.222151,13.016568],[80.222099,13.016567]]}},{"type":"Feature","properties":{"id":"R0573","name":null,"highway":"residential","osm_way":214599094,"width_m":6.0,"length_m":77.1,"surface_area":462.6,"catchment_m2":2775.4,"inlet_capacity_lps":23.4,"nearest_drain":"MH-007","from_node":"J1411621730","to_node":"J11775267656"},"geometry":{"type":"LineString","coordinates":[[80.222371,13.016576],[80.22243,13.017266]]}},{"type":"Feature","properties":{"id":"R0574","name":null,"highway":"residential","osm_way":1188018473,"width_m":6.0,"length_m":33.0,"surface_area":197.7,"catchment_m2":1186.3,"inlet_capacity_lps":7.8,"nearest_drain":"MH-031","from_node":"J1411621745","to_node":"J1411621466"},"geometry":{"type":"LineString","coordinates":[[80.222309,13.018348],[80.222308,13.018343],[80.222309,13.018337],[80.222351,13.018077],[80.222353,13.018064],[80.222352,13.018055]]}},{"type":"Feature","properties":{"id":"R0575","name":null,"highway":"residential","osm_way":127574703,"width_m":6.0,"length_m":88.0,"surface_area":527.8,"catchment_m2":3166.8,"inlet_capacity_lps":23.4,"nearest_drain":"MH-032","from_node":"J1411621908","to_node":"J11618120164"},"geometry":{"type":"LineString","coordinates":[[80.223156,13.018472],[80.222352,13.018359]]}},{"type":"Feature","properties":{"id":"R0576","name":null,"highway":"residential","osm_way":1249843438,"width_m":6.0,"length_m":22.5,"surface_area":135.1,"catchment_m2":810.4,"inlet_capacity_lps":7.8,"nearest_drain":"MH-032","from_node":"J1411621908","to_node":"J11618120168"},"geometry":{"type":"LineString","coordinates":[[80.223156,13.018472],[80.22313,13.018673]]}},{"type":"Feature","properties":{"id":"R0577","name":null,"highway":"residential","osm_way":127647964,"width_m":6.0,"length_m":37.2,"surface_area":223.3,"catchment_m2":1339.6,"inlet_capacity_lps":7.8,"nearest_drain":"MH-029","from_node":"J1412280349","to_node":"J1412280373"},"geometry":{"type":"LineString","coordinates":[[80.220233,13.018563],[80.219892,13.018602]]}},{"type":"Feature","properties":{"id":"R0578","name":null,"highway":"residential","osm_way":24831615,"width_m":6.0,"length_m":183.4,"surface_area":1100.4,"catchment_m2":6602.6,"inlet_capacity_lps":46.8,"nearest_drain":"MH-137","from_node":"J1723299453","to_node":"J250363542"},"geometry":{"type":"LineString","coordinates":[[80.229626,13.027998],[80.229729,13.026915],[80.229754,13.026354]]}},{"type":"Feature","properties":{"id":"R0579","name":null,"highway":"residential","osm_way":23634663,"width_m":6.0,"length_m":12.7,"surface_area":76.0,"catchment_m2":456.0,"inlet_capacity_lps":7.8,"nearest_drain":"MH-091","from_node":"J2016779516","to_node":"J256035542"},"geometry":{"type":"LineString","coordinates":[[80.225013,13.023862],[80.225129,13.023855]]}},{"type":"Feature","properties":{"id":"R0580","name":null,"highway":"residential","osm_way":24831574,"width_m":6.0,"length_m":95.1,"surface_area":570.5,"catchment_m2":3423.0,"inlet_capacity_lps":23.4,"nearest_drain":"MH-012","from_node":"J2168668834","to_node":"J269767197"},"geometry":{"type":"LineString","coordinates":[[80.228776,13.01632],[80.228002,13.016723]]}},{"type":"Feature","properties":{"id":"R0581","name":null,"highway":"residential","osm_way":206819117,"width_m":6.0,"length_m":41.0,"surface_area":246.2,"catchment_m2":1477.1,"inlet_capacity_lps":7.8,"nearest_drain":"MH-012","from_node":"J2168668834","to_node":"J2168668837"},"geometry":{"type":"LineString","coordinates":[[80.228776,13.01632],[80.228927,13.016658]]}},{"type":"Feature","properties":{"id":"R0582","name":null,"highway":"residential","osm_way":206819117,"width_m":6.0,"length_m":64.9,"surface_area":389.7,"catchment_m2":2338.0,"inlet_capacity_lps":15.6,"nearest_drain":"MH-024","from_node":"J2168668837","to_node":"J2168668842"},"geometry":{"type":"LineString","coordinates":[[80.228927,13.016658],[80.229167,13.017193]]}},{"type":"Feature","properties":{"id":"R0583","name":null,"highway":"residential","osm_way":28067412,"width_m":6.0,"length_m":21.5,"surface_area":129.2,"catchment_m2":775.5,"inlet_capacity_lps":7.8,"nearest_drain":"MH-022","from_node":"J2168668843","to_node":"J2168668848"},"geometry":{"type":"LineString","coordinates":[[80.226658,13.017214],[80.226572,13.017272],[80.226493,13.017322]]}},{"type":"Feature","properties":{"id":"R0584","name":null,"highway":"residential","osm_way":206819108,"width_m":6.0,"length_m":28.5,"surface_area":171.1,"catchment_m2":1026.8,"inlet_capacity_lps":7.8,"nearest_drain":"MH-022","from_node":"J2168668843","to_node":"J2168668849"},"geometry":{"type":"LineString","coordinates":[[80.226658,13.017214],[80.226625,13.017468]]}},{"type":"Feature","properties":{"id":"R0585","name":null,"highway":"residential","osm_way":28067412,"width_m":6.0,"length_m":88.8,"surface_area":532.7,"catchment_m2":3196.5,"inlet_capacity_lps":23.4,"nearest_drain":"MH-021","from_node":"J2168668848","to_node":"J2241068063"},"geometry":{"type":"LineString","coordinates":[[80.226493,13.017322],[80.22629,13.017509],[80.226268,13.017515],[80.22625,13.017516],[80.226234,13.017511],[80.226217,13.017499],[80.226033,13.01735],[80.225862,13.017211]]}},{"type":"Feature","properties":{"id":"R0586","name":null,"highway":"residential","osm_way":206819106,"width_m":6.0,"length_m":65.7,"surface_area":393.9,"catchment_m2":2363.5,"inlet_capacity_lps":15.6,"nearest_drain":"MH-022","from_node":"J2168668848","to_node":"J2168668839"},"geometry":{"type":"LineString","coordinates":[[80.226493,13.017322],[80.226067,13.016902]]}},{"type":"Feature","properties":{"id":"R0587","name":null,"highway":"residential","osm_way":1267887247,"width_m":6.0,"length_m":90.6,"surface_area":543.6,"catchment_m2":3261.8,"inlet_capacity_lps":23.4,"nearest_drain":"MH-024","from_node":"J2168668850","to_node":"J2168668838"},"geometry":{"type":"LineString","coordinates":[[80.22823,13.017521],[80.228143,13.017236],[80.22812,13.017186],[80.228092,13.017126],[80.227946,13.016756]]}},{"type":"Feature","properties":{"id":"R0588","name":null,"highway":"residential","osm_way":206819129,"width_m":6.0,"length_m":99.8,"surface_area":598.8,"catchment_m2":3592.6,"inlet_capacity_lps":23.4,"nearest_drain":"MH-023","from_node":"J2168668851","to_node":"J269767207"},"geometry":{"type":"LineString","coordinates":[[80.227878,13.017539],[80.227811,13.017284],[80.227806,13.017267],[80.227797,13.017256],[80.227782,13.01725],[80.227766,13.017248],[80.227447,13.017242],[80.227374,13.017238],[80.227326,13.017223],[80.227267,13.017197],[80.22721,13.017145]]}},{"type":"Feature","properties":{"id":"R0589","name":null,"highway":"residential","osm_way":23634678,"width_m":6.0,"length_m":85.1,"surface_area":510.7,"catchment_m2":3064.0,"inlet_capacity_lps":23.4,"nearest_drain":"MH-047","from_node":"J2168668870","to_node":"J256035578"},"geometry":{"type":"LineString","coordinates":[[80.229569,13.019526],[80.230069,13.019345],[80.230259,13.019268],[80.230299,13.019245]]}},{"type":"Feature","properties":{"id":"R0590","name":null,"highway":"residential","osm_way":206819105,"width_m":6.0,"length_m":23.7,"surface_area":142.4,"catchment_m2":854.6,"inlet_capacity_lps":7.8,"nearest_drain":"MH-047","from_node":"J2168668870","to_node":"J4415623860"},"geometry":{"type":"LineString","coordinates":[[80.229569,13.019526],[80.229482,13.01933]]}},{"type":"Feature","properties":{"id":"R0591","name":null,"highway":"residential","osm_way":24831597,"width_m":6.0,"length_m":95.5,"surface_area":572.8,"catchment_m2":3436.9,"inlet_capacity_lps":23.4,"nearest_drain":"MH-060","from_node":"J2168668876","to_node":"J269767410"},"geometry":{"type":"LineString","coordinates":[[80.228931,13.020281],[80.22976,13.019989]]}},{"type":"Feature","properties":{"id":"R0592","name":null,"highway":"residential","osm_way":206819109,"width_m":6.0,"length_m":65.2,"surface_area":391.4,"catchment_m2":2348.6,"inlet_capacity_lps":15.6,"nearest_drain":"MH-059","from_node":"J2168668879","to_node":"J2168668876"},"geometry":{"type":"LineString","coordinates":[[80.228356,13.020271],[80.228612,13.020197],[80.228656,13.020191],[80.228705,13.020204],[80.228931,13.020281]]}},{"type":"Feature","properties":{"id":"R0593","name":null,"highway":"residential","osm_way":206819128,"width_m":6.0,"length_m":91.2,"surface_area":547.0,"catchment_m2":3281.9,"inlet_capacity_lps":23.4,"nearest_drain":"MH-059","from_node":"J2168668880","to_node":"J2168668876"},"geometry":{"type":"LineString","coordinates":[[80.229205,13.021056],[80.228931,13.020281]]}},{"type":"Feature","properties":{"id":"R0594","name":null,"highway":"residential","osm_way":206819128,"width_m":6.0,"length_m":130.4,"surface_area":782.4,"catchment_m2":4694.4,"inlet_capacity_lps":31.2,"nearest_drain":"MH-072","from_node":"J2168668882","to_node":"J2168668880"},"geometry":{"type":"LineString","coordinates":[[80.229562,13.022176],[80.229205,13.021056]]}},{"type":"Feature","properties":{"id":"R0595","name":null,"highway":"residential","osm_way":1344951914,"width_m":6.0,"length_m":32.0,"surface_area":192.0,"catchment_m2":1152.3,"inlet_capacity_lps":7.8,"nearest_drain":"MH-107","from_node":"J2168668906","to_node":"J9570008530"},"geometry":{"type":"LineString","coordinates":[[80.227988,13.024126],[80.227954,13.024087],[80.227881,13.024036],[80.227761,13.023942]]}},{"type":"Feature","properties":{"id":"R0596","name":null,"highway":"residential","osm_way":206819133,"width_m":6.0,"length_m":101.8,"surface_area":610.6,"catchment_m2":3663.4,"inlet_capacity_lps":23.4,"nearest_drain":"MH-121","from_node":"J2168668910","to_node":"J2168668906"},"geometry":{"type":"LineString","coordinates":[[80.22796,13.02504],[80.227965,13.024594],[80.227988,13.024126]]}},{"type":"Feature","properties":{"id":"R0597","name":null,"highway":"residential","osm_way":23634669,"width_m":6.0,"length_m":26.5,"surface_area":158.7,"catchment_m2":952.3,"inlet_capacity_lps":7.8,"nearest_drain":"MH-120","from_node":"J2168668912","to_node":"J256035548"},"geometry":{"type":"LineString","coordinates":[[80.227046,13.025507],[80.227078,13.025502],[80.227287,13.025467]]}},{"type":"Feature","properties":{"id":"R0598","name":null,"highway":"residential","osm_way":995110703,"width_m":6.0,"length_m":63.9,"surface_area":383.7,"catchment_m2":2302.0,"inlet_capacity_lps":15.6,"nearest_drain":"MH-135","from_node":"J2168668916","to_node":"J2237675805"},"geometry":{"type":"LineString","coordinates":[[80.227062,13.025701],[80.227086,13.025929],[80.227087,13.025938],[80.227092,13.025945],[80.227098,13.025951],[80.227107,13.025954],[80.227296,13.025934],[80.227375,13.025918],[80.227385,13.025904],[80.227391,13.025887],[80.227387,13.025876]]}},{"type":"Feature","properties":{"id":"R0599","name":null,"highway":"residential","osm_way":206819127,"width_m":6.0,"length_m":42.7,"surface_area":256.2,"catchment_m2":1537.0,"inlet_capacity_lps":7.8,"nearest_drain":"MH-134","from_node":"J2168668927","to_node":"J280089108"},"geometry":{"type":"LineString","coordinates":[[80.226745,13.026307],[80.226811,13.026685]]}},{"type":"Feature","properties":{"id":"R0600","name":null,"highway":"residential","osm_way":214599664,"width_m":6.0,"length_m":53.8,"surface_area":322.5,"catchment_m2":1935.2,"inlet_capacity_lps":15.6,"nearest_drain":"MH-133","from_node":"J2168668934","to_node":"J11683469669"},"geometry":{"type":"LineString","coordinates":[[80.225462,13.026593],[80.225522,13.026575],[80.225564,13.02655],[80.22562,13.026491],[80.225654,13.026428],[80.225661,13.026366],[80.225652,13.026275],[80.225648,13.026206]]}},{"type":"Feature","properties":{"id":"R0601","name":null,"highway":"residential","osm_way":214172273,"width_m":6.0,"length_m":34.8,"surface_area":209.0,"catchment_m2":1253.9,"inlet_capacity_lps":7.8,"nearest_drain":"MH-134","from_node":"J2168668937","to_node":"J2237675807"},"geometry":{"type":"LineString","coordinates":[[80.227107,13.026598],[80.227047,13.02629]]}},{"type":"Feature","properties":{"id":"R0602","name":null,"highway":"residential","osm_way":214172298,"width_m":6.0,"length_m":48.0,"surface_area":287.9,"catchment_m2":1727.5,"inlet_capacity_lps":15.6,"nearest_drain":"MH-134","from_node":"J2168668937","to_node":"J2168668925"},"geometry":{"type":"LineString","coordinates":[[80.227107,13.026598],[80.227155,13.02658],[80.227512,13.026425]]}},{"type":"Feature","properties":{"id":"R0603","name":null,"highway":"residential","osm_way":206819113,"width_m":6.0,"length_m":84.3,"surface_area":505.7,"catchment_m2":3034.4,"inlet_capacity_lps":23.4,"nearest_drain":"MH-170","from_node":"J2168668962","to_node":"J2168668964"},"geometry":{"type":"LineString","coordinates":[[80.223893,13.029446],[80.223562,13.029464],[80.223308,13.029473],[80.223116,13.029472]]}},{"type":"Feature","properties":{"id":"R0604","name":null,"highway":"residential","osm_way":23634405,"width_m":6.0,"length_m":58.8,"surface_area":352.9,"catchment_m2":2117.4,"inlet_capacity_lps":15.6,"nearest_drain":"MH-077","from_node":"J2172914897","to_node":"J256031642"},"geometry":{"type":"LineString","coordinates":[[80.218591,13.022949],[80.219127,13.022865]]}},{"type":"Feature","properties":{"id":"R0605","name":null,"highway":"residential","osm_way":1267853624,"width_m":6.0,"length_m":34.4,"surface_area":206.5,"catchment_m2":1238.9,"inlet_capacity_lps":7.8,"nearest_drain":"MH-088","from_node":"J2172914899","to_node":"J2172914897"},"geometry":{"type":"LineString","coordinates":[[80.218641,13.023255],[80.218591,13.022949]]}},{"type":"Feature","properties":{"id":"R0606","name":null,"highway":"residential","osm_way":214180596,"width_m":6.0,"length_m":128.7,"surface_area":772.5,"catchment_m2":4635.0,"inlet_capacity_lps":31.2,"nearest_drain":"MH-089","from_node":"J2172914910","to_node":"J11774940979"},"geometry":{"type":"LineString","coordinates":[[80.21914,13.024024],[80.219384,13.024009],[80.2194,13.024005],[80.219412,13.023997],[80.219417,13.023983],[80.219417,13.023956],[80.219339,13.023402],[80.21933,13.023362],[80.219325,13.023349],[80.219318,13.023344],[80.219301,13.023342],[80.219236,13.023344],[80.219226,13.023343],[80.219219,13.023338],[80.219215,13.023329],[80.219213,13.023317],[80.219199,13.023212]]}},{"type":"Feature","properties":{"id":"R0607","name":null,"highway":"residential","osm_way":1267853625,"width_m":6.0,"length_m":89.3,"surface_area":535.7,"catchment_m2":3214.0,"inlet_capacity_lps":23.4,"nearest_drain":"MH-089","from_node":"J2172914910","to_node":"J2172914898"},"geometry":{"type":"LineString","coordinates":[[80.21914,13.024024],[80.219068,13.023224]]}},{"type":"Feature","properties":{"id":"R0608","name":null,"highway":"residential","osm_way":214180596,"width_m":6.0,"length_m":45.1,"surface_area":270.8,"catchment_m2":1624.8,"inlet_capacity_lps":15.6,"nearest_drain":"MH-100","from_node":"J2172914912","to_node":"J2172914910"},"geometry":{"type":"LineString","coordinates":[[80.218724,13.024024],[80.21914,13.024024]]}},{"type":"Feature","properties":{"id":"R0609","name":null,"highway":"residential","osm_way":207139297,"width_m":6.0,"length_m":46.0,"surface_area":276.0,"catchment_m2":1656.1,"inlet_capacity_lps":15.6,"nearest_drain":"MH-098","from_node":"J2172914915","to_node":"J12069591080"},"geometry":{"type":"LineString","coordinates":[[80.217812,13.024272],[80.21775,13.023862]]}},{"type":"Feature","properties":{"id":"R0610","name":null,"highway":"residential","osm_way":207139293,"width_m":6.0,"length_m":60.7,"surface_area":364.1,"catchment_m2":2184.4,"inlet_capacity_lps":15.6,"nearest_drain":"MH-154","from_node":"J2172914953","to_node":"J2172914956"},"geometry":{"type":"LineString","coordinates":[[80.220405,13.028082],[80.220962,13.028026]]}},{"type":"Feature","properties":{"id":"R0611","name":null,"highway":"residential","osm_way":207139293,"width_m":6.0,"length_m":69.8,"surface_area":418.7,"catchment_m2":2512.0,"inlet_capacity_lps":15.6,"nearest_drain":"MH-155","from_node":"J2172914956","to_node":"J11365645353"},"geometry":{"type":"LineString","coordinates":[[80.220962,13.028026],[80.221317,13.027979],[80.221329,13.027981],[80.221338,13.027986],[80.221346,13.027998],[80.221377,13.028238]]}},{"type":"Feature","properties":{"id":"R0612","name":null,"highway":"residential","osm_way":207139306,"width_m":6.0,"length_m":61.1,"surface_area":366.5,"catchment_m2":2199.2,"inlet_capacity_lps":15.6,"nearest_drain":"MH-154","from_node":"J2172914960","to_node":"J2172914956"},"geometry":{"type":"LineString","coordinates":[[80.221023,13.028572],[80.220962,13.028026]]}},{"type":"Feature","properties":{"id":"R0613","name":null,"highway":"residential","osm_way":693142256,"width_m":6.0,"length_m":86.5,"surface_area":519.2,"catchment_m2":3115.0,"inlet_capacity_lps":23.4,"nearest_drain":"MH-170","from_node":"J2172914967","to_node":"J2168668964"},"geometry":{"type":"LineString","coordinates":[[80.222601,13.029828],[80.222814,13.029826],[80.222858,13.029805],[80.222855,13.029754],[80.222852,13.029607],[80.222853,13.029559],[80.22286,13.029545],[80.222872,13.029534],[80.222882,13.029527],[80.223116,13.029472]]}},{"type":"Feature","properties":{"id":"R0614","name":null,"highway":"residential","osm_way":214172305,"width_m":6.0,"length_m":9.1,"surface_area":54.7,"catchment_m2":328.0,"inlet_capacity_lps":7.8,"nearest_drain":"MH-094","from_node":"J2237675658","to_node":"J9570008530"},"geometry":{"type":"LineString","coordinates":[[80.2278,13.023869],[80.227761,13.023942]]}},{"type":"Feature","properties":{"id":"R0615","name":null,"highway":"residential","osm_way":214172305,"width_m":6.0,"length_m":122.1,"surface_area":732.8,"catchment_m2":4396.7,"inlet_capacity_lps":31.2,"nearest_drain":"MH-121","from_node":"J2237675659","to_node":"J256035537"},"geometry":{"type":"LineString","coordinates":[[80.227717,13.023978],[80.227754,13.024294],[80.227763,13.025074]]}},{"type":"Feature","properties":{"id":"R0616","name":null,"highway":"residential","osm_way":23634672,"width_m":6.0,"length_m":69.6,"surface_area":417.4,"catchment_m2":2504.2,"inlet_capacity_lps":15.6,"nearest_drain":"MH-122","from_node":"J2237675774","to_node":"J9570008529"},"geometry":{"type":"LineString","coordinates":[[80.228209,13.024999],[80.228171,13.024853],[80.228194,13.024473],[80.228192,13.024379]]}},{"type":"Feature","properties":{"id":"R0617","name":null,"highway":"residential","osm_way":1131526941,"width_m":6.0,"length_m":68.8,"surface_area":412.7,"catchment_m2":2476.0,"inlet_capacity_lps":15.6,"nearest_drain":"MH-118","from_node":"J2237675787","to_node":"J658977916"},"geometry":{"type":"LineString","coordinates":[[80.22518,13.025272],[80.225156,13.025272],[80.224577,13.02527],[80.224563,13.025265],[80.224549,13.025256]]}},{"type":"Feature","properties":{"id":"R0618","name":null,"highway":"residential","osm_way":23634670,"width_m":6.0,"length_m":42.5,"surface_area":255.0,"catchment_m2":1530.0,"inlet_capacity_lps":7.8,"nearest_drain":"MH-135","from_node":"J2237675805","to_node":"J11801232124"},"geometry":{"type":"LineString","coordinates":[[80.227387,13.025876],[80.22752,13.025862],[80.227776,13.025832]]}},{"type":"Feature","properties":{"id":"R0619","name":null,"highway":"residential","osm_way":214172277,"width_m":6.0,"length_m":41.1,"surface_area":246.9,"catchment_m2":1481.2,"inlet_capacity_lps":7.8,"nearest_drain":"MH-134","from_node":"J2237675811","to_node":"J2237675815"},"geometry":{"type":"LineString","coordinates":[[80.226478,13.026377],[80.226526,13.026744]]}},{"type":"Feature","properties":{"id":"R0620","name":null,"highway":"residential","osm_way":214172270,"width_m":6.0,"length_m":45.8,"surface_area":275.0,"catchment_m2":1649.9,"inlet_capacity_lps":15.6,"nearest_drain":"MH-134","from_node":"J2237675813","to_node":"J2237675817"},"geometry":{"type":"LineString","coordinates":[[80.226203,13.026387],[80.226246,13.026797]]}},{"type":"Feature","properties":{"id":"R0621","name":null,"highway":"residential","osm_way":214172295,"width_m":6.0,"length_m":134.7,"surface_area":808.3,"catchment_m2":4850.1,"inlet_capacity_lps":31.2,"nearest_drain":"MH-147","from_node":"J2237675821","to_node":"J2237675823"},"geometry":{"type":"LineString","coordinates":[[80.226814,13.026993],[80.225593,13.027221]]}},{"type":"Feature","properties":{"id":"R0622","name":null,"highway":"residential","osm_way":214172301,"width_m":6.0,"length_m":46.8,"surface_area":280.9,"catchment_m2":1685.6,"inlet_capacity_lps":15.6,"nearest_drain":"MH-148","from_node":"J2237675825","to_node":"J2237675827"},"geometry":{"type":"LineString","coordinates":[[80.227332,13.027443],[80.226909,13.02753]]}},{"type":"Feature","properties":{"id":"R0623","name":null,"highway":"residential","osm_way":214172301,"width_m":6.0,"length_m":130.3,"surface_area":782.0,"catchment_m2":4691.9,"inlet_capacity_lps":31.2,"nearest_drain":"MH-147","from_node":"J2237675827","to_node":"J2237675831"},"geometry":{"type":"LineString","coordinates":[[80.226909,13.02753],[80.225728,13.027751]]}},{"type":"Feature","properties":{"id":"R0624","name":null,"highway":"residential","osm_way":687542572,"width_m":6.0,"length_m":47.7,"surface_area":286.2,"catchment_m2":1717.3,"inlet_capacity_lps":15.6,"nearest_drain":"MH-159","from_node":"J2237675835","to_node":"J2237675840"},"geometry":{"type":"LineString","coordinates":[[80.225821,13.028068],[80.225387,13.028144]]}},{"type":"Feature","properties":{"id":"R0625","name":null,"highway":"residential","osm_way":1434313126,"width_m":6.0,"length_m":45.8,"surface_area":275.0,"catchment_m2":1650.1,"inlet_capacity_lps":15.6,"nearest_drain":"MH-159","from_node":"J2237675836","to_node":"J2237675844"},"geometry":{"type":"LineString","coordinates":[[80.226272,13.028086],[80.226214,13.028148],[80.225885,13.02822]]}},{"type":"Feature","properties":{"id":"R0626","name":null,"highway":"residential","osm_way":214599082,"width_m":6.0,"length_m":202.7,"surface_area":1216.0,"catchment_m2":7296.2,"inlet_capacity_lps":54.6,"nearest_drain":"MH-133","from_node":"J2237675840","to_node":"J2168668934"},"geometry":{"type":"LineString","coordinates":[[80.225387,13.028144],[80.225075,13.027022],[80.225062,13.026971],[80.225051,13.026911],[80.225047,13.02687],[80.225063,13.026835],[80.225293,13.026656],[80.225341,13.026621],[80.225401,13.0266],[80.225462,13.026593]]}},{"type":"Feature","properties":{"id":"R0627","name":null,"highway":"residential","osm_way":687542572,"width_m":6.0,"length_m":14.1,"surface_area":84.6,"catchment_m2":507.6,"inlet_capacity_lps":7.8,"nearest_drain":"MH-159","from_node":"J2237675840","to_node":"J12384051913"},"geometry":{"type":"LineString","coordinates":[[80.225387,13.028144],[80.22526,13.028172]]}},{"type":"Feature","properties":{"id":"R0628","name":null,"highway":"residential","osm_way":214172309,"width_m":6.0,"length_m":89.1,"surface_area":534.6,"catchment_m2":3207.7,"inlet_capacity_lps":23.4,"nearest_drain":"MH-159","from_node":"J2237675844","to_node":"J250363498"},"geometry":{"type":"LineString","coordinates":[[80.225885,13.02822],[80.225483,13.028302],[80.225581,13.028692]]}},{"type":"Feature","properties":{"id":"R0629","name":null,"highway":"residential","osm_way":282480211,"width_m":6.0,"length_m":11.1,"surface_area":66.3,"catchment_m2":398.0,"inlet_capacity_lps":7.8,"nearest_drain":"MH-067","from_node":"J2237738444","to_node":"J329349378"},"geometry":{"type":"LineString","coordinates":[[80.222847,13.021179],[80.222882,13.021273]]}},{"type":"Feature","properties":{"id":"R0630","name":null,"highway":"residential","osm_way":1210960914,"width_m":6.0,"length_m":95.9,"surface_area":575.4,"catchment_m2":3452.6,"inlet_capacity_lps":23.4,"nearest_drain":"MH-079","from_node":"J2237738450","to_node":"J9189073669"},"geometry":{"type":"LineString","coordinates":[[80.221679,13.022166],[80.221681,13.022953],[80.22168,13.023029]]}},{"type":"Feature","properties":{"id":"R0631","name":null,"highway":"residential","osm_way":214180597,"width_m":6.0,"length_m":253.3,"surface_area":1520.0,"catchment_m2":9120.1,"inlet_capacity_lps":62.4,"nearest_drain":"MH-101","from_node":"J2237738452","to_node":"J2237738471"},"geometry":{"type":"LineString","coordinates":[[80.2207,13.022199],[80.220703,13.02282],[80.220706,13.02284],[80.220711,13.022854],[80.220717,13.022862],[80.22072,13.022873],[80.220752,13.023572],[80.220708,13.024472]]}},{"type":"Feature","properties":{"id":"R0632","name":null,"highway":"residential","osm_way":214180594,"width_m":6.0,"length_m":213.4,"surface_area":1280.4,"catchment_m2":7682.2,"inlet_capacity_lps":54.6,"nearest_drain":"MH-103","from_node":"J2237738469","to_node":"J2237738454"},"geometry":{"type":"LineString","coordinates":[[80.222798,13.024416],[80.222796,13.024088],[80.222793,13.024074],[80.222786,13.024067],[80.222772,13.024066],[80.222759,13.024062],[80.222753,13.024053],[80.222753,13.024033],[80.222747,13.023883],[80.22274,13.023447],[80.222725,13.022524]]}},{"type":"Feature","properties":{"id":"R0633","name":null,"highway":"residential","osm_way":214188206,"width_m":6.0,"length_m":43.7,"surface_area":262.0,"catchment_m2":1572.0,"inlet_capacity_lps":7.8,"nearest_drain":"MH-015","from_node":"J2237806276","to_node":"J2237806293"},"geometry":{"type":"LineString","coordinates":[[80.219434,13.017423],[80.219444,13.017582],[80.219471,13.017814]]}},{"type":"Feature","properties":{"id":"R0634","name":null,"highway":"residential","osm_way":1232158130,"width_m":6.0,"length_m":32.7,"surface_area":196.5,"catchment_m2":1179.0,"inlet_capacity_lps":7.8,"nearest_drain":"MH-015","from_node":"J2237806276","to_node":"J1412280374"},"geometry":{"type":"LineString","coordinates":[[80.219434,13.017423],[80.219735,13.017396]]}},{"type":"Feature","properties":{"id":"R0635","name":null,"highway":"residential","osm_way":214188207,"width_m":6.0,"length_m":108.9,"surface_area":653.2,"catchment_m2":3919.3,"inlet_capacity_lps":31.2,"nearest_drain":"MH-016","from_node":"J2237806282","to_node":"J280088891"},"geometry":{"type":"LineString","coordinates":[[80.220254,13.017471],[80.220261,13.017452],[80.22026,13.017432],[80.22022,13.017027],[80.220218,13.017019],[80.220215,13.017015],[80.22021,13.017012],[80.220205,13.017012],[80.219691,13.017097]]}},{"type":"Feature","properties":{"id":"R0636","name":null,"highway":"residential","osm_way":214188212,"width_m":6.0,"length_m":69.8,"surface_area":418.8,"catchment_m2":2513.0,"inlet_capacity_lps":15.6,"nearest_drain":"MH-019","from_node":"J2237806299","to_node":"J256035511"},"geometry":{"type":"LineString","coordinates":[[80.223739,13.017843],[80.22373,13.017992],[80.223733,13.018202],[80.223736,13.018218],[80.223748,13.01823],[80.223763,13.018236],[80.223986,13.018273]]}},{"type":"Feature","properties":{"id":"R0637","name":null,"highway":"residential","osm_way":214356667,"width_m":6.0,"length_m":28.4,"surface_area":170.4,"catchment_m2":1022.4,"inlet_capacity_lps":7.8,"nearest_drain":"MH-147","from_node":"J2239155973","to_node":"J2239155975"},"geometry":{"type":"LineString","coordinates":[[80.22707,13.026924],[80.226812,13.026969]]}},{"type":"Feature","properties":{"id":"R0638","name":null,"highway":"residential","osm_way":214366899,"width_m":6.0,"length_m":60.3,"surface_area":361.9,"catchment_m2":2171.6,"inlet_capacity_lps":15.6,"nearest_drain":"MH-035","from_node":"J2239237807","to_node":"J2239237817"},"geometry":{"type":"LineString","coordinates":[[80.216499,13.01937],[80.216624,13.019828],[80.216645,13.019894]]}},{"type":"Feature","properties":{"id":"R0639","name":null,"highway":"residential","osm_way":214366901,"width_m":6.0,"length_m":85.3,"surface_area":511.9,"catchment_m2":3071.2,"inlet_capacity_lps":23.4,"nearest_drain":"MH-074","from_node":"J2239237847","to_node":"J2239237849"},"geometry":{"type":"LineString","coordinates":[[80.217056,13.022091],[80.216268,13.022081]]}},{"type":"Feature","properties":{"id":"R0640","name":null,"highway":"residential","osm_way":214366917,"width_m":6.0,"length_m":54.3,"surface_area":325.6,"catchment_m2":1953.8,"inlet_capacity_lps":15.6,"nearest_drain":"MH-075","from_node":"J2239237847","to_node":"J3457309341"},"geometry":{"type":"LineString","coordinates":[[80.217056,13.022091],[80.217039,13.021956],[80.217046,13.021933],[80.217063,13.021918],[80.217375,13.021882]]}},{"type":"Feature","properties":{"id":"R0641","name":null,"highway":"residential","osm_way":214366914,"width_m":6.0,"length_m":38.5,"surface_area":230.9,"catchment_m2":1385.5,"inlet_capacity_lps":7.8,"nearest_drain":"MH-063","from_node":"J2239237850","to_node":"J3457309341"},"geometry":{"type":"LineString","coordinates":[[80.217433,13.022219],[80.217391,13.021905],[80.217387,13.021889],[80.217375,13.021882]]}},{"type":"Feature","properties":{"id":"R0642","name":null,"highway":"residential","osm_way":214366910,"width_m":6.0,"length_m":38.4,"surface_area":230.4,"catchment_m2":1382.3,"inlet_capacity_lps":7.8,"nearest_drain":"MH-075","from_node":"J2239237852","to_node":"J2239237850"},"geometry":{"type":"LineString","coordinates":[[80.21708,13.022257],[80.217256,13.022238],[80.217433,13.022219]]}},{"type":"Feature","properties":{"id":"R0643","name":null,"highway":"residential","osm_way":214366917,"width_m":6.0,"length_m":18.7,"surface_area":112.2,"catchment_m2":673.4,"inlet_capacity_lps":7.8,"nearest_drain":"MH-075","from_node":"J2239237852","to_node":"J2239237847"},"geometry":{"type":"LineString","coordinates":[[80.21708,13.022257],[80.217056,13.022091]]}},{"type":"Feature","properties":{"id":"R0644","name":null,"highway":"residential","osm_way":1232148325,"width_m":6.0,"length_m":46.4,"surface_area":278.4,"catchment_m2":1670.4,"inlet_capacity_lps":15.6,"nearest_drain":"MH-075","from_node":"J2239237858","to_node":"J2239237850"},"geometry":{"type":"LineString","coordinates":[[80.217492,13.022632],[80.217433,13.022219]]}},{"type":"Feature","properties":{"id":"R0645","name":null,"highway":"residential","osm_way":214366917,"width_m":6.0,"length_m":42.7,"surface_area":255.9,"catchment_m2":1535.5,"inlet_capacity_lps":7.8,"nearest_drain":"MH-075","from_node":"J2239237859","to_node":"J2239237852"},"geometry":{"type":"LineString","coordinates":[[80.217116,13.022639],[80.21708,13.022257]]}},{"type":"Feature","properties":{"id":"R0646","name":null,"highway":"residential","osm_way":214366915,"width_m":6.0,"length_m":79.3,"surface_area":475.6,"catchment_m2":2853.4,"inlet_capacity_lps":23.4,"nearest_drain":"MH-086","from_node":"J2239237883","to_node":"J2239237886"},"geometry":{"type":"LineString","coordinates":[[80.217158,13.023371],[80.216821,13.023419],[80.216434,13.023477]]}},{"type":"Feature","properties":{"id":"R0647","name":null,"highway":"residential","osm_way":127574693,"width_m":6.0,"length_m":29.8,"surface_area":178.7,"catchment_m2":1072.0,"inlet_capacity_lps":7.8,"nearest_drain":"MH-007","from_node":"J2241067924","to_node":"J1411621730"},"geometry":{"type":"LineString","coordinates":[[80.222643,13.016613],[80.222582,13.016604],[80.222514,13.016592],[80.222445,13.016585],[80.222371,13.016576]]}},{"type":"Feature","properties":{"id":"R0648","name":null,"highway":"residential","osm_way":127574693,"width_m":6.0,"length_m":78.5,"surface_area":471.3,"catchment_m2":2827.8,"inlet_capacity_lps":23.4,"nearest_drain":"MH-007","from_node":"J2241067969","to_node":"J2241067924"},"geometry":{"type":"LineString","coordinates":[[80.223358,13.016726],[80.223313,13.016713],[80.223258,13.016701],[80.222953,13.01666],[80.222643,13.016613]]}},{"type":"Feature","properties":{"id":"R0649","name":null,"highway":"residential","osm_way":214599136,"width_m":6.0,"length_m":37.1,"surface_area":222.4,"catchment_m2":1334.6,"inlet_capacity_lps":7.8,"nearest_drain":"MH-007","from_node":"J2241067994","to_node":"J2241067924"},"geometry":{"type":"LineString","coordinates":[[80.222669,13.016945],[80.222643,13.016613]]}},{"type":"Feature","properties":{"id":"R0650","name":null,"highway":"residential","osm_way":214599138,"width_m":6.0,"length_m":47.9,"surface_area":287.3,"catchment_m2":1723.6,"inlet_capacity_lps":15.6,"nearest_drain":"MH-007","from_node":"J2241067994","to_node":"J2241068015"},"geometry":{"type":"LineString","coordinates":[[80.222669,13.016945],[80.223111,13.016973]]}},{"type":"Feature","properties":{"id":"R0651","name":null,"highway":"residential","osm_way":214599133,"width_m":6.0,"length_m":22.6,"surface_area":135.5,"catchment_m2":813.1,"inlet_capacity_lps":7.8,"nearest_drain":"MH-008","from_node":"J2241068015","to_node":"J11402603364"},"geometry":{"type":"LineString","coordinates":[[80.223111,13.016973],[80.223252,13.016924],[80.223279,13.016921],[80.22331,13.016924]]}},{"type":"Feature","properties":{"id":"R0652","name":null,"highway":"residential","osm_way":214599138,"width_m":6.0,"length_m":28.8,"surface_area":172.5,"catchment_m2":1035.1,"inlet_capacity_lps":7.8,"nearest_drain":"MH-019","from_node":"J2241068015","to_node":"J2241068049"},"geometry":{"type":"LineString","coordinates":[[80.223111,13.016973],[80.223224,13.017207]]}},{"type":"Feature","properties":{"id":"R0653","name":null,"highway":"residential","osm_way":214599138,"width_m":6.0,"length_m":33.3,"surface_area":200.0,"catchment_m2":1200.0,"inlet_capacity_lps":7.8,"nearest_drain":"MH-019","from_node":"J2241068049","to_node":"J1411621562"},"geometry":{"type":"LineString","coordinates":[[80.223224,13.017207],[80.223281,13.017309],[80.223342,13.017483]]}},{"type":"Feature","properties":{"id":"R0654","name":null,"highway":"residential","osm_way":214599119,"width_m":6.0,"length_m":59.1,"surface_area":354.3,"catchment_m2":2126.1,"inlet_capacity_lps":15.6,"nearest_drain":"MH-019","from_node":"J2241068056","to_node":"J2241068049"},"geometry":{"type":"LineString","coordinates":[[80.222683,13.017148],[80.223088,13.017206],[80.223224,13.017207]]}},{"type":"Feature","properties":{"id":"R0655","name":null,"highway":"residential","osm_way":214599136,"width_m":6.0,"length_m":22.7,"surface_area":135.9,"catchment_m2":815.5,"inlet_capacity_lps":7.8,"nearest_drain":"MH-007","from_node":"J2241068056","to_node":"J2241067994"},"geometry":{"type":"LineString","coordinates":[[80.222683,13.017148],[80.222669,13.016945]]}},{"type":"Feature","properties":{"id":"R0656","name":null,"highway":"residential","osm_way":127574711,"width_m":6.0,"length_m":59.7,"surface_area":358.2,"catchment_m2":2149.1,"inlet_capacity_lps":15.6,"nearest_drain":"MH-017","from_node":"J2241068079","to_node":"J1411621925"},"geometry":{"type":"LineString","coordinates":[[80.222439,13.017363],[80.221893,13.017288]]}},{"type":"Feature","properties":{"id":"R0657","name":null,"highway":"residential","osm_way":127574697,"width_m":6.0,"length_m":56.3,"surface_area":337.6,"catchment_m2":2025.3,"inlet_capacity_lps":15.6,"nearest_drain":"MH-018","from_node":"J2241068097","to_node":"J1411621530"},"geometry":{"type":"LineString","coordinates":[[80.222402,13.017618],[80.221889,13.017537]]}},{"type":"Feature","properties":{"id":"R0658","name":null,"highway":"residential","osm_way":214599100,"width_m":6.0,"length_m":28.7,"surface_area":172.0,"catchment_m2":1032.2,"inlet_capacity_lps":7.8,"nearest_drain":"MH-018","from_node":"J2241068097","to_node":"J2241068079"},"geometry":{"type":"LineString","coordinates":[[80.222402,13.017618],[80.222439,13.017363]]}},{"type":"Feature","properties":{"id":"R0659","name":null,"highway":"residential","osm_way":127574697,"width_m":6.0,"length_m":58.5,"surface_area":350.7,"catchment_m2":2104.5,"inlet_capacity_lps":15.6,"nearest_drain":"MH-019","from_node":"J2241068099","to_node":"J9189133161"},"geometry":{"type":"LineString","coordinates":[[80.223406,13.01778],[80.223362,13.017761],[80.222877,13.017684]]}},{"type":"Feature","properties":{"id":"R0660","name":null,"highway":"residential","osm_way":282480211,"width_m":6.0,"length_m":44.1,"surface_area":264.6,"catchment_m2":1587.6,"inlet_capacity_lps":7.8,"nearest_drain":"MH-067","from_node":"J2611869009","to_node":"J277442969"},"geometry":{"type":"LineString","coordinates":[[80.223031,13.021697],[80.223049,13.022094]]}},{"type":"Feature","properties":{"id":"R0661","name":null,"highway":"residential","osm_way":341390908,"width_m":6.0,"length_m":134.0,"surface_area":804.3,"catchment_m2":4825.7,"inlet_capacity_lps":31.2,"nearest_drain":"MH-117","from_node":"J3485893207","to_node":"J416015721"},"geometry":{"type":"LineString","coordinates":[[80.224078,13.02522],[80.222846,13.02511]]}},{"type":"Feature","properties":{"id":"R0662","name":null,"highway":"residential","osm_way":1267858951,"width_m":6.0,"length_m":11.6,"surface_area":69.6,"catchment_m2":417.9,"inlet_capacity_lps":7.8,"nearest_drain":"MH-118","from_node":"J3485893207","to_node":"J658977517"},"geometry":{"type":"LineString","coordinates":[[80.224078,13.02522],[80.224092,13.025222],[80.224106,13.025238],[80.224116,13.025256],[80.224131,13.025288],[80.224135,13.025301]]}},{"type":"Feature","properties":{"id":"R0663","name":null,"highway":"residential","osm_way":673258254,"width_m":6.0,"length_m":45.7,"surface_area":274.2,"catchment_m2":1645.0,"inlet_capacity_lps":15.6,"nearest_drain":"MH-156","from_node":"J3683401209","to_node":"J6304859530"},"geometry":{"type":"LineString","coordinates":[[80.223071,13.028466],[80.223065,13.028055]]}},{"type":"Feature","properties":{"id":"R0664","name":null,"highway":"residential","osm_way":206819105,"width_m":6.0,"length_m":20.0,"surface_area":120.0,"catchment_m2":719.7,"inlet_capacity_lps":7.8,"nearest_drain":"MH-047","from_node":"J4415623860","to_node":"J2168668861"},"geometry":{"type":"LineString","coordinates":[[80.229482,13.01933],[80.229414,13.019163]]}},{"type":"Feature","properties":{"id":"R0665","name":null,"highway":"residential","osm_way":673295938,"width_m":6.0,"length_m":40.3,"surface_area":241.8,"catchment_m2":1451.0,"inlet_capacity_lps":7.8,"nearest_drain":"MH-110","from_node":"J6305301433","to_node":"J6305301445"},"geometry":{"type":"LineString","coordinates":[[80.216457,13.025446],[80.216828,13.025472]]}},{"type":"Feature","properties":{"id":"R0666","name":null,"highway":"residential","osm_way":673295943,"width_m":6.0,"length_m":94.3,"surface_area":565.5,"catchment_m2":3393.2,"inlet_capacity_lps":23.4,"nearest_drain":"MH-110","from_node":"J6305301433","to_node":"J11046385804"},"geometry":{"type":"LineString","coordinates":[[80.216457,13.025446],[80.216473,13.025206],[80.216479,13.024988],[80.21648,13.024984],[80.216482,13.024981],[80.216486,13.024979],[80.216492,13.024979],[80.216872,13.025]]}},{"type":"Feature","properties":{"id":"R0667","name":null,"highway":"residential","osm_way":673295944,"width_m":6.0,"length_m":26.3,"surface_area":157.9,"catchment_m2":947.6,"inlet_capacity_lps":7.8,"nearest_drain":"MH-110","from_node":"J6305301434","to_node":"J6305301445"},"geometry":{"type":"LineString","coordinates":[[80.216815,13.025708],[80.216828,13.025472]]}},{"type":"Feature","properties":{"id":"R0668","name":null,"highway":"residential","osm_way":673295939,"width_m":6.0,"length_m":40.9,"surface_area":245.5,"catchment_m2":1473.0,"inlet_capacity_lps":7.8,"nearest_drain":"MH-110","from_node":"J6305301435","to_node":"J6305301434"},"geometry":{"type":"LineString","coordinates":[[80.216438,13.02568],[80.216815,13.025708]]}},{"type":"Feature","properties":{"id":"R0669","name":null,"highway":"residential","osm_way":673295943,"width_m":6.0,"length_m":26.1,"surface_area":156.6,"catchment_m2":939.8,"inlet_capacity_lps":7.8,"nearest_drain":"MH-110","from_node":"J6305301435","to_node":"J6305301433"},"geometry":{"type":"LineString","coordinates":[[80.216438,13.02568],[80.216457,13.025446]]}},{"type":"Feature","properties":{"id":"R0670","name":null,"highway":"residential","osm_way":673295944,"width_m":6.0,"length_m":26.2,"surface_area":157.2,"catchment_m2":943.2,"inlet_capacity_lps":7.8,"nearest_drain":"MH-125","from_node":"J6305301436","to_node":"J6305301434"},"geometry":{"type":"LineString","coordinates":[[80.216802,13.025944],[80.216815,13.025708]]}},{"type":"Feature","properties":{"id":"R0671","name":null,"highway":"residential","osm_way":673295940,"width_m":6.0,"length_m":41.5,"surface_area":249.2,"catchment_m2":1495.4,"inlet_capacity_lps":7.8,"nearest_drain":"MH-125","from_node":"J6305301437","to_node":"J6305301436"},"geometry":{"type":"LineString","coordinates":[[80.21642,13.025916],[80.216802,13.025944]]}},{"type":"Feature","properties":{"id":"R0672","name":null,"highway":"residential","osm_way":673295943,"width_m":6.0,"length_m":26.3,"surface_area":157.8,"catchment_m2":947.0,"inlet_capacity_lps":7.8,"nearest_drain":"MH-125","from_node":"J6305301437","to_node":"J6305301435"},"geometry":{"type":"LineString","coordinates":[[80.21642,13.025916],[80.216438,13.02568]]}},{"type":"Feature","properties":{"id":"R0673","name":null,"highway":"residential","osm_way":673295944,"width_m":6.0,"length_m":26.6,"surface_area":159.7,"catchment_m2":958.4,"inlet_capacity_lps":7.8,"nearest_drain":"MH-125","from_node":"J6305301440","to_node":"J11046385802"},"geometry":{"type":"LineString","coordinates":[[80.216777,13.026423],[80.21678,13.026354],[80.216786,13.026208],[80.216787,13.026184]]}},{"type":"Feature","properties":{"id":"R0674","name":null,"highway":"residential","osm_way":673295942,"width_m":6.0,"length_m":42.8,"surface_area":256.8,"catchment_m2":1540.9,"inlet_capacity_lps":7.8,"nearest_drain":"MH-125","from_node":"J6305301441","to_node":"J6305301440"},"geometry":{"type":"LineString","coordinates":[[80.216383,13.026392],[80.216777,13.026423]]}},{"type":"Feature","properties":{"id":"R0675","name":null,"highway":"residential","osm_way":1093815227,"width_m":6.0,"length_m":21.7,"surface_area":130.1,"catchment_m2":780.7,"inlet_capacity_lps":7.8,"nearest_drain":"MH-125","from_node":"J6305301441","to_node":"J6305301439"},"geometry":{"type":"LineString","coordinates":[[80.216383,13.026392],[80.216398,13.026198]]}},{"type":"Feature","properties":{"id":"R0676","name":null,"highway":"residential","osm_way":673295944,"width_m":6.0,"length_m":52.7,"surface_area":316.5,"catchment_m2":1899.0,"inlet_capacity_lps":15.6,"nearest_drain":"MH-110","from_node":"J6305301445","to_node":"J11046385804"},"geometry":{"type":"LineString","coordinates":[[80.216828,13.025472],[80.216845,13.025229],[80.216868,13.025038],[80.216872,13.025]]}},{"type":"Feature","properties":{"id":"R0677","name":null,"highway":"residential","osm_way":673295944,"width_m":6.0,"length_m":26.9,"surface_area":161.4,"catchment_m2":968.6,"inlet_capacity_lps":7.8,"nearest_drain":"MH-125","from_node":"J6305301446","to_node":"J6305301440"},"geometry":{"type":"LineString","coordinates":[[80.216767,13.026665],[80.216777,13.026423]]}},{"type":"Feature","properties":{"id":"R0678","name":null,"highway":"residential","osm_way":1093815227,"width_m":6.0,"length_m":70.6,"surface_area":423.6,"catchment_m2":2541.6,"inlet_capacity_lps":15.6,"nearest_drain":"MH-125","from_node":"J6305301446","to_node":"J6305301441"},"geometry":{"type":"LineString","coordinates":[[80.216767,13.026665],[80.216368,13.026636],[80.216383,13.026392]]}},{"type":"Feature","properties":{"id":"R0679","name":null,"highway":"residential","osm_way":1322073506,"width_m":6.0,"length_m":120.3,"surface_area":721.6,"catchment_m2":4329.5,"inlet_capacity_lps":31.2,"nearest_drain":"MH-158","from_node":"J6445052358","to_node":"J250363480"},"geometry":{"type":"LineString","coordinates":[[80.22501,13.028222],[80.224249,13.028389],[80.224184,13.028383],[80.224139,13.028348],[80.224013,13.028189]]}},{"type":"Feature","properties":{"id":"R0680","name":null,"highway":"residential","osm_way":1093815228,"width_m":6.0,"length_m":9.3,"surface_area":55.7,"catchment_m2":333.9,"inlet_capacity_lps":7.8,"nearest_drain":"MH-125","from_node":"J6445090966","to_node":"J6305301439"},"geometry":{"type":"LineString","coordinates":[[80.216312,13.026196],[80.216346,13.026196],[80.216398,13.026198]]}},{"type":"Feature","properties":{"id":"R0681","name":null,"highway":"residential","osm_way":692214884,"width_m":6.0,"length_m":37.0,"surface_area":222.2,"catchment_m2":1333.4,"inlet_capacity_lps":7.8,"nearest_drain":"MH-166","from_node":"J6497548280","to_node":"J6497548281"},"geometry":{"type":"LineString","coordinates":[[80.218861,13.02925],[80.218831,13.028918]]}},{"type":"Feature","properties":{"id":"R0682","name":null,"highway":"residential","osm_way":752940324,"width_m":6.0,"length_m":46.1,"surface_area":276.3,"catchment_m2":1657.8,"inlet_capacity_lps":15.6,"nearest_drain":"MH-161","from_node":"J7035475567","to_node":"J7035475566"},"geometry":{"type":"LineString","coordinates":[[80.227218,13.028708],[80.227638,13.028647]]}},{"type":"Feature","properties":{"id":"R0683","name":null,"highway":"residential","osm_way":1298064269,"width_m":6.0,"length_m":8.1,"surface_area":48.5,"catchment_m2":290.9,"inlet_capacity_lps":7.8,"nearest_drain":"MH-174","from_node":"J7035475572","to_node":"J2168668966"},"geometry":{"type":"LineString","coordinates":[[80.227298,13.02964],[80.227372,13.029628]]}},{"type":"Feature","properties":{"id":"R0684","name":null,"highway":"residential","osm_way":1434313124,"width_m":6.0,"length_m":8.0,"surface_area":47.9,"catchment_m2":287.2,"inlet_capacity_lps":7.8,"nearest_drain":"MH-184","from_node":"J7035475575","to_node":"J250363497"},"geometry":{"type":"LineString","coordinates":[[80.227341,13.029932],[80.227411,13.029908]]}},{"type":"Feature","properties":{"id":"R0685","name":null,"highway":"residential","osm_way":23163894,"width_m":6.0,"length_m":40.5,"surface_area":242.8,"catchment_m2":1457.1,"inlet_capacity_lps":7.8,"nearest_drain":"MH-174","from_node":"J7035475576","to_node":"J250363525"},"geometry":{"type":"LineString","coordinates":[[80.227237,13.02921],[80.226871,13.029283]]}},{"type":"Feature","properties":{"id":"R0686","name":null,"highway":"residential","osm_way":687563705,"width_m":6.0,"length_m":280.3,"surface_area":1681.7,"catchment_m2":10090.0,"inlet_capacity_lps":70.2,"nearest_drain":"MH-058","from_node":"J7652452428","to_node":"J11753703527"},"geometry":{"type":"LineString","coordinates":[[80.226817,13.020885],[80.22683,13.021019],[80.226846,13.021071],[80.226862,13.021168],[80.227055,13.021662],[80.227244,13.022219],[80.22798,13.023077]]}},{"type":"Feature","properties":{"id":"R0687","name":null,"highway":"residential","osm_way":995110692,"width_m":6.0,"length_m":148.8,"surface_area":892.8,"catchment_m2":5357.0,"inlet_capacity_lps":39.0,"nearest_drain":"MH-062","from_node":"J9189073656","to_node":"J9189073658"},"geometry":{"type":"LineString","coordinates":[[80.216396,13.021408],[80.216745,13.021325],[80.217734,13.021105]]}},{"type":"Feature","properties":{"id":"R0688","name":null,"highway":"residential","osm_way":995110693,"width_m":6.0,"length_m":57.2,"surface_area":343.1,"catchment_m2":2058.5,"inlet_capacity_lps":15.6,"nearest_drain":"MH-038","from_node":"J9189073659","to_node":"J9189073661"},"geometry":{"type":"LineString","coordinates":[[80.219471,13.019753],[80.219155,13.019771],[80.218946,13.019801]]}},{"type":"Feature","properties":{"id":"R0689","name":null,"highway":"residential","osm_way":995110693,"width_m":6.0,"length_m":31.6,"surface_area":189.3,"catchment_m2":1135.9,"inlet_capacity_lps":7.8,"nearest_drain":"MH-037","from_node":"J9189073661","to_node":"J9189073663"},"geometry":{"type":"LineString","coordinates":[[80.218946,13.019801],[80.218946,13.019844],[80.218848,13.019858],[80.218703,13.019883]]}},{"type":"Feature","properties":{"id":"R0690","name":null,"highway":"residential","osm_way":214180593,"width_m":6.0,"length_m":143.4,"surface_area":860.5,"catchment_m2":5163.1,"inlet_capacity_lps":39.0,"nearest_drain":"MH-102","from_node":"J9189073669","to_node":"J2237738466"},"geometry":{"type":"LineString","coordinates":[[80.22168,13.023029],[80.221678,13.023368],[80.221675,13.023579],[80.221661,13.023775],[80.221633,13.023967],[80.221621,13.024316]]}},{"type":"Feature","properties":{"id":"R0691","name":null,"highway":"residential","osm_way":1267887246,"width_m":6.0,"length_m":42.1,"surface_area":252.7,"catchment_m2":1516.0,"inlet_capacity_lps":7.8,"nearest_drain":"MH-009","from_node":"J9189073692","to_node":"J11775267619"},"geometry":{"type":"LineString","coordinates":[[80.225964,13.016254],[80.2258,13.016597]]}},{"type":"Feature","properties":{"id":"R0692","name":null,"highway":"residential","osm_way":995112326,"width_m":6.0,"length_m":26.8,"surface_area":160.8,"catchment_m2":964.7,"inlet_capacity_lps":7.8,"nearest_drain":"MH-018","from_node":"J9189133160","to_node":"J9189133161"},"geometry":{"type":"LineString","coordinates":[[80.222833,13.017922],[80.222877,13.017684]]}},{"type":"Feature","properties":{"id":"R0693","name":null,"highway":"residential","osm_way":127574697,"width_m":6.0,"length_m":52.0,"surface_area":312.0,"catchment_m2":1872.1,"inlet_capacity_lps":15.6,"nearest_drain":"MH-018","from_node":"J9189133161","to_node":"J2241068097"},"geometry":{"type":"LineString","coordinates":[[80.222877,13.017684],[80.222402,13.017618]]}},{"type":"Feature","properties":{"id":"R0694","name":null,"highway":"residential","osm_way":214172305,"width_m":6.0,"length_m":6.3,"surface_area":37.5,"catchment_m2":225.2,"inlet_capacity_lps":7.8,"nearest_drain":"MH-107","from_node":"J9570008530","to_node":"J2237675659"},"geometry":{"type":"LineString","coordinates":[[80.227761,13.023942],[80.227717,13.023978]]}},{"type":"Feature","properties":{"id":"R0695","name":null,"highway":"residential","osm_way":1078202159,"width_m":6.0,"length_m":85.9,"surface_area":515.5,"catchment_m2":3093.1,"inlet_capacity_lps":23.4,"nearest_drain":"MH-014","from_node":"J9885084110","to_node":"J9885084116"},"geometry":{"type":"LineString","coordinates":[[80.218211,13.017876],[80.218233,13.017872],[80.218255,13.017875],[80.21828,13.017894],[80.21831,13.017924],[80.218428,13.018063],[80.218677,13.018334],[80.218726,13.018376],[80.218741,13.018379],[80.218761,13.018379],[80.218775,13.018373]]}},{"type":"Feature","properties":{"id":"R0696","name":null,"highway":"residential","osm_way":214172311,"width_m":6.0,"length_m":90.1,"surface_area":540.7,"catchment_m2":3244.3,"inlet_capacity_lps":23.4,"nearest_drain":"MH-119","from_node":"J10548419779","to_node":"J2237675785"},"geometry":{"type":"LineString","coordinates":[[80.225186,13.025345],[80.225205,13.025344],[80.225612,13.025334],[80.225831,13.025316],[80.225911,13.025305],[80.226012,13.025275]]}},{"type":"Feature","properties":{"id":"R0697","name":null,"highway":"residential","osm_way":1134237773,"width_m":6.0,"length_m":100.6,"surface_area":603.5,"catchment_m2":3621.2,"inlet_capacity_lps":23.4,"nearest_drain":"MH-073","from_node":"J10574362313","to_node":"J10574362314"},"geometry":{"type":"LineString","coordinates":[[80.230952,13.021513],[80.230731,13.020908],[80.230641,13.020661]]}},{"type":"Feature","properties":{"id":"R0698","name":null,"highway":"residential","osm_way":1134237780,"width_m":6.0,"length_m":27.7,"surface_area":166.0,"catchment_m2":996.2,"inlet_capacity_lps":7.8,"nearest_drain":"MH-073","from_node":"J10574362313","to_node":"J10574362331"},"geometry":{"type":"LineString","coordinates":[[80.230952,13.021513],[80.230878,13.021539],[80.230712,13.021597]]}},{"type":"Feature","properties":{"id":"R0699","name":null,"highway":"residential","osm_way":1134245379,"width_m":6.0,"length_m":84.9,"surface_area":509.6,"catchment_m2":3057.6,"inlet_capacity_lps":23.4,"nearest_drain":"MH-084","from_node":"J10574445734","to_node":"J10574445735"},"geometry":{"type":"LineString","coordinates":[[80.229467,13.023249],[80.229484,13.023227],[80.230046,13.022797],[80.230085,13.022783]]}},{"type":"Feature","properties":{"id":"R0700","name":null,"highway":"residential","osm_way":1134245381,"width_m":6.0,"length_m":55.3,"surface_area":331.7,"catchment_m2":1990.2,"inlet_capacity_lps":15.6,"nearest_drain":"MH-084","from_node":"J10574445735","to_node":"J10574445736"},"geometry":{"type":"LineString","coordinates":[[80.230085,13.022783],[80.230108,13.022792],[80.230366,13.023156],[80.230372,13.023185]]}},{"type":"Feature","properties":{"id":"R0701","name":null,"highway":"residential","osm_way":1134245378,"width_m":6.0,"length_m":81.8,"surface_area":490.8,"catchment_m2":2944.9,"inlet_capacity_lps":23.4,"nearest_drain":"MH-095","from_node":"J10574445736","to_node":"J10574445737"},"geometry":{"type":"LineString","coordinates":[[80.230372,13.023185],[80.230363,13.023212],[80.229789,13.023645]]}},{"type":"Feature","properties":{"id":"R0702","name":null,"highway":"residential","osm_way":1134245380,"width_m":6.0,"length_m":56.6,"surface_area":339.7,"catchment_m2":2038.4,"inlet_capacity_lps":15.6,"nearest_drain":"MH-095","from_node":"J10574445737","to_node":"J10574445734"},"geometry":{"type":"LineString","coordinates":[[80.229789,13.023645],[80.229474,13.023281],[80.229467,13.023249]]}},{"type":"Feature","properties":{"id":"R0703","name":null,"highway":"residential","osm_way":1249857391,"width_m":6.0,"length_m":80.4,"surface_area":482.4,"catchment_m2":2894.6,"inlet_capacity_lps":23.4,"nearest_drain":"MH-084","from_node":"J10574445747","to_node":"J11618290263"},"geometry":{"type":"LineString","coordinates":[[80.23057,13.023018],[80.230452,13.022845],[80.230398,13.022778],[80.230326,13.022702],[80.230251,13.022703],[80.230183,13.022716],[80.230122,13.022719],[80.230088,13.0227],[80.23005,13.022619]]}},{"type":"Feature","properties":{"id":"R0704","name":null,"highway":"residential","osm_way":1460933513,"width_m":6.0,"length_m":9.3,"surface_area":55.9,"catchment_m2":335.2,"inlet_capacity_lps":7.8,"nearest_drain":"MH-096","from_node":"J10574445789","to_node":"J13399298678"},"geometry":{"type":"LineString","coordinates":[[80.230672,13.02319],[80.23072,13.023259]]}},{"type":"Feature","properties":{"id":"R0705","name":null,"highway":"residential","osm_way":687542572,"width_m":6.0,"length_m":48.7,"surface_area":292.4,"catchment_m2":1754.3,"inlet_capacity_lps":15.6,"nearest_drain":"MH-159","from_node":"J10738744587","to_node":"J2237675835"},"geometry":{"type":"LineString","coordinates":[[80.226258,13.028018],[80.226187,13.027993],[80.226058,13.028019],[80.225821,13.028068]]}},{"type":"Feature","properties":{"id":"R0706","name":null,"highway":"residential","osm_way":1374657920,"width_m":6.0,"length_m":7.7,"surface_area":46.2,"catchment_m2":277.2,"inlet_capacity_lps":7.8,"nearest_drain":"MH-160","from_node":"J10738744587","to_node":"J2237675836"},"geometry":{"type":"LineString","coordinates":[[80.226258,13.028018],[80.226272,13.028086]]}},{"type":"Feature","properties":{"id":"R0707","name":null,"highway":"residential","osm_way":1188222228,"width_m":6.0,"length_m":36.4,"surface_area":218.1,"catchment_m2":1308.8,"inlet_capacity_lps":7.8,"nearest_drain":"MH-001","from_node":"J11033764349","to_node":"J11033764350"},"geometry":{"type":"LineString","coordinates":[[80.225113,13.015541],[80.224989,13.015671],[80.224891,13.015786]]}},{"type":"Feature","properties":{"id":"R0708","name":null,"highway":"residential","osm_way":1189291905,"width_m":6.0,"length_m":27.5,"surface_area":165.3,"catchment_m2":991.5,"inlet_capacity_lps":7.8,"nearest_drain":"MH-111","from_node":"J11043320412","to_node":"J11043320413"},"geometry":{"type":"LineString","coordinates":[[80.217191,13.02526],[80.217207,13.025507]]}},{"type":"Feature","properties":{"id":"R0709","name":null,"highway":"residential","osm_way":1189291905,"width_m":6.0,"length_m":35.6,"surface_area":213.8,"catchment_m2":1283.0,"inlet_capacity_lps":7.8,"nearest_drain":"MH-111","from_node":"J11043320413","to_node":"J11774637579"},"geometry":{"type":"LineString","coordinates":[[80.217207,13.025507],[80.217192,13.025827]]}},{"type":"Feature","properties":{"id":"R0710","name":null,"highway":"residential","osm_way":1267814980,"width_m":6.0,"length_m":35.0,"surface_area":210.1,"catchment_m2":1260.9,"inlet_capacity_lps":7.8,"nearest_drain":"MH-110","from_node":"J11043320413","to_node":"J11774637580"},"geometry":{"type":"LineString","coordinates":[[80.217207,13.025507],[80.216884,13.025492]]}},{"type":"Feature","properties":{"id":"R0711","name":null,"highway":"residential","osm_way":1189611482,"width_m":6.0,"length_m":28.3,"surface_area":169.8,"catchment_m2":1018.8,"inlet_capacity_lps":7.8,"nearest_drain":"MH-145","from_node":"J11046228010","to_node":"J11612704710"},"geometry":{"type":"LineString","coordinates":[[80.224685,13.027482],[80.224426,13.027515]]}},{"type":"Feature","properties":{"id":"R0712","name":null,"highway":"residential","osm_way":673295941,"width_m":6.0,"length_m":42.0,"surface_area":251.9,"catchment_m2":1511.1,"inlet_capacity_lps":7.8,"nearest_drain":"MH-125","from_node":"J11046385801","to_node":"J11046385802"},"geometry":{"type":"LineString","coordinates":[[80.216401,13.026159],[80.216787,13.026184]]}},{"type":"Feature","properties":{"id":"R0713","name":null,"highway":"residential","osm_way":673295943,"width_m":6.0,"length_m":27.0,"surface_area":162.3,"catchment_m2":973.6,"inlet_capacity_lps":7.8,"nearest_drain":"MH-125","from_node":"J11046385801","to_node":"J6305301437"},"geometry":{"type":"LineString","coordinates":[[80.216401,13.026159],[80.21642,13.025916]]}},{"type":"Feature","properties":{"id":"R0714","name":null,"highway":"residential","osm_way":673295944,"width_m":6.0,"length_m":26.8,"surface_area":160.6,"catchment_m2":963.7,"inlet_capacity_lps":7.8,"nearest_drain":"MH-125","from_node":"J11046385802","to_node":"J6305301436"},"geometry":{"type":"LineString","coordinates":[[80.216787,13.026184],[80.216802,13.025944]]}},{"type":"Feature","properties":{"id":"R0715","name":null,"highway":"residential","osm_way":673295944,"width_m":6.0,"length_m":36.9,"surface_area":221.6,"catchment_m2":1329.3,"inlet_capacity_lps":7.8,"nearest_drain":"MH-110","from_node":"J11046385804","to_node":"J6305301447"},"geometry":{"type":"LineString","coordinates":[[80.216872,13.025],[80.216901,13.024757],[80.216911,13.02467]]}},{"type":"Feature","properties":{"id":"R0716","name":null,"highway":"residential","osm_way":1190311040,"width_m":6.0,"length_m":25.1,"surface_area":150.8,"catchment_m2":904.7,"inlet_capacity_lps":7.8,"nearest_drain":"MH-109","from_node":"J11052194867","to_node":"J11598059468"},"geometry":{"type":"LineString","coordinates":[[80.229686,13.024036],[80.229572,13.023839]]}},{"type":"Feature","properties":{"id":"R0717","name":null,"highway":"residential","osm_way":1460933510,"width_m":6.0,"length_m":61.9,"surface_area":371.1,"catchment_m2":2226.6,"inlet_capacity_lps":15.6,"nearest_drain":"MH-109","from_node":"J11052194867","to_node":"J13399298680"},"geometry":{"type":"LineString","coordinates":[[80.229686,13.024036],[80.229872,13.023946],[80.230152,13.023719]]}},{"type":"Feature","properties":{"id":"R0718","name":null,"highway":"residential","osm_way":1190311720,"width_m":6.0,"length_m":43.6,"surface_area":261.6,"catchment_m2":1569.8,"inlet_capacity_lps":7.8,"nearest_drain":"MH-044","from_node":"J11052209735","to_node":"J11052209736"},"geometry":{"type":"LineString","coordinates":[[80.226613,13.020303],[80.226485,13.019931]]}},{"type":"Feature","properties":{"id":"R0719","name":null,"highway":"residential","osm_way":995110701,"width_m":6.0,"length_m":31.5,"surface_area":189.1,"catchment_m2":1134.4,"inlet_capacity_lps":7.8,"nearest_drain":"MH-110","from_node":"J11178383499","to_node":"J11043320412"},"geometry":{"type":"LineString","coordinates":[[80.216901,13.025239],[80.217191,13.02526]]}},{"type":"Feature","properties":{"id":"R0720","name":null,"highway":"residential","osm_way":995110701,"width_m":6.0,"length_m":28.3,"surface_area":169.6,"catchment_m2":1017.7,"inlet_capacity_lps":7.8,"nearest_drain":"MH-110","from_node":"J11178383500","to_node":"J11178383499"},"geometry":{"type":"LineString","coordinates":[[80.216927,13.024987],[80.216901,13.025239]]}},{"type":"Feature","properties":{"id":"R0721","name":null,"highway":"residential","osm_way":1190123769,"width_m":6.0,"length_m":53.6,"surface_area":321.5,"catchment_m2":1928.9,"inlet_capacity_lps":15.6,"nearest_drain":"MH-110","from_node":"J11178383500","to_node":"J11043320412"},"geometry":{"type":"LineString","coordinates":[[80.216927,13.024987],[80.217134,13.024992],[80.217145,13.024997],[80.217148,13.025007],[80.217154,13.025153],[80.217191,13.02526]]}},{"type":"Feature","properties":{"id":"R0722","name":null,"highway":"residential","osm_way":995110701,"width_m":6.0,"length_m":34.8,"surface_area":208.7,"catchment_m2":1252.0,"inlet_capacity_lps":7.8,"nearest_drain":"MH-110","from_node":"J11178383501","to_node":"J11178383500"},"geometry":{"type":"LineString","coordinates":[[80.216962,13.024676],[80.216955,13.024743],[80.216952,13.024779],[80.216927,13.024987]]}},{"type":"Feature","properties":{"id":"R0723","name":null,"highway":"residential","osm_way":214599133,"width_m":6.0,"length_m":25.5,"surface_area":152.9,"catchment_m2":917.2,"inlet_capacity_lps":7.8,"nearest_drain":"MH-019","from_node":"J11402603364","to_node":"J1411621778"},"geometry":{"type":"LineString","coordinates":[[80.22331,13.016924],[80.223327,13.016922],[80.223371,13.016925],[80.223438,13.016932],[80.223491,13.016943],[80.223514,13.016956],[80.223529,13.016976]]}},{"type":"Feature","properties":{"id":"R0724","name":null,"highway":"residential","osm_way":1229607365,"width_m":6.0,"length_m":22.6,"surface_area":135.6,"catchment_m2":813.3,"inlet_capacity_lps":7.8,"nearest_drain":"MH-008","from_node":"J11402603364","to_node":"J2241067969"},"geometry":{"type":"LineString","coordinates":[[80.22331,13.016924],[80.223358,13.016726]]}},{"type":"Feature","properties":{"id":"R0725","name":null,"highway":"residential","osm_way":127574693,"width_m":6.0,"length_m":20.4,"surface_area":122.3,"catchment_m2":733.8,"inlet_capacity_lps":7.8,"nearest_drain":"MH-008","from_node":"J11402631471","to_node":"J2241067969"},"geometry":{"type":"LineString","coordinates":[[80.223512,13.016831],[80.223498,13.016819],[80.2234,13.016756],[80.223358,13.016726]]}},{"type":"Feature","properties":{"id":"R0726","name":null,"highway":"residential","osm_way":1232156958,"width_m":6.0,"length_m":20.4,"surface_area":122.6,"catchment_m2":735.9,"inlet_capacity_lps":7.8,"nearest_drain":"MH-026","from_node":"J11428741961","to_node":"J301300024"},"geometry":{"type":"LineString","coordinates":[[80.217055,13.018127],[80.217122,13.018298]]}},{"type":"Feature","properties":{"id":"R0727","name":null,"highway":"residential","osm_way":1232158130,"width_m":6.0,"length_m":17.6,"surface_area":105.7,"catchment_m2":634.5,"inlet_capacity_lps":7.8,"nearest_drain":"MH-015","from_node":"J11428761103","to_node":"J2237806276"},"geometry":{"type":"LineString","coordinates":[[80.219272,13.017407],[80.219434,13.017423]]}},{"type":"Feature","properties":{"id":"R0728","name":null,"highway":"residential","osm_way":1237237480,"width_m":6.0,"length_m":5.5,"surface_area":32.7,"catchment_m2":196.3,"inlet_capacity_lps":7.8,"nearest_drain":"MH-176","from_node":"J11491395653","to_node":"J11491395648"},"geometry":{"type":"LineString","coordinates":[[80.230118,13.02946],[80.230119,13.02945],[80.230117,13.029441],[80.230111,13.029432],[80.230103,13.029426],[80.230094,13.029423]]}},{"type":"Feature","properties":{"id":"R0729","name":null,"highway":"residential","osm_way":1237237481,"width_m":6.0,"length_m":76.9,"surface_area":461.4,"catchment_m2":2768.6,"inlet_capacity_lps":23.4,"nearest_drain":"MH-176","from_node":"J11491395656","to_node":"J11683469696"},"geometry":{"type":"LineString","coordinates":[[80.230088,13.029481],[80.230022,13.029745],[80.230019,13.02977],[80.230022,13.029788],[80.230035,13.029803],[80.230056,13.029821],[80.230079,13.029833],[80.230319,13.029952],[80.230335,13.029958],[80.230345,13.029968],[80.230346,13.02998]]}},{"type":"Feature","properties":{"id":"R0730","name":null,"highway":"residential","osm_way":1190311040,"width_m":6.0,"length_m":45.8,"surface_area":275.1,"catchment_m2":1650.6,"inlet_capacity_lps":15.6,"nearest_drain":"MH-095","from_node":"J11598059468","to_node":"J11052194868"},"geometry":{"type":"LineString","coordinates":[[80.229572,13.023839],[80.229343,13.023492]]}},{"type":"Feature","properties":{"id":"R0731","name":null,"highway":"residential","osm_way":1247608681,"width_m":6.0,"length_m":8.4,"surface_area":50.6,"catchment_m2":303.5,"inlet_capacity_lps":7.8,"nearest_drain":"MH-095","from_node":"J11598059468","to_node":"J11598069169"},"geometry":{"type":"LineString","coordinates":[[80.229572,13.023839],[80.22963,13.023788]]}},{"type":"Feature","properties":{"id":"R0732","name":null,"highway":"residential","osm_way":1247608680,"width_m":6.0,"length_m":23.4,"surface_area":140.6,"catchment_m2":843.7,"inlet_capacity_lps":7.8,"nearest_drain":"MH-095","from_node":"J11598069169","to_node":"J10574445737"},"geometry":{"type":"LineString","coordinates":[[80.22963,13.023788],[80.229789,13.023645]]}},{"type":"Feature","properties":{"id":"R0733","name":null,"highway":"residential","osm_way":1247980190,"width_m":6.0,"length_m":9.1,"surface_area":54.9,"catchment_m2":329.2,"inlet_capacity_lps":7.8,"nearest_drain":"MH-158","from_node":"J11600973745","to_node":"J11600973747"},"geometry":{"type":"LineString","coordinates":[[80.224108,13.028195],[80.224156,13.028194],[80.224192,13.028197]]}},{"type":"Feature","properties":{"id":"R0734","name":null,"highway":"residential","osm_way":1247980190,"width_m":6.0,"length_m":190.6,"surface_area":1143.4,"catchment_m2":6860.6,"inlet_capacity_lps":46.8,"nearest_drain":"MH-158","from_node":"J11600973747","to_node":"J11600973767"},"geometry":{"type":"LineString","coordinates":[[80.224192,13.028197],[80.224212,13.028232],[80.224234,13.028256],[80.224254,13.028279],[80.224289,13.028281],[80.224797,13.028191],[80.224818,13.028172],[80.224827,13.028143],[80.22483,13.028114],[80.224792,13.027824],[80.224788,13.0278],[80.224772,13.027779],[80.224742,13.027769],[80.224705,13.027772],[80.224276,13.027856],[80.224232,13.02787],[80.22422,13.02789],[80.224206,13.027923],[80.224191,13.027947],[80.224171,13.027948]]}},{"type":"Feature","properties":{"id":"R0735","name":null,"highway":"residential","osm_way":1247980191,"width_m":6.0,"length_m":27.7,"surface_area":166.4,"catchment_m2":998.5,"inlet_capacity_lps":7.8,"nearest_drain":"MH-158","from_node":"J11600973747","to_node":"J11600973767"},"geometry":{"type":"LineString","coordinates":[[80.224192,13.028197],[80.224171,13.027948]]}},{"type":"Feature","properties":{"id":"R0736","name":null,"highway":"residential","osm_way":1247980190,"width_m":6.0,"length_m":8.0,"surface_area":48.1,"catchment_m2":288.4,"inlet_capacity_lps":7.8,"nearest_drain":"MH-158","from_node":"J11600973767","to_node":"J11600973768"},"geometry":{"type":"LineString","coordinates":[[80.224171,13.027948],[80.224098,13.027953]]}},{"type":"Feature","properties":{"id":"R0737","name":null,"highway":"residential","osm_way":1247980193,"width_m":6.0,"length_m":8.3,"surface_area":49.8,"catchment_m2":298.9,"inlet_capacity_lps":7.8,"nearest_drain":"MH-157","from_node":"J11600973768","to_node":"J11600973766"},"geometry":{"type":"LineString","coordinates":[[80.224098,13.027953],[80.224021,13.027957]]}},{"type":"Feature","properties":{"id":"R0738","name":null,"highway":"residential","osm_way":127647953,"width_m":6.0,"length_m":74.3,"surface_area":445.6,"catchment_m2":2673.5,"inlet_capacity_lps":15.6,"nearest_drain":"MH-025","from_node":"J11612690771","to_node":"J11612690772"},"geometry":{"type":"LineString","coordinates":[[80.216371,13.018651],[80.216059,13.018741],[80.216154,13.01908]]}},{"type":"Feature","properties":{"id":"R0739","name":null,"highway":"residential","osm_way":127647953,"width_m":6.0,"length_m":102.0,"surface_area":611.9,"catchment_m2":3671.7,"inlet_capacity_lps":23.4,"nearest_drain":"MH-035","from_node":"J11612690772","to_node":"J1412280354"},"geometry":{"type":"LineString","coordinates":[[80.216154,13.01908],[80.216385,13.019903],[80.216402,13.019965]]}},{"type":"Feature","properties":{"id":"R0740","name":null,"highway":"residential","osm_way":1249387496,"width_m":6.0,"length_m":35.2,"surface_area":211.0,"catchment_m2":1265.9,"inlet_capacity_lps":7.8,"nearest_drain":"MH-035","from_node":"J11612690772","to_node":"J11612690773"},"geometry":{"type":"LineString","coordinates":[[80.216154,13.01908],[80.216466,13.018992]]}},{"type":"Feature","properties":{"id":"R0741","name":null,"highway":"residential","osm_way":1189611482,"width_m":6.0,"length_m":59.2,"surface_area":354.9,"catchment_m2":2129.6,"inlet_capacity_lps":15.6,"nearest_drain":"MH-145","from_node":"J11612704708","to_node":"J11046228010"},"geometry":{"type":"LineString","coordinates":[[80.224408,13.027771],[80.224695,13.027723],[80.224708,13.027712],[80.224712,13.027694],[80.224685,13.027482]]}},{"type":"Feature","properties":{"id":"R0742","name":null,"highway":"residential","osm_way":1249391493,"width_m":6.0,"length_m":28.1,"surface_area":168.8,"catchment_m2":1012.8,"inlet_capacity_lps":7.8,"nearest_drain":"MH-145","from_node":"J11612704708","to_node":"J11612704709"},"geometry":{"type":"LineString","coordinates":[[80.224408,13.027771],[80.22439,13.027518]]}},{"type":"Feature","properties":{"id":"R0743","name":null,"highway":"residential","osm_way":1189611482,"width_m":6.0,"length_m":24.2,"surface_area":145.4,"catchment_m2":872.2,"inlet_capacity_lps":7.8,"nearest_drain":"MH-145","from_node":"J11612704709","to_node":"J12025451672"},"geometry":{"type":"LineString","coordinates":[[80.22439,13.027518],[80.224168,13.027543]]}},{"type":"Feature","properties":{"id":"R0744","name":null,"highway":"residential","osm_way":1249391494,"width_m":6.0,"length_m":28.7,"surface_area":172.4,"catchment_m2":1034.6,"inlet_capacity_lps":7.8,"nearest_drain":"MH-145","from_node":"J11612704710","to_node":"J11612704711"},"geometry":{"type":"LineString","coordinates":[[80.224426,13.027515],[80.224409,13.027257]]}},{"type":"Feature","properties":{"id":"R0745","name":null,"highway":"residential","osm_way":1298057021,"width_m":6.0,"length_m":55.0,"surface_area":330.2,"catchment_m2":1981.3,"inlet_capacity_lps":15.6,"nearest_drain":"MH-145","from_node":"J11612704711","to_node":"J11046228010"},"geometry":{"type":"LineString","coordinates":[[80.224409,13.027257],[80.224648,13.027228],[80.224653,13.02723],[80.224657,13.027238],[80.22466,13.027246],[80.224685,13.027482]]}},{"type":"Feature","properties":{"id":"R0746","name":null,"highway":"residential","osm_way":1249843437,"width_m":6.0,"length_m":109.5,"surface_area":656.9,"catchment_m2":3941.3,"inlet_capacity_lps":31.2,"nearest_drain":"MH-031","from_node":"J11618120164","to_node":"J11618120168"},"geometry":{"type":"LineString","coordinates":[[80.222352,13.018359],[80.222325,13.018537],[80.222337,13.018557],[80.222367,13.018566],[80.22313,13.018673]]}},{"type":"Feature","properties":{"id":"R0747","name":null,"highway":"residential","osm_way":1249843438,"width_m":6.0,"length_m":14.9,"surface_area":89.6,"catchment_m2":537.3,"inlet_capacity_lps":7.8,"nearest_drain":"MH-032","from_node":"J11618120168","to_node":"J11618205969"},"geometry":{"type":"LineString","coordinates":[[80.22313,13.018673],[80.223107,13.018806]]}},{"type":"Feature","properties":{"id":"R0748","name":null,"highway":"residential","osm_way":1249857391,"width_m":6.0,"length_m":19.9,"surface_area":119.3,"catchment_m2":715.9,"inlet_capacity_lps":7.8,"nearest_drain":"MH-084","from_node":"J11618290263","to_node":"J11618290264"},"geometry":{"type":"LineString","coordinates":[[80.23005,13.022619],[80.229984,13.022452]]}},{"type":"Feature","properties":{"id":"R0749","name":null,"highway":"residential","osm_way":1249857392,"width_m":6.0,"length_m":51.6,"surface_area":309.4,"catchment_m2":1856.5,"inlet_capacity_lps":15.6,"nearest_drain":"MH-084","from_node":"J11618290263","to_node":"J11618290268"},"geometry":{"type":"LineString","coordinates":[[80.23005,13.022619],[80.229607,13.02279]]}},{"type":"Feature","properties":{"id":"R0750","name":null,"highway":"residential","osm_way":1249857394,"width_m":6.0,"length_m":54.5,"surface_area":327.2,"catchment_m2":1963.1,"inlet_capacity_lps":15.6,"nearest_drain":"MH-084","from_node":"J11618290263","to_node":"J11618291870"},"geometry":{"type":"LineString","coordinates":[[80.23005,13.022619],[80.230534,13.022487]]}},{"type":"Feature","properties":{"id":"R0751","name":null,"highway":"residential","osm_way":1249857391,"width_m":6.0,"length_m":91.8,"surface_area":550.6,"catchment_m2":3303.8,"inlet_capacity_lps":23.4,"nearest_drain":"MH-084","from_node":"J11618290264","to_node":"J11618290267"},"geometry":{"type":"LineString","coordinates":[[80.229984,13.022452],[80.229994,13.022418],[80.230035,13.022364],[80.230732,13.022116]]}},{"type":"Feature","properties":{"id":"R0752","name":null,"highway":"residential","osm_way":1249857393,"width_m":6.0,"length_m":52.4,"surface_area":314.2,"catchment_m2":1885.1,"inlet_capacity_lps":15.6,"nearest_drain":"MH-084","from_node":"J11618290264","to_node":"J11618291869"},"geometry":{"type":"LineString","coordinates":[[80.229984,13.022452],[80.22954,13.022636]]}},{"type":"Feature","properties":{"id":"R0753","name":null,"highway":"residential","osm_way":1256755622,"width_m":6.0,"length_m":29.3,"surface_area":175.9,"catchment_m2":1055.3,"inlet_capacity_lps":7.8,"nearest_drain":"MH-133","from_node":"J11683394968","to_node":"J2168668922"},"geometry":{"type":"LineString","coordinates":[[80.225648,13.026131],[80.22564,13.025867]]}},{"type":"Feature","properties":{"id":"R0754","name":null,"highway":"residential","osm_way":1256755623,"width_m":6.0,"length_m":8.4,"surface_area":50.5,"catchment_m2":303.0,"inlet_capacity_lps":7.8,"nearest_drain":"MH-133","from_node":"J11683469669","to_node":"J11683394968"},"geometry":{"type":"LineString","coordinates":[[80.225648,13.026206],[80.225648,13.026131]]}},{"type":"Feature","properties":{"id":"R0755","name":null,"highway":"residential","osm_way":1189291905,"width_m":6.0,"length_m":36.0,"surface_area":216.2,"catchment_m2":1297.3,"inlet_capacity_lps":7.8,"nearest_drain":"MH-110","from_node":"J11774637578","to_node":"J11774637580"},"geometry":{"type":"LineString","coordinates":[[80.216863,13.025815],[80.216884,13.025492]]}},{"type":"Feature","properties":{"id":"R0756","name":null,"highway":"residential","osm_way":1189291905,"width_m":6.0,"length_m":158.5,"surface_area":951.0,"catchment_m2":5705.9,"inlet_capacity_lps":39.0,"nearest_drain":"MH-110","from_node":"J11774637579","to_node":"J11774637578"},"geometry":{"type":"LineString","coordinates":[[80.217192,13.025827],[80.217182,13.026342],[80.217168,13.026371],[80.216827,13.02636],[80.216863,13.025815]]}},{"type":"Feature","properties":{"id":"R0757","name":null,"highway":"residential","osm_way":1267814979,"width_m":6.0,"length_m":35.7,"surface_area":214.5,"catchment_m2":1286.8,"inlet_capacity_lps":7.8,"nearest_drain":"MH-110","from_node":"J11774637579","to_node":"J11774637578"},"geometry":{"type":"LineString","coordinates":[[80.217192,13.025827],[80.216863,13.025815]]}},{"type":"Feature","properties":{"id":"R0758","name":null,"highway":"residential","osm_way":1189291905,"width_m":6.0,"length_m":28.1,"surface_area":168.6,"catchment_m2":1011.7,"inlet_capacity_lps":7.8,"nearest_drain":"MH-110","from_node":"J11774637580","to_node":"J11178383499"},"geometry":{"type":"LineString","coordinates":[[80.216884,13.025492],[80.216901,13.025239]]}},{"type":"Feature","properties":{"id":"R0759","name":null,"highway":"residential","osm_way":23634670,"width_m":6.0,"length_m":14.6,"surface_area":87.6,"catchment_m2":525.3,"inlet_capacity_lps":7.8,"nearest_drain":"MH-121","from_node":"J11774985688","to_node":"J256035554"},"geometry":{"type":"LineString","coordinates":[[80.227312,13.025469],[80.227334,13.025479],[80.227348,13.025505],[80.227357,13.025583]]}},{"type":"Feature","properties":{"id":"R0760","name":null,"highway":"residential","osm_way":35475065,"width_m":6.0,"length_m":7.8,"surface_area":47.0,"catchment_m2":281.8,"inlet_capacity_lps":7.8,"nearest_drain":"MH-116","from_node":"J11774985739","to_node":"J2237738501"},"geometry":{"type":"LineString","coordinates":[[80.222842,13.025147],[80.222843,13.025158],[80.222894,13.025192]]}},{"type":"Feature","properties":{"id":"R0761","name":null,"highway":"residential","osm_way":1434312404,"width_m":6.0,"length_m":52.1,"surface_area":312.8,"catchment_m2":1876.5,"inlet_capacity_lps":15.6,"nearest_drain":"MH-080","from_node":"J11774985744","to_node":"J256029682"},"geometry":{"type":"LineString","coordinates":[[80.222159,13.022612],[80.222142,13.022143]]}},{"type":"Feature","properties":{"id":"R0762","name":null,"highway":"residential","osm_way":214599094,"width_m":6.0,"length_m":10.7,"surface_area":64.3,"catchment_m2":385.7,"inlet_capacity_lps":7.8,"nearest_drain":"MH-018","from_node":"J11775267656","to_node":"J2241068079"},"geometry":{"type":"LineString","coordinates":[[80.22243,13.017266],[80.222439,13.017363]]}},{"type":"Feature","properties":{"id":"R0763","name":null,"highway":"residential","osm_way":214599136,"width_m":6.0,"length_m":36.1,"surface_area":216.4,"catchment_m2":1298.6,"inlet_capacity_lps":7.8,"nearest_drain":"MH-018","from_node":"J11775267656","to_node":"J2241068056"},"geometry":{"type":"LineString","coordinates":[[80.22243,13.017266],[80.222522,13.017267],[80.222613,13.017265],[80.222653,13.017243],[80.222675,13.017212],[80.222683,13.017148]]}},{"type":"Feature","properties":{"id":"R0764","name":null,"highway":"residential","osm_way":214188212,"width_m":6.0,"length_m":10.5,"surface_area":63.0,"catchment_m2":378.2,"inlet_capacity_lps":7.8,"nearest_drain":"MH-019","from_node":"J11775267664","to_node":"J2237806299"},"geometry":{"type":"LineString","coordinates":[[80.223767,13.017753],[80.223739,13.017843]]}},{"type":"Feature","properties":{"id":"R0765","name":null,"highway":"residential","osm_way":214188212,"width_m":6.0,"length_m":18.7,"surface_area":112.2,"catchment_m2":673.2,"inlet_capacity_lps":7.8,"nearest_drain":"MH-019","from_node":"J11775267667","to_node":"J11775267664"},"geometry":{"type":"LineString","coordinates":[[80.223821,13.017593],[80.223767,13.017753]]}},{"type":"Feature","properties":{"id":"R0766","name":null,"highway":"residential","osm_way":1189611482,"width_m":6.0,"length_m":20.2,"surface_area":121.2,"catchment_m2":727.2,"inlet_capacity_lps":7.8,"nearest_drain":"MH-145","from_node":"J12025451671","to_node":"J11612704708"},"geometry":{"type":"LineString","coordinates":[[80.224223,13.027795],[80.224408,13.027771]]}},{"type":"Feature","properties":{"id":"R0767","name":null,"highway":"residential","osm_way":1189611482,"width_m":6.0,"length_m":11.7,"surface_area":70.4,"catchment_m2":422.1,"inlet_capacity_lps":7.8,"nearest_drain":"MH-145","from_node":"J12025451672","to_node":"J11046228012"},"geometry":{"type":"LineString","coordinates":[[80.224168,13.027543],[80.224102,13.02755],[80.22406,13.027553]]}},{"type":"Feature","properties":{"id":"R0768","name":null,"highway":"residential","osm_way":1298057021,"width_m":6.0,"length_m":54.0,"surface_area":324.1,"catchment_m2":1944.4,"inlet_capacity_lps":15.6,"nearest_drain":"MH-145","from_node":"J12025451672","to_node":"J11612704711"},"geometry":{"type":"LineString","coordinates":[[80.224168,13.027543],[80.224173,13.027299],[80.224175,13.02729],[80.224179,13.027284],[80.224409,13.027257]]}},{"type":"Feature","properties":{"id":"R0769","name":null,"highway":"residential","osm_way":207139297,"width_m":6.0,"length_m":137.7,"surface_area":826.0,"catchment_m2":4956.1,"inlet_capacity_lps":39.0,"nearest_drain":"MH-087","from_node":"J12069591080","to_node":"J2239237881"},"geometry":{"type":"LineString","coordinates":[[80.21775,13.023862],[80.217737,13.023772],[80.217706,13.023572],[80.217618,13.023128],[80.217603,13.023095],[80.217586,13.023081],[80.217557,13.023077],[80.21751,13.023082],[80.217143,13.023121]]}},{"type":"Feature","properties":{"id":"R0770","name":null,"highway":"residential","osm_way":1322073507,"width_m":6.0,"length_m":27.7,"surface_area":166.0,"catchment_m2":995.9,"inlet_capacity_lps":7.8,"nearest_drain":"MH-159","from_node":"J12384051913","to_node":"J6445052358"},"geometry":{"type":"LineString","coordinates":[[80.22526,13.028172],[80.225042,13.028216],[80.22501,13.028222]]}},{"type":"Feature","properties":{"id":"R0771","name":null,"highway":"residential","osm_way":1339875811,"width_m":6.0,"length_m":52.2,"surface_area":313.2,"catchment_m2":1879.1,"inlet_capacity_lps":15.6,"nearest_drain":"MH-107","from_node":"J12394176010","to_node":"J2237675659"},"geometry":{"type":"LineString","coordinates":[[80.22724,13.02404],[80.227461,13.024008],[80.227717,13.023978]]}},{"type":"Feature","properties":{"id":"R0772","name":null,"highway":"residential","osm_way":1460933511,"width_m":6.0,"length_m":22.6,"surface_area":135.3,"catchment_m2":811.9,"inlet_capacity_lps":7.8,"nearest_drain":"MH-085","from_node":"J13399298661","to_node":"J13399298681"},"geometry":{"type":"LineString","coordinates":[[80.230987,13.022899],[80.230836,13.023039]]}},{"type":"Feature","properties":{"id":"R0773","name":null,"highway":"residential","osm_way":1460933511,"width_m":6.0,"length_m":50.9,"surface_area":305.5,"catchment_m2":1832.8,"inlet_capacity_lps":15.6,"nearest_drain":"MH-085","from_node":"J13399298670","to_node":"J13399298668"},"geometry":{"type":"LineString","coordinates":[[80.23076,13.021697],[80.230811,13.02179],[80.230903,13.021968],[80.230968,13.022108]]}},{"type":"Feature","properties":{"id":"R0774","name":null,"highway":"residential","osm_way":1460933512,"width_m":6.0,"length_m":9.3,"surface_area":55.6,"catchment_m2":333.8,"inlet_capacity_lps":7.8,"nearest_drain":"MH-073","from_node":"J13399298670","to_node":"J10574445779"},"geometry":{"type":"LineString","coordinates":[[80.23076,13.021697],[80.230833,13.021653]]}},{"type":"Feature","properties":{"id":"R0775","name":null,"highway":"residential","osm_way":1460933511,"width_m":6.0,"length_m":127.4,"surface_area":764.4,"catchment_m2":4586.3,"inlet_capacity_lps":31.2,"nearest_drain":"MH-073","from_node":"J13399298675","to_node":"J13399298670"},"geometry":{"type":"LineString","coordinates":[[80.230256,13.020699],[80.230539,13.021489],[80.230594,13.021587],[80.23066,13.021644],[80.230718,13.021673],[80.23076,13.021697]]}},{"type":"Feature","properties":{"id":"R0776","name":null,"highway":"residential","osm_way":1460933510,"width_m":6.0,"length_m":25.5,"surface_area":153.3,"catchment_m2":919.7,"inlet_capacity_lps":7.8,"nearest_drain":"MH-096","from_node":"J13399298678","to_node":"J13399298682"},"geometry":{"type":"LineString","coordinates":[[80.23072,13.023259],[80.230902,13.023112]]}},{"type":"Feature","properties":{"id":"R0777","name":null,"highway":"residential","osm_way":1460933514,"width_m":6.0,"length_m":9.9,"surface_area":59.7,"catchment_m2":358.2,"inlet_capacity_lps":7.8,"nearest_drain":"MH-095","from_node":"J13399298679","to_node":"J13399298680"},"geometry":{"type":"LineString","coordinates":[[80.230102,13.023644],[80.230152,13.023719]]}},{"type":"Feature","properties":{"id":"R0778","name":null,"highway":"residential","osm_way":1460933510,"width_m":6.0,"length_m":80.1,"surface_area":480.5,"catchment_m2":2883.1,"inlet_capacity_lps":23.4,"nearest_drain":"MH-095","from_node":"J13399298680","to_node":"J13399298678"},"geometry":{"type":"LineString","coordinates":[[80.230152,13.023719],[80.23072,13.023259]]}},{"type":"Feature","properties":{"id":"R0779","name":null,"highway":"residential","osm_way":1460933511,"width_m":6.0,"length_m":24.5,"surface_area":146.8,"catchment_m2":880.9,"inlet_capacity_lps":7.8,"nearest_drain":"MH-096","from_node":"J13399298681","to_node":"J10574445789"},"geometry":{"type":"LineString","coordinates":[[80.230836,13.023039],[80.230672,13.02319]]}},{"type":"Feature","properties":{"id":"R0780","name":null,"highway":"residential","osm_way":1460933518,"width_m":6.0,"length_m":10.9,"surface_area":65.2,"catchment_m2":391.0,"inlet_capacity_lps":7.8,"nearest_drain":"MH-096","from_node":"J13399298681","to_node":"J13399298682"},"geometry":{"type":"LineString","coordinates":[[80.230836,13.023039],[80.23087,13.023077],[80.230902,13.023112]]}},{"type":"Feature","properties":{"id":"R0781","name":null,"highway":"residential","osm_way":1460933519,"width_m":6.0,"length_m":8.0,"surface_area":48.1,"catchment_m2":288.4,"inlet_capacity_lps":7.8,"nearest_drain":"MH-096","from_node":"J13399298682","to_node":"J13399298683"},"geometry":{"type":"LineString","coordinates":[[80.230902,13.023112],[80.230926,13.023139],[80.230951,13.023166]]}},{"type":"Feature","properties":{"id":"R0782","name":null,"highway":"residential","osm_way":1460933520,"width_m":6.0,"length_m":107.2,"surface_area":643.4,"catchment_m2":3860.6,"inlet_capacity_lps":31.2,"nearest_drain":"MH-096","from_node":"J13399298683","to_node":"J13399298690"},"geometry":{"type":"LineString","coordinates":[[80.230951,13.023166],[80.230793,13.02327],[80.23043,13.023553],[80.23043,13.023586],[80.230451,13.023618],[80.230582,13.023722],[80.230627,13.023729],[80.230671,13.023712]]}},{"type":"Feature","properties":{"id":"R0783","name":"Brahmin street","highway":"living_street","osm_way":23634220,"width_m":4.0,"length_m":6.6,"surface_area":26.5,"catchment_m2":185.6,"inlet_capacity_lps":7.8,"nearest_drain":"MH-066","from_node":"J256029643","to_node":"J2864271989"},"geometry":{"type":"LineString","coordinates":[[80.221646,13.021257],[80.221707,13.021252]]}},{"type":"Feature","properties":{"id":"R0784","name":"Brahmin street","highway":"living_street","osm_way":23634220,"width_m":4.0,"length_m":127.3,"surface_area":509.4,"catchment_m2":3565.7,"inlet_capacity_lps":31.2,"nearest_drain":"MH-067","from_node":"J2864271989","to_node":"J329349378"},"geometry":{"type":"LineString","coordinates":[[80.221707,13.021252],[80.222882,13.021273]]}},{"type":"Feature","properties":{"id":"R0785","name":"Flower street","highway":"living_street","osm_way":27442545,"width_m":4.0,"length_m":23.2,"surface_area":92.8,"catchment_m2":649.8,"inlet_capacity_lps":7.8,"nearest_drain":"MH-070","from_node":"J1411621803","to_node":"J1911157831"},"geometry":{"type":"LineString","coordinates":[[80.22556,13.021164],[80.225453,13.021345]]}},{"type":"Feature","properties":{"id":"R0786","name":"Flower street","highway":"living_street","osm_way":27442545,"width_m":4.0,"length_m":115.7,"surface_area":462.9,"catchment_m2":3240.0,"inlet_capacity_lps":31.2,"nearest_drain":"MH-070","from_node":"J1911157831","to_node":"J1411621949"},"geometry":{"type":"LineString","coordinates":[[80.225453,13.021345],[80.225395,13.02147],[80.225357,13.021606],[80.225112,13.02233]]}},{"type":"Feature","properties":{"id":"R0787","name":"Jones lane","highway":"living_street","osm_way":23634409,"width_m":4.0,"length_m":269.4,"surface_area":1077.8,"catchment_m2":7544.4,"inlet_capacity_lps":70.2,"nearest_drain":"MH-118","from_node":"J256031658","to_node":"J256031653"},"geometry":{"type":"LineString","coordinates":[[80.221805,13.02547],[80.222093,13.025477],[80.222323,13.025529],[80.222851,13.025644],[80.223041,13.025692],[80.224262,13.025785]]}},{"type":"Feature","properties":{"id":"R0788","name":"Nagalingam Street","highway":"living_street","osm_way":127647961,"width_m":4.0,"length_m":157.3,"surface_area":629.0,"catchment_m2":4403.2,"inlet_capacity_lps":39.0,"nearest_drain":"MH-015","from_node":"J1412280369","to_node":"J280088891"},"geometry":{"type":"LineString","coordinates":[[80.218996,13.017715],[80.218971,13.017589],[80.218929,13.017406],[80.218853,13.01718],[80.218857,13.017143],[80.219035,13.017104],[80.219188,13.017094],[80.219426,13.017057],[80.219691,13.017097]]}},{"type":"Feature","properties":{"id":"R0789","name":"Nagalingam Street","highway":"living_street","osm_way":127647962,"width_m":4.0,"length_m":53.8,"surface_area":215.1,"catchment_m2":1505.4,"inlet_capacity_lps":15.6,"nearest_drain":"MH-027","from_node":"J11428752899","to_node":"J1412280369"},"geometry":{"type":"LineString","coordinates":[[80.219027,13.018135],[80.219036,13.018113],[80.219031,13.018093],[80.218904,13.017869],[80.218904,13.01783],[80.218996,13.017715]]}},{"type":"Feature","properties":{"id":"R0790","name":"Police Lane","highway":"living_street","osm_way":1510438610,"width_m":4.0,"length_m":5.1,"surface_area":20.4,"catchment_m2":142.6,"inlet_capacity_lps":7.8,"nearest_drain":"MH-054","from_node":"J247714010","to_node":"J2237738439"},"geometry":{"type":"LineString","coordinates":[[80.221689,13.020488],[80.221689,13.020442]]}},{"type":"Feature","properties":{"id":"R0791","name":"Police Lane","highway":"living_street","osm_way":282480208,"width_m":4.0,"length_m":151.3,"surface_area":605.3,"catchment_m2":4237.0,"inlet_capacity_lps":39.0,"nearest_drain":"MH-040","from_node":"J2237738439","to_node":"J256031611"},"geometry":{"type":"LineString","coordinates":[[80.221689,13.020442],[80.221819,13.019088]]}},{"type":"Feature","properties":{"id":"R0792","name":"Sadaiyappan lane","highway":"living_street","osm_way":23634407,"width_m":4.0,"length_m":268.7,"surface_area":1074.7,"catchment_m2":7523.1,"inlet_capacity_lps":70.2,"nearest_drain":"MH-132","from_node":"J256031648","to_node":"J256031650"},"geometry":{"type":"LineString","coordinates":[[80.221669,13.026444],[80.222298,13.02647],[80.223158,13.026611],[80.223649,13.02663],[80.224136,13.026631]]}},{"type":"Feature","properties":{"id":"R0793","name":"Soundareswarar koil street","highway":"living_street","osm_way":23634404,"width_m":4.0,"length_m":56.0,"surface_area":224.1,"catchment_m2":1568.9,"inlet_capacity_lps":15.6,"nearest_drain":"MH-066","from_node":"J256029643","to_node":"J2864271987"},"geometry":{"type":"LineString","coordinates":[[80.221646,13.021257],[80.221129,13.021253]]}},{"type":"Feature","properties":{"id":"R0794","name":"Soundareswarar koil street","highway":"living_street","osm_way":23634404,"width_m":4.0,"length_m":51.0,"surface_area":203.9,"catchment_m2":1427.0,"inlet_capacity_lps":15.6,"nearest_drain":"MH-066","from_node":"J256031636","to_node":"J256031637"},"geometry":{"type":"LineString","coordinates":[[80.22117,13.021599],[80.221641,13.021596]]}},{"type":"Feature","properties":{"id":"R0795","name":"Soundareswarar koil street","highway":"living_street","osm_way":23634404,"width_m":4.0,"length_m":37.6,"surface_area":150.5,"catchment_m2":1053.7,"inlet_capacity_lps":7.8,"nearest_drain":"MH-066","from_node":"J256031637","to_node":"J256029643"},"geometry":{"type":"LineString","coordinates":[[80.221641,13.021596],[80.221643,13.021484],[80.221646,13.021257]]}},{"type":"Feature","properties":{"id":"R0796","name":"service road","highway":"living_street","osm_way":282480209,"width_m":4.0,"length_m":144.5,"surface_area":578.0,"catchment_m2":4046.3,"inlet_capacity_lps":39.0,"nearest_drain":"MH-067","from_node":"J2237738437","to_node":"J2237738444"},"geometry":{"type":"LineString","coordinates":[[80.221686,13.020539],[80.222847,13.021179]]}},{"type":"Feature","properties":{"id":"R0797","name":"service road","highway":"living_street","osm_way":29883075,"width_m":4.0,"length_m":134.8,"surface_area":539.2,"catchment_m2":3774.2,"inlet_capacity_lps":31.2,"nearest_drain":"MH-054","from_node":"J2237738439","to_node":"J329321829"},"geometry":{"type":"LineString","coordinates":[[80.221689,13.020442],[80.222778,13.021028]]}},{"type":"Feature","properties":{"id":"R0798","name":null,"highway":"living_street","osm_way":23634218,"width_m":4.0,"length_m":108.1,"surface_area":432.6,"catchment_m2":3027.9,"inlet_capacity_lps":31.2,"nearest_drain":"MH-102","from_node":"J256029677","to_node":"J256029678"},"geometry":{"type":"LineString","coordinates":[[80.221158,13.024646],[80.222154,13.024712]]}},{"type":"Feature","properties":{"id":"R0799","name":null,"highway":"living_street","osm_way":214172313,"width_m":4.0,"length_m":76.7,"surface_area":306.6,"catchment_m2":2146.4,"inlet_capacity_lps":23.4,"nearest_drain":"MH-030","from_node":"J256031611","to_node":"J2237675552"},"geometry":{"type":"LineString","coordinates":[[80.221819,13.019088],[80.221595,13.018669],[80.221499,13.018473]]}},{"type":"Feature","properties":{"id":"R0800","name":null,"highway":"living_street","osm_way":23634211,"width_m":4.0,"length_m":22.9,"surface_area":91.7,"catchment_m2":642.2,"inlet_capacity_lps":7.8,"nearest_drain":"MH-040","from_node":"J256031612","to_node":"J2237675587"},"geometry":{"type":"LineString","coordinates":[[80.221145,13.019067],[80.22114,13.019273]]}},{"type":"Feature","properties":{"id":"R0801","name":null,"highway":"living_street","osm_way":214172272,"width_m":4.0,"length_m":46.4,"surface_area":185.4,"catchment_m2":1298.1,"inlet_capacity_lps":15.6,"nearest_drain":"MH-040","from_node":"J256031612","to_node":"J2237675578"},"geometry":{"type":"LineString","coordinates":[[80.221145,13.019067],[80.220719,13.019026]]}},{"type":"Feature","properties":{"id":"R0802","name":null,"highway":"living_street","osm_way":207139317,"width_m":4.0,"length_m":45.7,"surface_area":182.8,"catchment_m2":1279.3,"inlet_capacity_lps":15.6,"nearest_drain":"MH-052","from_node":"J256031624","to_node":"J256031626"},"geometry":{"type":"LineString","coordinates":[[80.219101,13.020919],[80.219042,13.020512]]}},{"type":"Feature","properties":{"id":"R0803","name":null,"highway":"living_street","osm_way":207139317,"width_m":4.0,"length_m":92.0,"surface_area":368.1,"catchment_m2":2576.9,"inlet_capacity_lps":23.4,"nearest_drain":"MH-051","from_node":"J256031626","to_node":"J2172914891"},"geometry":{"type":"LineString","coordinates":[[80.219042,13.020512],[80.218987,13.020217],[80.218991,13.020187],[80.219024,13.020157],[80.21949,13.020163]]}},{"type":"Feature","properties":{"id":"R0804","name":null,"highway":"living_street","osm_way":282482204,"width_m":4.0,"length_m":69.2,"surface_area":276.7,"catchment_m2":1937.2,"inlet_capacity_lps":15.6,"nearest_drain":"MH-066","from_node":"J256031637","to_node":"J2864273576"},"geometry":{"type":"LineString","coordinates":[[80.221641,13.021596],[80.222049,13.021588],[80.222064,13.021586],[80.222078,13.021589],[80.222091,13.021598],[80.222097,13.021612],[80.222092,13.021777]]}},{"type":"Feature","properties":{"id":"R0805","name":null,"highway":"living_street","osm_way":1225582812,"width_m":4.0,"length_m":87.3,"surface_area":349.2,"catchment_m2":2444.6,"inlet_capacity_lps":23.4,"nearest_drain":"MH-129","from_node":"J256031796","to_node":"J256031777"},"geometry":{"type":"LineString","coordinates":[[80.221689,13.026314],[80.221393,13.026278],[80.22136,13.026286],[80.221343,13.026316],[80.221333,13.026439],[80.22133,13.026467],[80.221312,13.026481],[80.221053,13.026457]]}},{"type":"Feature","properties":{"id":"R0806","name":null,"highway":"living_street","osm_way":1298070176,"width_m":4.0,"length_m":25.5,"surface_area":102.2,"catchment_m2":715.3,"inlet_capacity_lps":7.8,"nearest_drain":"MH-121","from_node":"J256035558","to_node":"J256035553"},"geometry":{"type":"LineString","coordinates":[[80.22802,13.025589],[80.228062,13.025761],[80.22806,13.025773],[80.228055,13.025783],[80.228048,13.025791],[80.228032,13.025803]]}},{"type":"Feature","properties":{"id":"R0807","name":null,"highway":"living_street","osm_way":27442437,"width_m":4.0,"length_m":36.9,"surface_area":147.7,"catchment_m2":1033.9,"inlet_capacity_lps":7.8,"nearest_drain":"MH-026","from_node":"J301300024","to_node":"J301300027"},"geometry":{"type":"LineString","coordinates":[[80.217122,13.018298],[80.21744,13.018178]]}},{"type":"Feature","properties":{"id":"R0808","name":null,"highway":"living_street","osm_way":27442437,"width_m":4.0,"length_m":36.6,"surface_area":146.5,"catchment_m2":1025.5,"inlet_capacity_lps":7.8,"nearest_drain":"MH-026","from_node":"J301300027","to_node":"J2237675526"},"geometry":{"type":"LineString","coordinates":[[80.21744,13.018178],[80.21776,13.018072]]}},{"type":"Feature","properties":{"id":"R0809","name":null,"highway":"living_street","osm_way":214172314,"width_m":4.0,"length_m":23.4,"surface_area":93.8,"catchment_m2":656.5,"inlet_capacity_lps":7.8,"nearest_drain":"MH-026","from_node":"J301300027","to_node":"J2237675544"},"geometry":{"type":"LineString","coordinates":[[80.21744,13.018178],[80.217505,13.018379]]}},{"type":"Feature","properties":{"id":"R0810","name":null,"highway":"living_street","osm_way":102482932,"width_m":4.0,"length_m":191.5,"surface_area":765.9,"catchment_m2":5361.5,"inlet_capacity_lps":46.8,"nearest_drain":"MH-169","from_node":"J1183492453","to_node":"J1183492448"},"geometry":{"type":"LineString","coordinates":[[80.221803,13.029184],[80.220923,13.029223],[80.220038,13.029274]]}},{"type":"Feature","properties":{"id":"R0811","name":null,"highway":"living_street","osm_way":127574710,"width_m":4.0,"length_m":69.6,"surface_area":278.4,"catchment_m2":1948.9,"inlet_capacity_lps":15.6,"nearest_drain":"MH-093","from_node":"J1411621892","to_node":"J1411621776"},"geometry":{"type":"LineString","coordinates":[[80.226563,13.022442],[80.226339,13.02259],[80.226173,13.022914]]}},{"type":"Feature","properties":{"id":"R0812","name":null,"highway":"living_street","osm_way":23634211,"width_m":4.0,"length_m":19.6,"surface_area":78.3,"catchment_m2":548.1,"inlet_capacity_lps":7.8,"nearest_drain":"MH-030","from_node":"J1412280379","to_node":"J2237675530"},"geometry":{"type":"LineString","coordinates":[[80.221119,13.017987],[80.221115,13.018163]]}},{"type":"Feature","properties":{"id":"R0813","name":null,"highway":"living_street","osm_way":214172303,"width_m":4.0,"length_m":122.1,"surface_area":488.4,"catchment_m2":3418.7,"inlet_capacity_lps":31.2,"nearest_drain":"MH-070","from_node":"J1911157831","to_node":"J2237675632"},"geometry":{"type":"LineString","coordinates":[[80.225453,13.021345],[80.22516,13.021171],[80.224938,13.021903]]}},{"type":"Feature","properties":{"id":"R0814","name":null,"highway":"living_street","osm_way":207139317,"width_m":4.0,"length_m":69.1,"surface_area":276.4,"catchment_m2":1934.5,"inlet_capacity_lps":15.6,"nearest_drain":"MH-064","from_node":"J2172914896","to_node":"J256031624"},"geometry":{"type":"LineString","coordinates":[[80.219494,13.021179],[80.219156,13.021185],[80.219135,13.021182],[80.219121,13.021172],[80.219114,13.021152],[80.219101,13.020919]]}},{"type":"Feature","properties":{"id":"R0815","name":null,"highway":"living_street","osm_way":1303239583,"width_m":4.0,"length_m":59.5,"surface_area":238.0,"catchment_m2":1665.9,"inlet_capacity_lps":15.6,"nearest_drain":"MH-087","from_node":"J2172914908","to_node":"J12069591080"},"geometry":{"type":"LineString","coordinates":[[80.217203,13.02391],[80.21775,13.023862]]}},{"type":"Feature","properties":{"id":"R0816","name":null,"highway":"living_street","osm_way":207139286,"width_m":4.0,"length_m":71.3,"surface_area":285.1,"catchment_m2":1996.0,"inlet_capacity_lps":15.6,"nearest_drain":"MH-098","from_node":"J2172914909","to_node":"J2172914908"},"geometry":{"type":"LineString","coordinates":[[80.216547,13.023949],[80.216865,13.023932],[80.217203,13.02391]]}},{"type":"Feature","properties":{"id":"R0817","name":null,"highway":"living_street","osm_way":214172279,"width_m":4.0,"length_m":26.5,"surface_area":106.2,"catchment_m2":743.1,"inlet_capacity_lps":7.8,"nearest_drain":"MH-016","from_node":"J2237675516","to_node":"J2237675517"},"geometry":{"type":"LineString","coordinates":[[80.220947,13.01756],[80.220702,13.017554]]}},{"type":"Feature","properties":{"id":"R0818","name":null,"highway":"living_street","osm_way":214172313,"width_m":4.0,"length_m":30.0,"surface_area":120.1,"catchment_m2":840.4,"inlet_capacity_lps":7.8,"nearest_drain":"MH-016","from_node":"J2237675516","to_node":"J2237675513"},"geometry":{"type":"LineString","coordinates":[[80.220947,13.01756],[80.220803,13.017329]]}},{"type":"Feature","properties":{"id":"R0819","name":null,"highway":"living_street","osm_way":214172313,"width_m":4.0,"length_m":24.7,"surface_area":98.9,"catchment_m2":692.6,"inlet_capacity_lps":7.8,"nearest_drain":"MH-016","from_node":"J2237675518","to_node":"J2237675516"},"geometry":{"type":"LineString","coordinates":[[80.221056,13.017755],[80.220947,13.01756]]}},{"type":"Feature","properties":{"id":"R0820","name":null,"highway":"living_street","osm_way":214172293,"width_m":4.0,"length_m":36.5,"surface_area":146.1,"catchment_m2":1022.4,"inlet_capacity_lps":7.8,"nearest_drain":"MH-016","from_node":"J2237675519","to_node":"J2237675518"},"geometry":{"type":"LineString","coordinates":[[80.22072,13.017775],[80.221056,13.017755]]}},{"type":"Feature","properties":{"id":"R0821","name":null,"highway":"living_street","osm_way":23634211,"width_m":4.0,"length_m":15.3,"surface_area":61.1,"catchment_m2":427.5,"inlet_capacity_lps":7.8,"nearest_drain":"MH-017","from_node":"J2237675521","to_node":"J1412280379"},"geometry":{"type":"LineString","coordinates":[[80.221117,13.01785],[80.221119,13.017987]]}},{"type":"Feature","properties":{"id":"R0822","name":null,"highway":"living_street","osm_way":214172313,"width_m":4.0,"length_m":12.4,"surface_area":49.7,"catchment_m2":347.6,"inlet_capacity_lps":7.8,"nearest_drain":"MH-016","from_node":"J2237675521","to_node":"J2237675518"},"geometry":{"type":"LineString","coordinates":[[80.221117,13.01785],[80.221056,13.017755]]}},{"type":"Feature","properties":{"id":"R0823","name":null,"highway":"living_street","osm_way":27442437,"width_m":4.0,"length_m":12.1,"surface_area":48.2,"catchment_m2":337.5,"inlet_capacity_lps":7.8,"nearest_drain":"MH-014","from_node":"J2237675523","to_node":"J9885084110"},"geometry":{"type":"LineString","coordinates":[[80.218109,13.017919],[80.218211,13.017876]]}},{"type":"Feature","properties":{"id":"R0824","name":null,"highway":"living_street","osm_way":214172269,"width_m":4.0,"length_m":38.7,"surface_area":154.8,"catchment_m2":1083.6,"inlet_capacity_lps":7.8,"nearest_drain":"MH-029","from_node":"J2237675525","to_node":"J1412280379"},"geometry":{"type":"LineString","coordinates":[[80.220761,13.017989],[80.221119,13.017987]]}},{"type":"Feature","properties":{"id":"R0825","name":null,"highway":"living_street","osm_way":27442437,"width_m":4.0,"length_m":41.5,"surface_area":166.0,"catchment_m2":1161.7,"inlet_capacity_lps":7.8,"nearest_drain":"MH-014","from_node":"J2237675526","to_node":"J2237675523"},"geometry":{"type":"LineString","coordinates":[[80.21776,13.018072],[80.218109,13.017919]]}},{"type":"Feature","properties":{"id":"R0826","name":null,"highway":"living_street","osm_way":23634211,"width_m":4.0,"length_m":14.6,"surface_area":58.4,"catchment_m2":408.8,"inlet_capacity_lps":7.8,"nearest_drain":"MH-030","from_node":"J2237675530","to_node":"J2237675539"},"geometry":{"type":"LineString","coordinates":[[80.221115,13.018163],[80.221114,13.018294]]}},{"type":"Feature","properties":{"id":"R0827","name":null,"highway":"living_street","osm_way":214172284,"width_m":4.0,"length_m":41.5,"surface_area":166.1,"catchment_m2":1162.5,"inlet_capacity_lps":7.8,"nearest_drain":"MH-029","from_node":"J2237675530","to_node":"J2237675533"},"geometry":{"type":"LineString","coordinates":[[80.221115,13.018163],[80.220732,13.018158]]}},{"type":"Feature","properties":{"id":"R0828","name":null,"highway":"living_street","osm_way":214172313,"width_m":4.0,"length_m":58.3,"surface_area":233.2,"catchment_m2":1632.7,"inlet_capacity_lps":15.6,"nearest_drain":"MH-030","from_node":"J2237675535","to_node":"J2237675521"},"geometry":{"type":"LineString","coordinates":[[80.221398,13.018294],[80.221268,13.01804],[80.221117,13.01785]]}},{"type":"Feature","properties":{"id":"R0829","name":null,"highway":"living_street","osm_way":214172291,"width_m":4.0,"length_m":36.8,"surface_area":147.3,"catchment_m2":1030.8,"inlet_capacity_lps":7.8,"nearest_drain":"MH-026","from_node":"J2237675537","to_node":"J2237675544"},"geometry":{"type":"LineString","coordinates":[[80.217828,13.018277],[80.217505,13.018379]]}},{"type":"Feature","properties":{"id":"R0830","name":null,"highway":"living_street","osm_way":214172310,"width_m":4.0,"length_m":23.9,"surface_area":95.8,"catchment_m2":670.6,"inlet_capacity_lps":7.8,"nearest_drain":"MH-026","from_node":"J2237675537","to_node":"J2237675526"},"geometry":{"type":"LineString","coordinates":[[80.217828,13.018277],[80.21776,13.018072]]}},{"type":"Feature","properties":{"id":"R0831","name":null,"highway":"living_street","osm_way":23634211,"width_m":4.0,"length_m":8.4,"surface_area":33.4,"catchment_m2":233.8,"inlet_capacity_lps":7.8,"nearest_drain":"MH-030","from_node":"J2237675539","to_node":"J2237675546"},"geometry":{"type":"LineString","coordinates":[[80.221114,13.018294],[80.22111,13.018369]]}},{"type":"Feature","properties":{"id":"R0832","name":null,"highway":"living_street","osm_way":214172292,"width_m":4.0,"length_m":30.8,"surface_area":123.2,"catchment_m2":862.7,"inlet_capacity_lps":7.8,"nearest_drain":"MH-030","from_node":"J2237675539","to_node":"J2237675535"},"geometry":{"type":"LineString","coordinates":[[80.221114,13.018294],[80.221398,13.018294]]}},{"type":"Feature","properties":{"id":"R0833","name":null,"highway":"living_street","osm_way":214172314,"width_m":4.0,"length_m":17.4,"surface_area":69.4,"catchment_m2":486.1,"inlet_capacity_lps":7.8,"nearest_drain":"MH-026","from_node":"J2237675544","to_node":"J2237675555"},"geometry":{"type":"LineString","coordinates":[[80.217505,13.018379],[80.217554,13.018528]]}},{"type":"Feature","properties":{"id":"R0834","name":null,"highway":"living_street","osm_way":23634211,"width_m":4.0,"length_m":15.2,"surface_area":60.9,"catchment_m2":426.1,"inlet_capacity_lps":7.8,"nearest_drain":"MH-030","from_node":"J2237675546","to_node":"J2237675553"},"geometry":{"type":"LineString","coordinates":[[80.22111,13.018369],[80.221106,13.018506]]}},{"type":"Feature","properties":{"id":"R0835","name":null,"highway":"living_street","osm_way":214172278,"width_m":4.0,"length_m":41.3,"surface_area":165.2,"catchment_m2":1156.5,"inlet_capacity_lps":7.8,"nearest_drain":"MH-030","from_node":"J2237675546","to_node":"J2237675548"},"geometry":{"type":"LineString","coordinates":[[80.22111,13.018369],[80.22073,13.018397]]}},{"type":"Feature","properties":{"id":"R0836","name":null,"highway":"living_street","osm_way":214172310,"width_m":4.0,"length_m":17.7,"surface_area":71.0,"catchment_m2":496.9,"inlet_capacity_lps":7.8,"nearest_drain":"MH-026","from_node":"J2237675550","to_node":"J2237675537"},"geometry":{"type":"LineString","coordinates":[[80.217878,13.018429],[80.217828,13.018277]]}},{"type":"Feature","properties":{"id":"R0837","name":null,"highway":"living_street","osm_way":214172282,"width_m":4.0,"length_m":37.8,"surface_area":151.1,"catchment_m2":1057.6,"inlet_capacity_lps":7.8,"nearest_drain":"MH-026","from_node":"J2237675551","to_node":"J2237675542"},"geometry":{"type":"LineString","coordinates":[[80.217893,13.018476],[80.218215,13.018345]]}},{"type":"Feature","properties":{"id":"R0838","name":null,"highway":"living_street","osm_way":214172310,"width_m":4.0,"length_m":5.4,"surface_area":21.6,"catchment_m2":151.4,"inlet_capacity_lps":7.8,"nearest_drain":"MH-026","from_node":"J2237675551","to_node":"J2237675550"},"geometry":{"type":"LineString","coordinates":[[80.217893,13.018476],[80.217878,13.018429]]}},{"type":"Feature","properties":{"id":"R0839","name":null,"highway":"living_street","osm_way":214172313,"width_m":4.0,"length_m":22.7,"surface_area":90.8,"catchment_m2":635.6,"inlet_capacity_lps":7.8,"nearest_drain":"MH-030","from_node":"J2237675552","to_node":"J2237675535"},"geometry":{"type":"LineString","coordinates":[[80.221499,13.018473],[80.221398,13.018294]]}},{"type":"Feature","properties":{"id":"R0840","name":null,"highway":"living_street","osm_way":23634211,"width_m":4.0,"length_m":38.4,"surface_area":153.5,"catchment_m2":1074.6,"inlet_capacity_lps":7.8,"nearest_drain":"MH-030","from_node":"J2237675553","to_node":"J2237675572"},"geometry":{"type":"LineString","coordinates":[[80.221106,13.018506],[80.221118,13.018678],[80.221134,13.01885]]}},{"type":"Feature","properties":{"id":"R0841","name":null,"highway":"living_street","osm_way":214172306,"width_m":4.0,"length_m":42.7,"surface_area":170.8,"catchment_m2":1195.7,"inlet_capacity_lps":7.8,"nearest_drain":"MH-030","from_node":"J2237675553","to_node":"J2237675552"},"geometry":{"type":"LineString","coordinates":[[80.221106,13.018506],[80.221298,13.018492],[80.221499,13.018473]]}},{"type":"Feature","properties":{"id":"R0842","name":null,"highway":"living_street","osm_way":214172287,"width_m":4.0,"length_m":36.7,"surface_area":147.0,"catchment_m2":1028.9,"inlet_capacity_lps":7.8,"nearest_drain":"MH-026","from_node":"J2237675555","to_node":"J2237675550"},"geometry":{"type":"LineString","coordinates":[[80.217554,13.018528],[80.217878,13.018429]]}},{"type":"Feature","properties":{"id":"R0843","name":null,"highway":"living_street","osm_way":214172314,"width_m":4.0,"length_m":19.1,"surface_area":76.3,"catchment_m2":533.9,"inlet_capacity_lps":7.8,"nearest_drain":"MH-026","from_node":"J2237675555","to_node":"J2237675562"},"geometry":{"type":"LineString","coordinates":[[80.217554,13.018528],[80.217609,13.018691]]}},{"type":"Feature","properties":{"id":"R0844","name":null,"highway":"living_street","osm_way":214172306,"width_m":4.0,"length_m":20.6,"surface_area":82.6,"catchment_m2":578.0,"inlet_capacity_lps":7.8,"nearest_drain":"MH-029","from_node":"J2237675557","to_node":"J2237675553"},"geometry":{"type":"LineString","coordinates":[[80.220918,13.018534],[80.221106,13.018506]]}},{"type":"Feature","properties":{"id":"R0845","name":null,"highway":"living_street","osm_way":214172310,"width_m":4.0,"length_m":48.3,"surface_area":193.3,"catchment_m2":1353.4,"inlet_capacity_lps":15.6,"nearest_drain":"MH-026","from_node":"J2237675562","to_node":"J2237675551"},"geometry":{"type":"LineString","coordinates":[[80.217609,13.018691],[80.217926,13.018575],[80.217893,13.018476]]}},{"type":"Feature","properties":{"id":"R0846","name":null,"highway":"living_street","osm_way":214172314,"width_m":4.0,"length_m":116.7,"surface_area":466.8,"catchment_m2":3267.6,"inlet_capacity_lps":31.2,"nearest_drain":"MH-026","from_node":"J2237675562","to_node":"J2237675577"},"geometry":{"type":"LineString","coordinates":[[80.217609,13.018691],[80.217706,13.018904],[80.217858,13.019125],[80.218183,13.019026],[80.218403,13.018984]]}},{"type":"Feature","properties":{"id":"R0847","name":null,"highway":"living_street","osm_way":214172304,"width_m":4.0,"length_m":93.9,"surface_area":375.5,"catchment_m2":2628.5,"inlet_capacity_lps":23.4,"nearest_drain":"MH-014","from_node":"J2237675563","to_node":"J2237675523"},"geometry":{"type":"LineString","coordinates":[[80.218463,13.018689],[80.218305,13.018309],[80.218109,13.017919]]}},{"type":"Feature","properties":{"id":"R0848","name":null,"highway":"living_street","osm_way":23634211,"width_m":4.0,"length_m":24.1,"surface_area":96.5,"catchment_m2":675.8,"inlet_capacity_lps":7.8,"nearest_drain":"MH-030","from_node":"J2237675572","to_node":"J256031612"},"geometry":{"type":"LineString","coordinates":[[80.221134,13.01885],[80.221145,13.019067]]}},{"type":"Feature","properties":{"id":"R0849","name":null,"highway":"living_street","osm_way":214172300,"width_m":4.0,"length_m":44.1,"surface_area":176.4,"catchment_m2":1235.1,"inlet_capacity_lps":7.8,"nearest_drain":"MH-030","from_node":"J2237675572","to_node":"J2237675568"},"geometry":{"type":"LineString","coordinates":[[80.221134,13.01885],[80.22091,13.018835],[80.220728,13.018826]]}},{"type":"Feature","properties":{"id":"R0850","name":null,"highway":"living_street","osm_way":23634211,"width_m":4.0,"length_m":24.5,"surface_area":98.2,"catchment_m2":687.4,"inlet_capacity_lps":7.8,"nearest_drain":"MH-040","from_node":"J2237675587","to_node":"J2237675591"},"geometry":{"type":"LineString","coordinates":[[80.22114,13.019273],[80.221129,13.019493]]}},{"type":"Feature","properties":{"id":"R0851","name":null,"highway":"living_street","osm_way":214172283,"width_m":4.0,"length_m":48.1,"surface_area":192.4,"catchment_m2":1346.8,"inlet_capacity_lps":15.6,"nearest_drain":"MH-040","from_node":"J2237675587","to_node":"J2237675585"},"geometry":{"type":"LineString","coordinates":[[80.22114,13.019273],[80.220698,13.019228]]}},{"type":"Feature","properties":{"id":"R0852","name":null,"highway":"living_street","osm_way":214172289,"width_m":4.0,"length_m":44.6,"surface_area":178.6,"catchment_m2":1250.0,"inlet_capacity_lps":7.8,"nearest_drain":"MH-039","from_node":"J2237675589","to_node":"J2237675591"},"geometry":{"type":"LineString","coordinates":[[80.220719,13.019446],[80.221129,13.019493]]}},{"type":"Feature","properties":{"id":"R0853","name":null,"highway":"living_street","osm_way":23634211,"width_m":4.0,"length_m":73.8,"surface_area":295.2,"catchment_m2":2066.6,"inlet_capacity_lps":15.6,"nearest_drain":"MH-040","from_node":"J2237675591","to_node":"J247714011"},"geometry":{"type":"LineString","coordinates":[[80.221129,13.019493],[80.221098,13.020157]]}},{"type":"Feature","properties":{"id":"R0854","name":null,"highway":"living_street","osm_way":1203027596,"width_m":4.0,"length_m":48.0,"surface_area":192.1,"catchment_m2":1344.7,"inlet_capacity_lps":15.6,"nearest_drain":"MH-056","from_node":"J2237675611","to_node":"J2237675607"},"geometry":{"type":"LineString","coordinates":[[80.224902,13.020716],[80.224886,13.020714],[80.224703,13.020689],[80.224464,13.020651]]}},{"type":"Feature","properties":{"id":"R0855","name":null,"highway":"living_street","osm_way":214172275,"width_m":4.0,"length_m":58.4,"surface_area":233.5,"catchment_m2":1634.7,"inlet_capacity_lps":15.6,"nearest_drain":"MH-133","from_node":"J2237675809","to_node":"J2237675819"},"geometry":{"type":"LineString","coordinates":[[80.225906,13.026327],[80.225975,13.026847]]}},{"type":"Feature","properties":{"id":"R0856","name":null,"highway":"living_street","osm_way":214172317,"width_m":4.0,"length_m":42.7,"surface_area":170.8,"catchment_m2":1195.6,"inlet_capacity_lps":7.8,"nearest_drain":"MH-148","from_node":"J2237675829","to_node":"J2237675832"},"geometry":{"type":"LineString","coordinates":[[80.227331,13.027748],[80.226942,13.027812]]}},{"type":"Feature","properties":{"id":"R0857","name":null,"highway":"living_street","osm_way":214172318,"width_m":4.0,"length_m":44.8,"surface_area":179.3,"catchment_m2":1255.1,"inlet_capacity_lps":7.8,"nearest_drain":"MH-161","from_node":"J2237675834","to_node":"J2237675838"},"geometry":{"type":"LineString","coordinates":[[80.227499,13.027986],[80.227099,13.028089]]}},{"type":"Feature","properties":{"id":"R0858","name":null,"highway":"living_street","osm_way":1267887250,"width_m":4.0,"length_m":53.1,"surface_area":212.6,"catchment_m2":1488.2,"inlet_capacity_lps":15.6,"nearest_drain":"MH-033","from_node":"J2237806299","to_node":"J11775267668"},"geometry":{"type":"LineString","coordinates":[[80.223739,13.017843],[80.224202,13.018001]]}},{"type":"Feature","properties":{"id":"R0859","name":null,"highway":"living_street","osm_way":127647957,"width_m":4.0,"length_m":316.7,"surface_area":1266.9,"catchment_m2":8868.0,"inlet_capacity_lps":85.8,"nearest_drain":"MH-005","from_node":"J2237806349","to_node":"J2237806262"},"geometry":{"type":"LineString","coordinates":[[80.220258,13.019735],[80.22051,13.019253],[80.220498,13.018982],[80.220499,13.018686],[80.220499,13.018248],[80.220469,13.017434],[80.220404,13.016951]]}},{"type":"Feature","properties":{"id":"R0860","name":null,"highway":"living_street","osm_way":214366906,"width_m":4.0,"length_m":36.6,"surface_area":146.3,"catchment_m2":1024.3,"inlet_capacity_lps":7.8,"nearest_drain":"MH-037","from_node":"J2239237809","to_node":"J9189073661"},"geometry":{"type":"LineString","coordinates":[[80.218914,13.019473],[80.218946,13.019801]]}},{"type":"Feature","properties":{"id":"R0861","name":null,"highway":"living_street","osm_way":1232148324,"width_m":4.0,"length_m":49.3,"surface_area":197.2,"catchment_m2":1380.7,"inlet_capacity_lps":15.6,"nearest_drain":"MH-075","from_node":"J2239237850","to_node":"J11428646347"},"geometry":{"type":"LineString","coordinates":[[80.217433,13.022219],[80.217666,13.022194],[80.217885,13.02217]]}},{"type":"Feature","properties":{"id":"R0862","name":null,"highway":"living_street","osm_way":1267858953,"width_m":4.0,"length_m":37.4,"surface_area":149.6,"catchment_m2":1047.1,"inlet_capacity_lps":7.8,"nearest_drain":"MH-067","from_node":"J2611869009","to_node":"J11774985742"},"geometry":{"type":"LineString","coordinates":[[80.223031,13.021697],[80.222686,13.021697]]}},{"type":"Feature","properties":{"id":"R0863","name":null,"highway":"living_street","osm_way":255504906,"width_m":4.0,"length_m":61.6,"surface_area":246.4,"catchment_m2":1724.7,"inlet_capacity_lps":15.6,"nearest_drain":"MH-066","from_node":"J2611869057","to_node":"J2611869058"},"geometry":{"type":"LineString","coordinates":[[80.221207,13.021766],[80.220923,13.021777],[80.220654,13.021778],[80.220647,13.021778],[80.220639,13.021781]]}},{"type":"Feature","properties":{"id":"R0864","name":null,"highway":"living_street","osm_way":335965864,"width_m":4.0,"length_m":46.8,"surface_area":187.2,"catchment_m2":1310.1,"inlet_capacity_lps":15.6,"nearest_drain":"MH-078","from_node":"J2611869058","to_node":"J2611869059"},"geometry":{"type":"LineString","coordinates":[[80.220639,13.021781],[80.220635,13.021786],[80.220634,13.021793],[80.220639,13.0222]]}},{"type":"Feature","properties":{"id":"R0865","name":null,"highway":"living_street","osm_way":1267858952,"width_m":4.0,"length_m":72.3,"surface_area":289.0,"catchment_m2":2023.2,"inlet_capacity_lps":15.6,"nearest_drain":"MH-066","from_node":"J2864273576","to_node":"J2611869013"},"geometry":{"type":"LineString","coordinates":[[80.222092,13.021777],[80.221845,13.021785],[80.221765,13.021792],[80.221622,13.021812],[80.221431,13.021849]]}},{"type":"Feature","properties":{"id":"R0866","name":null,"highway":"living_street","osm_way":1232148326,"width_m":4.0,"length_m":33.5,"surface_area":133.9,"catchment_m2":937.5,"inlet_capacity_lps":7.8,"nearest_drain":"MH-063","from_node":"J3457309341","to_node":"J2239237839"},"geometry":{"type":"LineString","coordinates":[[80.217375,13.021882],[80.217359,13.021581]]}},{"type":"Feature","properties":{"id":"R0867","name":null,"highway":"living_street","osm_way":214366906,"width_m":4.0,"length_m":15.7,"surface_area":62.6,"catchment_m2":438.4,"inlet_capacity_lps":7.8,"nearest_drain":"MH-037","from_node":"J9189073661","to_node":"J2239237818"},"geometry":{"type":"LineString","coordinates":[[80.218946,13.019801],[80.218962,13.01994]]}},{"type":"Feature","properties":{"id":"R0868","name":null,"highway":"living_street","osm_way":1267858946,"width_m":4.0,"length_m":34.0,"surface_area":135.9,"catchment_m2":951.6,"inlet_capacity_lps":7.8,"nearest_drain":"MH-121","from_node":"J11774985686","to_node":"J11774985687"},"geometry":{"type":"LineString","coordinates":[[80.227893,13.025052],[80.227962,13.025351]]}},{"type":"Feature","properties":{"id":"R0869","name":null,"highway":"living_street","osm_way":1267858946,"width_m":4.0,"length_m":16.2,"surface_area":64.9,"catchment_m2":454.5,"inlet_capacity_lps":7.8,"nearest_drain":"MH-121","from_node":"J11774985687","to_node":"J11774985697"},"geometry":{"type":"LineString","coordinates":[[80.227962,13.025351],[80.227995,13.025493]]}},{"type":"Feature","properties":{"id":"R0870","name":null,"highway":"living_street","osm_way":1267858947,"width_m":4.0,"length_m":71.6,"surface_area":286.4,"catchment_m2":2004.5,"inlet_capacity_lps":15.6,"nearest_drain":"MH-121","from_node":"J11774985688","to_node":"J11774985687"},"geometry":{"type":"LineString","coordinates":[[80.227312,13.025469],[80.227962,13.025351]]}},{"type":"Feature","properties":{"id":"R0871","name":null,"highway":"living_street","osm_way":1298070176,"width_m":4.0,"length_m":11.1,"surface_area":44.4,"catchment_m2":310.5,"inlet_capacity_lps":7.8,"nearest_drain":"MH-121","from_node":"J11774985697","to_node":"J256035558"},"geometry":{"type":"LineString","coordinates":[[80.227995,13.025493],[80.228006,13.025529],[80.22802,13.025589]]}},{"type":"Feature","properties":{"id":"R0872","name":null,"highway":"living_street","osm_way":1267858952,"width_m":4.0,"length_m":53.8,"surface_area":215.2,"catchment_m2":1506.6,"inlet_capacity_lps":15.6,"nearest_drain":"MH-067","from_node":"J11774985741","to_node":"J2864273576"},"geometry":{"type":"LineString","coordinates":[[80.222589,13.021764],[80.222092,13.021777]]}},{"type":"Feature","properties":{"id":"R0873","name":null,"highway":"living_street","osm_way":1267858954,"width_m":4.0,"length_m":55.5,"surface_area":222.0,"catchment_m2":1554.1,"inlet_capacity_lps":15.6,"nearest_drain":"MH-080","from_node":"J11774985744","to_node":"J11774985743"},"geometry":{"type":"LineString","coordinates":[[80.222159,13.022612],[80.222671,13.022607]]}},{"type":"Feature","properties":{"id":"R0874","name":null,"highway":"living_street","osm_way":1267887248,"width_m":4.0,"length_m":91.1,"surface_area":364.2,"catchment_m2":2549.7,"inlet_capacity_lps":23.4,"nearest_drain":"MH-033","from_node":"J11775267664","to_node":"J11775267663"},"geometry":{"type":"LineString","coordinates":[[80.223767,13.017753],[80.224197,13.017871],[80.224571,13.017992]]}},{"type":"Feature","properties":{"id":"R0875","name":null,"highway":"living_street","osm_way":1267887249,"width_m":4.0,"length_m":72.6,"surface_area":290.5,"catchment_m2":2033.7,"inlet_capacity_lps":15.6,"nearest_drain":"MH-020","from_node":"J11775267667","to_node":"J11775267665"},"geometry":{"type":"LineString","coordinates":[[80.223821,13.017593],[80.224106,13.017674],[80.224459,13.017796]]}}]}