{"type":"FeatureCollection","features":[{"type":"Feature","properties":{"id":"R0001","name":"Eastern Express Highway","highway":"trunk","osm_way":618748715,"width_m":20.0,"length_m":257.3,"surface_area":5145.3,"catchment_m2":20581.1,"inlet_capacity_lps":151.2,"nearest_drain":"MH-023","from_node":"J6572189287","to_node":"J10216570896"},"geometry":{"type":"LineString","coordinates":[[72.893053,19.061118],[72.894308,19.061996],[72.895023,19.062492]]}},{"type":"Feature","properties":{"id":"R0002","name":"Eastern Express Highway","highway":"trunk","osm_way":618748715,"width_m":20.0,"length_m":19.0,"surface_area":379.6,"catchment_m2":1518.3,"inlet_capacity_lps":16.8,"nearest_drain":"MH-038","from_node":"J10216570896","to_node":"J1232644598"},"geometry":{"type":"LineString","coordinates":[[72.895023,19.062492],[72.895165,19.062597]]}},{"type":"Feature","properties":{"id":"R0003","name":"Eastern Express Highway","highway":"trunk","osm_way":618748715,"width_m":20.0,"length_m":141.6,"surface_area":2831.1,"catchment_m2":11324.5,"inlet_capacity_lps":84.0,"nearest_drain":"MH-011","from_node":"J10724991564","to_node":"J6572189287"},"geometry":{"type":"LineString","coordinates":[[72.891973,19.060358],[72.892562,19.060775],[72.893053,19.061118]]}},{"type":"Feature","properties":{"id":"R0004","name":"Eastern Express Highway","highway":"trunk","osm_way":1153123668,"width_m":20.0,"length_m":12.0,"surface_area":240.9,"catchment_m2":963.7,"inlet_capacity_lps":16.8,"nearest_drain":"MH-011","from_node":"J10724991565","to_node":"J10724991564"},"geometry":{"type":"LineString","coordinates":[[72.891881,19.060293],[72.891973,19.060358]]}},{"type":"Feature","properties":{"id":"R0005","name":"Santa Cruz \u2013 Chembur Link Road","highway":"trunk","osm_way":275784838,"width_m":20.0,"length_m":168.7,"surface_area":3374.9,"catchment_m2":13499.4,"inlet_capacity_lps":100.8,"nearest_drain":"MH-149","from_node":"J1232643976","to_node":"J2804392268"},"geometry":{"type":"LineString","coordinates":[[72.882519,19.073604],[72.88288,19.073549],[72.883159,19.073457],[72.88347,19.073297],[72.88394,19.072959]]}},{"type":"Feature","properties":{"id":"R0006","name":"Santa Cruz \u2013 Chembur Link Road","highway":"trunk","osm_way":275784842,"width_m":20.0,"length_m":96.7,"surface_area":1934.6,"catchment_m2":7738.4,"inlet_capacity_lps":50.4,"nearest_drain":"MH-148","from_node":"J2439359832","to_node":"J2892843892"},"geometry":{"type":"LineString","coordinates":[[72.881251,19.073816],[72.881453,19.073754],[72.881659,19.073706],[72.881871,19.073674],[72.88215,19.073647]]}},{"type":"Feature","properties":{"id":"R0007","name":"Santa Cruz \u2013 Chembur Link Road","highway":"trunk","osm_way":260786318,"width_m":20.0,"length_m":162.0,"surface_area":3239.3,"catchment_m2":12957.2,"inlet_capacity_lps":84.0,"nearest_drain":"MH-149","from_node":"J2663447648","to_node":"J2804467069"},"geometry":{"type":"LineString","coordinates":[[72.883864,19.072878],[72.883408,19.073206],[72.883113,19.073359],[72.882852,19.073444],[72.882501,19.073498]]}},{"type":"Feature","properties":{"id":"R0008","name":"Santa Cruz \u2013 Chembur Link Road","highway":"trunk","osm_way":275761324,"width_m":20.0,"length_m":137.8,"surface_area":2755.1,"catchment_m2":11020.6,"inlet_capacity_lps":84.0,"nearest_drain":"MH-074","from_node":"J2804392259","to_node":"J2804392267"},"geometry":{"type":"LineString","coordinates":[[72.891794,19.065848],[72.893053,19.065503]]}},{"type":"Feature","properties":{"id":"R0009","name":"Santa Cruz \u2013 Chembur Link Road","highway":"trunk","osm_way":285611398,"width_m":20.0,"length_m":30.7,"surface_area":613.2,"catchment_m2":2452.6,"inlet_capacity_lps":16.8,"nearest_drain":"MH-074","from_node":"J2804392267","to_node":"J2804491973"},"geometry":{"type":"LineString","coordinates":[[72.893053,19.065503],[72.893344,19.06548]]}},{"type":"Feature","properties":{"id":"R0010","name":"Santa Cruz \u2013 Chembur Link Road","highway":"trunk","osm_way":275761000,"width_m":20.0,"length_m":437.0,"surface_area":8740.8,"catchment_m2":34963.2,"inlet_capacity_lps":252.0,"nearest_drain":"MH-127","from_node":"J2804392268","to_node":"J2804450687"},"geometry":{"type":"LineString","coordinates":[[72.88394,19.072959],[72.884237,19.07267],[72.884978,19.072014],[72.885147,19.071849],[72.885305,19.071658],[72.885704,19.071201],[72.886699,19.070028]]}},{"type":"Feature","properties":{"id":"R0011","name":"Santa Cruz \u2013 Chembur Link Road","highway":"trunk","osm_way":285611393,"width_m":20.0,"length_m":527.8,"surface_area":10556.8,"catchment_m2":42227.0,"inlet_capacity_lps":302.4,"nearest_drain":"MH-073","from_node":"J2804392269","to_node":"J2804396434"},"geometry":{"type":"LineString","coordinates":[[72.891773,19.065769],[72.890771,19.066036],[72.890513,19.066119],[72.890253,19.066213],[72.890018,19.066342],[72.88978,19.066519],[72.889359,19.066909],[72.888967,19.067276],[72.888647,19.067605],[72.887874,19.068523]]}},{"type":"Feature","properties":{"id":"R0012","name":"Santa Cruz \u2013 Chembur Link Road","highway":"trunk","osm_way":285611402,"width_m":20.0,"length_m":207.9,"surface_area":4157.7,"catchment_m2":16630.8,"inlet_capacity_lps":117.6,"nearest_drain":"MH-127","from_node":"J2804396434","to_node":"J2804450686"},"geometry":{"type":"LineString","coordinates":[[72.887874,19.068523],[72.88661,19.069961]]}},{"type":"Feature","properties":{"id":"R0013","name":"Santa Cruz \u2013 Chembur Link Road","highway":"trunk","osm_way":275761325,"width_m":20.0,"length_m":522.5,"surface_area":10450.9,"catchment_m2":41803.8,"inlet_capacity_lps":285.6,"nearest_drain":"MH-108","from_node":"J2804396435","to_node":"J2804392259"},"geometry":{"type":"LineString","coordinates":[[72.887933,19.068567],[72.888705,19.067652],[72.889022,19.067326],[72.889413,19.06696],[72.88983,19.066573],[72.890061,19.066401],[72.890285,19.066278],[72.890539,19.066186],[72.890794,19.066104],[72.891794,19.065848]]}},{"type":"Feature","properties":{"id":"R0014","name":"Santa Cruz \u2013 Chembur Link Road","highway":"trunk","osm_way":275761327,"width_m":20.0,"length_m":435.0,"surface_area":8699.1,"catchment_m2":34796.4,"inlet_capacity_lps":235.2,"nearest_drain":"MH-127","from_node":"J2804450686","to_node":"J2663447648"},"geometry":{"type":"LineString","coordinates":[[72.88661,19.069961],[72.885616,19.071133],[72.885216,19.07159],[72.88506,19.071779],[72.884898,19.071937],[72.884157,19.072593],[72.883864,19.072878]]}},{"type":"Feature","properties":{"id":"R0015","name":"Santa Cruz \u2013 Chembur Link Road","highway":"trunk","osm_way":285611401,"width_m":20.0,"length_m":207.9,"surface_area":4157.3,"catchment_m2":16629.1,"inlet_capacity_lps":117.6,"nearest_drain":"MH-127","from_node":"J2804450687","to_node":"J2804396435"},"geometry":{"type":"LineString","coordinates":[[72.886699,19.070028],[72.887933,19.068567]]}},{"type":"Feature","properties":{"id":"R0016","name":"Santa Cruz \u2013 Chembur Link Road","highway":"trunk","osm_way":275785283,"width_m":20.0,"length_m":37.9,"surface_area":757.7,"catchment_m2":3030.7,"inlet_capacity_lps":16.8,"nearest_drain":"MH-148","from_node":"J2804467069","to_node":"J2892843890"},"geometry":{"type":"LineString","coordinates":[[72.882501,19.073498],[72.882142,19.073473]]}},{"type":"Feature","properties":{"id":"R0017","name":"Santa Cruz \u2013 Chembur Link Road","highway":"trunk","osm_way":275761002,"width_m":20.0,"length_m":137.6,"surface_area":2752.0,"catchment_m2":11007.9,"inlet_capacity_lps":84.0,"nearest_drain":"MH-074","from_node":"J2804491970","to_node":"J2804392269"},"geometry":{"type":"LineString","coordinates":[[72.893034,19.065434],[72.891773,19.065769]]}},{"type":"Feature","properties":{"id":"R0018","name":"Santa Cruz \u2013 Chembur Link Road","highway":"trunk","osm_way":285611399,"width_m":20.0,"length_m":30.3,"surface_area":606.9,"catchment_m2":2427.6,"inlet_capacity_lps":16.8,"nearest_drain":"MH-074","from_node":"J2804491972","to_node":"J2804491970"},"geometry":{"type":"LineString","coordinates":[[72.893294,19.065316],[72.893034,19.065434]]}},{"type":"Feature","properties":{"id":"R0019","name":"Santa Cruz \u2013 Chembur Link Road","highway":"trunk","osm_way":275776139,"width_m":20.0,"length_m":30.6,"surface_area":612.7,"catchment_m2":2450.8,"inlet_capacity_lps":16.8,"nearest_drain":"MH-074","from_node":"J2804491973","to_node":"J6431316956"},"geometry":{"type":"LineString","coordinates":[[72.893344,19.06548],[72.893624,19.065405]]}},{"type":"Feature","properties":{"id":"R0020","name":"Santa Cruz \u2013 Chembur Link Road","highway":"trunk","osm_way":275776138,"width_m":20.0,"length_m":218.3,"surface_area":4366.2,"catchment_m2":17464.7,"inlet_capacity_lps":117.6,"nearest_drain":"MH-074","from_node":"J2804500706","to_node":"J2804491972"},"geometry":{"type":"LineString","coordinates":[[72.895292,19.06478],[72.893294,19.065316]]}},{"type":"Feature","properties":{"id":"R0021","name":"Santa Cruz \u2013 Chembur Link Road","highway":"trunk","osm_way":275784835,"width_m":20.0,"length_m":87.0,"surface_area":1740.1,"catchment_m2":6960.5,"inlet_capacity_lps":50.4,"nearest_drain":"MH-147","from_node":"J2804574489","to_node":"J6430960767"},"geometry":{"type":"LineString","coordinates":[[72.881191,19.073633],[72.88086,19.073791],[72.880484,19.074037]]}},{"type":"Feature","properties":{"id":"R0022","name":"Santa Cruz \u2013 Chembur Link Road","highway":"trunk","osm_way":275784835,"width_m":20.0,"length_m":102.1,"surface_area":2041.6,"catchment_m2":8166.5,"inlet_capacity_lps":50.4,"nearest_drain":"MH-148","from_node":"J2892843890","to_node":"J2804574489"},"geometry":{"type":"LineString","coordinates":[[72.882142,19.073473],[72.88185,19.073489],[72.881612,19.073516],[72.881404,19.073567],[72.881191,19.073633]]}},{"type":"Feature","properties":{"id":"R0023","name":"Santa Cruz \u2013 Chembur Link Road","highway":"trunk","osm_way":275787250,"width_m":20.0,"length_m":26.0,"surface_area":520.2,"catchment_m2":2080.8,"inlet_capacity_lps":16.8,"nearest_drain":"MH-148","from_node":"J2892843892","to_node":"J12430193496"},"geometry":{"type":"LineString","coordinates":[[72.88215,19.073647],[72.882396,19.073619]]}},{"type":"Feature","properties":{"id":"R0024","name":"Santa Cruz \u2013 Chembur Link Road","highway":"trunk","osm_way":1236088975,"width_m":20.0,"length_m":44.6,"surface_area":892.7,"catchment_m2":3570.8,"inlet_capacity_lps":16.8,"nearest_drain":"MH-152","from_node":"J6430960767","to_node":"J2804584123"},"geometry":{"type":"LineString","coordinates":[[72.880484,19.074037],[72.880428,19.074087],[72.880155,19.074291]]}},{"type":"Feature","properties":{"id":"R0025","name":"Santa Cruz \u2013 Chembur Link Road","highway":"trunk","osm_way":275776139,"width_m":20.0,"length_m":187.7,"surface_area":3753.5,"catchment_m2":15013.8,"inlet_capacity_lps":100.8,"nearest_drain":"MH-075","from_node":"J6431316956","to_node":"J2804500716"},"geometry":{"type":"LineString","coordinates":[[72.893624,19.065405],[72.895342,19.064944]]}},{"type":"Feature","properties":{"id":"R0026","name":"Santa Cruz \u2013 Chembur Link Road","highway":"trunk","osm_way":275787250,"width_m":20.0,"length_m":13.1,"surface_area":261.0,"catchment_m2":1044.2,"inlet_capacity_lps":16.8,"nearest_drain":"MH-148","from_node":"J12430193496","to_node":"J1232643976"},"geometry":{"type":"LineString","coordinates":[[72.882396,19.073619],[72.882519,19.073604]]}},{"type":"Feature","properties":{"id":"R0027","name":"Santa Cruz \u2013 Chembur Link Road","highway":"trunk","osm_way":275784842,"width_m":20.0,"length_m":154.1,"surface_area":3081.2,"catchment_m2":12324.7,"inlet_capacity_lps":84.0,"nearest_drain":"MH-147","from_node":"J14213578582","to_node":"J2439359832"},"geometry":{"type":"LineString","coordinates":[[72.880026,19.074572],[72.88015,19.074502],[72.880539,19.074238],[72.880958,19.073957],[72.881251,19.073816]]}},{"type":"Feature","properties":{"id":"R0028","name":"Santa Cruz \u2013 Chembur Link Road Flyover","highway":"trunk","osm_way":285611397,"width_m":20.0,"length_m":44.0,"surface_area":879.8,"catchment_m2":3519.3,"inlet_capacity_lps":16.8,"nearest_drain":"MH-076","from_node":"J2804500716","to_node":"J2892843853"},"geometry":{"type":"LineString","coordinates":[[72.895342,19.064944],[72.895729,19.064793]]}},{"type":"Feature","properties":{"id":"R0029","name":"Santa Cruz \u2013 Chembur Link Road Flyover","highway":"trunk","osm_way":285611403,"width_m":20.0,"length_m":44.4,"surface_area":888.4,"catchment_m2":3553.7,"inlet_capacity_lps":16.8,"nearest_drain":"MH-064","from_node":"J2892843850","to_node":"J2804500706"},"geometry":{"type":"LineString","coordinates":[[72.895711,19.064723],[72.895292,19.06478]]}},{"type":"Feature","properties":{"id":"R0030","name":"Santa Cruz \u2013 Chembur Link Road","highway":"trunk_link","osm_way":275769996,"width_m":8.0,"length_m":29.3,"surface_area":234.1,"catchment_m2":819.3,"inlet_capacity_lps":8.4,"nearest_drain":"MH-096","from_node":"J2804441140","to_node":"J2804449481"},"geometry":{"type":"LineString","coordinates":[[72.888622,19.067419],[72.888447,19.067624]]}},{"type":"Feature","properties":{"id":"R0031","name":"Santa Cruz \u2013 Chembur Link Road","highway":"trunk_link","osm_way":275761814,"width_m":8.0,"length_m":42.9,"surface_area":342.9,"catchment_m2":1200.0,"inlet_capacity_lps":8.4,"nearest_drain":"MH-096","from_node":"J2804441145","to_node":"J2804449487"},"geometry":{"type":"LineString","coordinates":[[72.888952,19.067527],[72.889237,19.067252]]}},{"type":"Feature","properties":{"id":"R0032","name":"Santa Cruz \u2013 Chembur Link Road","highway":"trunk_link","osm_way":1236088976,"width_m":8.0,"length_m":11.4,"surface_area":91.4,"catchment_m2":319.8,"inlet_capacity_lps":8.4,"nearest_drain":"MH-096","from_node":"J2804441150","to_node":"J2804441140"},"geometry":{"type":"LineString","coordinates":[[72.888698,19.067345],[72.888622,19.067419]]}},{"type":"Feature","properties":{"id":"R0033","name":"Santa Cruz \u2013 Chembur Link Road","highway":"trunk_link","osm_way":275771271,"width_m":8.0,"length_m":12.5,"surface_area":99.9,"catchment_m2":349.7,"inlet_capacity_lps":8.4,"nearest_drain":"MH-096","from_node":"J2804441153","to_node":"J2804441145"},"geometry":{"type":"LineString","coordinates":[[72.888878,19.067615],[72.888952,19.067527]]}},{"type":"Feature","properties":{"id":"R0034","name":"Santa Cruz \u2013 Chembur Link Road","highway":"trunk_link","osm_way":275771157,"width_m":8.0,"length_m":55.6,"surface_area":445.1,"catchment_m2":1557.8,"inlet_capacity_lps":16.8,"nearest_drain":"MH-096","from_node":"J2804443043","to_node":"J2804449487"},"geometry":{"type":"LineString","coordinates":[[72.889183,19.067698],[72.889117,19.067598],[72.889102,19.067517],[72.889115,19.067435],[72.889157,19.067357],[72.889237,19.067252]]}},{"type":"Feature","properties":{"id":"R0035","name":"Santa Cruz \u2013 Chembur Link Road","highway":"trunk_link","osm_way":275771156,"width_m":8.0,"length_m":50.7,"surface_area":406.0,"catchment_m2":1420.8,"inlet_capacity_lps":16.8,"nearest_drain":"MH-096","from_node":"J2804444332","to_node":"J2804449481"},"geometry":{"type":"LineString","coordinates":[[72.8884,19.067183],[72.888468,19.067345],[72.888477,19.067428],[72.88847,19.067537],[72.888447,19.067624]]}},{"type":"Feature","properties":{"id":"R0036","name":"Santa Cruz \u2013 Chembur Link Road","highway":"trunk_link","osm_way":275771155,"width_m":8.0,"length_m":46.7,"surface_area":373.9,"catchment_m2":1308.6,"inlet_capacity_lps":16.8,"nearest_drain":"MH-096","from_node":"J2804449479","to_node":"J2804449494"},"geometry":{"type":"LineString","coordinates":[[72.888724,19.067791],[72.888823,19.067751],[72.888936,19.067731],[72.889044,19.067738],[72.889156,19.067759]]}},{"type":"Feature","properties":{"id":"R0037","name":"Santa Cruz \u2013 Chembur Link Road","highway":"trunk_link","osm_way":275771271,"width_m":8.0,"length_m":25.3,"surface_area":202.8,"catchment_m2":709.7,"inlet_capacity_lps":8.4,"nearest_drain":"MH-096","from_node":"J2804449479","to_node":"J2804441153"},"geometry":{"type":"LineString","coordinates":[[72.888724,19.067791],[72.888878,19.067615]]}},{"type":"Feature","properties":{"id":"R0038","name":"Santa Cruz \u2013 Chembur Link Road","highway":"trunk_link","osm_way":275769996,"width_m":8.0,"length_m":324.3,"surface_area":2594.4,"catchment_m2":9080.4,"inlet_capacity_lps":92.4,"nearest_drain":"MH-096","from_node":"J2804449481","to_node":"J2804450686"},"geometry":{"type":"LineString","coordinates":[[72.888447,19.067624],[72.886811,19.069606],[72.88661,19.069961]]}},{"type":"Feature","properties":{"id":"R0039","name":"Santa Cruz \u2013 Chembur Link Road","highway":"trunk_link","osm_way":275761815,"width_m":8.0,"length_m":28.5,"surface_area":228.2,"catchment_m2":798.8,"inlet_capacity_lps":8.4,"nearest_drain":"MH-096","from_node":"J2804449483","to_node":"J2804441150"},"geometry":{"type":"LineString","coordinates":[[72.888912,19.067189],[72.888698,19.067345]]}},{"type":"Feature","properties":{"id":"R0040","name":"Santa Cruz \u2013 Chembur Link Road","highway":"trunk_link","osm_way":275771154,"width_m":8.0,"length_m":50.9,"surface_area":406.9,"catchment_m2":1424.1,"inlet_capacity_lps":16.8,"nearest_drain":"MH-096","from_node":"J2804449483","to_node":"J2804441143"},"geometry":{"type":"LineString","coordinates":[[72.888912,19.067189],[72.888756,19.067235],[72.888665,19.067245],[72.888564,19.067226],[72.888449,19.067178]]}},{"type":"Feature","properties":{"id":"R0041","name":"Santa Cruz \u2013 Chembur Link Road","highway":"trunk_link","osm_way":275761814,"width_m":8.0,"length_m":316.2,"surface_area":2529.5,"catchment_m2":8853.2,"inlet_capacity_lps":92.4,"nearest_drain":"MH-096","from_node":"J2804449487","to_node":"J2892843858"},"geometry":{"type":"LineString","coordinates":[[72.889237,19.067252],[72.889477,19.067017],[72.889881,19.066645],[72.890082,19.06649],[72.890246,19.066398],[72.890447,19.066306],[72.890804,19.066198],[72.891815,19.065926]]}},{"type":"Feature","properties":{"id":"R0042","name":"Santa Cruz \u2013 Chembur Link Road","highway":"trunk_link","osm_way":275771271,"width_m":8.0,"length_m":327.9,"surface_area":2623.1,"catchment_m2":9181.0,"inlet_capacity_lps":92.4,"nearest_drain":"MH-096","from_node":"J2804450687","to_node":"J2804449479"},"geometry":{"type":"LineString","coordinates":[[72.886699,19.070028],[72.887019,19.069761],[72.888724,19.067791]]}},{"type":"Feature","properties":{"id":"R0043","name":"Santa Cruz \u2013 Chembur Link Road","highway":"trunk_link","osm_way":285611405,"width_m":8.0,"length_m":17.6,"surface_area":140.7,"catchment_m2":492.3,"inlet_capacity_lps":8.4,"nearest_drain":"MH-074","from_node":"J2804491972","to_node":"J6926087442"},"geometry":{"type":"LineString","coordinates":[[72.893294,19.065316],[72.893128,19.065337]]}},{"type":"Feature","properties":{"id":"R0044","name":"Santa Cruz \u2013 Chembur Link Road","highway":"trunk_link","osm_way":642209633,"width_m":8.0,"length_m":137.5,"surface_area":1100.0,"catchment_m2":3849.9,"inlet_capacity_lps":42.0,"nearest_drain":"MH-074","from_node":"J2892843855","to_node":"J2892843857"},"geometry":{"type":"LineString","coordinates":[[72.893011,19.065352],[72.891754,19.065697]]}},{"type":"Feature","properties":{"id":"R0045","name":"Santa Cruz \u2013 Chembur Link Road","highway":"trunk_link","osm_way":642209636,"width_m":8.0,"length_m":30.5,"surface_area":243.9,"catchment_m2":853.7,"inlet_capacity_lps":8.4,"nearest_drain":"MH-074","from_node":"J2892843856","to_node":"J2804491973"},"geometry":{"type":"LineString","coordinates":[[72.893077,19.065587],[72.893344,19.06548]]}},{"type":"Feature","properties":{"id":"R0046","name":"Santa Cruz \u2013 Chembur Link Road","highway":"trunk_link","osm_way":275761815,"width_m":8.0,"length_m":350.2,"surface_area":2801.7,"catchment_m2":9806.0,"inlet_capacity_lps":100.8,"nearest_drain":"MH-096","from_node":"J2892843857","to_node":"J2804449483"},"geometry":{"type":"LineString","coordinates":[[72.891754,19.065697],[72.890751,19.065961],[72.890383,19.066063],[72.890146,19.066161],[72.889945,19.066277],[72.889712,19.066472],[72.889321,19.06682],[72.888912,19.067189]]}},{"type":"Feature","properties":{"id":"R0047","name":"Santa Cruz \u2013 Chembur Link Road","highway":"trunk_link","osm_way":285611404,"width_m":8.0,"length_m":137.9,"surface_area":1103.1,"catchment_m2":3860.7,"inlet_capacity_lps":42.0,"nearest_drain":"MH-074","from_node":"J2892843858","to_node":"J2892843856"},"geometry":{"type":"LineString","coordinates":[[72.891815,19.065926],[72.893077,19.065587]]}},{"type":"Feature","properties":{"id":"R0048","name":"Santa Cruz \u2013 Chembur Link Road","highway":"trunk_link","osm_way":285611405,"width_m":8.0,"length_m":12.5,"surface_area":99.8,"catchment_m2":349.2,"inlet_capacity_lps":8.4,"nearest_drain":"MH-074","from_node":"J6926087442","to_node":"J2892843855"},"geometry":{"type":"LineString","coordinates":[[72.893128,19.065337],[72.893011,19.065352]]}},{"type":"Feature","properties":{"id":"R0049","name":null,"highway":"trunk_link","osm_way":285611411,"width_m":8.0,"length_m":25.0,"surface_area":199.8,"catchment_m2":699.2,"inlet_capacity_lps":8.4,"nearest_drain":"MH-076","from_node":"J2804500716","to_node":"J2892843854"},"geometry":{"type":"LineString","coordinates":[[72.895342,19.064944],[72.895577,19.064912]]}},{"type":"Feature","properties":{"id":"R0050","name":null,"highway":"trunk_link","osm_way":285611412,"width_m":8.0,"length_m":23.3,"surface_area":186.6,"catchment_m2":653.1,"inlet_capacity_lps":8.4,"nearest_drain":"MH-064","from_node":"J2892843849","to_node":"J2804500706"},"geometry":{"type":"LineString","coordinates":[[72.895491,19.064685],[72.895292,19.06478]]}},{"type":"Feature","properties":{"id":"R0051","name":null,"highway":"trunk_link","osm_way":1343412104,"width_m":8.0,"length_m":9.7,"surface_area":77.7,"catchment_m2":272.1,"inlet_capacity_lps":8.4,"nearest_drain":"MH-148","from_node":"J12430193495","to_node":"J12430193496"},"geometry":{"type":"LineString","coordinates":[[72.882402,19.073706],[72.882396,19.073619]]}},{"type":"Feature","properties":{"id":"R0052","name":null,"highway":"trunk_link","osm_way":1420710271,"width_m":8.0,"length_m":18.1,"surface_area":145.0,"catchment_m2":507.4,"inlet_capacity_lps":8.4,"nearest_drain":"MH-038","from_node":"J13055928897","to_node":"J10216570896"},"geometry":{"type":"LineString","coordinates":[[72.894916,19.06262],[72.895023,19.062492]]}},{"type":"Feature","properties":{"id":"R0053","name":"Lokmanya Tilak Terminus Road","highway":"secondary","osm_way":260786319,"width_m":12.0,"length_m":34.6,"surface_area":415.7,"catchment_m2":2147.7,"inlet_capacity_lps":16.8,"nearest_drain":"MH-096","from_node":"J2804441140","to_node":"J2804441153"},"geometry":{"type":"LineString","coordinates":[[72.888622,19.067419],[72.888878,19.067615]]}},{"type":"Feature","properties":{"id":"R0054","name":"Lokmanya Tilak Terminus Road","highway":"secondary","osm_way":275769998,"width_m":12.0,"length_m":439.5,"surface_area":5274.3,"catchment_m2":27250.7,"inlet_capacity_lps":252.0,"nearest_drain":"MH-096","from_node":"J2804441143","to_node":"J10882788614"},"geometry":{"type":"LineString","coordinates":[[72.888449,19.067178],[72.888308,19.067024],[72.887596,19.066192],[72.887388,19.065957],[72.887237,19.065755],[72.88708,19.065491],[72.886827,19.065014],[72.886672,19.06472],[72.88633,19.064295],[72.886196,19.064146],[72.886021,19.063986]]}},{"type":"Feature","properties":{"id":"R0055","name":"Lokmanya Tilak Terminus Road","highway":"secondary","osm_way":1236088977,"width_m":12.0,"length_m":33.5,"surface_area":402.2,"catchment_m2":2078.1,"inlet_capacity_lps":16.8,"nearest_drain":"MH-096","from_node":"J2804441145","to_node":"J2804441150"},"geometry":{"type":"LineString","coordinates":[[72.888952,19.067527],[72.888698,19.067345]]}},{"type":"Feature","properties":{"id":"R0056","name":"Lokmanya Tilak Terminus Road","highway":"secondary","osm_way":275769998,"width_m":12.0,"length_m":32.1,"surface_area":384.7,"catchment_m2":1987.7,"inlet_capacity_lps":16.8,"nearest_drain":"MH-096","from_node":"J2804441150","to_node":"J2804441143"},"geometry":{"type":"LineString","coordinates":[[72.888698,19.067345],[72.888449,19.067178]]}},{"type":"Feature","properties":{"id":"R0057","name":"Lokmanya Tilak Terminus Road","highway":"secondary","osm_way":260786319,"width_m":12.0,"length_m":35.2,"surface_area":421.9,"catchment_m2":2179.8,"inlet_capacity_lps":16.8,"nearest_drain":"MH-096","from_node":"J2804444332","to_node":"J2804441140"},"geometry":{"type":"LineString","coordinates":[[72.8884,19.067183],[72.888622,19.067419]]}},{"type":"Feature","properties":{"id":"R0058","name":"Lokmanya Tilak Terminus Road","highway":"secondary","osm_way":260786319,"width_m":12.0,"length_m":433.1,"surface_area":5196.7,"catchment_m2":26849.8,"inlet_capacity_lps":235.2,"nearest_drain":"MH-096","from_node":"J4443962502","to_node":"J2804444332"},"geometry":{"type":"LineString","coordinates":[[72.885956,19.064071],[72.886142,19.064244],[72.886479,19.064643],[72.886755,19.065075],[72.887004,19.065529],[72.887164,19.065798],[72.88732,19.066006],[72.88753,19.066245],[72.888284,19.067061],[72.8884,19.067183]]}},{"type":"Feature","properties":{"id":"R0059","name":"Mother Dairy Road","highway":"secondary","osm_way":122303819,"width_m":12.0,"length_m":7.7,"surface_area":92.5,"catchment_m2":478.1,"inlet_capacity_lps":16.8,"nearest_drain":"MH-027","from_node":"J245666164","to_node":"J10207397928"},"geometry":{"type":"LineString","coordinates":[[72.883435,19.06202],[72.883494,19.062062]]}},{"type":"Feature","properties":{"id":"R0060","name":"Mother Dairy Road","highway":"secondary","osm_way":789340524,"width_m":12.0,"length_m":17.9,"surface_area":214.4,"catchment_m2":1107.8,"inlet_capacity_lps":16.8,"nearest_drain":"MH-043","from_node":"J1367093112","to_node":"J13781587826"},"geometry":{"type":"LineString","coordinates":[[72.885081,19.063302],[72.885207,19.063411]]}},{"type":"Feature","properties":{"id":"R0061","name":"Mother Dairy Road","highway":"secondary","osm_way":122303819,"width_m":12.0,"length_m":32.0,"surface_area":384.2,"catchment_m2":1984.9,"inlet_capacity_lps":16.8,"nearest_drain":"MH-027","from_node":"J2246471728","to_node":"J7380517080"},"geometry":{"type":"LineString","coordinates":[[72.883891,19.062359],[72.88413,19.062537]]}},{"type":"Feature","properties":{"id":"R0062","name":"Mother Dairy Road","highway":"secondary","osm_way":122303819,"width_m":12.0,"length_m":40.0,"surface_area":479.7,"catchment_m2":2478.3,"inlet_capacity_lps":16.8,"nearest_drain":"MH-028","from_node":"J4264430257","to_node":"J13780471776"},"geometry":{"type":"LineString","coordinates":[[72.884534,19.062871],[72.884824,19.063103]]}},{"type":"Feature","properties":{"id":"R0063","name":"Mother Dairy Road","highway":"secondary","osm_way":789340524,"width_m":12.0,"length_m":4.5,"surface_area":53.5,"catchment_m2":276.2,"inlet_capacity_lps":16.8,"nearest_drain":"MH-043","from_node":"J7380517057","to_node":"J13681317172"},"geometry":{"type":"LineString","coordinates":[[72.884942,19.063192],[72.884975,19.063218]]}},{"type":"Feature","properties":{"id":"R0064","name":"Mother Dairy Road","highway":"secondary","osm_way":789340523,"width_m":12.0,"length_m":11.9,"surface_area":143.1,"catchment_m2":739.3,"inlet_capacity_lps":16.8,"nearest_drain":"MH-043","from_node":"J7380517058","to_node":"J7380517057"},"geometry":{"type":"LineString","coordinates":[[72.884854,19.063126],[72.884942,19.063192]]}},{"type":"Feature","properties":{"id":"R0065","name":"Mother Dairy Road","highway":"secondary","osm_way":122303819,"width_m":12.0,"length_m":56.4,"surface_area":676.4,"catchment_m2":3495.0,"inlet_capacity_lps":33.6,"nearest_drain":"MH-027","from_node":"J7380517080","to_node":"J4264430257"},"geometry":{"type":"LineString","coordinates":[[72.88413,19.062537],[72.884534,19.062871]]}},{"type":"Feature","properties":{"id":"R0066","name":"Mother Dairy Road","highway":"secondary","osm_way":122303819,"width_m":12.0,"length_m":53.3,"surface_area":639.0,"catchment_m2":3301.5,"inlet_capacity_lps":33.6,"nearest_drain":"MH-027","from_node":"J10207397928","to_node":"J2246471728"},"geometry":{"type":"LineString","coordinates":[[72.883494,19.062062],[72.883891,19.062359]]}},{"type":"Feature","properties":{"id":"R0067","name":"Mother Dairy Road","highway":"secondary","osm_way":1171071442,"width_m":12.0,"length_m":122.2,"surface_area":1466.1,"catchment_m2":7574.8,"inlet_capacity_lps":67.2,"nearest_drain":"MH-057","from_node":"J10882788614","to_node":"J10882788619"},"geometry":{"type":"LineString","coordinates":[[72.886021,19.063986],[72.885956,19.06393],[72.885605,19.06363],[72.885151,19.063257]]}},{"type":"Feature","properties":{"id":"R0068","name":"Mother Dairy Road","highway":"secondary","osm_way":1171071441,"width_m":12.0,"length_m":7.4,"surface_area":89.3,"catchment_m2":461.6,"inlet_capacity_lps":16.8,"nearest_drain":"MH-015","from_node":"J10882788616","to_node":"J10882788615"},"geometry":{"type":"LineString","coordinates":[[72.883553,19.061984],[72.883499,19.061941]]}},{"type":"Feature","properties":{"id":"R0069","name":"Mother Dairy Road","highway":"secondary","osm_way":1171071441,"width_m":12.0,"length_m":33.6,"surface_area":402.6,"catchment_m2":2080.3,"inlet_capacity_lps":16.8,"nearest_drain":"MH-027","from_node":"J10882788617","to_node":"J10882788623"},"geometry":{"type":"LineString","coordinates":[[72.884187,19.062473],[72.883939,19.062283]]}},{"type":"Feature","properties":{"id":"R0070","name":"Mother Dairy Road","highway":"secondary","osm_way":1171071441,"width_m":12.0,"length_m":53.2,"surface_area":638.4,"catchment_m2":3298.5,"inlet_capacity_lps":33.6,"nearest_drain":"MH-028","from_node":"J10882788618","to_node":"J10882788617"},"geometry":{"type":"LineString","coordinates":[[72.884567,19.062789],[72.884187,19.062473]]}},{"type":"Feature","properties":{"id":"R0071","name":"Mother Dairy Road","highway":"secondary","osm_way":1203018854,"width_m":12.0,"length_m":8.3,"surface_area":100.0,"catchment_m2":516.4,"inlet_capacity_lps":16.8,"nearest_drain":"MH-043","from_node":"J10882788619","to_node":"J13681317157"},"geometry":{"type":"LineString","coordinates":[[72.885151,19.063257],[72.885091,19.063208]]}},{"type":"Feature","properties":{"id":"R0072","name":"Mother Dairy Road","highway":"secondary","osm_way":1171071441,"width_m":12.0,"length_m":2.7,"surface_area":32.0,"catchment_m2":165.5,"inlet_capacity_lps":16.8,"nearest_drain":"MH-043","from_node":"J10882788620","to_node":"J13780471777"},"geometry":{"type":"LineString","coordinates":[[72.884878,19.063043],[72.884859,19.063027]]}},{"type":"Feature","properties":{"id":"R0073","name":"Mother Dairy Road","highway":"secondary","osm_way":1171071443,"width_m":12.0,"length_m":13.6,"surface_area":162.9,"catchment_m2":841.8,"inlet_capacity_lps":16.8,"nearest_drain":"MH-043","from_node":"J10882788621","to_node":"J10882788620"},"geometry":{"type":"LineString","coordinates":[[72.884979,19.063119],[72.884878,19.063043]]}},{"type":"Feature","properties":{"id":"R0074","name":"Mother Dairy Road","highway":"secondary","osm_way":1171071441,"width_m":12.0,"length_m":52.4,"surface_area":628.7,"catchment_m2":3248.3,"inlet_capacity_lps":33.6,"nearest_drain":"MH-027","from_node":"J10882788623","to_node":"J10882788616"},"geometry":{"type":"LineString","coordinates":[[72.883939,19.062283],[72.883553,19.061984]]}},{"type":"Feature","properties":{"id":"R0075","name":"Mother Dairy Road","highway":"secondary","osm_way":789340524,"width_m":12.0,"length_m":53.4,"surface_area":640.4,"catchment_m2":3308.5,"inlet_capacity_lps":33.6,"nearest_drain":"MH-057","from_node":"J13681100338","to_node":"J4443962502"},"geometry":{"type":"LineString","coordinates":[[72.885589,19.063739],[72.885881,19.063998],[72.885956,19.064071]]}},{"type":"Feature","properties":{"id":"R0076","name":"Mother Dairy Road","highway":"secondary","osm_way":789340524,"width_m":12.0,"length_m":37.4,"surface_area":448.9,"catchment_m2":2319.3,"inlet_capacity_lps":16.8,"nearest_drain":"MH-044","from_node":"J13681100348","to_node":"J13681100338"},"geometry":{"type":"LineString","coordinates":[[72.885327,19.063512],[72.885544,19.063699],[72.885589,19.063739]]}},{"type":"Feature","properties":{"id":"R0077","name":"Mother Dairy Road","highway":"secondary","osm_way":1203018854,"width_m":12.0,"length_m":9.5,"surface_area":114.3,"catchment_m2":590.5,"inlet_capacity_lps":16.8,"nearest_drain":"MH-043","from_node":"J13681317157","to_node":"J13681317170"},"geometry":{"type":"LineString","coordinates":[[72.885091,19.063208],[72.885021,19.063153]]}},{"type":"Feature","properties":{"id":"R0078","name":"Mother Dairy Road","highway":"secondary","osm_way":1203018854,"width_m":12.0,"length_m":5.8,"surface_area":69.7,"catchment_m2":360.0,"inlet_capacity_lps":16.8,"nearest_drain":"MH-043","from_node":"J13681317170","to_node":"J10882788621"},"geometry":{"type":"LineString","coordinates":[[72.885021,19.063153],[72.884979,19.063119]]}},{"type":"Feature","properties":{"id":"R0079","name":"Mother Dairy Road","highway":"secondary","osm_way":789340524,"width_m":12.0,"length_m":8.6,"surface_area":103.1,"catchment_m2":532.8,"inlet_capacity_lps":16.8,"nearest_drain":"MH-043","from_node":"J13681317172","to_node":"J13681317173"},"geometry":{"type":"LineString","coordinates":[[72.884975,19.063218],[72.885038,19.063267]]}},{"type":"Feature","properties":{"id":"R0080","name":"Mother Dairy Road","highway":"secondary","osm_way":789340524,"width_m":12.0,"length_m":6.0,"surface_area":71.9,"catchment_m2":371.3,"inlet_capacity_lps":16.8,"nearest_drain":"MH-043","from_node":"J13681317173","to_node":"J1367093112"},"geometry":{"type":"LineString","coordinates":[[72.885038,19.063267],[72.885081,19.063302]]}},{"type":"Feature","properties":{"id":"R0081","name":"Mother Dairy Road","highway":"secondary","osm_way":122303819,"width_m":12.0,"length_m":4.0,"surface_area":47.6,"catchment_m2":245.8,"inlet_capacity_lps":16.8,"nearest_drain":"MH-043","from_node":"J13780471776","to_node":"J7380517058"},"geometry":{"type":"LineString","coordinates":[[72.884824,19.063103],[72.884854,19.063126]]}},{"type":"Feature","properties":{"id":"R0082","name":"Mother Dairy Road","highway":"secondary","osm_way":1171071441,"width_m":12.0,"length_m":40.5,"surface_area":486.2,"catchment_m2":2512.2,"inlet_capacity_lps":16.8,"nearest_drain":"MH-043","from_node":"J13780471777","to_node":"J10882788618"},"geometry":{"type":"LineString","coordinates":[[72.884859,19.063027],[72.884567,19.062789]]}},{"type":"Feature","properties":{"id":"R0083","name":"Mother Dairy Road","highway":"secondary","osm_way":789340524,"width_m":12.0,"length_m":16.9,"surface_area":203.0,"catchment_m2":1048.9,"inlet_capacity_lps":16.8,"nearest_drain":"MH-043","from_node":"J13781587826","to_node":"J13681100348"},"geometry":{"type":"LineString","coordinates":[[72.885207,19.063411],[72.885327,19.063512]]}},{"type":"Feature","properties":{"id":"R0084","name":"S G Barve Marg (C S T Road)","highway":"secondary","osm_way":1508106703,"width_m":12.0,"length_m":2.2,"surface_area":26.7,"catchment_m2":138.1,"inlet_capacity_lps":16.8,"nearest_drain":"MH-005","from_node":"J1654348910","to_node":"J13789266310"},"geometry":{"type":"LineString","coordinates":[[72.884486,19.06073],[72.884473,19.060746]]}},{"type":"Feature","properties":{"id":"R0085","name":"S G Barve Marg (C S T Road)","highway":"secondary","osm_way":376621412,"width_m":12.0,"length_m":13.2,"surface_area":158.0,"catchment_m2":816.3,"inlet_capacity_lps":16.8,"nearest_drain":"MH-005","from_node":"J13789266310","to_node":"J13789266313"},"geometry":{"type":"LineString","coordinates":[[72.884473,19.060746],[72.884397,19.06084]]}},{"type":"Feature","properties":{"id":"R0086","name":"S G Barve Marg (C S T Road)","highway":"secondary","osm_way":1508106705,"width_m":12.0,"length_m":1.8,"surface_area":21.2,"catchment_m2":109.4,"inlet_capacity_lps":16.8,"nearest_drain":"MH-005","from_node":"J13789266312","to_node":"J3463796101"},"geometry":{"type":"LineString","coordinates":[[72.88431,19.060948],[72.8843,19.06096]]}},{"type":"Feature","properties":{"id":"R0087","name":"S G Barve Marg (C S T Road)","highway":"secondary","osm_way":376621412,"width_m":12.0,"length_m":15.0,"surface_area":180.3,"catchment_m2":931.5,"inlet_capacity_lps":16.8,"nearest_drain":"MH-005","from_node":"J13789266313","to_node":"J13789266312"},"geometry":{"type":"LineString","coordinates":[[72.884397,19.06084],[72.88431,19.060948]]}},{"type":"Feature","properties":{"id":"R0088","name":"S.G. Barve Marg","highway":"secondary","osm_way":376621411,"width_m":12.0,"length_m":13.5,"surface_area":162.6,"catchment_m2":840.1,"inlet_capacity_lps":16.8,"nearest_drain":"MH-027","from_node":"J245666164","to_node":"J1367093074"},"geometry":{"type":"LineString","coordinates":[[72.883435,19.06202],[72.88335,19.062112]]}},{"type":"Feature","properties":{"id":"R0089","name":"S.G. Barve Marg","highway":"secondary","osm_way":376621411,"width_m":12.0,"length_m":8.3,"surface_area":100.1,"catchment_m2":517.1,"inlet_capacity_lps":16.8,"nearest_drain":"MH-027","from_node":"J1367093074","to_node":"J10264297687"},"geometry":{"type":"LineString","coordinates":[[72.88335,19.062112],[72.883299,19.062169]]}},{"type":"Feature","properties":{"id":"R0090","name":"S.G. Barve Marg","highway":"secondary","osm_way":376621411,"width_m":12.0,"length_m":84.0,"surface_area":1008.3,"catchment_m2":5209.7,"inlet_capacity_lps":50.4,"nearest_drain":"MH-053","from_node":"J1367093155","to_node":"J13394483489"},"geometry":{"type":"LineString","coordinates":[[72.881612,19.064032],[72.881546,19.064131],[72.88112,19.064627]]}},{"type":"Feature","properties":{"id":"R0091","name":"S.G. Barve Marg","highway":"secondary","osm_way":376621411,"width_m":12.0,"length_m":113.9,"surface_area":1366.9,"catchment_m2":7062.1,"inlet_capacity_lps":67.2,"nearest_drain":"MH-026","from_node":"J2246661016","to_node":"J2246661022"},"geometry":{"type":"LineString","coordinates":[[72.882836,19.06271],[72.882115,19.063474]]}},{"type":"Feature","properties":{"id":"R0092","name":"S.G. Barve Marg","highway":"secondary","osm_way":376621411,"width_m":12.0,"length_m":36.4,"surface_area":437.4,"catchment_m2":2259.9,"inlet_capacity_lps":16.8,"nearest_drain":"MH-040","from_node":"J2246661022","to_node":"J13681073487"},"geometry":{"type":"LineString","coordinates":[[72.882115,19.063474],[72.881891,19.063725]]}},{"type":"Feature","properties":{"id":"R0093","name":"S.G. Barve Marg","highway":"secondary","osm_way":427199178,"width_m":12.0,"length_m":16.6,"surface_area":199.3,"catchment_m2":1029.9,"inlet_capacity_lps":16.8,"nearest_drain":"MH-016","from_node":"J3463796101","to_node":"J7380521288"},"geometry":{"type":"LineString","coordinates":[[72.8843,19.06096],[72.884203,19.061078]]}},{"type":"Feature","properties":{"id":"R0094","name":"S.G. Barve Marg","highway":"secondary","osm_way":1153117577,"width_m":12.0,"length_m":4.9,"surface_area":58.4,"catchment_m2":301.6,"inlet_capacity_lps":16.8,"nearest_drain":"MH-066","from_node":"J5926760156","to_node":"J1366008977"},"geometry":{"type":"LineString","coordinates":[[72.880789,19.065082],[72.880754,19.065054]]}},{"type":"Feature","properties":{"id":"R0095","name":"S.G. Barve Marg","highway":"secondary","osm_way":427199178,"width_m":12.0,"length_m":26.4,"surface_area":316.7,"catchment_m2":1636.2,"inlet_capacity_lps":16.8,"nearest_drain":"MH-016","from_node":"J7380521288","to_node":"J13681073484"},"geometry":{"type":"LineString","coordinates":[[72.884203,19.061078],[72.88405,19.061266]]}},{"type":"Feature","properties":{"id":"R0096","name":"S.G. Barve Marg","highway":"secondary","osm_way":376621411,"width_m":12.0,"length_m":6.6,"surface_area":79.7,"catchment_m2":411.8,"inlet_capacity_lps":16.8,"nearest_drain":"MH-053","from_node":"J10264297673","to_node":"J1367093155"},"geometry":{"type":"LineString","coordinates":[[72.881648,19.063983],[72.881612,19.064032]]}},{"type":"Feature","properties":{"id":"R0097","name":"S.G. Barve Marg","highway":"secondary","osm_way":376621411,"width_m":12.0,"length_m":77.4,"surface_area":928.4,"catchment_m2":4796.6,"inlet_capacity_lps":50.4,"nearest_drain":"MH-027","from_node":"J10264297687","to_node":"J2246661016"},"geometry":{"type":"LineString","coordinates":[[72.883299,19.062169],[72.882836,19.06271]]}},{"type":"Feature","properties":{"id":"R0098","name":"S.G. Barve Marg","highway":"secondary","osm_way":427199178,"width_m":12.0,"length_m":11.0,"surface_area":132.2,"catchment_m2":683.0,"inlet_capacity_lps":16.8,"nearest_drain":"MH-027","from_node":"J10882788615","to_node":"J245666164"},"geometry":{"type":"LineString","coordinates":[[72.883499,19.061941],[72.883435,19.06202]]}},{"type":"Feature","properties":{"id":"R0099","name":"S.G. Barve Marg","highway":"secondary","osm_way":376621411,"width_m":12.0,"length_m":61.1,"surface_area":733.4,"catchment_m2":3789.3,"inlet_capacity_lps":33.6,"nearest_drain":"MH-053","from_node":"J13394483489","to_node":"J1366008977"},"geometry":{"type":"LineString","coordinates":[[72.88112,19.064627],[72.880779,19.065025],[72.880754,19.065054]]}},{"type":"Feature","properties":{"id":"R0100","name":"S.G. Barve Marg","highway":"secondary","osm_way":427199178,"width_m":12.0,"length_m":94.8,"surface_area":1137.9,"catchment_m2":5879.3,"inlet_capacity_lps":50.4,"nearest_drain":"MH-015","from_node":"J13681073484","to_node":"J10882788615"},"geometry":{"type":"LineString","coordinates":[[72.88405,19.061266],[72.883824,19.061542],[72.883499,19.061941]]}},{"type":"Feature","properties":{"id":"R0101","name":"S.G. Barve Marg","highway":"secondary","osm_way":376621411,"width_m":12.0,"length_m":38.4,"surface_area":460.8,"catchment_m2":2380.7,"inlet_capacity_lps":16.8,"nearest_drain":"MH-053","from_node":"J13681073487","to_node":"J10264297673"},"geometry":{"type":"LineString","coordinates":[[72.881891,19.063725],[72.881648,19.063983]]}},{"type":"Feature","properties":{"id":"R0102","name":"SG Barve Marg","highway":"secondary","osm_way":1235473844,"width_m":12.0,"length_m":61.2,"surface_area":734.1,"catchment_m2":3792.7,"inlet_capacity_lps":33.6,"nearest_drain":"MH-066","from_node":"J5926760156","to_node":"J13681073489"},"geometry":{"type":"LineString","coordinates":[[72.880789,19.065082],[72.880856,19.065005],[72.880875,19.064985],[72.881068,19.064772],[72.881167,19.064663]]}},{"type":"Feature","properties":{"id":"R0103","name":"SG Barve Marg","highway":"secondary","osm_way":1445689644,"width_m":12.0,"length_m":16.7,"surface_area":200.3,"catchment_m2":1035.0,"inlet_capacity_lps":16.8,"nearest_drain":"MH-016","from_node":"J10207397926","to_node":"J10207397933"},"geometry":{"type":"LineString","coordinates":[[72.884305,19.061152],[72.884408,19.061038]]}},{"type":"Feature","properties":{"id":"R0104","name":"SG Barve Marg","highway":"secondary","osm_way":1445689642,"width_m":12.0,"length_m":38.7,"surface_area":464.0,"catchment_m2":2397.1,"inlet_capacity_lps":16.8,"nearest_drain":"MH-015","from_node":"J10207397927","to_node":"J13681073483"},"geometry":{"type":"LineString","coordinates":[[72.883903,19.061609],[72.884133,19.061338]]}},{"type":"Feature","properties":{"id":"R0105","name":"SG Barve Marg","highway":"secondary","osm_way":1116007408,"width_m":12.0,"length_m":10.6,"surface_area":127.4,"catchment_m2":658.1,"inlet_capacity_lps":16.8,"nearest_drain":"MH-027","from_node":"J10207397928","to_node":"J10882788616"},"geometry":{"type":"LineString","coordinates":[[72.883494,19.062062],[72.883553,19.061984]]}},{"type":"Feature","properties":{"id":"R0106","name":"SG Barve Marg","highway":"secondary","osm_way":1235473844,"width_m":12.0,"length_m":11.7,"surface_area":140.8,"catchment_m2":727.3,"inlet_capacity_lps":16.8,"nearest_drain":"MH-053","from_node":"J10207397929","to_node":"J10264297691"},"geometry":{"type":"LineString","coordinates":[[72.88161,19.064174],[72.881675,19.064088]]}},{"type":"Feature","properties":{"id":"R0107","name":"SG Barve Marg","highway":"secondary","osm_way":1116007409,"width_m":12.0,"length_m":17.0,"surface_area":204.2,"catchment_m2":1055.0,"inlet_capacity_lps":16.8,"nearest_drain":"MH-016","from_node":"J10207397933","to_node":"J13789266314"},"geometry":{"type":"LineString","coordinates":[[72.884408,19.061038],[72.884504,19.060915]]}},{"type":"Feature","properties":{"id":"R0108","name":"SG Barve Marg","highway":"secondary","osm_way":1267893610,"width_m":12.0,"length_m":107.9,"surface_area":1294.7,"catchment_m2":6689.2,"inlet_capacity_lps":67.2,"nearest_drain":"MH-005","from_node":"J10207397934","to_node":"J10207397924"},"geometry":{"type":"LineString","coordinates":[[72.884598,19.060813],[72.884658,19.060731],[72.885178,19.060013]]}},{"type":"Feature","properties":{"id":"R0109","name":"SG Barve Marg","highway":"secondary","osm_way":1235473843,"width_m":12.0,"length_m":38.7,"surface_area":464.0,"catchment_m2":2397.5,"inlet_capacity_lps":16.8,"nearest_drain":"MH-053","from_node":"J10264297672","to_node":"J13681073488"},"geometry":{"type":"LineString","coordinates":[[72.881717,19.064041],[72.881964,19.063783]]}},{"type":"Feature","properties":{"id":"R0110","name":"SG Barve Marg","highway":"secondary","osm_way":1116007408,"width_m":12.0,"length_m":7.5,"surface_area":89.5,"catchment_m2":462.6,"inlet_capacity_lps":16.8,"nearest_drain":"MH-027","from_node":"J10264297688","to_node":"J10264297689"},"geometry":{"type":"LineString","coordinates":[[72.883365,19.06221],[72.88341,19.062159]]}},{"type":"Feature","properties":{"id":"R0111","name":"SG Barve Marg","highway":"secondary","osm_way":1116007408,"width_m":12.0,"length_m":13.9,"surface_area":167.3,"catchment_m2":864.4,"inlet_capacity_lps":16.8,"nearest_drain":"MH-027","from_node":"J10264297689","to_node":"J10207397928"},"geometry":{"type":"LineString","coordinates":[[72.88341,19.062159],[72.883494,19.062062]]}},{"type":"Feature","properties":{"id":"R0112","name":"SG Barve Marg","highway":"secondary","osm_way":1235473844,"width_m":12.0,"length_m":6.9,"surface_area":83.0,"catchment_m2":428.7,"inlet_capacity_lps":16.8,"nearest_drain":"MH-053","from_node":"J10264297691","to_node":"J10264297672"},"geometry":{"type":"LineString","coordinates":[[72.881675,19.064088],[72.881717,19.064041]]}},{"type":"Feature","properties":{"id":"R0113","name":"SG Barve Marg","highway":"secondary","osm_way":1116007408,"width_m":12.0,"length_m":55.6,"surface_area":667.2,"catchment_m2":3447.5,"inlet_capacity_lps":33.6,"nearest_drain":"MH-015","from_node":"J10882788616","to_node":"J10207397927"},"geometry":{"type":"LineString","coordinates":[[72.883553,19.061984],[72.883903,19.061609]]}},{"type":"Feature","properties":{"id":"R0114","name":"SG Barve Marg","highway":"secondary","osm_way":1445689642,"width_m":12.0,"length_m":27.4,"surface_area":328.9,"catchment_m2":1699.4,"inlet_capacity_lps":16.8,"nearest_drain":"MH-016","from_node":"J13681073483","to_node":"J10207397926"},"geometry":{"type":"LineString","coordinates":[[72.884133,19.061338],[72.884305,19.061152]]}},{"type":"Feature","properties":{"id":"R0115","name":"SG Barve Marg","highway":"secondary","osm_way":1235473843,"width_m":12.0,"length_m":78.3,"surface_area":939.4,"catchment_m2":4853.8,"inlet_capacity_lps":50.4,"nearest_drain":"MH-027","from_node":"J13681073485","to_node":"J10264297688"},"geometry":{"type":"LineString","coordinates":[[72.882893,19.062755],[72.883365,19.06221]]}},{"type":"Feature","properties":{"id":"R0116","name":"SG Barve Marg","highway":"secondary","osm_way":1235473843,"width_m":12.0,"length_m":114.4,"surface_area":1372.3,"catchment_m2":7090.4,"inlet_capacity_lps":67.2,"nearest_drain":"MH-026","from_node":"J13681073486","to_node":"J13681073485"},"geometry":{"type":"LineString","coordinates":[[72.882186,19.063537],[72.882893,19.062755]]}},{"type":"Feature","properties":{"id":"R0117","name":"SG Barve Marg","highway":"secondary","osm_way":1235473843,"width_m":12.0,"length_m":35.9,"surface_area":431.4,"catchment_m2":2228.9,"inlet_capacity_lps":16.8,"nearest_drain":"MH-040","from_node":"J13681073488","to_node":"J13681073486"},"geometry":{"type":"LineString","coordinates":[[72.881964,19.063783],[72.882186,19.063537]]}},{"type":"Feature","properties":{"id":"R0118","name":"SG Barve Marg","highway":"secondary","osm_way":1235473844,"width_m":12.0,"length_m":71.6,"surface_area":859.0,"catchment_m2":4438.4,"inlet_capacity_lps":33.6,"nearest_drain":"MH-053","from_node":"J13681073489","to_node":"J10207397929"},"geometry":{"type":"LineString","coordinates":[[72.881167,19.064663],[72.88161,19.064174]]}},{"type":"Feature","properties":{"id":"R0119","name":"SG Barve Marg","highway":"secondary","osm_way":1508106704,"width_m":12.0,"length_m":3.3,"surface_area":39.2,"catchment_m2":202.7,"inlet_capacity_lps":16.8,"nearest_drain":"MH-005","from_node":"J13789266311","to_node":"J10207397934"},"geometry":{"type":"LineString","coordinates":[[72.884581,19.060838],[72.884598,19.060813]]}},{"type":"Feature","properties":{"id":"R0120","name":"SG Barve Marg","highway":"secondary","osm_way":1116007409,"width_m":12.0,"length_m":11.8,"surface_area":141.6,"catchment_m2":731.4,"inlet_capacity_lps":16.8,"nearest_drain":"MH-005","from_node":"J13789266314","to_node":"J13789266311"},"geometry":{"type":"LineString","coordinates":[[72.884504,19.060915],[72.884581,19.060838]]}},{"type":"Feature","properties":{"id":"R0121","name":null,"highway":"secondary_link","osm_way":1493006135,"width_m":7.0,"length_m":11.9,"surface_area":83.5,"catchment_m2":322.0,"inlet_capacity_lps":8.4,"nearest_drain":"MH-015","from_node":"J13681073483","to_node":"J13681073484"},"geometry":{"type":"LineString","coordinates":[[72.884133,19.061338],[72.88405,19.061266]]}},{"type":"Feature","properties":{"id":"R0122","name":null,"highway":"secondary_link","osm_way":1493006138,"width_m":7.0,"length_m":10.0,"surface_area":69.7,"catchment_m2":268.7,"inlet_capacity_lps":8.4,"nearest_drain":"MH-040","from_node":"J13681073487","to_node":"J13681073488"},"geometry":{"type":"LineString","coordinates":[[72.881891,19.063725],[72.881964,19.063783]]}},{"type":"Feature","properties":{"id":"R0123","name":null,"highway":"secondary_link","osm_way":1508106706,"width_m":7.0,"length_m":14.0,"surface_area":97.8,"catchment_m2":377.2,"inlet_capacity_lps":8.4,"nearest_drain":"MH-005","from_node":"J13789266313","to_node":"J13789266314"},"geometry":{"type":"LineString","coordinates":[[72.884397,19.06084],[72.884504,19.060915]]}},{"type":"Feature","properties":{"id":"R0124","name":"Bhiva Bapu Magre Marg","highway":"tertiary","osm_way":122303797,"width_m":9.0,"length_m":20.4,"surface_area":183.9,"catchment_m2":1001.1,"inlet_capacity_lps":16.8,"nearest_drain":"MH-027","from_node":"J1367093074","to_node":"J13789266316"},"geometry":{"type":"LineString","coordinates":[[72.88335,19.062112],[72.883197,19.061999]]}},{"type":"Feature","properties":{"id":"R0125","name":"Bhiva Bapu Magre Marg","highway":"tertiary","osm_way":122303797,"width_m":9.0,"length_m":122.0,"surface_area":1098.2,"catchment_m2":5978.9,"inlet_capacity_lps":67.2,"nearest_drain":"MH-002","from_node":"J2246660987","to_node":"J13789266318"},"geometry":{"type":"LineString","coordinates":[[72.882317,19.061363],[72.881682,19.060898],[72.88148,19.060802],[72.881352,19.060772]]}},{"type":"Feature","properties":{"id":"R0126","name":"Bhiva Bapu Magre Marg","highway":"tertiary","osm_way":122303797,"width_m":9.0,"length_m":52.5,"surface_area":472.8,"catchment_m2":2574.1,"inlet_capacity_lps":33.6,"nearest_drain":"MH-014","from_node":"J2246660993","to_node":"J2246660987"},"geometry":{"type":"LineString","coordinates":[[72.882716,19.061647],[72.882317,19.061363]]}},{"type":"Feature","properties":{"id":"R0127","name":"Bhiva Bapu Magre Marg","highway":"tertiary","osm_way":122303797,"width_m":9.0,"length_m":7.0,"surface_area":62.8,"catchment_m2":342.1,"inlet_capacity_lps":16.8,"nearest_drain":"MH-024","from_node":"J2246661018","to_node":"J13780431312"},"geometry":{"type":"LineString","coordinates":[[72.880488,19.062883],[72.880536,19.062927]]}},{"type":"Feature","properties":{"id":"R0128","name":"Bhiva Bapu Magre Marg","highway":"tertiary","osm_way":122303797,"width_m":9.0,"length_m":72.9,"surface_area":656.2,"catchment_m2":3572.7,"inlet_capacity_lps":33.6,"nearest_drain":"MH-012","from_node":"J2248802693","to_node":"J1367093037"},"geometry":{"type":"LineString","coordinates":[[72.880746,19.06074],[72.880526,19.060807],[72.880152,19.061065]]}},{"type":"Feature","properties":{"id":"R0129","name":"Bhiva Bapu Magre Marg","highway":"tertiary","osm_way":122303797,"width_m":9.0,"length_m":16.0,"surface_area":144.1,"catchment_m2":784.4,"inlet_capacity_lps":16.8,"nearest_drain":"MH-001","from_node":"J6495626249","to_node":"J2248802693"},"geometry":{"type":"LineString","coordinates":[[72.880897,19.060721],[72.880746,19.06074]]}},{"type":"Feature","properties":{"id":"R0130","name":"Bhiva Bapu Magre Marg","highway":"tertiary","osm_way":122303797,"width_m":9.0,"length_m":14.9,"surface_area":133.7,"catchment_m2":728.0,"inlet_capacity_lps":16.8,"nearest_drain":"MH-024","from_node":"J13780424172","to_node":"J13780424187"},"geometry":{"type":"LineString","coordinates":[[72.880074,19.062416],[72.880152,19.062527]]}},{"type":"Feature","properties":{"id":"R0131","name":"Bhiva Bapu Magre Marg","highway":"tertiary","osm_way":122303797,"width_m":9.0,"length_m":53.3,"surface_area":480.1,"catchment_m2":2613.9,"inlet_capacity_lps":33.6,"nearest_drain":"MH-024","from_node":"J13780424187","to_node":"J2246661018"},"geometry":{"type":"LineString","coordinates":[[72.880152,19.062527],[72.880226,19.062636],[72.880293,19.062703],[72.880391,19.062788],[72.880488,19.062883]]}},{"type":"Feature","properties":{"id":"R0132","name":"Bhiva Bapu Magre Marg","highway":"tertiary","osm_way":122303797,"width_m":9.0,"length_m":18.3,"surface_area":164.3,"catchment_m2":894.8,"inlet_capacity_lps":16.8,"nearest_drain":"MH-024","from_node":"J13780431312","to_node":"J13780431323"},"geometry":{"type":"LineString","coordinates":[[72.880536,19.062927],[72.880657,19.063045]]}},{"type":"Feature","properties":{"id":"R0133","name":"Bhiva Bapu Magre Marg","highway":"tertiary","osm_way":122303797,"width_m":9.0,"length_m":148.9,"surface_area":1339.9,"catchment_m2":7295.0,"inlet_capacity_lps":84.0,"nearest_drain":"MH-053","from_node":"J13780431323","to_node":"J1367093155"},"geometry":{"type":"LineString","coordinates":[[72.880657,19.063045],[72.881322,19.063778],[72.881612,19.064032]]}},{"type":"Feature","properties":{"id":"R0134","name":"Bhiva Bapu Magre Marg","highway":"tertiary","osm_way":122303797,"width_m":9.0,"length_m":63.9,"surface_area":575.2,"catchment_m2":3131.5,"inlet_capacity_lps":33.6,"nearest_drain":"MH-027","from_node":"J13789266316","to_node":"J2246660993"},"geometry":{"type":"LineString","coordinates":[[72.883197,19.061999],[72.882716,19.061647]]}},{"type":"Feature","properties":{"id":"R0135","name":"Bhiva Bapu Magre Marg","highway":"tertiary","osm_way":122303797,"width_m":9.0,"length_m":48.3,"surface_area":434.3,"catchment_m2":2364.7,"inlet_capacity_lps":33.6,"nearest_drain":"MH-002","from_node":"J13789266318","to_node":"J6495626249"},"geometry":{"type":"LineString","coordinates":[[72.881352,19.060772],[72.881162,19.060741],[72.880897,19.060721]]}},{"type":"Feature","properties":{"id":"R0136","name":"Kamgar Nagar Road","highway":"tertiary","osm_way":122303817,"width_m":9.0,"length_m":17.5,"surface_area":157.5,"catchment_m2":857.4,"inlet_capacity_lps":16.8,"nearest_drain":"MH-072","from_node":"J1366857605","to_node":"J2246471980"},"geometry":{"type":"LineString","coordinates":[[72.890807,19.065258],[72.890648,19.065307]]}},{"type":"Feature","properties":{"id":"R0137","name":"Kamgar Nagar Road","highway":"tertiary","osm_way":215242003,"width_m":9.0,"length_m":45.2,"surface_area":406.8,"catchment_m2":2214.7,"inlet_capacity_lps":33.6,"nearest_drain":"MH-006","from_node":"J2246471656","to_node":"J4357309669"},"geometry":{"type":"LineString","coordinates":[[72.885909,19.060585],[72.885767,19.060424],[72.8856,19.060307]]}},{"type":"Feature","properties":{"id":"R0138","name":"Kamgar Nagar Road","highway":"tertiary","osm_way":215242003,"width_m":9.0,"length_m":134.9,"surface_area":1214.4,"catchment_m2":6611.7,"inlet_capacity_lps":67.2,"nearest_drain":"MH-031","from_node":"J2246471769","to_node":"J6567709172"},"geometry":{"type":"LineString","coordinates":[[72.88834,19.063046],[72.887616,19.062044]]}},{"type":"Feature","properties":{"id":"R0139","name":"Kamgar Nagar Road","highway":"tertiary","osm_way":215242003,"width_m":9.0,"length_m":58.5,"surface_area":526.2,"catchment_m2":2864.7,"inlet_capacity_lps":33.6,"nearest_drain":"MH-047","from_node":"J2246471825","to_node":"J2246471769"},"geometry":{"type":"LineString","coordinates":[[72.888665,19.063472],[72.88834,19.063046]]}},{"type":"Feature","properties":{"id":"R0140","name":"Kamgar Nagar Road","highway":"tertiary","osm_way":215242003,"width_m":9.0,"length_m":121.8,"surface_area":1096.3,"catchment_m2":5969.0,"inlet_capacity_lps":67.2,"nearest_drain":"MH-059","from_node":"J2246471918","to_node":"J2246471825"},"geometry":{"type":"LineString","coordinates":[[72.889344,19.064361],[72.888665,19.063472]]}},{"type":"Feature","properties":{"id":"R0141","name":"Kamgar Nagar Road","highway":"tertiary","osm_way":215242003,"width_m":9.0,"length_m":44.4,"surface_area":399.9,"catchment_m2":2177.4,"inlet_capacity_lps":16.8,"nearest_drain":"MH-060","from_node":"J2246471947","to_node":"J12071071219"},"geometry":{"type":"LineString","coordinates":[[72.889692,19.064914],[72.889497,19.064605],[72.889476,19.06457]]}},{"type":"Feature","properties":{"id":"R0142","name":"Kamgar Nagar Road","highway":"tertiary","osm_way":122303817,"width_m":9.0,"length_m":59.8,"surface_area":538.3,"catchment_m2":2930.8,"inlet_capacity_lps":33.6,"nearest_drain":"MH-072","from_node":"J2246471980","to_node":"J2246472002"},"geometry":{"type":"LineString","coordinates":[[72.890648,19.065307],[72.890438,19.065418],[72.890121,19.065498]]}},{"type":"Feature","properties":{"id":"R0143","name":"Kamgar Nagar Road","highway":"tertiary","osm_way":215242003,"width_m":9.0,"length_m":28.7,"surface_area":258.1,"catchment_m2":1405.4,"inlet_capacity_lps":16.8,"nearest_drain":"MH-071","from_node":"J2246472002","to_node":"J13790024767"},"geometry":{"type":"LineString","coordinates":[[72.890121,19.065498],[72.889966,19.065286]]}},{"type":"Feature","properties":{"id":"R0144","name":"Kamgar Nagar Road","highway":"tertiary","osm_way":215242003,"width_m":9.0,"length_m":55.1,"surface_area":495.6,"catchment_m2":2698.5,"inlet_capacity_lps":33.6,"nearest_drain":"MH-005","from_node":"J4357309669","to_node":"J10207397924"},"geometry":{"type":"LineString","coordinates":[[72.8856,19.060307],[72.885178,19.060013]]}},{"type":"Feature","properties":{"id":"R0145","name":"Kamgar Nagar Road","highway":"tertiary","osm_way":215242003,"width_m":9.0,"length_m":41.9,"surface_area":377.5,"catchment_m2":2055.5,"inlet_capacity_lps":16.8,"nearest_drain":"MH-031","from_node":"J6567709172","to_node":"J6567709174"},"geometry":{"type":"LineString","coordinates":[[72.887616,19.062044],[72.887584,19.062],[72.887565,19.061978],[72.88737,19.061747]]}},{"type":"Feature","properties":{"id":"R0146","name":"Kamgar Nagar Road","highway":"tertiary","osm_way":215242003,"width_m":9.0,"length_m":63.4,"surface_area":570.3,"catchment_m2":3105.1,"inlet_capacity_lps":33.6,"nearest_drain":"MH-019","from_node":"J6567709174","to_node":"J6586250294"},"geometry":{"type":"LineString","coordinates":[[72.88737,19.061747],[72.887343,19.061715],[72.886913,19.061376]]}},{"type":"Feature","properties":{"id":"R0147","name":"Kamgar Nagar Road","highway":"tertiary","osm_way":215242003,"width_m":9.0,"length_m":36.6,"surface_area":329.6,"catchment_m2":1794.3,"inlet_capacity_lps":16.8,"nearest_drain":"MH-018","from_node":"J6586250294","to_node":"J10923992389"},"geometry":{"type":"LineString","coordinates":[[72.886913,19.061376],[72.886646,19.061165]]}},{"type":"Feature","properties":{"id":"R0148","name":"Kamgar Nagar Road","highway":"tertiary","osm_way":215242003,"width_m":9.0,"length_m":57.1,"surface_area":513.9,"catchment_m2":2797.8,"inlet_capacity_lps":33.6,"nearest_drain":"MH-006","from_node":"J10923992389","to_node":"J10923992390"},"geometry":{"type":"LineString","coordinates":[[72.886646,19.061165],[72.886229,19.060836]]}},{"type":"Feature","properties":{"id":"R0149","name":"Kamgar Nagar Road","highway":"tertiary","osm_way":215242003,"width_m":9.0,"length_m":43.7,"surface_area":393.2,"catchment_m2":2140.8,"inlet_capacity_lps":16.8,"nearest_drain":"MH-006","from_node":"J10923992390","to_node":"J2246471656"},"geometry":{"type":"LineString","coordinates":[[72.886229,19.060836],[72.885909,19.060585]]}},{"type":"Feature","properties":{"id":"R0150","name":"Kamgar Nagar Road","highway":"tertiary","osm_way":215242003,"width_m":9.0,"length_m":27.1,"surface_area":244.2,"catchment_m2":1329.4,"inlet_capacity_lps":16.8,"nearest_drain":"MH-060","from_node":"J12071071219","to_node":"J2246471918"},"geometry":{"type":"LineString","coordinates":[[72.889476,19.06457],[72.889344,19.064361]]}},{"type":"Feature","properties":{"id":"R0151","name":"Kamgar Nagar Road","highway":"tertiary","osm_way":215242003,"width_m":9.0,"length_m":50.4,"surface_area":453.4,"catchment_m2":2468.7,"inlet_capacity_lps":33.6,"nearest_drain":"MH-071","from_node":"J13790024767","to_node":"J2246471947"},"geometry":{"type":"LineString","coordinates":[[72.889966,19.065286],[72.889692,19.064914]]}},{"type":"Feature","properties":{"id":"R0152","name":"Kohinoor City Road","highway":"tertiary","osm_way":289771681,"width_m":9.0,"length_m":69.4,"surface_area":624.2,"catchment_m2":3398.5,"inlet_capacity_lps":33.6,"nearest_drain":"MH-143","from_node":"J2246472307","to_node":"J2246472324"},"geometry":{"type":"LineString","coordinates":[[72.884448,19.072631],[72.884579,19.072751],[72.88489,19.073094]]}},{"type":"Feature","properties":{"id":"R0153","name":"Kohinoor City Road","highway":"tertiary","osm_way":289771681,"width_m":9.0,"length_m":64.0,"surface_area":576.0,"catchment_m2":3136.1,"inlet_capacity_lps":33.6,"nearest_drain":"MH-150","from_node":"J2246472324","to_node":"J2246472348"},"geometry":{"type":"LineString","coordinates":[[72.88489,19.073094],[72.885306,19.073514]]}},{"type":"Feature","properties":{"id":"R0154","name":"Kohinoor City Road","highway":"tertiary","osm_way":289771681,"width_m":9.0,"length_m":42.3,"surface_area":380.9,"catchment_m2":2073.7,"inlet_capacity_lps":16.8,"nearest_drain":"MH-151","from_node":"J2246472348","to_node":"J7383907141"},"geometry":{"type":"LineString","coordinates":[[72.885306,19.073514],[72.885599,19.073776]]}},{"type":"Feature","properties":{"id":"R0155","name":"Kohinoor City Road","highway":"tertiary","osm_way":789757041,"width_m":9.0,"length_m":15.8,"surface_area":142.0,"catchment_m2":772.9,"inlet_capacity_lps":16.8,"nearest_drain":"MH-156","from_node":"J7383907141","to_node":"J7383907142"},"geometry":{"type":"LineString","coordinates":[[72.885599,19.073776],[72.885713,19.073868]]}},{"type":"Feature","properties":{"id":"R0156","name":"Kohinoor City Road","highway":"tertiary","osm_way":789757042,"width_m":9.0,"length_m":234.9,"surface_area":2114.5,"catchment_m2":11512.4,"inlet_capacity_lps":134.4,"nearest_drain":"MH-156","from_node":"J7383907142","to_node":"J1392485609"},"geometry":{"type":"LineString","coordinates":[[72.885713,19.073868],[72.886107,19.074188],[72.886782,19.074752],[72.887409,19.075244]]}},{"type":"Feature","properties":{"id":"R0157","name":"Lokmanya Tilak Terminus Road","highway":"tertiary","osm_way":275766286,"width_m":9.0,"length_m":15.7,"surface_area":141.0,"catchment_m2":767.7,"inlet_capacity_lps":16.8,"nearest_drain":"MH-111","from_node":"J1232644665","to_node":"J2804430996"},"geometry":{"type":"LineString","coordinates":[[72.892441,19.06832],[72.892302,19.068267]]}},{"type":"Feature","properties":{"id":"R0158","name":"Lokmanya Tilak Terminus Road","highway":"tertiary","osm_way":235856030,"width_m":9.0,"length_m":128.6,"surface_area":1157.2,"catchment_m2":6300.4,"inlet_capacity_lps":67.2,"nearest_drain":"MH-111","from_node":"J1642958720","to_node":"J1642958722"},"geometry":{"type":"LineString","coordinates":[[72.891064,19.068115],[72.891927,19.068192],[72.892054,19.068225],[72.892151,19.068264],[72.892238,19.068342]]}},{"type":"Feature","properties":{"id":"R0159","name":"Lokmanya Tilak Terminus Road","highway":"tertiary","osm_way":285611389,"width_m":9.0,"length_m":16.5,"surface_area":148.1,"catchment_m2":806.5,"inlet_capacity_lps":16.8,"nearest_drain":"MH-111","from_node":"J1642958722","to_node":"J2439273023"},"geometry":{"type":"LineString","coordinates":[[72.892238,19.068342],[72.892334,19.068458]]}},{"type":"Feature","properties":{"id":"R0160","name":"Lokmanya Tilak Terminus Road","highway":"tertiary","osm_way":285611389,"width_m":9.0,"length_m":59.2,"surface_area":532.6,"catchment_m2":2899.5,"inlet_capacity_lps":33.6,"nearest_drain":"MH-112","from_node":"J2439273023","to_node":"J11975142667"},"geometry":{"type":"LineString","coordinates":[[72.892334,19.068458],[72.892698,19.068739],[72.892761,19.068805]]}},{"type":"Feature","properties":{"id":"R0161","name":"Lokmanya Tilak Terminus Road","highway":"tertiary","osm_way":285611391,"width_m":9.0,"length_m":152.7,"surface_area":1374.4,"catchment_m2":7482.9,"inlet_capacity_lps":84.0,"nearest_drain":"MH-111","from_node":"J2804430996","to_node":"J2804433702"},"geometry":{"type":"LineString","coordinates":[[72.892302,19.068267],[72.892193,19.068193],[72.892083,19.068148],[72.891942,19.068113],[72.89089,19.068065]]}},{"type":"Feature","properties":{"id":"R0162","name":"Lokmanya Tilak Terminus Road","highway":"tertiary","osm_way":275766283,"width_m":9.0,"length_m":186.8,"surface_area":1681.4,"catchment_m2":9154.1,"inlet_capacity_lps":100.8,"nearest_drain":"MH-110","from_node":"J2804433702","to_node":"J2804443043"},"geometry":{"type":"LineString","coordinates":[[72.89089,19.068065],[72.889772,19.067944],[72.889563,19.067883],[72.889273,19.067777],[72.889183,19.067698]]}},{"type":"Feature","properties":{"id":"R0163","name":"Lokmanya Tilak Terminus Road","highway":"tertiary","osm_way":275766288,"width_m":9.0,"length_m":33.3,"surface_area":299.5,"catchment_m2":1630.6,"inlet_capacity_lps":16.8,"nearest_drain":"MH-096","from_node":"J2804441153","to_node":"J2804449494"},"geometry":{"type":"LineString","coordinates":[[72.888878,19.067615],[72.889156,19.067759]]}},{"type":"Feature","properties":{"id":"R0164","name":"Lokmanya Tilak Terminus Road","highway":"tertiary","osm_way":275766283,"width_m":9.0,"length_m":30.9,"surface_area":277.7,"catchment_m2":1512.0,"inlet_capacity_lps":16.8,"nearest_drain":"MH-096","from_node":"J2804443043","to_node":"J2804441145"},"geometry":{"type":"LineString","coordinates":[[72.889183,19.067698],[72.888952,19.067527]]}},{"type":"Feature","properties":{"id":"R0165","name":"Lokmanya Tilak Terminus Road","highway":"tertiary","osm_way":275766288,"width_m":9.0,"length_m":206.9,"surface_area":1862.0,"catchment_m2":10137.6,"inlet_capacity_lps":117.6,"nearest_drain":"MH-096","from_node":"J2804449494","to_node":"J1642958720"},"geometry":{"type":"LineString","coordinates":[[72.889156,19.067759],[72.889289,19.067836],[72.889442,19.067907],[72.889622,19.067968],[72.889858,19.068008],[72.891064,19.068115]]}},{"type":"Feature","properties":{"id":"R0166","name":"Lokmanya Tilak Terminus Road","highway":"tertiary","osm_way":275766286,"width_m":9.0,"length_m":48.2,"surface_area":433.8,"catchment_m2":2362.0,"inlet_capacity_lps":33.6,"nearest_drain":"MH-112","from_node":"J2892843875","to_node":"J1232644665"},"geometry":{"type":"LineString","coordinates":[[72.892755,19.068636],[72.892441,19.06832]]}},{"type":"Feature","properties":{"id":"R0167","name":"Lokmanya Tilak Terminus Road","highway":"tertiary","osm_way":1531896221,"width_m":9.0,"length_m":11.4,"surface_area":102.4,"catchment_m2":557.5,"inlet_capacity_lps":16.8,"nearest_drain":"MH-118","from_node":"J6926087429","to_node":"J12777714547"},"geometry":{"type":"LineString","coordinates":[[72.892878,19.068927],[72.892952,19.069002]]}},{"type":"Feature","properties":{"id":"R0168","name":"Lokmanya Tilak Terminus Road","highway":"tertiary","osm_way":1531896223,"width_m":9.0,"length_m":18.4,"surface_area":165.3,"catchment_m2":899.7,"inlet_capacity_lps":16.8,"nearest_drain":"MH-118","from_node":"J11975142667","to_node":"J6926087429"},"geometry":{"type":"LineString","coordinates":[[72.892761,19.068805],[72.892878,19.068927]]}},{"type":"Feature","properties":{"id":"R0169","name":"Lokmanya Tilak Terminus Road","highway":"tertiary","osm_way":1531896219,"width_m":9.0,"length_m":12.0,"surface_area":108.4,"catchment_m2":590.4,"inlet_capacity_lps":16.8,"nearest_drain":"MH-118","from_node":"J12777714547","to_node":"J1232644954"},"geometry":{"type":"LineString","coordinates":[[72.892952,19.069002],[72.893062,19.069033]]}},{"type":"Feature","properties":{"id":"R0170","name":"Nathani Road","highway":"tertiary","osm_way":542236629,"width_m":9.0,"length_m":102.6,"surface_area":923.4,"catchment_m2":5027.6,"inlet_capacity_lps":50.4,"nearest_drain":"MH-161","from_node":"J1392485609","to_node":"J2246472414"},"geometry":{"type":"LineString","coordinates":[[72.887409,19.075244],[72.88817,19.075822]]}},{"type":"Feature","properties":{"id":"R0171","name":"Pipeline Road","highway":"tertiary","osm_way":940275903,"width_m":9.0,"length_m":293.7,"surface_area":2643.7,"catchment_m2":14393.4,"inlet_capacity_lps":168.0,"nearest_drain":"MH-112","from_node":"J1643031072","to_node":"J2804433701"},"geometry":{"type":"LineString","coordinates":[[72.89498,19.070885],[72.89462,19.070388],[72.893401,19.068706]]}},{"type":"Feature","properties":{"id":"R0172","name":"Pipeline Road","highway":"tertiary","osm_way":940275903,"width_m":9.0,"length_m":18.2,"surface_area":164.0,"catchment_m2":892.9,"inlet_capacity_lps":16.8,"nearest_drain":"MH-112","from_node":"J2804433701","to_node":"J2804433703"},"geometry":{"type":"LineString","coordinates":[[72.893401,19.068706],[72.893303,19.06857]]}},{"type":"Feature","properties":{"id":"R0173","name":"Premier Road","highway":"tertiary","osm_way":125344250,"width_m":9.0,"length_m":98.2,"surface_area":883.6,"catchment_m2":4810.7,"inlet_capacity_lps":50.4,"nearest_drain":"MH-161","from_node":"J1392485609","to_node":"J2246472422"},"geometry":{"type":"LineString","coordinates":[[72.887409,19.075244],[72.886837,19.075942]]}},{"type":"Feature","properties":{"id":"R0174","name":"Ramdev Pir Road","highway":"tertiary","osm_way":1367652853,"width_m":9.0,"length_m":102.3,"surface_area":920.9,"catchment_m2":5013.7,"inlet_capacity_lps":50.4,"nearest_drain":"MH-161","from_node":"J10207331617","to_node":"J11603190365"},"geometry":{"type":"LineString","coordinates":[[72.888232,19.07575],[72.887479,19.075167]]}},{"type":"Feature","properties":{"id":"R0175","name":"Ramdev Pir Road","highway":"tertiary","osm_way":1115999789,"width_m":9.0,"length_m":67.7,"surface_area":609.5,"catchment_m2":3318.4,"inlet_capacity_lps":33.6,"nearest_drain":"MH-150","from_node":"J10207331619","to_node":"J10207331620"},"geometry":{"type":"LineString","coordinates":[[72.88538,19.073496],[72.88495,19.073043]]}},{"type":"Feature","properties":{"id":"R0176","name":"Ramdev Pir Road","highway":"tertiary","osm_way":1115999786,"width_m":9.0,"length_m":69.8,"surface_area":628.5,"catchment_m2":3422.0,"inlet_capacity_lps":33.6,"nearest_drain":"MH-150","from_node":"J10207331620","to_node":"J10207331621"},"geometry":{"type":"LineString","coordinates":[[72.88495,19.073043],[72.884513,19.07257]]}},{"type":"Feature","properties":{"id":"R0177","name":"Ramdev Pir Road","highway":"tertiary","osm_way":1115999789,"width_m":9.0,"length_m":38.1,"surface_area":342.9,"catchment_m2":1866.9,"inlet_capacity_lps":16.8,"nearest_drain":"MH-151","from_node":"J10207331622","to_node":"J10207331619"},"geometry":{"type":"LineString","coordinates":[[72.885649,19.073726],[72.88538,19.073496]]}},{"type":"Feature","properties":{"id":"R0178","name":"Ramdev Pir Road","highway":"tertiary","osm_way":1115999790,"width_m":9.0,"length_m":16.5,"surface_area":148.2,"catchment_m2":806.6,"inlet_capacity_lps":16.8,"nearest_drain":"MH-151","from_node":"J10207331623","to_node":"J10207331622"},"geometry":{"type":"LineString","coordinates":[[72.885765,19.073825],[72.885649,19.073726]]}},{"type":"Feature","properties":{"id":"R0179","name":"Ramdev Pir Road","highway":"tertiary","osm_way":1367652853,"width_m":9.0,"length_m":233.9,"surface_area":2105.4,"catchment_m2":11462.9,"inlet_capacity_lps":134.4,"nearest_drain":"MH-151","from_node":"J11603190365","to_node":"J10207331623"},"geometry":{"type":"LineString","coordinates":[[72.887479,19.075167],[72.886843,19.074663],[72.886675,19.07454],[72.886584,19.074465],[72.885765,19.073825]]}},{"type":"Feature","properties":{"id":"R0180","name":"Ramdev Pir Road","highway":"tertiary","osm_way":1367652853,"width_m":9.0,"length_m":38.9,"surface_area":349.8,"catchment_m2":1904.5,"inlet_capacity_lps":16.8,"nearest_drain":"MH-167","from_node":"J12666590928","to_node":"J10207331617"},"geometry":{"type":"LineString","coordinates":[[72.888519,19.075971],[72.888232,19.07575]]}},{"type":"Feature","properties":{"id":"R0181","name":"S G Barve Marg","highway":"tertiary","osm_way":1128423092,"width_m":9.0,"length_m":59.3,"surface_area":534.1,"catchment_m2":2907.9,"inlet_capacity_lps":33.6,"nearest_drain":"MH-152","from_node":"J6430960763","to_node":"J2804584123"},"geometry":{"type":"LineString","coordinates":[[72.880267,19.073769],[72.880237,19.073961],[72.880155,19.074291]]}},{"type":"Feature","properties":{"id":"R0182","name":"S G Barve Marg","highway":"tertiary","osm_way":938635406,"width_m":9.0,"length_m":128.1,"surface_area":1152.8,"catchment_m2":6276.1,"inlet_capacity_lps":67.2,"nearest_drain":"MH-139","from_node":"J11054515158","to_node":"J6430960763"},"geometry":{"type":"LineString","coordinates":[[72.880129,19.072645],[72.880276,19.073047],[72.880315,19.073469],[72.880267,19.073769]]}},{"type":"Feature","properties":{"id":"R0183","name":"Shanta Jog Marg","highway":"tertiary","osm_way":151586764,"width_m":9.0,"length_m":241.0,"surface_area":2169.2,"catchment_m2":11810.2,"inlet_capacity_lps":134.4,"nearest_drain":"MH-073","from_node":"J1367093183","to_node":"J1367093218"},"geometry":{"type":"LineString","coordinates":[[72.894588,19.064386],[72.892574,19.064907],[72.892376,19.064961]]}},{"type":"Feature","properties":{"id":"R0184","name":"Shanta Jog Marg","highway":"tertiary","osm_way":151586764,"width_m":9.0,"length_m":71.7,"surface_area":645.2,"catchment_m2":3512.6,"inlet_capacity_lps":33.6,"nearest_drain":"MH-073","from_node":"J1367093218","to_node":"J1367093220"},"geometry":{"type":"LineString","coordinates":[[72.892376,19.064961],[72.89172,19.065135]]}},{"type":"Feature","properties":{"id":"R0185","name":"Shanta Jog Marg","highway":"tertiary","osm_way":151586764,"width_m":9.0,"length_m":21.9,"surface_area":197.4,"catchment_m2":1074.7,"inlet_capacity_lps":16.8,"nearest_drain":"MH-073","from_node":"J1367093220","to_node":"J13790173568"},"geometry":{"type":"LineString","coordinates":[[72.89172,19.065135],[72.891519,19.06519]]}},{"type":"Feature","properties":{"id":"R0186","name":"Shanta Jog Marg","highway":"tertiary","osm_way":151586764,"width_m":9.0,"length_m":53.9,"surface_area":485.3,"catchment_m2":2642.4,"inlet_capacity_lps":33.6,"nearest_drain":"MH-072","from_node":"J1367093227","to_node":"J1366857605"},"geometry":{"type":"LineString","coordinates":[[72.891312,19.065246],[72.891065,19.065293],[72.890807,19.065258]]}},{"type":"Feature","properties":{"id":"R0187","name":"Shanta Jog Marg","highway":"tertiary","osm_way":151586764,"width_m":9.0,"length_m":22.6,"surface_area":203.6,"catchment_m2":1108.3,"inlet_capacity_lps":16.8,"nearest_drain":"MH-073","from_node":"J13790173568","to_node":"J1367093227"},"geometry":{"type":"LineString","coordinates":[[72.891519,19.06519],[72.891312,19.065246]]}},{"type":"Feature","properties":{"id":"R0188","name":"Shell Colony Road","highway":"tertiary","osm_way":122303828,"width_m":9.0,"length_m":71.1,"surface_area":640.2,"catchment_m2":3485.5,"inlet_capacity_lps":33.6,"nearest_drain":"MH-021","from_node":"J1367093063","to_node":"J4357309659"},"geometry":{"type":"LineString","coordinates":[[72.891136,19.061467],[72.890642,19.06103]]}},{"type":"Feature","properties":{"id":"R0189","name":"Shell Colony Road","highway":"tertiary","osm_way":122303828,"width_m":9.0,"length_m":32.1,"surface_area":288.8,"catchment_m2":1572.1,"inlet_capacity_lps":16.8,"nearest_drain":"MH-035","from_node":"J1367093082","to_node":"J13793391410"},"geometry":{"type":"LineString","coordinates":[[72.892349,19.062581],[72.892119,19.062392]]}},{"type":"Feature","properties":{"id":"R0190","name":"Shell Colony Road","highway":"tertiary","osm_way":122303828,"width_m":9.0,"length_m":36.9,"surface_area":331.8,"catchment_m2":1806.4,"inlet_capacity_lps":16.8,"nearest_drain":"MH-036","from_node":"J1367093105","to_node":"J13793358297"},"geometry":{"type":"LineString","coordinates":[[72.893044,19.063117],[72.892772,19.062908]]}},{"type":"Feature","properties":{"id":"R0191","name":"Shell Colony Road","highway":"tertiary","osm_way":122303828,"width_m":9.0,"length_m":196.7,"surface_area":1770.6,"catchment_m2":9640.1,"inlet_capacity_lps":117.6,"nearest_drain":"MH-063","from_node":"J1367093183","to_node":"J10923992388"},"geometry":{"type":"LineString","coordinates":[[72.894588,19.064386],[72.893175,19.063225]]}},{"type":"Feature","properties":{"id":"R0192","name":"Shell Colony Road","highway":"tertiary","osm_way":122303828,"width_m":9.0,"length_m":14.6,"surface_area":131.0,"catchment_m2":713.3,"inlet_capacity_lps":16.8,"nearest_drain":"MH-036","from_node":"J2246471748","to_node":"J13793391403"},"geometry":{"type":"LineString","coordinates":[[72.892693,19.062847],[72.892587,19.062764]]}},{"type":"Feature","properties":{"id":"R0193","name":"Shell Colony Road","highway":"tertiary","osm_way":122303828,"width_m":9.0,"length_m":3.4,"surface_area":30.8,"catchment_m2":167.5,"inlet_capacity_lps":16.8,"nearest_drain":"MH-035","from_node":"J2248802788","to_node":"J13793358292"},"geometry":{"type":"LineString","coordinates":[[72.891742,19.062082],[72.891722,19.062058]]}},{"type":"Feature","properties":{"id":"R0194","name":"Shell Colony Road","highway":"tertiary","osm_way":122303828,"width_m":9.0,"length_m":78.9,"surface_area":710.2,"catchment_m2":3866.6,"inlet_capacity_lps":50.4,"nearest_drain":"MH-009","from_node":"J4357309654","to_node":"J1367092988"},"geometry":{"type":"LineString","coordinates":[[72.889866,19.060441],[72.889268,19.060012]]}},{"type":"Feature","properties":{"id":"R0195","name":"Shell Colony Road","highway":"tertiary","osm_way":122303828,"width_m":9.0,"length_m":104.6,"surface_area":941.0,"catchment_m2":5123.2,"inlet_capacity_lps":50.4,"nearest_drain":"MH-010","from_node":"J4357309659","to_node":"J4357309654"},"geometry":{"type":"LineString","coordinates":[[72.890642,19.06103],[72.889866,19.060441]]}},{"type":"Feature","properties":{"id":"R0196","name":"Shell Colony Road","highway":"tertiary","osm_way":122303828,"width_m":9.0,"length_m":55.6,"surface_area":500.7,"catchment_m2":2725.9,"inlet_capacity_lps":33.6,"nearest_drain":"MH-022","from_node":"J8693180277","to_node":"J1367093063"},"geometry":{"type":"LineString","coordinates":[[72.891528,19.061804],[72.891243,19.061559],[72.891136,19.061467]]}},{"type":"Feature","properties":{"id":"R0197","name":"Shell Colony Road","highway":"tertiary","osm_way":122277851,"width_m":9.0,"length_m":40.9,"surface_area":368.5,"catchment_m2":2006.4,"inlet_capacity_lps":16.8,"nearest_drain":"MH-063","from_node":"J8711707695","to_node":"J1367093183"},"geometry":{"type":"LineString","coordinates":[[72.894961,19.064281],[72.894588,19.064386]]}},{"type":"Feature","properties":{"id":"R0198","name":"Shell Colony Road","highway":"tertiary","osm_way":122303828,"width_m":9.0,"length_m":18.3,"surface_area":164.5,"catchment_m2":895.6,"inlet_capacity_lps":16.8,"nearest_drain":"MH-050","from_node":"J10923992388","to_node":"J1367093105"},"geometry":{"type":"LineString","coordinates":[[72.893175,19.063225],[72.893044,19.063117]]}},{"type":"Feature","properties":{"id":"R0199","name":"Shell Colony Road","highway":"tertiary","osm_way":122303828,"width_m":9.0,"length_m":34.9,"surface_area":314.0,"catchment_m2":1709.7,"inlet_capacity_lps":16.8,"nearest_drain":"MH-035","from_node":"J13793358292","to_node":"J8693180277"},"geometry":{"type":"LineString","coordinates":[[72.891722,19.062058],[72.891528,19.061804]]}},{"type":"Feature","properties":{"id":"R0200","name":"Shell Colony Road","highway":"tertiary","osm_way":122303828,"width_m":9.0,"length_m":10.7,"surface_area":96.2,"catchment_m2":523.6,"inlet_capacity_lps":16.8,"nearest_drain":"MH-036","from_node":"J13793358297","to_node":"J2246471748"},"geometry":{"type":"LineString","coordinates":[[72.892772,19.062908],[72.892693,19.062847]]}},{"type":"Feature","properties":{"id":"R0201","name":"Shell Colony Road","highway":"tertiary","osm_way":122303828,"width_m":9.0,"length_m":17.9,"surface_area":160.8,"catchment_m2":875.4,"inlet_capacity_lps":16.8,"nearest_drain":"MH-035","from_node":"J13793358299","to_node":"J2248802788"},"geometry":{"type":"LineString","coordinates":[[72.89187,19.062188],[72.891742,19.062082]]}},{"type":"Feature","properties":{"id":"R0202","name":"Shell Colony Road","highway":"tertiary","osm_way":122303828,"width_m":9.0,"length_m":32.2,"surface_area":289.5,"catchment_m2":1576.0,"inlet_capacity_lps":16.8,"nearest_drain":"MH-036","from_node":"J13793391403","to_node":"J1367093082"},"geometry":{"type":"LineString","coordinates":[[72.892587,19.062764],[72.892349,19.062581]]}},{"type":"Feature","properties":{"id":"R0203","name":"Shell Colony Road","highway":"tertiary","osm_way":122303828,"width_m":9.0,"length_m":34.6,"surface_area":311.4,"catchment_m2":1695.3,"inlet_capacity_lps":16.8,"nearest_drain":"MH-035","from_node":"J13793391410","to_node":"J13793358299"},"geometry":{"type":"LineString","coordinates":[[72.892119,19.062392],[72.89187,19.062188]]}},{"type":"Feature","properties":{"id":"R0204","name":"Somaiya College Road","highway":"tertiary","osm_way":107213247,"width_m":9.0,"length_m":54.6,"surface_area":491.1,"catchment_m2":2673.6,"inlet_capacity_lps":33.6,"nearest_drain":"MH-145","from_node":"J7379899436","to_node":"J14002529351"},"geometry":{"type":"LineString","coordinates":[[72.895854,19.072092],[72.89556,19.071687]]}},{"type":"Feature","properties":{"id":"R0205","name":"Somaiya College Road","highway":"tertiary","osm_way":107213247,"width_m":9.0,"length_m":8.4,"surface_area":75.5,"catchment_m2":410.8,"inlet_capacity_lps":16.8,"nearest_drain":"MH-145","from_node":"J12353418397","to_node":"J7379899436"},"geometry":{"type":"LineString","coordinates":[[72.895896,19.072156],[72.895854,19.072092]]}},{"type":"Feature","properties":{"id":"R0206","name":"Somaiya College Road","highway":"tertiary","osm_way":107213247,"width_m":9.0,"length_m":8.9,"surface_area":80.5,"catchment_m2":438.2,"inlet_capacity_lps":16.8,"nearest_drain":"MH-137","from_node":"J14002529351","to_node":"J14002529359"},"geometry":{"type":"LineString","coordinates":[[72.89556,19.071687],[72.895512,19.071621]]}},{"type":"Feature","properties":{"id":"R0207","name":"Somaiya College Road","highway":"tertiary","osm_way":107213247,"width_m":9.0,"length_m":62.9,"surface_area":566.0,"catchment_m2":3081.3,"inlet_capacity_lps":33.6,"nearest_drain":"MH-137","from_node":"J14002529359","to_node":"J14002529365"},"geometry":{"type":"LineString","coordinates":[[72.895512,19.071621],[72.895174,19.071154]]}},{"type":"Feature","properties":{"id":"R0208","name":"Somaiya College Road","highway":"tertiary","osm_way":107213247,"width_m":9.0,"length_m":36.2,"surface_area":325.6,"catchment_m2":1772.7,"inlet_capacity_lps":16.8,"nearest_drain":"MH-137","from_node":"J14002529365","to_node":"J1643031072"},"geometry":{"type":"LineString","coordinates":[[72.895174,19.071154],[72.89498,19.070885]]}},{"type":"Feature","properties":{"id":"R0209","name":null,"highway":"tertiary","osm_way":1429909242,"width_m":9.0,"length_m":35.5,"surface_area":319.6,"catchment_m2":1739.9,"inlet_capacity_lps":16.8,"nearest_drain":"MH-111","from_node":"J1232644665","to_node":"J2804594089"},"geometry":{"type":"LineString","coordinates":[[72.892441,19.06832],[72.892376,19.068208],[72.89234,19.068146],[72.892236,19.068074]]}},{"type":"Feature","properties":{"id":"R0210","name":null,"highway":"tertiary","osm_way":1531896220,"width_m":9.0,"length_m":10.0,"surface_area":89.6,"catchment_m2":487.9,"inlet_capacity_lps":16.8,"nearest_drain":"MH-118","from_node":"J1232644954","to_node":"J3736885986"},"geometry":{"type":"LineString","coordinates":[[72.893062,19.069033],[72.893029,19.068949]]}},{"type":"Feature","properties":{"id":"R0211","name":null,"highway":"tertiary","osm_way":1122224041,"width_m":9.0,"length_m":9.1,"surface_area":82.2,"catchment_m2":447.6,"inlet_capacity_lps":16.8,"nearest_drain":"MH-053","from_node":"J1367093155","to_node":"J10264297691"},"geometry":{"type":"LineString","coordinates":[[72.881612,19.064032],[72.881675,19.064088]]}},{"type":"Feature","properties":{"id":"R0212","name":null,"highway":"tertiary","osm_way":1247508856,"width_m":9.0,"length_m":11.2,"surface_area":101.2,"catchment_m2":550.7,"inlet_capacity_lps":16.8,"nearest_drain":"MH-161","from_node":"J1392485609","to_node":"J11603190365"},"geometry":{"type":"LineString","coordinates":[[72.887409,19.075244],[72.887479,19.075167]]}},{"type":"Feature","properties":{"id":"R0213","name":null,"highway":"tertiary","osm_way":700035799,"width_m":9.0,"length_m":58.3,"surface_area":524.6,"catchment_m2":2856.3,"inlet_capacity_lps":33.6,"nearest_drain":"MH-023","from_node":"J1643351864","to_node":"J6293081321"},"geometry":{"type":"LineString","coordinates":[[72.89295,19.061246],[72.893406,19.061545]]}},{"type":"Feature","properties":{"id":"R0214","name":null,"highway":"tertiary","osm_way":1212668214,"width_m":9.0,"length_m":15.0,"surface_area":135.2,"catchment_m2":736.3,"inlet_capacity_lps":16.8,"nearest_drain":"MH-005","from_node":"J1654348910","to_node":"J10207397934"},"geometry":{"type":"LineString","coordinates":[[72.884486,19.06073],[72.884598,19.060813]]}},{"type":"Feature","properties":{"id":"R0215","name":null,"highway":"tertiary","osm_way":151488617,"width_m":9.0,"length_m":85.6,"surface_area":770.4,"catchment_m2":4194.5,"inlet_capacity_lps":50.4,"nearest_drain":"MH-137","from_node":"J2246472196","to_node":"J1643031072"},"geometry":{"type":"LineString","coordinates":[[72.89568,19.070492],[72.895267,19.070724],[72.89498,19.070885]]}},{"type":"Feature","properties":{"id":"R0216","name":null,"highway":"tertiary","osm_way":1457128270,"width_m":9.0,"length_m":9.6,"surface_area":86.7,"catchment_m2":472.2,"inlet_capacity_lps":16.8,"nearest_drain":"MH-143","from_node":"J2246472307","to_node":"J10207331621"},"geometry":{"type":"LineString","coordinates":[[72.884448,19.072631],[72.884513,19.07257]]}},{"type":"Feature","properties":{"id":"R0217","name":null,"highway":"tertiary","osm_way":275785282,"width_m":9.0,"length_m":67.7,"surface_area":609.3,"catchment_m2":3317.1,"inlet_capacity_lps":33.6,"nearest_drain":"MH-149","from_node":"J2246472346","to_node":"J2804574488"},"geometry":{"type":"LineString","coordinates":[[72.88369,19.073314],[72.883796,19.073234],[72.884158,19.072897]]}},{"type":"Feature","properties":{"id":"R0218","name":null,"highway":"tertiary","osm_way":107213226,"width_m":9.0,"length_m":212.2,"surface_area":1909.6,"catchment_m2":10397.0,"inlet_capacity_lps":117.6,"nearest_drain":"MH-111","from_node":"J2439273017","to_node":"J2439273023"},"geometry":{"type":"LineString","coordinates":[[72.89035,19.068169],[72.890643,19.068198],[72.891587,19.068277],[72.891809,19.068305],[72.891864,19.06831],[72.892143,19.068375],[72.892334,19.068458]]}},{"type":"Feature","properties":{"id":"R0219","name":null,"highway":"tertiary","osm_way":275785282,"width_m":9.0,"length_m":5.3,"surface_area":48.1,"catchment_m2":261.6,"inlet_capacity_lps":16.8,"nearest_drain":"MH-153","from_node":"J2439359832","to_node":"J6117377483"},"geometry":{"type":"LineString","coordinates":[[72.881251,19.073816],[72.881262,19.073863]]}},{"type":"Feature","properties":{"id":"R0220","name":null,"highway":"tertiary","osm_way":1122614520,"width_m":9.0,"length_m":28.1,"surface_area":252.8,"catchment_m2":1376.2,"inlet_capacity_lps":16.8,"nearest_drain":"MH-112","from_node":"J2804431000","to_node":"J2892843875"},"geometry":{"type":"LineString","coordinates":[[72.892931,19.068825],[72.892814,19.0687],[72.892755,19.068636]]}},{"type":"Feature","properties":{"id":"R0221","name":null,"highway":"tertiary","osm_way":275766285,"width_m":9.0,"length_m":8.4,"surface_area":75.6,"catchment_m2":411.7,"inlet_capacity_lps":16.8,"nearest_drain":"MH-112","from_node":"J2804433703","to_node":"J7383907156"},"geometry":{"type":"LineString","coordinates":[[72.893303,19.06857],[72.893238,19.068615]]}},{"type":"Feature","properties":{"id":"R0222","name":null,"highway":"tertiary","osm_way":285611409,"width_m":9.0,"length_m":33.7,"surface_area":303.3,"catchment_m2":1651.2,"inlet_capacity_lps":16.8,"nearest_drain":"MH-136","from_node":"J2804574485","to_node":"J2804574486"},"geometry":{"type":"LineString","coordinates":[[72.885792,19.071193],[72.885532,19.071017]]}},{"type":"Feature","properties":{"id":"R0223","name":null,"highway":"tertiary","osm_way":285611413,"width_m":9.0,"length_m":9.2,"surface_area":83.0,"catchment_m2":452.1,"inlet_capacity_lps":16.8,"nearest_drain":"MH-136","from_node":"J2804574486","to_node":"J11189973294"},"geometry":{"type":"LineString","coordinates":[[72.885532,19.071017],[72.885472,19.071077]]}},{"type":"Feature","properties":{"id":"R0224","name":null,"highway":"tertiary","osm_way":1457128270,"width_m":9.0,"length_m":42.5,"surface_area":382.1,"catchment_m2":2080.4,"inlet_capacity_lps":16.8,"nearest_drain":"MH-149","from_node":"J2804574488","to_node":"J2246472307"},"geometry":{"type":"LineString","coordinates":[[72.884158,19.072897],[72.884304,19.072757],[72.884448,19.072631]]}},{"type":"Feature","properties":{"id":"R0225","name":null,"highway":"tertiary","osm_way":1149790010,"width_m":9.0,"length_m":203.7,"surface_area":1833.4,"catchment_m2":9981.9,"inlet_capacity_lps":117.6,"nearest_drain":"MH-111","from_node":"J2804594089","to_node":"J2804594091"},"geometry":{"type":"LineString","coordinates":[[72.892236,19.068074],[72.892093,19.068041],[72.891752,19.067965],[72.890469,19.067854],[72.890317,19.067865]]}},{"type":"Feature","properties":{"id":"R0226","name":null,"highway":"tertiary","osm_way":1149790011,"width_m":9.0,"length_m":46.8,"surface_area":420.8,"catchment_m2":2291.0,"inlet_capacity_lps":33.6,"nearest_drain":"MH-109","from_node":"J2804594091","to_node":"J2439273017"},"geometry":{"type":"LineString","coordinates":[[72.890317,19.067865],[72.890239,19.067917],[72.890204,19.067983],[72.890215,19.068079],[72.890272,19.068137],[72.89035,19.068169]]}},{"type":"Feature","properties":{"id":"R0227","name":null,"highway":"tertiary","osm_way":285611413,"width_m":9.0,"length_m":212.4,"surface_area":1912.0,"catchment_m2":10409.8,"inlet_capacity_lps":117.6,"nearest_drain":"MH-142","from_node":"J2892843883","to_node":"J2892843890"},"geometry":{"type":"LineString","coordinates":[[72.883905,19.07267],[72.883728,19.072837],[72.883285,19.073192],[72.883067,19.073298],[72.88284,19.073358],[72.882488,19.073396],[72.882142,19.073473]]}},{"type":"Feature","properties":{"id":"R0228","name":null,"highway":"tertiary","osm_way":1212668215,"width_m":9.0,"length_m":133.5,"surface_area":1201.4,"catchment_m2":6540.8,"inlet_capacity_lps":67.2,"nearest_drain":"MH-004","from_node":"J3530887227","to_node":"J1654348910"},"geometry":{"type":"LineString","coordinates":[[72.883453,19.060031],[72.883786,19.060256],[72.884486,19.06073]]}},{"type":"Feature","properties":{"id":"R0229","name":null,"highway":"tertiary","osm_way":275766287,"width_m":9.0,"length_m":8.6,"surface_area":77.0,"catchment_m2":419.2,"inlet_capacity_lps":16.8,"nearest_drain":"MH-118","from_node":"J3736885986","to_node":"J13961995736"},"geometry":{"type":"LineString","coordinates":[[72.893029,19.068949],[72.89298,19.068887]]}},{"type":"Feature","properties":{"id":"R0230","name":null,"highway":"tertiary","osm_way":275787642,"width_m":9.0,"length_m":31.5,"surface_area":283.7,"catchment_m2":1544.7,"inlet_capacity_lps":16.8,"nearest_drain":"MH-118","from_node":"J3736885986","to_node":"J7383907157"},"geometry":{"type":"LineString","coordinates":[[72.893029,19.068949],[72.893274,19.068785]]}},{"type":"Feature","properties":{"id":"R0231","name":null,"highway":"tertiary","osm_way":275785282,"width_m":9.0,"length_m":121.5,"surface_area":1093.9,"catchment_m2":5955.5,"inlet_capacity_lps":67.2,"nearest_drain":"MH-148","from_node":"J6117377483","to_node":"J12430193495"},"geometry":{"type":"LineString","coordinates":[[72.881262,19.073863],[72.881386,19.073825],[72.881882,19.073739],[72.882102,19.073725],[72.882402,19.073706]]}},{"type":"Feature","properties":{"id":"R0232","name":null,"highway":"tertiary","osm_way":700035799,"width_m":9.0,"length_m":198.7,"surface_area":1788.5,"catchment_m2":9737.6,"inlet_capacity_lps":117.6,"nearest_drain":"MH-023","from_node":"J6293081321","to_node":"J13055928897"},"geometry":{"type":"LineString","coordinates":[[72.893406,19.061545],[72.893778,19.06181],[72.894916,19.06262]]}},{"type":"Feature","properties":{"id":"R0233","name":null,"highway":"tertiary","osm_way":686127175,"width_m":9.0,"length_m":27.1,"surface_area":244.0,"catchment_m2":1328.4,"inlet_capacity_lps":16.8,"nearest_drain":"MH-152","from_node":"J6430960767","to_node":"J12812047610"},"geometry":{"type":"LineString","coordinates":[[72.880484,19.074037],[72.880431,19.07398],[72.880374,19.073913],[72.880327,19.073844]]}},{"type":"Feature","properties":{"id":"R0234","name":null,"highway":"tertiary","osm_way":285611413,"width_m":9.0,"length_m":206.3,"surface_area":1856.7,"catchment_m2":10108.6,"inlet_capacity_lps":117.6,"nearest_drain":"MH-136","from_node":"J6575917462","to_node":"J2892843883"},"geometry":{"type":"LineString","coordinates":[[72.88525,19.07132],[72.884823,19.071781],[72.884356,19.07223],[72.883905,19.07267]]}},{"type":"Feature","properties":{"id":"R0235","name":null,"highway":"tertiary","osm_way":789757056,"width_m":9.0,"length_m":31.5,"surface_area":283.7,"catchment_m2":1544.8,"inlet_capacity_lps":16.8,"nearest_drain":"MH-112","from_node":"J7383907155","to_node":"J2804431000"},"geometry":{"type":"LineString","coordinates":[[72.893174,19.068659],[72.892931,19.068825]]}},{"type":"Feature","properties":{"id":"R0236","name":null,"highway":"tertiary","osm_way":789757057,"width_m":9.0,"length_m":8.4,"surface_area":75.6,"catchment_m2":411.8,"inlet_capacity_lps":16.8,"nearest_drain":"MH-112","from_node":"J7383907156","to_node":"J7383907155"},"geometry":{"type":"LineString","coordinates":[[72.893238,19.068615],[72.893174,19.068659]]}},{"type":"Feature","properties":{"id":"R0237","name":null,"highway":"tertiary","osm_way":789757058,"width_m":9.0,"length_m":8.0,"surface_area":72.3,"catchment_m2":393.7,"inlet_capacity_lps":16.8,"nearest_drain":"MH-112","from_node":"J7383907157","to_node":"J7383907158"},"geometry":{"type":"LineString","coordinates":[[72.893274,19.068785],[72.893337,19.068745]]}},{"type":"Feature","properties":{"id":"R0238","name":null,"highway":"tertiary","osm_way":789757059,"width_m":9.0,"length_m":8.0,"surface_area":72.3,"catchment_m2":393.7,"inlet_capacity_lps":16.8,"nearest_drain":"MH-112","from_node":"J7383907158","to_node":"J2804433701"},"geometry":{"type":"LineString","coordinates":[[72.893337,19.068745],[72.893401,19.068706]]}},{"type":"Feature","properties":{"id":"R0239","name":null,"highway":"tertiary","osm_way":1174215995,"width_m":9.0,"length_m":149.0,"surface_area":1341.4,"catchment_m2":7303.1,"inlet_capacity_lps":84.0,"nearest_drain":"MH-011","from_node":"J9871838196","to_node":"J1643351864"},"geometry":{"type":"LineString","coordinates":[[72.891817,19.060441],[72.89295,19.061246]]}},{"type":"Feature","properties":{"id":"R0240","name":null,"highway":"tertiary","osm_way":1457128270,"width_m":9.0,"length_m":154.5,"surface_area":1390.4,"catchment_m2":7570.2,"inlet_capacity_lps":84.0,"nearest_drain":"MH-143","from_node":"J10207331621","to_node":"J12888608854"},"geometry":{"type":"LineString","coordinates":[[72.884513,19.07257],[72.885098,19.071985],[72.885204,19.071871],[72.885461,19.071598],[72.885506,19.071545]]}},{"type":"Feature","properties":{"id":"R0241","name":null,"highway":"tertiary","osm_way":1122224039,"width_m":9.0,"length_m":9.7,"surface_area":87.4,"catchment_m2":475.9,"inlet_capacity_lps":16.8,"nearest_drain":"MH-053","from_node":"J10264297672","to_node":"J10264297673"},"geometry":{"type":"LineString","coordinates":[[72.881717,19.064041],[72.881648,19.063983]]}},{"type":"Feature","properties":{"id":"R0242","name":null,"highway":"tertiary","osm_way":1122224039,"width_m":9.0,"length_m":147.9,"surface_area":1331.1,"catchment_m2":7247.1,"inlet_capacity_lps":84.0,"nearest_drain":"MH-053","from_node":"J10264297673","to_node":"J13789266322"},"geometry":{"type":"LineString","coordinates":[[72.881648,19.063983],[72.881376,19.063744],[72.880705,19.062998]]}},{"type":"Feature","properties":{"id":"R0243","name":null,"highway":"tertiary","osm_way":1122224039,"width_m":9.0,"length_m":70.5,"surface_area":634.4,"catchment_m2":3453.7,"inlet_capacity_lps":33.6,"nearest_drain":"MH-024","from_node":"J10264297674","to_node":"J10264297676"},"geometry":{"type":"LineString","coordinates":[[72.88053,19.062829],[72.880288,19.062595],[72.880097,19.062347]]}},{"type":"Feature","properties":{"id":"R0244","name":null,"highway":"tertiary","osm_way":1122224039,"width_m":9.0,"length_m":101.6,"surface_area":914.6,"catchment_m2":4979.5,"inlet_capacity_lps":50.4,"nearest_drain":"MH-012","from_node":"J10264297680","to_node":"J10264297692"},"geometry":{"type":"LineString","coordinates":[[72.880054,19.061366],[72.880189,19.061122],[72.880537,19.060859],[72.880756,19.06079]]}},{"type":"Feature","properties":{"id":"R0245","name":null,"highway":"tertiary","osm_way":1122224039,"width_m":9.0,"length_m":46.6,"surface_area":419.2,"catchment_m2":2282.5,"inlet_capacity_lps":33.6,"nearest_drain":"MH-002","from_node":"J10264297683","to_node":"J13789266317"},"geometry":{"type":"LineString","coordinates":[[72.880901,19.060773],[72.881162,19.060795],[72.881339,19.060829]]}},{"type":"Feature","properties":{"id":"R0246","name":null,"highway":"tertiary","osm_way":1122224039,"width_m":9.0,"length_m":8.3,"surface_area":74.5,"catchment_m2":405.5,"inlet_capacity_lps":16.8,"nearest_drain":"MH-027","from_node":"J10264297687","to_node":"J10264297688"},"geometry":{"type":"LineString","coordinates":[[72.883299,19.062169],[72.883365,19.06221]]}},{"type":"Feature","properties":{"id":"R0247","name":null,"highway":"tertiary","osm_way":1122224040,"width_m":9.0,"length_m":8.2,"surface_area":73.6,"catchment_m2":400.9,"inlet_capacity_lps":16.8,"nearest_drain":"MH-027","from_node":"J10264297689","to_node":"J1367093074"},"geometry":{"type":"LineString","coordinates":[[72.88341,19.062159],[72.88335,19.062112]]}},{"type":"Feature","properties":{"id":"R0248","name":null,"highway":"tertiary","osm_way":1122224039,"width_m":9.0,"length_m":15.4,"surface_area":138.3,"catchment_m2":753.0,"inlet_capacity_lps":16.8,"nearest_drain":"MH-001","from_node":"J10264297692","to_node":"J10264297683"},"geometry":{"type":"LineString","coordinates":[[72.880756,19.06079],[72.880901,19.060773]]}},{"type":"Feature","properties":{"id":"R0249","name":null,"highway":"tertiary","osm_way":1122224039,"width_m":9.0,"length_m":64.4,"surface_area":579.8,"catchment_m2":3156.5,"inlet_capacity_lps":33.6,"nearest_drain":"MH-027","from_node":"J10264297693","to_node":"J13789266315"},"geometry":{"type":"LineString","coordinates":[[72.882663,19.061705],[72.883149,19.062059]]}},{"type":"Feature","properties":{"id":"R0250","name":null,"highway":"tertiary","osm_way":1122224039,"width_m":9.0,"length_m":51.9,"surface_area":466.7,"catchment_m2":2540.8,"inlet_capacity_lps":33.6,"nearest_drain":"MH-014","from_node":"J10264297694","to_node":"J10264297693"},"geometry":{"type":"LineString","coordinates":[[72.882274,19.061419],[72.882651,19.061695],[72.882663,19.061705]]}},{"type":"Feature","properties":{"id":"R0251","name":null,"highway":"tertiary","osm_way":285611413,"width_m":9.0,"length_m":35.7,"surface_area":321.0,"catchment_m2":1747.5,"inlet_capacity_lps":16.8,"nearest_drain":"MH-136","from_node":"J11189973294","to_node":"J6575917462"},"geometry":{"type":"LineString","coordinates":[[72.885472,19.071077],[72.88525,19.07132]]}},{"type":"Feature","properties":{"id":"R0252","name":null,"highway":"tertiary","osm_way":275785282,"width_m":9.0,"length_m":144.1,"surface_area":1296.6,"catchment_m2":7059.3,"inlet_capacity_lps":84.0,"nearest_drain":"MH-149","from_node":"J12430193495","to_node":"J2246472346"},"geometry":{"type":"LineString","coordinates":[[72.882402,19.073706],[72.882502,19.0737],[72.882674,19.073678],[72.882866,19.073654],[72.883013,19.073609],[72.883122,19.073576],[72.883365,19.073494],[72.88369,19.073314]]}},{"type":"Feature","properties":{"id":"R0253","name":null,"highway":"tertiary","osm_way":1531896218,"width_m":9.0,"length_m":10.0,"surface_area":89.7,"catchment_m2":488.1,"inlet_capacity_lps":16.8,"nearest_drain":"MH-118","from_node":"J12777714547","to_node":"J3736885986"},"geometry":{"type":"LineString","coordinates":[[72.892952,19.069002],[72.893029,19.068949]]}},{"type":"Feature","properties":{"id":"R0254","name":null,"highway":"tertiary","osm_way":686127175,"width_m":9.0,"length_m":10.6,"surface_area":95.1,"catchment_m2":517.5,"inlet_capacity_lps":16.8,"nearest_drain":"MH-152","from_node":"J12812047610","to_node":"J6430960763"},"geometry":{"type":"LineString","coordinates":[[72.880327,19.073844],[72.880305,19.073811],[72.880267,19.073769]]}},{"type":"Feature","properties":{"id":"R0255","name":null,"highway":"tertiary","osm_way":1457128270,"width_m":9.0,"length_m":49.4,"surface_area":444.6,"catchment_m2":2420.4,"inlet_capacity_lps":33.6,"nearest_drain":"MH-136","from_node":"J12888608854","to_node":"J2804574485"},"geometry":{"type":"LineString","coordinates":[[72.885506,19.071545],[72.885792,19.071193]]}},{"type":"Feature","properties":{"id":"R0256","name":null,"highway":"tertiary","osm_way":1122224039,"width_m":9.0,"length_m":20.0,"surface_area":179.8,"catchment_m2":979.1,"inlet_capacity_lps":16.8,"nearest_drain":"MH-027","from_node":"J13789266315","to_node":"J10264297687"},"geometry":{"type":"LineString","coordinates":[[72.883149,19.062059],[72.883299,19.062169]]}},{"type":"Feature","properties":{"id":"R0257","name":null,"highway":"tertiary","osm_way":1122224039,"width_m":9.0,"length_m":119.6,"surface_area":1076.5,"catchment_m2":5860.7,"inlet_capacity_lps":67.2,"nearest_drain":"MH-002","from_node":"J13789266317","to_node":"J10264297694"},"geometry":{"type":"LineString","coordinates":[[72.881339,19.060829],[72.881464,19.060858],[72.88166,19.060943],[72.882274,19.061419]]}},{"type":"Feature","properties":{"id":"R0258","name":null,"highway":"tertiary","osm_way":1122224039,"width_m":9.0,"length_m":7.2,"surface_area":65.0,"catchment_m2":354.0,"inlet_capacity_lps":16.8,"nearest_drain":"MH-024","from_node":"J13789266321","to_node":"J10264297674"},"geometry":{"type":"LineString","coordinates":[[72.880578,19.062875],[72.88053,19.062829]]}},{"type":"Feature","properties":{"id":"R0259","name":null,"highway":"tertiary","osm_way":1122224039,"width_m":9.0,"length_m":19.1,"surface_area":171.8,"catchment_m2":935.4,"inlet_capacity_lps":16.8,"nearest_drain":"MH-024","from_node":"J13789266322","to_node":"J13789266321"},"geometry":{"type":"LineString","coordinates":[[72.880705,19.062998],[72.880578,19.062875]]}},{"type":"Feature","properties":{"id":"R0260","name":null,"highway":"tertiary","osm_way":1531896222,"width_m":9.0,"length_m":8.6,"surface_area":77.2,"catchment_m2":420.4,"inlet_capacity_lps":16.8,"nearest_drain":"MH-112","from_node":"J13961995736","to_node":"J2804431000"},"geometry":{"type":"LineString","coordinates":[[72.89298,19.068887],[72.892931,19.068825]]}},{"type":"Feature","properties":{"id":"R0261","name":null,"highway":"tertiary_link","osm_way":1498800998,"width_m":6.0,"length_m":7.7,"surface_area":46.0,"catchment_m2":199.5,"inlet_capacity_lps":8.4,"nearest_drain":"MH-151","from_node":"J7383907141","to_node":"J10207331622"},"geometry":{"type":"LineString","coordinates":[[72.885599,19.073776],[72.885649,19.073726]]}},{"type":"Feature","properties":{"id":"R0262","name":null,"highway":"tertiary_link","osm_way":1498800997,"width_m":6.0,"length_m":10.3,"surface_area":62.0,"catchment_m2":268.6,"inlet_capacity_lps":8.4,"nearest_drain":"MH-161","from_node":"J10207331617","to_node":"J2246472414"},"geometry":{"type":"LineString","coordinates":[[72.888232,19.07575],[72.88817,19.075822]]}},{"type":"Feature","properties":{"id":"R0263","name":null,"highway":"tertiary_link","osm_way":1508106707,"width_m":6.0,"length_m":8.4,"surface_area":50.2,"catchment_m2":217.5,"inlet_capacity_lps":8.4,"nearest_drain":"MH-027","from_node":"J13789266315","to_node":"J13789266316"},"geometry":{"type":"LineString","coordinates":[[72.883149,19.062059],[72.883197,19.061999]]}},{"type":"Feature","properties":{"id":"R0264","name":null,"highway":"tertiary_link","osm_way":1508106708,"width_m":6.0,"length_m":6.4,"surface_area":38.6,"catchment_m2":167.3,"inlet_capacity_lps":8.4,"nearest_drain":"MH-002","from_node":"J13789266317","to_node":"J13789266318"},"geometry":{"type":"LineString","coordinates":[[72.881339,19.060829],[72.881352,19.060772]]}},{"type":"Feature","properties":{"id":"R0265","name":null,"highway":"unclassified","osm_way":235856027,"width_m":6.0,"length_m":406.7,"surface_area":2440.3,"catchment_m2":14641.8,"inlet_capacity_lps":117.6,"nearest_drain":"MH-095","from_node":"J6926087426","to_node":"J10747444369"},"geometry":{"type":"LineString","coordinates":[[72.889171,19.070643],[72.888698,19.070286],[72.888672,19.070146],[72.888914,19.069848],[72.888283,19.069119],[72.88771,19.068435],[72.887706,19.068383],[72.88777,19.068293],[72.888163,19.067918],[72.888204,19.067867]]}},{"type":"Feature","properties":{"id":"R0266","name":null,"highway":"unclassified","osm_way":235856027,"width_m":6.0,"length_m":865.4,"surface_area":5192.3,"catchment_m2":31153.9,"inlet_capacity_lps":243.6,"nearest_drain":"MH-162","from_node":"J11975764277","to_node":"J6926087426"},"geometry":{"type":"LineString","coordinates":[[72.895408,19.075614],[72.895363,19.075513],[72.893598,19.074116],[72.893587,19.073955],[72.891985,19.072734],[72.891626,19.072433],[72.890648,19.071613],[72.889944,19.071162],[72.8896,19.070958],[72.889171,19.070643]]}},{"type":"Feature","properties":{"id":"R0267","name":"Bazar Ward Road","highway":"residential","osm_way":215261364,"width_m":6.0,"length_m":68.8,"surface_area":413.1,"catchment_m2":2478.4,"inlet_capacity_lps":16.8,"nearest_drain":"MH-123","from_node":"J1647285777","to_node":"J7380317957"},"geometry":{"type":"LineString","coordinates":[[72.883463,19.070944],[72.883012,19.070495]]}},{"type":"Feature","properties":{"id":"R0268","name":"Bazar Ward Road","highway":"residential","osm_way":1435014471,"width_m":6.0,"length_m":34.9,"surface_area":209.3,"catchment_m2":1255.6,"inlet_capacity_lps":8.4,"nearest_drain":"MH-134","from_node":"J1647285780","to_node":"J1647285777"},"geometry":{"type":"LineString","coordinates":[[72.88368,19.071181],[72.883463,19.070944]]}},{"type":"Feature","properties":{"id":"R0269","name":"Bazar Ward Road","highway":"residential","osm_way":215261364,"width_m":6.0,"length_m":167.8,"surface_area":1006.8,"catchment_m2":6041.1,"inlet_capacity_lps":50.4,"nearest_drain":"MH-123","from_node":"J2246661041","to_node":"J2246661033"},"geometry":{"type":"LineString","coordinates":[[72.882651,19.070073],[72.882488,19.06981],[72.881844,19.068771]]}},{"type":"Feature","properties":{"id":"R0270","name":"Bazar Ward Road","highway":"residential","osm_way":285611407,"width_m":6.0,"length_m":36.7,"surface_area":220.2,"catchment_m2":1321.2,"inlet_capacity_lps":8.4,"nearest_drain":"MH-149","from_node":"J2804574488","to_node":"J2892843883"},"geometry":{"type":"LineString","coordinates":[[72.884158,19.072897],[72.883905,19.07267]]}},{"type":"Feature","properties":{"id":"R0271","name":"Bazar Ward Road","highway":"residential","osm_way":423847065,"width_m":6.0,"length_m":11.9,"surface_area":71.3,"catchment_m2":427.9,"inlet_capacity_lps":8.4,"nearest_drain":"MH-142","from_node":"J2892843883","to_node":"J7380317942"},"geometry":{"type":"LineString","coordinates":[[72.883905,19.07267],[72.883796,19.072641]]}},{"type":"Feature","properties":{"id":"R0272","name":"Bazar Ward Road","highway":"residential","osm_way":789317004,"width_m":6.0,"length_m":48.1,"surface_area":288.6,"catchment_m2":1731.7,"inlet_capacity_lps":16.8,"nearest_drain":"MH-142","from_node":"J6431190845","to_node":"J11042148860"},"geometry":{"type":"LineString","coordinates":[[72.883684,19.072367],[72.883683,19.072001],[72.883682,19.071935]]}},{"type":"Feature","properties":{"id":"R0273","name":"Bazar Ward Road","highway":"residential","osm_way":789317004,"width_m":6.0,"length_m":25.2,"surface_area":151.2,"catchment_m2":907.1,"inlet_capacity_lps":8.4,"nearest_drain":"MH-142","from_node":"J7380317941","to_node":"J6431190845"},"geometry":{"type":"LineString","coordinates":[[72.883738,19.072588],[72.883684,19.072367]]}},{"type":"Feature","properties":{"id":"R0274","name":"Bazar Ward Road","highway":"residential","osm_way":215261364,"width_m":6.0,"length_m":60.5,"surface_area":362.7,"catchment_m2":2176.2,"inlet_capacity_lps":16.8,"nearest_drain":"MH-123","from_node":"J7380317957","to_node":"J2246661041"},"geometry":{"type":"LineString","coordinates":[[72.883012,19.070495],[72.88283,19.070314],[72.882651,19.070073]]}},{"type":"Feature","properties":{"id":"R0275","name":"Bazar Ward Road","highway":"residential","osm_way":789317004,"width_m":6.0,"length_m":83.8,"surface_area":503.0,"catchment_m2":3017.9,"inlet_capacity_lps":25.2,"nearest_drain":"MH-134","from_node":"J11042148860","to_node":"J1647285780"},"geometry":{"type":"LineString","coordinates":[[72.883682,19.071935],[72.88368,19.071181]]}},{"type":"Feature","properties":{"id":"R0276","name":"Brahman Wadi Road","highway":"residential","osm_way":215242153,"width_m":6.0,"length_m":39.8,"surface_area":239.0,"catchment_m2":1433.7,"inlet_capacity_lps":8.4,"nearest_drain":"MH-105","from_node":"J2246472154","to_node":"J7379899433"},"geometry":{"type":"LineString","coordinates":[[72.88119,19.068493],[72.881523,19.068322]]}},{"type":"Feature","properties":{"id":"R0277","name":"Brahman Wadi Road","highway":"residential","osm_way":215242153,"width_m":6.0,"length_m":114.2,"surface_area":685.2,"catchment_m2":4111.0,"inlet_capacity_lps":33.6,"nearest_drain":"MH-104","from_node":"J2246472163","to_node":"J2246472154"},"geometry":{"type":"LineString","coordinates":[[72.880126,19.068691],[72.880589,19.068636],[72.88119,19.068493]]}},{"type":"Feature","properties":{"id":"R0278","name":"Brahman Wadi Road","highway":"residential","osm_way":215242153,"width_m":6.0,"length_m":26.4,"surface_area":158.3,"catchment_m2":949.8,"inlet_capacity_lps":8.4,"nearest_drain":"MH-105","from_node":"J7379899433","to_node":"J3592039518"},"geometry":{"type":"LineString","coordinates":[[72.881523,19.068322],[72.881748,19.068216]]}},{"type":"Feature","properties":{"id":"R0279","name":"Dhamma Kutti Marg","highway":"residential","osm_way":215241980,"width_m":6.0,"length_m":60.9,"surface_area":365.2,"catchment_m2":2191.0,"inlet_capacity_lps":16.8,"nearest_drain":"MH-029","from_node":"J2246471739","to_node":"J2246471760"},"geometry":{"type":"LineString","coordinates":[[72.885792,19.062578],[72.88622,19.062946]]}},{"type":"Feature","properties":{"id":"R0280","name":"Dhamma Kutti Marg","highway":"residential","osm_way":215241980,"width_m":6.0,"length_m":43.5,"surface_area":260.7,"catchment_m2":1564.3,"inlet_capacity_lps":8.4,"nearest_drain":"MH-029","from_node":"J2246471760","to_node":"J2246471783"},"geometry":{"type":"LineString","coordinates":[[72.88622,19.062946],[72.886523,19.063212]]}},{"type":"Feature","properties":{"id":"R0281","name":"Dhamma Kutti Marg","highway":"residential","osm_way":215241980,"width_m":6.0,"length_m":6.3,"surface_area":37.5,"catchment_m2":225.2,"inlet_capacity_lps":8.4,"nearest_drain":"MH-045","from_node":"J2246471783","to_node":"J13781578524"},"geometry":{"type":"LineString","coordinates":[[72.886523,19.063212],[72.886568,19.063249]]}},{"type":"Feature","properties":{"id":"R0282","name":"Dhamma Kutti Marg","highway":"residential","osm_way":215241980,"width_m":6.0,"length_m":37.1,"surface_area":222.4,"catchment_m2":1334.2,"inlet_capacity_lps":8.4,"nearest_drain":"MH-045","from_node":"J13781578524","to_node":"J13781578533"},"geometry":{"type":"LineString","coordinates":[[72.886568,19.063249],[72.886837,19.063465]]}},{"type":"Feature","properties":{"id":"R0283","name":"Dhamma Kutti Marg","highway":"residential","osm_way":215241980,"width_m":6.0,"length_m":2.5,"surface_area":15.0,"catchment_m2":89.8,"inlet_capacity_lps":8.4,"nearest_drain":"MH-045","from_node":"J13781578533","to_node":"J2246471818"},"geometry":{"type":"LineString","coordinates":[[72.886837,19.063465],[72.886855,19.06348]]}},{"type":"Feature","properties":{"id":"R0284","name":"Kamgar Nagar Road","highway":"residential","osm_way":235856026,"width_m":6.0,"length_m":114.6,"surface_area":687.3,"catchment_m2":4124.0,"inlet_capacity_lps":33.6,"nearest_drain":"MH-058","from_node":"J1366857603","to_node":"J10923992375"},"geometry":{"type":"LineString","coordinates":[[72.887957,19.064731],[72.887597,19.064066],[72.887855,19.063923]]}},{"type":"Feature","properties":{"id":"R0285","name":"Kamgar Nagar Road","highway":"residential","osm_way":235856026,"width_m":6.0,"length_m":38.8,"surface_area":233.1,"catchment_m2":1398.5,"inlet_capacity_lps":8.4,"nearest_drain":"MH-071","from_node":"J2246472002","to_node":"J13790024764"},"geometry":{"type":"LineString","coordinates":[[72.890121,19.065498],[72.890092,19.065505],[72.890024,19.065522],[72.889764,19.065588]]}},{"type":"Feature","properties":{"id":"R0286","name":"Kamgar Nagar Road","highway":"residential","osm_way":235856026,"width_m":6.0,"length_m":25.5,"surface_area":153.1,"catchment_m2":918.5,"inlet_capacity_lps":8.4,"nearest_drain":"MH-046","from_node":"J10923992375","to_node":"J12364600178"},"geometry":{"type":"LineString","coordinates":[[72.887855,19.063923],[72.887957,19.063857],[72.888064,19.063807]]}},{"type":"Feature","properties":{"id":"R0287","name":"Kamgar Nagar Road","highway":"residential","osm_way":235856026,"width_m":6.0,"length_m":11.3,"surface_area":67.6,"catchment_m2":405.4,"inlet_capacity_lps":8.4,"nearest_drain":"MH-046","from_node":"J11038626819","to_node":"J12364600181"},"geometry":{"type":"LineString","coordinates":[[72.888122,19.063775],[72.888214,19.063723]]}},{"type":"Feature","properties":{"id":"R0288","name":"Kamgar Nagar Road","highway":"residential","osm_way":235856026,"width_m":6.0,"length_m":24.7,"surface_area":148.1,"catchment_m2":888.7,"inlet_capacity_lps":8.4,"nearest_drain":"MH-047","from_node":"J12071043748","to_node":"J12071096202"},"geometry":{"type":"LineString","coordinates":[[72.88831,19.06367],[72.888376,19.063633],[72.888513,19.063557]]}},{"type":"Feature","properties":{"id":"R0289","name":"Kamgar Nagar Road","highway":"residential","osm_way":235856026,"width_m":6.0,"length_m":18.6,"surface_area":111.7,"catchment_m2":670.3,"inlet_capacity_lps":8.4,"nearest_drain":"MH-047","from_node":"J12071096202","to_node":"J2246471825"},"geometry":{"type":"LineString","coordinates":[[72.888513,19.063557],[72.888665,19.063472]]}},{"type":"Feature","properties":{"id":"R0290","name":"Kamgar Nagar Road","highway":"residential","osm_way":235856026,"width_m":6.0,"length_m":7.1,"surface_area":42.5,"catchment_m2":255.2,"inlet_capacity_lps":8.4,"nearest_drain":"MH-046","from_node":"J12364600178","to_node":"J11038626819"},"geometry":{"type":"LineString","coordinates":[[72.888064,19.063807],[72.888122,19.063775]]}},{"type":"Feature","properties":{"id":"R0291","name":"Kamgar Nagar Road","highway":"residential","osm_way":235856026,"width_m":6.0,"length_m":11.7,"surface_area":70.2,"catchment_m2":420.9,"inlet_capacity_lps":8.4,"nearest_drain":"MH-046","from_node":"J12364600181","to_node":"J12071043748"},"geometry":{"type":"LineString","coordinates":[[72.888214,19.063723],[72.88831,19.06367]]}},{"type":"Feature","properties":{"id":"R0292","name":"Kamgar Nagar Road","highway":"residential","osm_way":235856026,"width_m":6.0,"length_m":192.2,"surface_area":1153.4,"catchment_m2":6920.4,"inlet_capacity_lps":50.4,"nearest_drain":"MH-058","from_node":"J13790024710","to_node":"J1366857603"},"geometry":{"type":"LineString","coordinates":[[72.889064,19.065764],[72.88864,19.065871],[72.888514,19.065735],[72.887957,19.064731]]}},{"type":"Feature","properties":{"id":"R0293","name":"Kamgar Nagar Road","highway":"residential","osm_way":235856026,"width_m":6.0,"length_m":22.9,"surface_area":137.1,"catchment_m2":822.6,"inlet_capacity_lps":8.4,"nearest_drain":"MH-070","from_node":"J13790024749","to_node":"J13790024710"},"geometry":{"type":"LineString","coordinates":[[72.889274,19.065711],[72.889064,19.065764]]}},{"type":"Feature","properties":{"id":"R0294","name":"Kamgar Nagar Road","highway":"residential","osm_way":235856026,"width_m":6.0,"length_m":14.5,"surface_area":86.9,"catchment_m2":521.1,"inlet_capacity_lps":8.4,"nearest_drain":"MH-070","from_node":"J13790024752","to_node":"J13790024749"},"geometry":{"type":"LineString","coordinates":[[72.889408,19.065677],[72.889274,19.065711]]}},{"type":"Feature","properties":{"id":"R0295","name":"Kamgar Nagar Road","highway":"residential","osm_way":235856026,"width_m":6.0,"length_m":5.3,"surface_area":31.6,"catchment_m2":189.9,"inlet_capacity_lps":8.4,"nearest_drain":"MH-071","from_node":"J13790024754","to_node":"J13790024752"},"geometry":{"type":"LineString","coordinates":[[72.889456,19.065665],[72.889408,19.065677]]}},{"type":"Feature","properties":{"id":"R0296","name":"Kamgar Nagar Road","highway":"residential","osm_way":235856026,"width_m":6.0,"length_m":14.0,"surface_area":84.2,"catchment_m2":505.5,"inlet_capacity_lps":8.4,"nearest_drain":"MH-071","from_node":"J13790024760","to_node":"J13790024754"},"geometry":{"type":"LineString","coordinates":[[72.889585,19.065633],[72.889456,19.065665]]}},{"type":"Feature","properties":{"id":"R0297","name":"Kamgar Nagar Road","highway":"residential","osm_way":235856026,"width_m":6.0,"length_m":19.4,"surface_area":116.7,"catchment_m2":700.2,"inlet_capacity_lps":8.4,"nearest_drain":"MH-071","from_node":"J13790024764","to_node":"J13790024760"},"geometry":{"type":"LineString","coordinates":[[72.889764,19.065588],[72.889585,19.065633]]}},{"type":"Feature","properties":{"id":"R0298","name":"MIG Colony Road","highway":"residential","osm_way":686144238,"width_m":6.0,"length_m":44.7,"surface_area":268.0,"catchment_m2":1607.8,"inlet_capacity_lps":8.4,"nearest_drain":"MH-141","from_node":"J6431190844","to_node":"J8701016828"},"geometry":{"type":"LineString","coordinates":[[72.88313,19.07239],[72.883098,19.072164],[72.883078,19.071992]]}},{"type":"Feature","properties":{"id":"R0299","name":"MIG Colony Road","highway":"residential","osm_way":686144238,"width_m":6.0,"length_m":58.2,"surface_area":349.4,"catchment_m2":2096.1,"inlet_capacity_lps":16.8,"nearest_drain":"MH-142","from_node":"J6431190845","to_node":"J6431190844"},"geometry":{"type":"LineString","coordinates":[[72.883684,19.072367],[72.88313,19.07239]]}},{"type":"Feature","properties":{"id":"R0300","name":"MIG Colony Road","highway":"residential","osm_way":1175020085,"width_m":6.0,"length_m":63.8,"surface_area":383.0,"catchment_m2":2298.1,"inlet_capacity_lps":16.8,"nearest_drain":"MH-142","from_node":"J8701016828","to_node":"J11042148860"},"geometry":{"type":"LineString","coordinates":[[72.883078,19.071992],[72.883682,19.071935]]}},{"type":"Feature","properties":{"id":"R0301","name":"Masrani Lane","highway":"residential","osm_way":122177874,"width_m":6.0,"length_m":51.4,"surface_area":308.7,"catchment_m2":1852.1,"inlet_capacity_lps":16.8,"nearest_drain":"MH-155","from_node":"J1366009085","to_node":"J11045733895"},"geometry":{"type":"LineString","coordinates":[[72.883157,19.074522],[72.883489,19.074528],[72.883644,19.074554]]}},{"type":"Feature","properties":{"id":"R0302","name":"Masrani Lane","highway":"residential","osm_way":122177874,"width_m":6.0,"length_m":191.6,"surface_area":1149.7,"catchment_m2":6898.2,"inlet_capacity_lps":50.4,"nearest_drain":"MH-156","from_node":"J1366009086","to_node":"J10199117049"},"geometry":{"type":"LineString","coordinates":[[72.88384,19.074593],[72.883987,19.074693],[72.884461,19.075138],[72.884588,19.075169],[72.884743,19.075136],[72.885113,19.07485],[72.885273,19.074727]]}},{"type":"Feature","properties":{"id":"R0303","name":"Masrani Lane","highway":"residential","osm_way":122177874,"width_m":6.0,"length_m":59.5,"surface_area":357.2,"catchment_m2":2143.3,"inlet_capacity_lps":16.8,"nearest_drain":"MH-157","from_node":"J1366009114","to_node":"J13352989734"},"geometry":{"type":"LineString","coordinates":[[72.882381,19.075518],[72.882392,19.075162],[72.882482,19.075004]]}},{"type":"Feature","properties":{"id":"R0304","name":"Masrani Lane","highway":"residential","osm_way":122177874,"width_m":6.0,"length_m":20.2,"surface_area":121.2,"catchment_m2":727.0,"inlet_capacity_lps":8.4,"nearest_drain":"MH-157","from_node":"J8629140915","to_node":"J1366009114"},"geometry":{"type":"LineString","coordinates":[[72.882397,19.075699],[72.882381,19.075518]]}},{"type":"Feature","properties":{"id":"R0305","name":"Masrani Lane","highway":"residential","osm_way":122177874,"width_m":6.0,"length_m":21.1,"surface_area":126.6,"catchment_m2":759.4,"inlet_capacity_lps":8.4,"nearest_drain":"MH-155","from_node":"J11045733895","to_node":"J1366009086"},"geometry":{"type":"LineString","coordinates":[[72.883644,19.074554],[72.88384,19.074593]]}},{"type":"Feature","properties":{"id":"R0306","name":"Masrani Lane","highway":"residential","osm_way":122177874,"width_m":6.0,"length_m":92.1,"surface_area":552.4,"catchment_m2":3314.6,"inlet_capacity_lps":25.2,"nearest_drain":"MH-155","from_node":"J13352989734","to_node":"J1366009085"},"geometry":{"type":"LineString","coordinates":[[72.882482,19.075004],[72.882528,19.074924],[72.882838,19.074625],[72.883157,19.074522]]}},{"type":"Feature","properties":{"id":"R0307","name":"Mavla Maratha Road","highway":"residential","osm_way":215241985,"width_m":6.0,"length_m":9.8,"surface_area":58.9,"catchment_m2":353.6,"inlet_capacity_lps":8.4,"nearest_drain":"MH-027","from_node":"J2246471728","to_node":"J10882788623"},"geometry":{"type":"LineString","coordinates":[[72.883891,19.062359],[72.883939,19.062283]]}},{"type":"Feature","properties":{"id":"R0308","name":"Mavla Maratha Road","highway":"residential","osm_way":215241985,"width_m":6.0,"length_m":114.6,"surface_area":687.4,"catchment_m2":4124.4,"inlet_capacity_lps":33.6,"nearest_drain":"MH-027","from_node":"J2246471776","to_node":"J2246471728"},"geometry":{"type":"LineString","coordinates":[[72.883307,19.063229],[72.883891,19.062359]]}},{"type":"Feature","properties":{"id":"R0309","name":"Narayan D Mistri Marg","highway":"residential","osm_way":215438457,"width_m":6.0,"length_m":73.0,"surface_area":437.9,"catchment_m2":2627.5,"inlet_capacity_lps":16.8,"nearest_drain":"MH-003","from_node":"J3530893573","to_node":"J2248802708"},"geometry":{"type":"LineString","coordinates":[[72.882097,19.060561],[72.882359,19.060758],[72.88264,19.06097]]}},{"type":"Feature","properties":{"id":"R0310","name":"Nehru Nagar Police Station Marg","highway":"residential","osm_way":215438458,"width_m":6.0,"length_m":24.6,"surface_area":147.8,"catchment_m2":887.1,"inlet_capacity_lps":8.4,"nearest_drain":"MH-003","from_node":"J2248802672","to_node":"J13675269077"},"geometry":{"type":"LineString","coordinates":[[72.88212,19.060008],[72.882303,19.060146]]}},{"type":"Feature","properties":{"id":"R0311","name":"Nehru Nagar Police Station Marg","highway":"residential","osm_way":215438458,"width_m":6.0,"length_m":85.3,"surface_area":512.1,"catchment_m2":3072.6,"inlet_capacity_lps":25.2,"nearest_drain":"MH-003","from_node":"J13675269077","to_node":"J2248802688"},"geometry":{"type":"LineString","coordinates":[[72.882303,19.060146],[72.882941,19.060621]]}},{"type":"Feature","properties":{"id":"R0312","name":"PV Marg","highway":"residential","osm_way":215241988,"width_m":6.0,"length_m":17.4,"surface_area":104.1,"catchment_m2":624.8,"inlet_capacity_lps":8.4,"nearest_drain":"MH-029","from_node":"J2246471746","to_node":"J2246471739"},"geometry":{"type":"LineString","coordinates":[[72.885664,19.062676],[72.885792,19.062578]]}},{"type":"Feature","properties":{"id":"R0313","name":"PV Marg","highway":"residential","osm_way":215241988,"width_m":6.0,"length_m":24.3,"surface_area":145.6,"catchment_m2":873.3,"inlet_capacity_lps":8.4,"nearest_drain":"MH-029","from_node":"J2246471755","to_node":"J13780530927"},"geometry":{"type":"LineString","coordinates":[[72.885433,19.062879],[72.885602,19.06273]]}},{"type":"Feature","properties":{"id":"R0314","name":"PV Marg","highway":"residential","osm_way":215241988,"width_m":6.0,"length_m":51.4,"surface_area":308.4,"catchment_m2":1850.2,"inlet_capacity_lps":16.8,"nearest_drain":"MH-043","from_node":"J10882788619","to_node":"J2246471755"},"geometry":{"type":"LineString","coordinates":[[72.885151,19.063257],[72.885433,19.062879]]}},{"type":"Feature","properties":{"id":"R0315","name":"PV Marg","highway":"residential","osm_way":215241988,"width_m":6.0,"length_m":8.9,"surface_area":53.2,"catchment_m2":319.3,"inlet_capacity_lps":8.4,"nearest_drain":"MH-029","from_node":"J13780530927","to_node":"J2246471746"},"geometry":{"type":"LineString","coordinates":[[72.885602,19.06273],[72.885664,19.062676]]}},{"type":"Feature","properties":{"id":"R0316","name":"Pipe Line Road","highway":"residential","osm_way":122183206,"width_m":6.0,"length_m":72.4,"surface_area":434.2,"catchment_m2":2605.1,"inlet_capacity_lps":16.8,"nearest_drain":"MH-121","from_node":"J1366009050","to_node":"J4357358499"},"geometry":{"type":"LineString","coordinates":[[72.880414,19.070233],[72.880434,19.070452],[72.880488,19.070669],[72.880527,19.07083],[72.880538,19.070872]]}},{"type":"Feature","properties":{"id":"R0317","name":"Pipe Line Road","highway":"residential","osm_way":122183206,"width_m":6.0,"length_m":169.6,"surface_area":1017.5,"catchment_m2":6104.9,"inlet_capacity_lps":50.4,"nearest_drain":"MH-131","from_node":"J4357358499","to_node":"J9171437932"},"geometry":{"type":"LineString","coordinates":[[72.880538,19.070872],[72.880547,19.070913],[72.880894,19.07236]]}},{"type":"Feature","properties":{"id":"R0318","name":"Pipe Line Road","highway":"residential","osm_way":570227371,"width_m":6.0,"length_m":237.5,"surface_area":1425.2,"catchment_m2":8551.0,"inlet_capacity_lps":67.2,"nearest_drain":"MH-163","from_node":"J6117377483","to_node":"J13798497414"},"geometry":{"type":"LineString","coordinates":[[72.881262,19.073863],[72.881651,19.075967]]}},{"type":"Feature","properties":{"id":"R0319","name":"Pipe Line Road","highway":"residential","osm_way":122183206,"width_m":6.0,"length_m":133.7,"surface_area":802.0,"catchment_m2":4811.8,"inlet_capacity_lps":33.6,"nearest_drain":"MH-139","from_node":"J9171437932","to_node":"J10115633159"},"geometry":{"type":"LineString","coordinates":[[72.880894,19.07236],[72.880957,19.072664],[72.881167,19.073534]]}},{"type":"Feature","properties":{"id":"R0320","name":"Pipe Line Road","highway":"residential","osm_way":1105409827,"width_m":6.0,"length_m":11.4,"surface_area":68.3,"catchment_m2":409.8,"inlet_capacity_lps":8.4,"nearest_drain":"MH-147","from_node":"J10115633159","to_node":"J2804574489"},"geometry":{"type":"LineString","coordinates":[[72.881167,19.073534],[72.881191,19.073633]]}},{"type":"Feature","properties":{"id":"R0321","name":"Pipeline Road","highway":"residential","osm_way":1188046681,"width_m":6.0,"length_m":116.1,"surface_area":696.5,"catchment_m2":4179.3,"inlet_capacity_lps":33.6,"nearest_drain":"MH-112","from_node":"J2804433703","to_node":"J1232644316"},"geometry":{"type":"LineString","coordinates":[[72.893303,19.06857],[72.893264,19.068516],[72.892721,19.067683]]}},{"type":"Feature","properties":{"id":"R0322","name":"Prakash Thorat Marg","highway":"residential","osm_way":215293614,"width_m":6.0,"length_m":70.2,"surface_area":421.3,"catchment_m2":2527.8,"inlet_capacity_lps":16.8,"nearest_drain":"MH-076","from_node":"J1232644726","to_node":"J11068677534"},"geometry":{"type":"LineString","coordinates":[[72.895486,19.065899],[72.895967,19.065461]]}},{"type":"Feature","properties":{"id":"R0323","name":"Railway Colony Road","highway":"residential","osm_way":789757048,"width_m":6.0,"length_m":52.6,"surface_area":315.5,"catchment_m2":1893.2,"inlet_capacity_lps":16.8,"nearest_drain":"MH-080","from_node":"J2246472082","to_node":"J4352255196"},"geometry":{"type":"LineString","coordinates":[[72.887286,19.066799],[72.887193,19.066748],[72.886995,19.066745],[72.886806,19.06679]]}},{"type":"Feature","properties":{"id":"R0324","name":"Railway Colony Road","highway":"residential","osm_way":789757048,"width_m":6.0,"length_m":104.8,"surface_area":629.0,"catchment_m2":3774.2,"inlet_capacity_lps":25.2,"nearest_drain":"MH-093","from_node":"J2246472089","to_node":"J2246472099"},"geometry":{"type":"LineString","coordinates":[[72.88586,19.067013],[72.885036,19.067234],[72.884897,19.067254]]}},{"type":"Feature","properties":{"id":"R0325","name":"Railway Colony Road","highway":"residential","osm_way":789757048,"width_m":6.0,"length_m":149.1,"surface_area":894.7,"catchment_m2":5368.1,"inlet_capacity_lps":42.0,"nearest_drain":"MH-092","from_node":"J2246472099","to_node":"J2246472120"},"geometry":{"type":"LineString","coordinates":[[72.884897,19.067254],[72.884528,19.067336],[72.884019,19.067449],[72.883639,19.067541],[72.883514,19.067548]]}},{"type":"Feature","properties":{"id":"R0326","name":"Railway Colony Road","highway":"residential","osm_way":789757048,"width_m":6.0,"length_m":63.1,"surface_area":378.4,"catchment_m2":2270.3,"inlet_capacity_lps":16.8,"nearest_drain":"MH-090","from_node":"J2246472120","to_node":"J7383907145"},"geometry":{"type":"LineString","coordinates":[[72.883514,19.067548],[72.883399,19.067526],[72.883133,19.067431],[72.882948,19.067365]]}},{"type":"Feature","properties":{"id":"R0327","name":"Railway Colony Road","highway":"residential","osm_way":789757048,"width_m":6.0,"length_m":102.4,"surface_area":614.6,"catchment_m2":3687.8,"inlet_capacity_lps":25.2,"nearest_drain":"MH-080","from_node":"J4352255196","to_node":"J2246472089"},"geometry":{"type":"LineString","coordinates":[[72.886806,19.06679],[72.88586,19.067013]]}},{"type":"Feature","properties":{"id":"R0328","name":"Railway Colony Road","highway":"residential","osm_way":1152890618,"width_m":6.0,"length_m":11.9,"surface_area":71.5,"catchment_m2":429.1,"inlet_capacity_lps":8.4,"nearest_drain":"MH-090","from_node":"J7383907144","to_node":"J7383907173"},"geometry":{"type":"LineString","coordinates":[[72.882819,19.067319],[72.882769,19.067281],[72.882741,19.067244]]}},{"type":"Feature","properties":{"id":"R0329","name":"Railway Colony Road","highway":"residential","osm_way":789757045,"width_m":6.0,"length_m":14.4,"surface_area":86.5,"catchment_m2":519.1,"inlet_capacity_lps":8.4,"nearest_drain":"MH-090","from_node":"J7383907145","to_node":"J7383907144"},"geometry":{"type":"LineString","coordinates":[[72.882948,19.067365],[72.882819,19.067319]]}},{"type":"Feature","properties":{"id":"R0330","name":"Railway Colony Road","highway":"residential","osm_way":789757048,"width_m":6.0,"length_m":119.0,"surface_area":714.1,"catchment_m2":4284.6,"inlet_capacity_lps":33.6,"nearest_drain":"MH-080","from_node":"J7383907147","to_node":"J2246472082"},"geometry":{"type":"LineString","coordinates":[[72.887927,19.067656],[72.887706,19.067493],[72.887511,19.067264],[72.887286,19.066799]]}},{"type":"Feature","properties":{"id":"R0331","name":"Railway Colony Road","highway":"residential","osm_way":789757049,"width_m":6.0,"length_m":19.9,"surface_area":119.4,"catchment_m2":716.2,"inlet_capacity_lps":8.4,"nearest_drain":"MH-095","from_node":"J7383907148","to_node":"J7383907147"},"geometry":{"type":"LineString","coordinates":[[72.888073,19.06777],[72.887927,19.067656]]}},{"type":"Feature","properties":{"id":"R0332","name":"Railway Colony Road","highway":"residential","osm_way":1155676539,"width_m":6.0,"length_m":24.5,"surface_area":146.9,"catchment_m2":881.2,"inlet_capacity_lps":8.4,"nearest_drain":"MH-095","from_node":"J7383907172","to_node":"J10747444369"},"geometry":{"type":"LineString","coordinates":[[72.888346,19.067692],[72.888245,19.067817],[72.888204,19.067867]]}},{"type":"Feature","properties":{"id":"R0333","name":"Railway Colony Road","highway":"residential","osm_way":1152890620,"width_m":6.0,"length_m":7.6,"surface_area":45.5,"catchment_m2":272.9,"inlet_capacity_lps":8.4,"nearest_drain":"MH-090","from_node":"J7383907173","to_node":"J7383907175"},"geometry":{"type":"LineString","coordinates":[[72.882741,19.067244],[72.882711,19.067181]]}},{"type":"Feature","properties":{"id":"R0334","name":"Railway Colony Road","highway":"residential","osm_way":789757044,"width_m":6.0,"length_m":49.4,"surface_area":296.6,"catchment_m2":1779.8,"inlet_capacity_lps":16.8,"nearest_drain":"MH-090","from_node":"J7383907175","to_node":"J1366009007"},"geometry":{"type":"LineString","coordinates":[[72.882711,19.067181],[72.882617,19.066957],[72.882553,19.066763]]}},{"type":"Feature","properties":{"id":"R0335","name":"Railway Colony Road","highway":"residential","osm_way":1155676539,"width_m":6.0,"length_m":18.0,"surface_area":108.1,"catchment_m2":648.4,"inlet_capacity_lps":8.4,"nearest_drain":"MH-095","from_node":"J10747444369","to_node":"J7383907148"},"geometry":{"type":"LineString","coordinates":[[72.888204,19.067867],[72.888187,19.067867],[72.888073,19.06777]]}},{"type":"Feature","properties":{"id":"R0336","name":"Road 13","highway":"residential","osm_way":1500149955,"width_m":6.0,"length_m":11.2,"surface_area":67.0,"catchment_m2":402.0,"inlet_capacity_lps":8.4,"nearest_drain":"MH-120","from_node":"J4445050836","to_node":"J12353523816"},"geometry":{"type":"LineString","coordinates":[[72.895886,19.069033],[72.895956,19.069108]]}},{"type":"Feature","properties":{"id":"R0337","name":"Road No 1","highway":"residential","osm_way":122303821,"width_m":6.0,"length_m":67.3,"surface_area":403.8,"catchment_m2":2422.7,"inlet_capacity_lps":16.8,"nearest_drain":"MH-050","from_node":"J1367093105","to_node":"J13748553173"},"geometry":{"type":"LineString","coordinates":[[72.893044,19.063117],[72.892548,19.063499]]}},{"type":"Feature","properties":{"id":"R0338","name":"Road No 1","highway":"residential","osm_way":122303821,"width_m":6.0,"length_m":80.7,"surface_area":484.4,"catchment_m2":2906.3,"inlet_capacity_lps":25.2,"nearest_drain":"MH-049","from_node":"J2246471860","to_node":"J13681100973"},"geometry":{"type":"LineString","coordinates":[[72.892083,19.063821],[72.891619,19.063986],[72.891364,19.064075]]}},{"type":"Feature","properties":{"id":"R0339","name":"Road No 1","highway":"residential","osm_way":122303821,"width_m":6.0,"length_m":19.8,"surface_area":118.7,"catchment_m2":712.0,"inlet_capacity_lps":8.4,"nearest_drain":"MH-061","from_node":"J13681100973","to_node":"J13748553177"},"geometry":{"type":"LineString","coordinates":[[72.891364,19.064075],[72.891188,19.064139]]}},{"type":"Feature","properties":{"id":"R0340","name":"Road No 1","highway":"residential","osm_way":122303821,"width_m":6.0,"length_m":60.6,"surface_area":363.4,"catchment_m2":2180.5,"inlet_capacity_lps":16.8,"nearest_drain":"MH-050","from_node":"J13748553173","to_node":"J2246471860"},"geometry":{"type":"LineString","coordinates":[[72.892548,19.063499],[72.892394,19.063617],[72.892083,19.063821]]}},{"type":"Feature","properties":{"id":"R0341","name":"Road No 1","highway":"residential","osm_way":122303821,"width_m":6.0,"length_m":14.2,"surface_area":85.4,"catchment_m2":512.4,"inlet_capacity_lps":8.4,"nearest_drain":"MH-061","from_node":"J13748553177","to_node":"J1367093170"},"geometry":{"type":"LineString","coordinates":[[72.891188,19.064139],[72.891062,19.064186]]}},{"type":"Feature","properties":{"id":"R0342","name":"Road No 13","highway":"residential","osm_way":1155676538,"width_m":6.0,"length_m":128.7,"surface_area":772.3,"catchment_m2":4634.1,"inlet_capacity_lps":33.6,"nearest_drain":"MH-111","from_node":"J1232644013","to_node":"J6495534604"},"geometry":{"type":"LineString","coordinates":[[72.892358,19.067959],[72.89167,19.067001]]}},{"type":"Feature","properties":{"id":"R0343","name":"Road No 13","highway":"residential","osm_way":215242181,"width_m":6.0,"length_m":211.8,"surface_area":1271.1,"catchment_m2":7626.6,"inlet_capacity_lps":58.8,"nearest_drain":"MH-119","from_node":"J2246472123","to_node":"J12071097482"},"geometry":{"type":"LineString","coordinates":[[72.894019,19.067658],[72.894057,19.067851],[72.894953,19.069336]]}},{"type":"Feature","properties":{"id":"R0344","name":"Road No 13","highway":"residential","osm_way":1155676538,"width_m":6.0,"length_m":107.4,"surface_area":644.6,"catchment_m2":3867.7,"inlet_capacity_lps":33.6,"nearest_drain":"MH-099","from_node":"J6495534604","to_node":"J6495534619"},"geometry":{"type":"LineString","coordinates":[[72.89167,19.067001],[72.891096,19.066202]]}},{"type":"Feature","properties":{"id":"R0345","name":"Road No 13","highway":"residential","osm_way":1346601149,"width_m":6.0,"length_m":216.5,"surface_area":1299.1,"catchment_m2":7794.8,"inlet_capacity_lps":58.8,"nearest_drain":"MH-084","from_node":"J6495534619","to_node":"J14002557887"},"geometry":{"type":"LineString","coordinates":[[72.891096,19.066202],[72.890863,19.065846],[72.890732,19.065855],[72.890533,19.065916],[72.890257,19.06602],[72.890049,19.066097],[72.889886,19.066188],[72.889746,19.066289],[72.889673,19.066354],[72.889608,19.066408],[72.88946,19.066541]]}},{"type":"Feature","properties":{"id":"R0346","name":"Road No 13","highway":"residential","osm_way":215242181,"width_m":6.0,"length_m":15.4,"surface_area":92.3,"catchment_m2":553.5,"inlet_capacity_lps":8.4,"nearest_drain":"MH-119","from_node":"J7380517053","to_node":"J13681133050"},"geometry":{"type":"LineString","coordinates":[[72.895158,19.069673],[72.895234,19.069791]]}},{"type":"Feature","properties":{"id":"R0347","name":"Road No 13","highway":"residential","osm_way":215242181,"width_m":6.0,"length_m":7.5,"surface_area":45.2,"catchment_m2":271.5,"inlet_capacity_lps":8.4,"nearest_drain":"MH-119","from_node":"J7380517055","to_node":"J7380517053"},"geometry":{"type":"LineString","coordinates":[[72.895121,19.069615],[72.895158,19.069673]]}},{"type":"Feature","properties":{"id":"R0348","name":"Road No 13","highway":"residential","osm_way":215242181,"width_m":6.0,"length_m":35.7,"surface_area":214.1,"catchment_m2":1284.7,"inlet_capacity_lps":8.4,"nearest_drain":"MH-119","from_node":"J12071097482","to_node":"J7380517055"},"geometry":{"type":"LineString","coordinates":[[72.894953,19.069336],[72.895121,19.069615]]}},{"type":"Feature","properties":{"id":"R0349","name":"Road No 13","highway":"residential","osm_way":215242181,"width_m":6.0,"length_m":66.8,"surface_area":400.7,"catchment_m2":2404.3,"inlet_capacity_lps":16.8,"nearest_drain":"MH-130","from_node":"J13681133032","to_node":"J2246472196"},"geometry":{"type":"LineString","coordinates":[[72.895352,19.069977],[72.89568,19.070492]]}},{"type":"Feature","properties":{"id":"R0350","name":"Road No 13","highway":"residential","osm_way":215242181,"width_m":6.0,"length_m":24.2,"surface_area":144.9,"catchment_m2":869.7,"inlet_capacity_lps":8.4,"nearest_drain":"MH-119","from_node":"J13681133050","to_node":"J13681133032"},"geometry":{"type":"LineString","coordinates":[[72.895234,19.069791],[72.895352,19.069977]]}},{"type":"Feature","properties":{"id":"R0351","name":"Road No 13","highway":"residential","osm_way":1346601149,"width_m":6.0,"length_m":9.6,"surface_area":57.7,"catchment_m2":346.5,"inlet_capacity_lps":8.4,"nearest_drain":"MH-082","from_node":"J14002557887","to_node":"J14002557888"},"geometry":{"type":"LineString","coordinates":[[72.88946,19.066541],[72.889422,19.066579],[72.889397,19.066603]]}},{"type":"Feature","properties":{"id":"R0352","name":"Road No 13","highway":"residential","osm_way":1346601149,"width_m":6.0,"length_m":88.5,"surface_area":530.8,"catchment_m2":3184.8,"inlet_capacity_lps":25.2,"nearest_drain":"MH-096","from_node":"J14002557888","to_node":"J13752713440"},"geometry":{"type":"LineString","coordinates":[[72.889397,19.066603],[72.888811,19.067175]]}},{"type":"Feature","properties":{"id":"R0353","name":"Road No 2","highway":"residential","osm_way":122303822,"width_m":6.0,"length_m":211.7,"surface_area":1270.3,"catchment_m2":7622.0,"inlet_capacity_lps":58.8,"nearest_drain":"MH-035","from_node":"J1367093082","to_node":"J1367093122"},"geometry":{"type":"LineString","coordinates":[[72.892349,19.062581],[72.89205,19.062809],[72.891858,19.062926],[72.891156,19.063198],[72.890562,19.063431]]}},{"type":"Feature","properties":{"id":"R0354","name":"Road No 3","highway":"residential","osm_way":122303824,"width_m":6.0,"length_m":77.4,"surface_area":464.4,"catchment_m2":2786.3,"inlet_capacity_lps":25.2,"nearest_drain":"MH-034","from_node":"J13793358292","to_node":"J14158915992"},"geometry":{"type":"LineString","coordinates":[[72.891722,19.062058],[72.891645,19.062096],[72.891539,19.062132],[72.891319,19.062171],[72.89104,19.062306]]}},{"type":"Feature","properties":{"id":"R0355","name":"Road No 3","highway":"residential","osm_way":122303824,"width_m":6.0,"length_m":110.7,"surface_area":664.1,"catchment_m2":3984.6,"inlet_capacity_lps":33.6,"nearest_drain":"MH-034","from_node":"J14158915986","to_node":"J1367093086"},"geometry":{"type":"LineString","coordinates":[[72.890986,19.062332],[72.890911,19.062369],[72.890583,19.062467],[72.88997,19.06258]]}},{"type":"Feature","properties":{"id":"R0356","name":"Road No 3","highway":"residential","osm_way":122303824,"width_m":6.0,"length_m":6.3,"surface_area":37.9,"catchment_m2":227.2,"inlet_capacity_lps":8.4,"nearest_drain":"MH-034","from_node":"J14158915992","to_node":"J14158915986"},"geometry":{"type":"LineString","coordinates":[[72.89104,19.062306],[72.890986,19.062332]]}},{"type":"Feature","properties":{"id":"R0357","name":"Road No 4","highway":"residential","osm_way":107213238,"width_m":6.0,"length_m":30.8,"surface_area":184.8,"catchment_m2":1109.1,"inlet_capacity_lps":8.4,"nearest_drain":"MH-111","from_node":"J1232644013","to_node":"J7380584097"},"geometry":{"type":"LineString","coordinates":[[72.892358,19.067959],[72.892586,19.067786]]}},{"type":"Feature","properties":{"id":"R0358","name":"Road No 4","highway":"residential","osm_way":275787643,"width_m":6.0,"length_m":135.0,"surface_area":809.9,"catchment_m2":4859.5,"inlet_capacity_lps":33.6,"nearest_drain":"MH-100","from_node":"J1232644316","to_node":"J7384021676"},"geometry":{"type":"LineString","coordinates":[[72.892721,19.067683],[72.893078,19.067501],[72.893158,19.067503],[72.893451,19.06751],[72.893819,19.06757],[72.893951,19.067579]]}},{"type":"Feature","properties":{"id":"R0359","name":"Road No 4","highway":"residential","osm_way":151488615,"width_m":6.0,"length_m":23.5,"surface_area":140.9,"catchment_m2":845.6,"inlet_capacity_lps":8.4,"nearest_drain":"MH-088","from_node":"J1232644335","to_node":"J2246472069"},"geometry":{"type":"LineString","coordinates":[[72.894966,19.066737],[72.895029,19.066534]]}},{"type":"Feature","properties":{"id":"R0360","name":"Road No 4","highway":"residential","osm_way":151488615,"width_m":6.0,"length_m":83.0,"surface_area":497.9,"catchment_m2":2987.2,"inlet_capacity_lps":25.2,"nearest_drain":"MH-102","from_node":"J1232644635","to_node":"J4445143770"},"geometry":{"type":"LineString","coordinates":[[72.894713,19.067719],[72.894915,19.066997]]}},{"type":"Feature","properties":{"id":"R0361","name":"Road No 4","highway":"residential","osm_way":1148433780,"width_m":6.0,"length_m":39.4,"surface_area":236.7,"catchment_m2":1420.0,"inlet_capacity_lps":8.4,"nearest_drain":"MH-076","from_node":"J1232644726","to_node":"J2934429247"},"geometry":{"type":"LineString","coordinates":[[72.895486,19.065899],[72.895446,19.065896],[72.895306,19.065958],[72.895155,19.066053]]}},{"type":"Feature","properties":{"id":"R0362","name":"Road No 4","highway":"residential","osm_way":122303825,"width_m":6.0,"length_m":216.4,"surface_area":1298.6,"catchment_m2":7791.6,"inlet_capacity_lps":58.8,"nearest_drain":"MH-032","from_node":"J1367093063","to_node":"J1367093072"},"geometry":{"type":"LineString","coordinates":[[72.891136,19.061467],[72.890688,19.061643],[72.890104,19.061776],[72.889158,19.061992]]}},{"type":"Feature","properties":{"id":"R0363","name":"Road No 4","highway":"residential","osm_way":151488615,"width_m":6.0,"length_m":44.0,"surface_area":263.9,"catchment_m2":1583.3,"inlet_capacity_lps":8.4,"nearest_drain":"MH-088","from_node":"J2246472069","to_node":"J2439252035"},"geometry":{"type":"LineString","coordinates":[[72.895029,19.066534],[72.895166,19.06616]]}},{"type":"Feature","properties":{"id":"R0364","name":"Road No 4","highway":"residential","osm_way":107213238,"width_m":6.0,"length_m":18.1,"surface_area":108.5,"catchment_m2":651.1,"inlet_capacity_lps":8.4,"nearest_drain":"MH-111","from_node":"J2804594089","to_node":"J1232644013"},"geometry":{"type":"LineString","coordinates":[[72.892236,19.068074],[72.892358,19.067959]]}},{"type":"Feature","properties":{"id":"R0365","name":"Road No 4","highway":"residential","osm_way":1148433780,"width_m":6.0,"length_m":12.5,"surface_area":75.0,"catchment_m2":449.9,"inlet_capacity_lps":8.4,"nearest_drain":"MH-088","from_node":"J2934429247","to_node":"J2439252035"},"geometry":{"type":"LineString","coordinates":[[72.895155,19.066053],[72.895147,19.066126],[72.895166,19.06616]]}},{"type":"Feature","properties":{"id":"R0366","name":"Road No 4","highway":"residential","osm_way":151488615,"width_m":6.0,"length_m":29.4,"surface_area":176.6,"catchment_m2":1059.4,"inlet_capacity_lps":8.4,"nearest_drain":"MH-088","from_node":"J4445143770","to_node":"J1232644335"},"geometry":{"type":"LineString","coordinates":[[72.894915,19.066997],[72.894966,19.066737]]}},{"type":"Feature","properties":{"id":"R0367","name":"Road No 4","highway":"residential","osm_way":789350614,"width_m":6.0,"length_m":13.9,"surface_area":83.1,"catchment_m2":498.7,"inlet_capacity_lps":8.4,"nearest_drain":"MH-100","from_node":"J7380584097","to_node":"J7380584098"},"geometry":{"type":"LineString","coordinates":[[72.892586,19.067786],[72.892689,19.067707]]}},{"type":"Feature","properties":{"id":"R0368","name":"Road No 4","highway":"residential","osm_way":789350615,"width_m":6.0,"length_m":4.3,"surface_area":26.1,"catchment_m2":156.4,"inlet_capacity_lps":8.4,"nearest_drain":"MH-100","from_node":"J7380584098","to_node":"J1232644316"},"geometry":{"type":"LineString","coordinates":[[72.892689,19.067707],[72.892721,19.067683]]}},{"type":"Feature","properties":{"id":"R0369","name":"Road No 4","highway":"residential","osm_way":789350613,"width_m":6.0,"length_m":64.0,"surface_area":384.2,"catchment_m2":2305.2,"inlet_capacity_lps":16.8,"nearest_drain":"MH-101","from_node":"J7384021677","to_node":"J1232644635"},"geometry":{"type":"LineString","coordinates":[[72.894118,19.067597],[72.894713,19.067719]]}},{"type":"Feature","properties":{"id":"R0370","name":"Road No 8","highway":"residential","osm_way":107213255,"width_m":6.0,"length_m":191.2,"surface_area":1147.2,"catchment_m2":6883.1,"inlet_capacity_lps":50.4,"nearest_drain":"MH-120","from_node":"J1232644635","to_node":"J4445050836"},"geometry":{"type":"LineString","coordinates":[[72.894713,19.067719],[72.895255,19.068317],[72.895886,19.069033]]}},{"type":"Feature","properties":{"id":"R0371","name":"Shree Harishwar Marg","highway":"residential","osm_way":215241996,"width_m":6.0,"length_m":14.9,"surface_area":89.6,"catchment_m2":537.7,"inlet_capacity_lps":8.4,"nearest_drain":"MH-029","from_node":"J2246471755","to_node":"J13780530939"},"geometry":{"type":"LineString","coordinates":[[72.885433,19.062879],[72.885539,19.062967]]}},{"type":"Feature","properties":{"id":"R0372","name":"Shree Harishwar Marg","highway":"residential","osm_way":215241996,"width_m":6.0,"length_m":89.0,"surface_area":534.0,"catchment_m2":3204.2,"inlet_capacity_lps":25.2,"nearest_drain":"MH-045","from_node":"J13780530922","to_node":"J2246471854"},"geometry":{"type":"LineString","coordinates":[[72.885835,19.063212],[72.885879,19.063248],[72.886244,19.063548],[72.886474,19.063737]]}},{"type":"Feature","properties":{"id":"R0373","name":"Shree Harishwar Marg","highway":"residential","osm_way":215241996,"width_m":6.0,"length_m":27.5,"surface_area":165.1,"catchment_m2":990.6,"inlet_capacity_lps":8.4,"nearest_drain":"MH-044","from_node":"J13780530936","to_node":"J13780530922"},"geometry":{"type":"LineString","coordinates":[[72.885638,19.063049],[72.885835,19.063212]]}},{"type":"Feature","properties":{"id":"R0374","name":"Shree Harishwar Marg","highway":"residential","osm_way":215241996,"width_m":6.0,"length_m":13.8,"surface_area":82.9,"catchment_m2":497.2,"inlet_capacity_lps":8.4,"nearest_drain":"MH-044","from_node":"J13780530939","to_node":"J13780530936"},"geometry":{"type":"LineString","coordinates":[[72.885539,19.062967],[72.885638,19.063049]]}},{"type":"Feature","properties":{"id":"R0375","name":null,"highway":"residential","osm_way":107213250,"width_m":6.0,"length_m":22.9,"surface_area":137.2,"catchment_m2":823.2,"inlet_capacity_lps":8.4,"nearest_drain":"MH-088","from_node":"J1232644034","to_node":"J2439252027"},"geometry":{"type":"LineString","coordinates":[[72.895749,19.06603],[72.895546,19.065956]]}},{"type":"Feature","properties":{"id":"R0376","name":null,"highway":"residential","osm_way":1120261361,"width_m":6.0,"length_m":134.9,"surface_area":809.4,"catchment_m2":4856.6,"inlet_capacity_lps":33.6,"nearest_drain":"MH-100","from_node":"J1232644316","to_node":"J14002404625"},"geometry":{"type":"LineString","coordinates":[[72.892721,19.067683],[72.892011,19.066672]]}},{"type":"Feature","properties":{"id":"R0377","name":null,"highway":"residential","osm_way":107213254,"width_m":6.0,"length_m":103.0,"surface_area":617.9,"catchment_m2":3707.2,"inlet_capacity_lps":25.2,"nearest_drain":"MH-103","from_node":"J1232644335","to_node":"J2246472090"},"geometry":{"type":"LineString","coordinates":[[72.894966,19.066737],[72.8952,19.066814],[72.895416,19.066884],[72.89548,19.066907],[72.895882,19.067066]]}},{"type":"Feature","properties":{"id":"R0378","name":null,"highway":"residential","osm_way":235853250,"width_m":6.0,"length_m":69.7,"surface_area":418.2,"catchment_m2":2509.0,"inlet_capacity_lps":16.8,"nearest_drain":"MH-078","from_node":"J1366009007","to_node":"J4264430447"},"geometry":{"type":"LineString","coordinates":[[72.882553,19.066763],[72.882331,19.066284],[72.882257,19.066207]]}},{"type":"Feature","properties":{"id":"R0379","name":null,"highway":"residential","osm_way":235864685,"width_m":6.0,"length_m":26.0,"surface_area":156.1,"catchment_m2":936.8,"inlet_capacity_lps":8.4,"nearest_drain":"MH-121","from_node":"J1366009050","to_node":"J2246472177"},"geometry":{"type":"LineString","coordinates":[[72.880414,19.070233],[72.880576,19.070056]]}},{"type":"Feature","properties":{"id":"R0380","name":null,"highway":"residential","osm_way":437964778,"width_m":6.0,"length_m":22.0,"surface_area":132.2,"catchment_m2":793.2,"inlet_capacity_lps":8.4,"nearest_drain":"MH-154","from_node":"J1366009085","to_node":"J13724539735"},"geometry":{"type":"LineString","coordinates":[[72.883157,19.074522],[72.883062,19.074345]]}},{"type":"Feature","properties":{"id":"R0381","name":null,"highway":"residential","osm_way":151889279,"width_m":6.0,"length_m":22.3,"surface_area":133.7,"catchment_m2":802.3,"inlet_capacity_lps":8.4,"nearest_drain":"MH-155","from_node":"J1366009086","to_node":"J13724539740"},"geometry":{"type":"LineString","coordinates":[[72.88384,19.074593],[72.883822,19.074393]]}},{"type":"Feature","properties":{"id":"R0382","name":null,"highway":"residential","osm_way":215242086,"width_m":6.0,"length_m":41.8,"surface_area":250.6,"catchment_m2":1503.5,"inlet_capacity_lps":8.4,"nearest_drain":"MH-058","from_node":"J1366857603","to_node":"J2246471931"},"geometry":{"type":"LineString","coordinates":[[72.887957,19.064731],[72.888339,19.064629]]}},{"type":"Feature","properties":{"id":"R0383","name":null,"highway":"residential","osm_way":437953653,"width_m":6.0,"length_m":90.6,"surface_area":543.4,"catchment_m2":3260.2,"inlet_capacity_lps":25.2,"nearest_drain":"MH-020","from_node":"J1367093072","to_node":"J4357309652"},"geometry":{"type":"LineString","coordinates":[[72.889158,19.061992],[72.888898,19.061639],[72.888653,19.061332]]}},{"type":"Feature","properties":{"id":"R0384","name":null,"highway":"residential","osm_way":1508768891,"width_m":6.0,"length_m":5.4,"surface_area":32.7,"catchment_m2":196.2,"inlet_capacity_lps":8.4,"nearest_drain":"MH-035","from_node":"J1367093082","to_node":"J13793391408"},"geometry":{"type":"LineString","coordinates":[[72.892349,19.062581],[72.892368,19.062565],[72.892388,19.062549]]}},{"type":"Feature","properties":{"id":"R0385","name":null,"highway":"residential","osm_way":437953653,"width_m":6.0,"length_m":73.8,"surface_area":442.7,"catchment_m2":2656.4,"inlet_capacity_lps":16.8,"nearest_drain":"MH-033","from_node":"J1367093086","to_node":"J8693180279"},"geometry":{"type":"LineString","coordinates":[[72.88997,19.06258],[72.889592,19.062648],[72.889424,19.062394]]}},{"type":"Feature","properties":{"id":"R0386","name":null,"highway":"residential","osm_way":699827571,"width_m":6.0,"length_m":113.2,"surface_area":679.0,"catchment_m2":4074.3,"inlet_capacity_lps":33.6,"nearest_drain":"MH-048","from_node":"J1367093086","to_node":"J1367093122"},"geometry":{"type":"LineString","coordinates":[[72.88997,19.06258],[72.890562,19.063431]]}},{"type":"Feature","properties":{"id":"R0387","name":null,"highway":"residential","osm_way":122177894,"width_m":6.0,"length_m":69.8,"surface_area":418.9,"catchment_m2":2513.7,"inlet_capacity_lps":16.8,"nearest_drain":"MH-043","from_node":"J1367093112","to_node":"J4357309677"},"geometry":{"type":"LineString","coordinates":[[72.885081,19.063302],[72.885025,19.063343],[72.884908,19.06347],[72.884754,19.063834]]}},{"type":"Feature","properties":{"id":"R0388","name":null,"highway":"residential","osm_way":122303834,"width_m":6.0,"length_m":98.6,"surface_area":591.9,"catchment_m2":3551.2,"inlet_capacity_lps":25.2,"nearest_drain":"MH-054","from_node":"J1367093147","to_node":"J1367093181"},"geometry":{"type":"LineString","coordinates":[[72.882963,19.064047],[72.883822,19.064402]]}},{"type":"Feature","properties":{"id":"R0389","name":null,"highway":"residential","osm_way":427199210,"width_m":6.0,"length_m":83.8,"surface_area":502.7,"catchment_m2":3016.1,"inlet_capacity_lps":25.2,"nearest_drain":"MH-054","from_node":"J1367093147","to_node":"J4264430286"},"geometry":{"type":"LineString","coordinates":[[72.882963,19.064047],[72.88253,19.06468]]}},{"type":"Feature","properties":{"id":"R0390","name":null,"highway":"residential","osm_way":437953652,"width_m":6.0,"length_m":23.2,"surface_area":139.4,"catchment_m2":836.5,"inlet_capacity_lps":8.4,"nearest_drain":"MH-061","from_node":"J1367093170","to_node":"J11038640722"},"geometry":{"type":"LineString","coordinates":[[72.891062,19.064186],[72.89096,19.064]]}},{"type":"Feature","properties":{"id":"R0391","name":null,"highway":"residential","osm_way":427199215,"width_m":6.0,"length_m":53.3,"surface_area":320.0,"catchment_m2":1919.7,"inlet_capacity_lps":16.8,"nearest_drain":"MH-055","from_node":"J1367093181","to_node":"J13780274564"},"geometry":{"type":"LineString","coordinates":[[72.883822,19.064402],[72.883604,19.064836]]}},{"type":"Feature","properties":{"id":"R0392","name":null,"highway":"residential","osm_way":437953652,"width_m":6.0,"length_m":34.6,"surface_area":207.3,"catchment_m2":1243.8,"inlet_capacity_lps":8.4,"nearest_drain":"MH-073","from_node":"J1367093220","to_node":"J13790173573"},"geometry":{"type":"LineString","coordinates":[[72.89172,19.065135],[72.891534,19.064878]]}},{"type":"Feature","properties":{"id":"R0393","name":null,"highway":"residential","osm_way":789757046,"width_m":6.0,"length_m":47.6,"surface_area":285.6,"catchment_m2":1713.4,"inlet_capacity_lps":16.8,"nearest_drain":"MH-090","from_node":"J1367093353","to_node":"J1366009007"},"geometry":{"type":"LineString","coordinates":[[72.882951,19.066966],[72.882553,19.066763]]}},{"type":"Feature","properties":{"id":"R0394","name":null,"highway":"residential","osm_way":215438770,"width_m":6.0,"length_m":17.8,"surface_area":107.0,"catchment_m2":642.3,"inlet_capacity_lps":8.4,"nearest_drain":"MH-023","from_node":"J1643351864","to_node":"J6572189287"},"geometry":{"type":"LineString","coordinates":[[72.89295,19.061246],[72.893053,19.061118]]}},{"type":"Feature","properties":{"id":"R0395","name":null,"highway":"residential","osm_way":235864685,"width_m":6.0,"length_m":34.8,"surface_area":208.6,"catchment_m2":1251.7,"inlet_capacity_lps":8.4,"nearest_drain":"MH-106","from_node":"J1647285766","to_node":"J1366009025"},"geometry":{"type":"LineString","coordinates":[[72.882104,19.06848],[72.882246,19.068342],[72.882315,19.068241]]}},{"type":"Feature","properties":{"id":"R0396","name":null,"highway":"residential","osm_way":215261295,"width_m":6.0,"length_m":17.8,"surface_area":106.9,"catchment_m2":641.5,"inlet_capacity_lps":8.4,"nearest_drain":"MH-125","from_node":"J1647285772","to_node":"J13798446958"},"geometry":{"type":"LineString","coordinates":[[72.884093,19.070265],[72.884217,19.070374]]}},{"type":"Feature","properties":{"id":"R0397","name":null,"highway":"residential","osm_way":275785281,"width_m":6.0,"length_m":10.0,"surface_area":60.2,"catchment_m2":361.0,"inlet_capacity_lps":8.4,"nearest_drain":"MH-124","from_node":"J1647285772","to_node":"J13798446960"},"geometry":{"type":"LineString","coordinates":[[72.884093,19.070265],[72.884023,19.070204]]}},{"type":"Feature","properties":{"id":"R0398","name":null,"highway":"residential","osm_way":275785281,"width_m":6.0,"length_m":100.4,"surface_area":602.6,"catchment_m2":3615.3,"inlet_capacity_lps":25.2,"nearest_drain":"MH-134","from_node":"J1647285777","to_node":"J1647285772"},"geometry":{"type":"LineString","coordinates":[[72.883463,19.070944],[72.884093,19.070265]]}},{"type":"Feature","properties":{"id":"R0399","name":null,"highway":"residential","osm_way":1557513615,"width_m":6.0,"length_m":32.1,"surface_area":192.9,"catchment_m2":1157.3,"inlet_capacity_lps":8.4,"nearest_drain":"MH-134","from_node":"J1647285777","to_node":"J14165393240"},"geometry":{"type":"LineString","coordinates":[[72.883463,19.070944],[72.883415,19.070974],[72.883209,19.071105]]}},{"type":"Feature","properties":{"id":"R0400","name":null,"highway":"residential","osm_way":215261308,"width_m":6.0,"length_m":28.4,"surface_area":170.2,"catchment_m2":1021.4,"inlet_capacity_lps":8.4,"nearest_drain":"MH-134","from_node":"J1647285780","to_node":"J7380317948"},"geometry":{"type":"LineString","coordinates":[[72.88368,19.071181],[72.88389,19.071342]]}},{"type":"Feature","properties":{"id":"R0401","name":null,"highway":"residential","osm_way":215242012,"width_m":6.0,"length_m":49.4,"surface_area":296.4,"catchment_m2":1778.2,"inlet_capacity_lps":16.8,"nearest_drain":"MH-006","from_node":"J2246471649","to_node":"J2246471656"},"geometry":{"type":"LineString","coordinates":[[72.886103,19.06018],[72.885971,19.060456],[72.885909,19.060585]]}},{"type":"Feature","properties":{"id":"R0402","name":null,"highway":"residential","osm_way":215242012,"width_m":6.0,"length_m":87.1,"surface_area":522.4,"catchment_m2":3134.5,"inlet_capacity_lps":25.2,"nearest_drain":"MH-006","from_node":"J2246471656","to_node":"J6569435666"},"geometry":{"type":"LineString","coordinates":[[72.885909,19.060585],[72.885872,19.060662],[72.885432,19.061222]]}},{"type":"Feature","properties":{"id":"R0403","name":null,"highway":"residential","osm_way":215242087,"width_m":6.0,"length_m":91.0,"surface_area":546.1,"catchment_m2":3276.7,"inlet_capacity_lps":25.2,"nearest_drain":"MH-018","from_node":"J2246471666","to_node":"J10923992391"},"geometry":{"type":"LineString","coordinates":[[72.887179,19.061021],[72.886602,19.060539],[72.886526,19.060484]]}},{"type":"Feature","properties":{"id":"R0404","name":null,"highway":"residential","osm_way":215242158,"width_m":6.0,"length_m":58.2,"surface_area":349.3,"catchment_m2":2096.1,"inlet_capacity_lps":16.8,"nearest_drain":"MH-017","from_node":"J2246471668","to_node":"J2246471679"},"geometry":{"type":"LineString","coordinates":[[72.885962,19.06114],[72.886385,19.061479]]}},{"type":"Feature","properties":{"id":"R0405","name":null,"highway":"residential","osm_way":215242158,"width_m":6.0,"length_m":34.9,"surface_area":209.7,"catchment_m2":1258.0,"inlet_capacity_lps":8.4,"nearest_drain":"MH-018","from_node":"J2246471679","to_node":"J6586250295"},"geometry":{"type":"LineString","coordinates":[[72.886385,19.061479],[72.886636,19.061685]]}},{"type":"Feature","properties":{"id":"R0406","name":null,"highway":"residential","osm_way":1175603772,"width_m":6.0,"length_m":44.4,"surface_area":266.1,"catchment_m2":1596.9,"inlet_capacity_lps":8.4,"nearest_drain":"MH-018","from_node":"J2246471679","to_node":"J10923992389"},"geometry":{"type":"LineString","coordinates":[[72.886385,19.061479],[72.886646,19.061165]]}},{"type":"Feature","properties":{"id":"R0407","name":null,"highway":"residential","osm_way":215242169,"width_m":6.0,"length_m":41.6,"surface_area":249.8,"catchment_m2":1498.6,"inlet_capacity_lps":8.4,"nearest_drain":"MH-018","from_node":"J2246471699","to_node":"J2246471679"},"geometry":{"type":"LineString","coordinates":[[72.886134,19.061768],[72.886385,19.061479]]}},{"type":"Feature","properties":{"id":"R0408","name":null,"highway":"residential","osm_way":699576926,"width_m":6.0,"length_m":95.5,"surface_area":573.1,"catchment_m2":3438.9,"inlet_capacity_lps":25.2,"nearest_drain":"MH-017","from_node":"J2246471699","to_node":"J6569435666"},"geometry":{"type":"LineString","coordinates":[[72.886134,19.061768],[72.885432,19.061222]]}},{"type":"Feature","properties":{"id":"R0409","name":null,"highway":"residential","osm_way":215242169,"width_m":6.0,"length_m":62.7,"surface_area":376.5,"catchment_m2":2258.7,"inlet_capacity_lps":16.8,"nearest_drain":"MH-030","from_node":"J2246471724","to_node":"J6586250296"},"geometry":{"type":"LineString","coordinates":[[72.886826,19.062342],[72.886653,19.062176],[72.886383,19.061964]]}},{"type":"Feature","properties":{"id":"R0410","name":null,"highway":"residential","osm_way":215242169,"width_m":6.0,"length_m":28.4,"surface_area":170.4,"catchment_m2":1022.2,"inlet_capacity_lps":8.4,"nearest_drain":"MH-030","from_node":"J2246471734","to_node":"J2246471724"},"geometry":{"type":"LineString","coordinates":[[72.886994,19.062541],[72.886826,19.062342]]}},{"type":"Feature","properties":{"id":"R0411","name":null,"highway":"residential","osm_way":215242144,"width_m":6.0,"length_m":59.8,"surface_area":358.5,"catchment_m2":2151.3,"inlet_capacity_lps":16.8,"nearest_drain":"MH-036","from_node":"J2246471748","to_node":"J13748553172"},"geometry":{"type":"LineString","coordinates":[[72.892693,19.062847],[72.892248,19.063182]]}},{"type":"Feature","properties":{"id":"R0412","name":null,"highway":"residential","osm_way":215242158,"width_m":6.0,"length_m":52.1,"surface_area":312.9,"catchment_m2":1877.1,"inlet_capacity_lps":16.8,"nearest_drain":"MH-031","from_node":"J2246471753","to_node":"J2246471788"},"geometry":{"type":"LineString","coordinates":[[72.887736,19.062876],[72.888029,19.063254]]}},{"type":"Feature","properties":{"id":"R0413","name":null,"highway":"residential","osm_way":215242169,"width_m":6.0,"length_m":115.5,"surface_area":693.0,"catchment_m2":4158.1,"inlet_capacity_lps":33.6,"nearest_drain":"MH-030","from_node":"J2246471753","to_node":"J2246471734"},"geometry":{"type":"LineString","coordinates":[[72.887736,19.062876],[72.887379,19.063076],[72.886994,19.062541]]}},{"type":"Feature","properties":{"id":"R0414","name":null,"highway":"residential","osm_way":1506806294,"width_m":6.0,"length_m":82.8,"surface_area":496.9,"catchment_m2":2981.6,"inlet_capacity_lps":25.2,"nearest_drain":"MH-029","from_node":"J2246471760","to_node":"J2246471783"},"geometry":{"type":"LineString","coordinates":[[72.88622,19.062946],[72.886197,19.062971],[72.886095,19.063075],[72.886091,19.063087],[72.886091,19.063098],[72.886099,19.063108],[72.886376,19.063331],[72.886389,19.063334],[72.886402,19.063331],[72.886507,19.063228],[72.886523,19.063212]]}},{"type":"Feature","properties":{"id":"R0415","name":null,"highway":"residential","osm_way":1336789933,"width_m":6.0,"length_m":41.0,"surface_area":246.2,"catchment_m2":1477.0,"inlet_capacity_lps":8.4,"nearest_drain":"MH-046","from_node":"J2246471769","to_node":"J2246471788"},"geometry":{"type":"LineString","coordinates":[[72.88834,19.063046],[72.888081,19.063249],[72.888056,19.063258],[72.888029,19.063254]]}},{"type":"Feature","properties":{"id":"R0416","name":null,"highway":"residential","osm_way":215242133,"width_m":6.0,"length_m":203.2,"surface_area":1219.1,"catchment_m2":7314.3,"inlet_capacity_lps":58.8,"nearest_drain":"MH-042","from_node":"J2246471776","to_node":"J4264430277"},"geometry":{"type":"LineString","coordinates":[[72.883307,19.063229],[72.883101,19.063156],[72.88217,19.064515]]}},{"type":"Feature","properties":{"id":"R0417","name":null,"highway":"residential","osm_way":215242094,"width_m":6.0,"length_m":35.0,"surface_area":210.0,"catchment_m2":1259.8,"inlet_capacity_lps":8.4,"nearest_drain":"MH-046","from_node":"J2246471788","to_node":"J2246471849"},"geometry":{"type":"LineString","coordinates":[[72.888029,19.063254],[72.887952,19.063301],[72.887927,19.063317],[72.887756,19.063434]]}},{"type":"Feature","properties":{"id":"R0418","name":null,"highway":"residential","osm_way":215242133,"width_m":6.0,"length_m":20.0,"surface_area":119.7,"catchment_m2":718.3,"inlet_capacity_lps":8.4,"nearest_drain":"MH-042","from_node":"J2246471799","to_node":"J2246471776"},"geometry":{"type":"LineString","coordinates":[[72.883485,19.063293],[72.883307,19.063229]]}},{"type":"Feature","properties":{"id":"R0419","name":null,"highway":"residential","osm_way":1175603774,"width_m":6.0,"length_m":54.8,"surface_area":328.5,"catchment_m2":1971.2,"inlet_capacity_lps":16.8,"nearest_drain":"MH-042","from_node":"J2246471799","to_node":"J10923992395"},"geometry":{"type":"LineString","coordinates":[[72.883485,19.063293],[72.883581,19.063199],[72.883801,19.062904]]}},{"type":"Feature","properties":{"id":"R0420","name":null,"highway":"residential","osm_way":215242133,"width_m":6.0,"length_m":76.0,"surface_area":456.1,"catchment_m2":2736.6,"inlet_capacity_lps":25.2,"nearest_drain":"MH-043","from_node":"J2246471836","to_node":"J12330461932"},"geometry":{"type":"LineString","coordinates":[[72.884206,19.063584],[72.88381,19.063425],[72.883542,19.063313]]}},{"type":"Feature","properties":{"id":"R0421","name":null,"highway":"residential","osm_way":427199215,"width_m":6.0,"length_m":99.5,"surface_area":597.0,"catchment_m2":3582.3,"inlet_capacity_lps":25.2,"nearest_drain":"MH-055","from_node":"J2246471836","to_node":"J1367093181"},"geometry":{"type":"LineString","coordinates":[[72.884206,19.063584],[72.883822,19.064402]]}},{"type":"Feature","properties":{"id":"R0422","name":null,"highway":"residential","osm_way":215242081,"width_m":6.0,"length_m":22.1,"surface_area":132.4,"catchment_m2":794.7,"inlet_capacity_lps":8.4,"nearest_drain":"MH-049","from_node":"J2246471860","to_node":"J13681100965"},"geometry":{"type":"LineString","coordinates":[[72.892083,19.063821],[72.892133,19.064014]]}},{"type":"Feature","properties":{"id":"R0423","name":null,"highway":"residential","osm_way":437953652,"width_m":6.0,"length_m":48.1,"surface_area":288.3,"catchment_m2":1729.9,"inlet_capacity_lps":16.8,"nearest_drain":"MH-048","from_node":"J2246471861","to_node":"J1367093122"},"geometry":{"type":"LineString","coordinates":[[72.890829,19.063781],[72.890562,19.063431]]}},{"type":"Feature","properties":{"id":"R0424","name":null,"highway":"residential","osm_way":215242081,"width_m":6.0,"length_m":27.4,"surface_area":164.7,"catchment_m2":988.1,"inlet_capacity_lps":8.4,"nearest_drain":"MH-073","from_node":"J2246471917","to_node":"J1367093218"},"geometry":{"type":"LineString","coordinates":[[72.892313,19.064721],[72.892376,19.064961]]}},{"type":"Feature","properties":{"id":"R0425","name":null,"highway":"residential","osm_way":215242156,"width_m":6.0,"length_m":5.9,"surface_area":35.6,"catchment_m2":213.4,"inlet_capacity_lps":8.4,"nearest_drain":"MH-062","from_node":"J2246471917","to_node":"J13681100957"},"geometry":{"type":"LineString","coordinates":[[72.892313,19.064721],[72.89235,19.064714],[72.892368,19.064709]]}},{"type":"Feature","properties":{"id":"R0426","name":null,"highway":"residential","osm_way":215242082,"width_m":6.0,"length_m":29.1,"surface_area":174.8,"catchment_m2":1048.6,"inlet_capacity_lps":8.4,"nearest_drain":"MH-058","from_node":"J2246471931","to_node":"J12071071220"},"geometry":{"type":"LineString","coordinates":[[72.888339,19.064629],[72.888484,19.064852]]}},{"type":"Feature","properties":{"id":"R0427","name":null,"highway":"residential","osm_way":215242086,"width_m":6.0,"length_m":109.7,"surface_area":658.2,"catchment_m2":3949.4,"inlet_capacity_lps":33.6,"nearest_drain":"MH-058","from_node":"J2246471931","to_node":"J2246471918"},"geometry":{"type":"LineString","coordinates":[[72.888339,19.064629],[72.889344,19.064361]]}},{"type":"Feature","properties":{"id":"R0428","name":null,"highway":"residential","osm_way":215242012,"width_m":6.0,"length_m":619.5,"surface_area":3717.2,"catchment_m2":22303.0,"inlet_capacity_lps":176.4,"nearest_drain":"MH-072","from_node":"J2246471980","to_node":"J2246471659"},"geometry":{"type":"LineString","coordinates":[[72.890648,19.065307],[72.888328,19.062018],[72.888086,19.061667],[72.887393,19.060662]]}},{"type":"Feature","properties":{"id":"R0429","name":null,"highway":"residential","osm_way":686150965,"width_m":6.0,"length_m":178.1,"surface_area":1068.8,"catchment_m2":6412.7,"inlet_capacity_lps":50.4,"nearest_drain":"MH-075","from_node":"J2246472016","to_node":"J6431316956"},"geometry":{"type":"LineString","coordinates":[[72.892069,19.065937],[72.892772,19.065756],[72.893327,19.065606],[72.893512,19.065558],[72.893624,19.065405]]}},{"type":"Feature","properties":{"id":"R0430","name":null,"highway":"residential","osm_way":289910509,"width_m":6.0,"length_m":14.1,"surface_area":84.5,"catchment_m2":507.0,"inlet_capacity_lps":8.4,"nearest_drain":"MH-075","from_node":"J2246472025","to_node":"J14002601825"},"geometry":{"type":"LineString","coordinates":[[72.893977,19.065903],[72.894109,19.06592]]}},{"type":"Feature","properties":{"id":"R0431","name":null,"highway":"residential","osm_way":1176140837,"width_m":6.0,"length_m":25.9,"surface_area":155.5,"catchment_m2":932.9,"inlet_capacity_lps":8.4,"nearest_drain":"MH-087","from_node":"J2246472025","to_node":"J13638176120"},"geometry":{"type":"LineString","coordinates":[[72.893977,19.065903],[72.894011,19.066134]]}},{"type":"Feature","properties":{"id":"R0432","name":null,"highway":"residential","osm_way":1537168634,"width_m":6.0,"length_m":20.3,"surface_area":121.9,"catchment_m2":731.3,"inlet_capacity_lps":8.4,"nearest_drain":"MH-075","from_node":"J2246472025","to_node":"J14002601813"},"geometry":{"type":"LineString","coordinates":[[72.893977,19.065903],[72.893783,19.065902]]}},{"type":"Feature","properties":{"id":"R0433","name":null,"highway":"residential","osm_way":1537168635,"width_m":6.0,"length_m":30.6,"surface_area":183.5,"catchment_m2":1101.2,"inlet_capacity_lps":8.4,"nearest_drain":"MH-085","from_node":"J2246472050","to_node":"J14002404618"},"geometry":{"type":"LineString","coordinates":[[72.89222,19.066219],[72.892186,19.066154],[72.892096,19.06597]]}},{"type":"Feature","properties":{"id":"R0434","name":null,"highway":"residential","osm_way":215242097,"width_m":6.0,"length_m":121.6,"surface_area":729.7,"catchment_m2":4378.1,"inlet_capacity_lps":33.6,"nearest_drain":"MH-101","from_node":"J2246472068","to_node":"J2246472125"},"geometry":{"type":"LineString","coordinates":[[72.893938,19.066419],[72.893957,19.066803],[72.893973,19.067113],[72.893994,19.067511]]}},{"type":"Feature","properties":{"id":"R0435","name":null,"highway":"residential","osm_way":1176140836,"width_m":6.0,"length_m":115.4,"surface_area":692.7,"catchment_m2":4156.1,"inlet_capacity_lps":33.6,"nearest_drain":"MH-087","from_node":"J2246472069","to_node":"J2246472068"},"geometry":{"type":"LineString","coordinates":[[72.895029,19.066534],[72.893938,19.066419]]}},{"type":"Feature","properties":{"id":"R0436","name":null,"highway":"residential","osm_way":1291813745,"width_m":6.0,"length_m":56.6,"surface_area":339.6,"catchment_m2":2037.5,"inlet_capacity_lps":16.8,"nearest_drain":"MH-081","from_node":"J2246472082","to_node":"J10548601342"},"geometry":{"type":"LineString","coordinates":[[72.887286,19.066799],[72.887395,19.066769],[72.887806,19.066666]]}},{"type":"Feature","properties":{"id":"R0437","name":null,"highway":"residential","osm_way":739712009,"width_m":6.0,"length_m":237.6,"surface_area":1425.5,"catchment_m2":8553.2,"inlet_capacity_lps":67.2,"nearest_drain":"MH-091","from_node":"J2246472120","to_node":"J2246472156"},"geometry":{"type":"LineString","coordinates":[[72.883514,19.067548],[72.884004,19.067894],[72.88457,19.068321],[72.884751,19.068139],[72.885258,19.068539]]}},{"type":"Feature","properties":{"id":"R0438","name":null,"highway":"residential","osm_way":789765610,"width_m":6.0,"length_m":13.7,"surface_area":82.5,"catchment_m2":494.8,"inlet_capacity_lps":8.4,"nearest_drain":"MH-101","from_node":"J2246472123","to_node":"J7384021677"},"geometry":{"type":"LineString","coordinates":[[72.894019,19.067658],[72.894045,19.067659],[72.89407,19.067653],[72.894092,19.067639],[72.894109,19.06762],[72.894118,19.067597]]}},{"type":"Feature","properties":{"id":"R0439","name":null,"highway":"residential","osm_way":789765610,"width_m":6.0,"length_m":9.2,"surface_area":55.0,"catchment_m2":329.8,"inlet_capacity_lps":8.4,"nearest_drain":"MH-101","from_node":"J2246472125","to_node":"J7384021676"},"geometry":{"type":"LineString","coordinates":[[72.893994,19.067511],[72.893972,19.067529],[72.893957,19.067552],[72.893951,19.067579]]}},{"type":"Feature","properties":{"id":"R0440","name":null,"highway":"residential","osm_way":215242080,"width_m":6.0,"length_m":149.4,"surface_area":896.6,"catchment_m2":5379.3,"inlet_capacity_lps":42.0,"nearest_drain":"MH-092","from_node":"J2246472138","to_node":"J2246472099"},"geometry":{"type":"LineString","coordinates":[[72.88601,19.06809],[72.885342,19.067591],[72.885116,19.067419],[72.884897,19.067254]]}},{"type":"Feature","properties":{"id":"R0441","name":null,"highway":"residential","osm_way":215242120,"width_m":6.0,"length_m":170.7,"surface_area":1024.0,"catchment_m2":6144.0,"inlet_capacity_lps":50.4,"nearest_drain":"MH-093","from_node":"J2246472138","to_node":"J2246472089"},"geometry":{"type":"LineString","coordinates":[[72.88601,19.06809],[72.886508,19.067517],[72.88586,19.067013]]}},{"type":"Feature","properties":{"id":"R0442","name":null,"highway":"residential","osm_way":215242120,"width_m":6.0,"length_m":19.8,"surface_area":119.1,"catchment_m2":714.6,"inlet_capacity_lps":8.4,"nearest_drain":"MH-107","from_node":"J2246472148","to_node":"J2246472138"},"geometry":{"type":"LineString","coordinates":[[72.885898,19.068234],[72.88601,19.06809]]}},{"type":"Feature","properties":{"id":"R0443","name":null,"highway":"residential","osm_way":739712009,"width_m":6.0,"length_m":207.4,"surface_area":1244.6,"catchment_m2":7467.5,"inlet_capacity_lps":58.8,"nearest_drain":"MH-116","from_node":"J2246472148","to_node":"J7380317975"},"geometry":{"type":"LineString","coordinates":[[72.885898,19.068234],[72.886603,19.068749],[72.887078,19.069136],[72.887268,19.069491],[72.887285,19.069519]]}},{"type":"Feature","properties":{"id":"R0444","name":null,"highway":"residential","osm_way":686142038,"width_m":6.0,"length_m":73.5,"surface_area":441.0,"catchment_m2":2646.0,"inlet_capacity_lps":16.8,"nearest_drain":"MH-114","from_node":"J2246472154","to_node":"J6431154248"},"geometry":{"type":"LineString","coordinates":[[72.88119,19.068493],[72.881502,19.069085]]}},{"type":"Feature","properties":{"id":"R0445","name":null,"highway":"residential","osm_way":739712009,"width_m":6.0,"length_m":83.5,"surface_area":500.8,"catchment_m2":3005.0,"inlet_capacity_lps":25.2,"nearest_drain":"MH-107","from_node":"J2246472156","to_node":"J2246472148"},"geometry":{"type":"LineString","coordinates":[[72.885258,19.068539],[72.885522,19.068248],[72.885589,19.068217],[72.885705,19.0682],[72.885898,19.068234]]}},{"type":"Feature","properties":{"id":"R0446","name":null,"highway":"residential","osm_way":789278054,"width_m":6.0,"length_m":106.0,"surface_area":636.2,"catchment_m2":3817.4,"inlet_capacity_lps":33.6,"nearest_drain":"MH-113","from_node":"J2246472163","to_node":"J7379899432"},"geometry":{"type":"LineString","coordinates":[[72.880126,19.068691],[72.880305,19.069629]]}},{"type":"Feature","properties":{"id":"R0447","name":null,"highway":"residential","osm_way":235864685,"width_m":6.0,"length_m":145.4,"surface_area":872.2,"catchment_m2":5233.0,"inlet_capacity_lps":42.0,"nearest_drain":"MH-121","from_node":"J2246472177","to_node":"J6431154248"},"geometry":{"type":"LineString","coordinates":[[72.880576,19.070056],[72.881502,19.069085]]}},{"type":"Feature","properties":{"id":"R0448","name":null,"highway":"residential","osm_way":437412714,"width_m":6.0,"length_m":140.4,"surface_area":842.6,"catchment_m2":5055.8,"inlet_capacity_lps":42.0,"nearest_drain":"MH-122","from_node":"J2246472198","to_node":"J4352245961"},"geometry":{"type":"LineString","coordinates":[[72.880874,19.070523],[72.881109,19.070351],[72.881277,19.070297],[72.881476,19.070351],[72.881639,19.070447],[72.881909,19.070802]]}},{"type":"Feature","properties":{"id":"R0449","name":null,"highway":"residential","osm_way":437412715,"width_m":6.0,"length_m":60.6,"surface_area":363.6,"catchment_m2":2181.7,"inlet_capacity_lps":16.8,"nearest_drain":"MH-121","from_node":"J2246472198","to_node":"J2246472177"},"geometry":{"type":"LineString","coordinates":[[72.880874,19.070523],[72.880576,19.070056]]}},{"type":"Feature","properties":{"id":"R0450","name":null,"highway":"residential","osm_way":478857798,"width_m":6.0,"length_m":108.9,"surface_area":653.1,"catchment_m2":3918.6,"inlet_capacity_lps":33.6,"nearest_drain":"MH-121","from_node":"J2246472198","to_node":"J2246472218"},"geometry":{"type":"LineString","coordinates":[[72.880874,19.070523],[72.880896,19.070595],[72.88092,19.070674],[72.880944,19.070793],[72.880982,19.070917],[72.881019,19.070976],[72.881097,19.071062],[72.881215,19.071047],[72.881344,19.071042],[72.881387,19.0711],[72.88142,19.071178]]}},{"type":"Feature","properties":{"id":"R0451","name":null,"highway":"residential","osm_way":449412718,"width_m":6.0,"length_m":99.8,"surface_area":599.1,"catchment_m2":3594.4,"inlet_capacity_lps":25.2,"nearest_drain":"MH-132","from_node":"J2246472218","to_node":"J4463696697"},"geometry":{"type":"LineString","coordinates":[[72.88142,19.071178],[72.882352,19.071005]]}},{"type":"Feature","properties":{"id":"R0452","name":null,"highway":"residential","osm_way":215242014,"width_m":6.0,"length_m":96.3,"surface_area":577.7,"catchment_m2":3466.4,"inlet_capacity_lps":25.2,"nearest_drain":"MH-140","from_node":"J2246472261","to_node":"J2246472218"},"geometry":{"type":"LineString","coordinates":[[72.881526,19.07203],[72.881547,19.071797],[72.88154,19.07165],[72.88142,19.071178]]}},{"type":"Feature","properties":{"id":"R0453","name":null,"highway":"residential","osm_way":215242014,"width_m":6.0,"length_m":15.0,"surface_area":90.2,"catchment_m2":541.3,"inlet_capacity_lps":8.4,"nearest_drain":"MH-140","from_node":"J2246472263","to_node":"J2246472261"},"geometry":{"type":"LineString","coordinates":[[72.881524,19.072165],[72.881526,19.07203]]}},{"type":"Feature","properties":{"id":"R0454","name":null,"highway":"residential","osm_way":1343728186,"width_m":6.0,"length_m":8.0,"surface_area":48.2,"catchment_m2":288.9,"inlet_capacity_lps":8.4,"nearest_drain":"MH-151","from_node":"J2246472348","to_node":"J10207331619"},"geometry":{"type":"LineString","coordinates":[[72.885306,19.073514],[72.88538,19.073496]]}},{"type":"Feature","properties":{"id":"R0455","name":null,"highway":"residential","osm_way":151889279,"width_m":6.0,"length_m":66.1,"surface_area":396.8,"catchment_m2":2380.7,"inlet_capacity_lps":16.8,"nearest_drain":"MH-149","from_node":"J2246472362","to_node":"J2246472346"},"geometry":{"type":"LineString","coordinates":[[72.88377,19.073904],[72.88369,19.073314]]}},{"type":"Feature","properties":{"id":"R0456","name":null,"highway":"residential","osm_way":215241998,"width_m":6.0,"length_m":167.1,"surface_area":1002.8,"catchment_m2":6017.0,"inlet_capacity_lps":50.4,"nearest_drain":"MH-155","from_node":"J2246472362","to_node":"J2246472348"},"geometry":{"type":"LineString","coordinates":[[72.88377,19.073904],[72.885306,19.073514]]}},{"type":"Feature","properties":{"id":"R0457","name":null,"highway":"residential","osm_way":339195631,"width_m":6.0,"length_m":56.6,"surface_area":339.6,"catchment_m2":2037.8,"inlet_capacity_lps":16.8,"nearest_drain":"MH-004","from_node":"J2246660978","to_node":"J2246660981"},"geometry":{"type":"LineString","coordinates":[[72.883284,19.060237],[72.88337,19.060299],[72.883715,19.060543]]}},{"type":"Feature","properties":{"id":"R0458","name":null,"highway":"residential","osm_way":339195631,"width_m":6.0,"length_m":77.0,"surface_area":462.2,"catchment_m2":2773.0,"inlet_capacity_lps":25.2,"nearest_drain":"MH-005","from_node":"J2246660981","to_node":"J3463796101"},"geometry":{"type":"LineString","coordinates":[[72.883715,19.060543],[72.8843,19.06096]]}},{"type":"Feature","properties":{"id":"R0459","name":null,"highway":"residential","osm_way":215261273,"width_m":6.0,"length_m":171.2,"surface_area":1027.2,"catchment_m2":6163.2,"inlet_capacity_lps":50.4,"nearest_drain":"MH-024","from_node":"J2246660983","to_node":"J2246661012"},"geometry":{"type":"LineString","coordinates":[[72.881057,19.061289],[72.88084,19.061317],[72.880592,19.061489],[72.880503,19.061709],[72.880449,19.061851],[72.880455,19.062008],[72.88055,19.062164],[72.880598,19.062232],[72.880682,19.062287],[72.880807,19.062361]]}},{"type":"Feature","properties":{"id":"R0460","name":null,"highway":"residential","osm_way":692008085,"width_m":6.0,"length_m":59.7,"surface_area":358.0,"catchment_m2":2148.1,"inlet_capacity_lps":16.8,"nearest_drain":"MH-013","from_node":"J2246660983","to_node":"J10264297683"},"geometry":{"type":"LineString","coordinates":[[72.881057,19.061289],[72.880901,19.060773]]}},{"type":"Feature","properties":{"id":"R0461","name":null,"highway":"residential","osm_way":215261294,"width_m":6.0,"length_m":55.3,"surface_area":331.8,"catchment_m2":1991.0,"inlet_capacity_lps":16.8,"nearest_drain":"MH-003","from_node":"J2246660987","to_node":"J2248802708"},"geometry":{"type":"LineString","coordinates":[[72.882317,19.061363],[72.88264,19.06097]]}},{"type":"Feature","properties":{"id":"R0462","name":null,"highway":"residential","osm_way":1122224044,"width_m":6.0,"length_m":7.8,"surface_area":46.6,"catchment_m2":279.4,"inlet_capacity_lps":8.4,"nearest_drain":"MH-014","from_node":"J2246660987","to_node":"J10264297694"},"geometry":{"type":"LineString","coordinates":[[72.882317,19.061363],[72.882274,19.061419]]}},{"type":"Feature","properties":{"id":"R0463","name":null,"highway":"residential","osm_way":215261289,"width_m":6.0,"length_m":161.6,"surface_area":969.5,"catchment_m2":5817.2,"inlet_capacity_lps":42.0,"nearest_drain":"MH-004","from_node":"J2246660993","to_node":"J2246660981"},"geometry":{"type":"LineString","coordinates":[[72.882716,19.061647],[72.883715,19.060543]]}},{"type":"Feature","properties":{"id":"R0464","name":null,"highway":"residential","osm_way":1122224043,"width_m":6.0,"length_m":8.5,"surface_area":50.9,"catchment_m2":305.6,"inlet_capacity_lps":8.4,"nearest_drain":"MH-014","from_node":"J2246660993","to_node":"J10264297693"},"geometry":{"type":"LineString","coordinates":[[72.882716,19.061647],[72.882663,19.061705]]}},{"type":"Feature","properties":{"id":"R0465","name":null,"highway":"residential","osm_way":215261273,"width_m":6.0,"length_m":160.8,"surface_area":964.8,"catchment_m2":5788.7,"inlet_capacity_lps":42.0,"nearest_drain":"MH-013","from_node":"J2246661008","to_node":"J2246660983"},"geometry":{"type":"LineString","coordinates":[[72.882226,19.06219],[72.882203,19.062166],[72.881227,19.061322],[72.881057,19.061289]]}},{"type":"Feature","properties":{"id":"R0466","name":null,"highway":"residential","osm_way":215261273,"width_m":6.0,"length_m":51.9,"surface_area":311.3,"catchment_m2":1867.8,"inlet_capacity_lps":16.8,"nearest_drain":"MH-024","from_node":"J2246661012","to_node":"J13780483675"},"geometry":{"type":"LineString","coordinates":[[72.880807,19.062361],[72.881235,19.062594]]}},{"type":"Feature","properties":{"id":"R0467","name":null,"highway":"residential","osm_way":215261273,"width_m":6.0,"length_m":86.4,"surface_area":518.2,"catchment_m2":3109.0,"inlet_capacity_lps":25.2,"nearest_drain":"MH-026","from_node":"J2246661016","to_node":"J2246661008"},"geometry":{"type":"LineString","coordinates":[[72.882836,19.06271],[72.882507,19.062439],[72.882226,19.06219]]}},{"type":"Feature","properties":{"id":"R0468","name":null,"highway":"residential","osm_way":1493006136,"width_m":6.0,"length_m":7.8,"surface_area":46.9,"catchment_m2":281.2,"inlet_capacity_lps":8.4,"nearest_drain":"MH-026","from_node":"J2246661016","to_node":"J13681073485"},"geometry":{"type":"LineString","coordinates":[[72.882836,19.06271],[72.882893,19.062755]]}},{"type":"Feature","properties":{"id":"R0469","name":null,"highway":"residential","osm_way":215261302,"width_m":6.0,"length_m":7.5,"surface_area":44.7,"catchment_m2":268.3,"inlet_capacity_lps":8.4,"nearest_drain":"MH-024","from_node":"J2246661018","to_node":"J10264297674"},"geometry":{"type":"LineString","coordinates":[[72.880488,19.062883],[72.88053,19.062829]]}},{"type":"Feature","properties":{"id":"R0470","name":null,"highway":"residential","osm_way":215261273,"width_m":6.0,"length_m":87.8,"surface_area":526.7,"catchment_m2":3160.1,"inlet_capacity_lps":25.2,"nearest_drain":"MH-041","from_node":"J2246661020","to_node":"J2246661022"},"geometry":{"type":"LineString","coordinates":[[72.881532,19.062909],[72.882115,19.063474]]}},{"type":"Feature","properties":{"id":"R0471","name":null,"highway":"residential","osm_way":215261299,"width_m":6.0,"length_m":108.2,"surface_area":649.1,"catchment_m2":3894.8,"inlet_capacity_lps":33.6,"nearest_drain":"MH-026","from_node":"J2246661020","to_node":"J2246661008"},"geometry":{"type":"LineString","coordinates":[[72.881532,19.062909],[72.882226,19.06219]]}},{"type":"Feature","properties":{"id":"R0472","name":null,"highway":"residential","osm_way":1493006137,"width_m":6.0,"length_m":10.3,"surface_area":61.5,"catchment_m2":369.0,"inlet_capacity_lps":8.4,"nearest_drain":"MH-041","from_node":"J2246661022","to_node":"J13681073486"},"geometry":{"type":"LineString","coordinates":[[72.882115,19.063474],[72.882186,19.063537]]}},{"type":"Feature","properties":{"id":"R0473","name":null,"highway":"residential","osm_way":235864685,"width_m":6.0,"length_m":42.3,"surface_area":254.0,"catchment_m2":1523.9,"inlet_capacity_lps":8.4,"nearest_drain":"MH-106","from_node":"J2246661033","to_node":"J1647285766"},"geometry":{"type":"LineString","coordinates":[[72.881844,19.068771],[72.882104,19.06848]]}},{"type":"Feature","properties":{"id":"R0474","name":null,"highway":"residential","osm_way":1392329933,"width_m":6.0,"length_m":7.0,"surface_area":41.8,"catchment_m2":250.7,"inlet_capacity_lps":8.4,"nearest_drain":"MH-105","from_node":"J2246661033","to_node":"J12888608855"},"geometry":{"type":"LineString","coordinates":[[72.881844,19.068771],[72.881807,19.068719]]}},{"type":"Feature","properties":{"id":"R0475","name":null,"highway":"residential","osm_way":275785281,"width_m":6.0,"length_m":158.8,"surface_area":953.0,"catchment_m2":5718.0,"inlet_capacity_lps":42.0,"nearest_drain":"MH-106","from_node":"J2246661036","to_node":"J1647285766"},"geometry":{"type":"LineString","coordinates":[[72.883189,19.069474],[72.882104,19.06848]]}},{"type":"Feature","properties":{"id":"R0476","name":null,"highway":"residential","osm_way":215261317,"width_m":6.0,"length_m":87.3,"surface_area":524.1,"catchment_m2":3144.4,"inlet_capacity_lps":25.2,"nearest_drain":"MH-123","from_node":"J2246661041","to_node":"J2246661036"},"geometry":{"type":"LineString","coordinates":[[72.882651,19.070073],[72.883189,19.069474]]}},{"type":"Feature","properties":{"id":"R0477","name":null,"highway":"residential","osm_way":215261294,"width_m":6.0,"length_m":55.8,"surface_area":335.0,"catchment_m2":2010.0,"inlet_capacity_lps":16.8,"nearest_drain":"MH-004","from_node":"J2248802688","to_node":"J2246660978"},"geometry":{"type":"LineString","coordinates":[[72.882941,19.060621],[72.883284,19.060237]]}},{"type":"Feature","properties":{"id":"R0478","name":null,"highway":"residential","osm_way":1122224042,"width_m":6.0,"length_m":5.6,"surface_area":33.9,"catchment_m2":203.3,"inlet_capacity_lps":8.4,"nearest_drain":"MH-001","from_node":"J2248802693","to_node":"J10264297692"},"geometry":{"type":"LineString","coordinates":[[72.880746,19.06074],[72.880756,19.06079]]}},{"type":"Feature","properties":{"id":"R0479","name":null,"highway":"residential","osm_way":215261294,"width_m":6.0,"length_m":50.1,"surface_area":300.4,"catchment_m2":1802.6,"inlet_capacity_lps":16.8,"nearest_drain":"MH-003","from_node":"J2248802708","to_node":"J2248802688"},"geometry":{"type":"LineString","coordinates":[[72.88264,19.06097],[72.882941,19.060621]]}},{"type":"Feature","properties":{"id":"R0480","name":null,"highway":"residential","osm_way":215438770,"width_m":6.0,"length_m":24.7,"surface_area":148.4,"catchment_m2":890.7,"inlet_capacity_lps":8.4,"nearest_drain":"MH-035","from_node":"J2248802788","to_node":"J10923992381"},"geometry":{"type":"LineString","coordinates":[[72.891742,19.062082],[72.891954,19.061985]]}},{"type":"Feature","properties":{"id":"R0481","name":null,"highway":"residential","osm_way":789278042,"width_m":6.0,"length_m":9.4,"surface_area":56.4,"catchment_m2":338.5,"inlet_capacity_lps":8.4,"nearest_drain":"MH-076","from_node":"J2439252027","to_node":"J1232644726"},"geometry":{"type":"LineString","coordinates":[[72.895546,19.065956],[72.895527,19.065922],[72.895486,19.065899]]}},{"type":"Feature","properties":{"id":"R0482","name":null,"highway":"residential","osm_way":235853251,"width_m":6.0,"length_m":50.5,"surface_area":303.0,"catchment_m2":1817.8,"inlet_capacity_lps":16.8,"nearest_drain":"MH-088","from_node":"J2439252035","to_node":"J2439252027"},"geometry":{"type":"LineString","coordinates":[[72.895166,19.06616],[72.895205,19.066173],[72.895247,19.066174],[72.895288,19.066159],[72.895365,19.06612],[72.895505,19.066046],[72.895534,19.066005],[72.895546,19.065956]]}},{"type":"Feature","properties":{"id":"R0483","name":null,"highway":"residential","osm_way":789317003,"width_m":6.0,"length_m":14.1,"surface_area":84.7,"catchment_m2":508.5,"inlet_capacity_lps":8.4,"nearest_drain":"MH-135","from_node":"J2804509205","to_node":"J7380317940"},"geometry":{"type":"LineString","coordinates":[[72.884948,19.071021],[72.88504,19.071114]]}},{"type":"Feature","properties":{"id":"R0484","name":null,"highway":"residential","osm_way":1178276006,"width_m":6.0,"length_m":142.2,"surface_area":853.2,"catchment_m2":5119.2,"inlet_capacity_lps":42.0,"nearest_drain":"MH-097","from_node":"J2804594091","to_node":"J10945862257"},"geometry":{"type":"LineString","coordinates":[[72.890317,19.067865],[72.889928,19.067833],[72.889628,19.067761],[72.889392,19.06767],[72.889303,19.067635],[72.889205,19.067577],[72.889046,19.067486]]}},{"type":"Feature","properties":{"id":"R0485","name":null,"highway":"residential","osm_way":427199215,"width_m":6.0,"length_m":1.5,"surface_area":9.1,"catchment_m2":54.6,"inlet_capacity_lps":8.4,"nearest_drain":"MH-016","from_node":"J4264430241","to_node":"J13681370453"},"geometry":{"type":"LineString","coordinates":[[72.885111,19.061591],[72.885105,19.061603]]}},{"type":"Feature","properties":{"id":"R0486","name":null,"highway":"residential","osm_way":427199215,"width_m":6.0,"length_m":86.5,"surface_area":518.7,"catchment_m2":3112.3,"inlet_capacity_lps":25.2,"nearest_drain":"MH-028","from_node":"J4264430257","to_node":"J2246471836"},"geometry":{"type":"LineString","coordinates":[[72.884534,19.062871],[72.884206,19.063584]]}},{"type":"Feature","properties":{"id":"R0487","name":null,"highway":"residential","osm_way":427199211,"width_m":6.0,"length_m":70.0,"surface_area":420.0,"catchment_m2":2519.9,"inlet_capacity_lps":16.8,"nearest_drain":"MH-053","from_node":"J4264430277","to_node":"J10207397929"},"geometry":{"type":"LineString","coordinates":[[72.88217,19.064515],[72.881845,19.064331],[72.88161,19.064174]]}},{"type":"Feature","properties":{"id":"R0488","name":null,"highway":"residential","osm_way":427199211,"width_m":6.0,"length_m":42.1,"surface_area":252.3,"catchment_m2":1514.1,"inlet_capacity_lps":8.4,"nearest_drain":"MH-054","from_node":"J4264430286","to_node":"J4264430277"},"geometry":{"type":"LineString","coordinates":[[72.88253,19.06468],[72.88217,19.064515]]}},{"type":"Feature","properties":{"id":"R0489","name":null,"highway":"residential","osm_way":427199215,"width_m":6.0,"length_m":41.3,"surface_area":247.8,"catchment_m2":1486.9,"inlet_capacity_lps":8.4,"nearest_drain":"MH-069","from_node":"J4264430400","to_node":"J4264430413"},"geometry":{"type":"LineString","coordinates":[[72.883476,19.06509],[72.883289,19.065417]]}},{"type":"Feature","properties":{"id":"R0490","name":null,"highway":"residential","osm_way":1103367045,"width_m":6.0,"length_m":38.3,"surface_area":229.7,"catchment_m2":1378.1,"inlet_capacity_lps":8.4,"nearest_drain":"MH-069","from_node":"J4264430400","to_node":"J10784473555"},"geometry":{"type":"LineString","coordinates":[[72.883476,19.06509],[72.883145,19.064947]]}},{"type":"Feature","properties":{"id":"R0491","name":null,"highway":"residential","osm_way":427199215,"width_m":6.0,"length_m":57.8,"surface_area":346.6,"catchment_m2":2079.5,"inlet_capacity_lps":16.8,"nearest_drain":"MH-069","from_node":"J4264430413","to_node":"J13681124604"},"geometry":{"type":"LineString","coordinates":[[72.883289,19.065417],[72.883119,19.065604],[72.883022,19.065712],[72.882907,19.065785]]}},{"type":"Feature","properties":{"id":"R0492","name":null,"highway":"residential","osm_way":1493006141,"width_m":6.0,"length_m":8.3,"surface_area":50.1,"catchment_m2":300.5,"inlet_capacity_lps":8.4,"nearest_drain":"MH-069","from_node":"J4264430413","to_node":"J13681073495"},"geometry":{"type":"LineString","coordinates":[[72.883289,19.065417],[72.883251,19.065388],[72.883229,19.065368]]}},{"type":"Feature","properties":{"id":"R0493","name":null,"highway":"residential","osm_way":235853250,"width_m":6.0,"length_m":198.6,"surface_area":1191.6,"catchment_m2":7149.5,"inlet_capacity_lps":58.8,"nearest_drain":"MH-078","from_node":"J4264430447","to_node":"J5926760156"},"geometry":{"type":"LineString","coordinates":[[72.882257,19.066207],[72.88219,19.066156],[72.881751,19.065819],[72.880789,19.065082]]}},{"type":"Feature","properties":{"id":"R0494","name":null,"highway":"residential","osm_way":437413130,"width_m":6.0,"length_m":77.7,"surface_area":466.4,"catchment_m2":2798.5,"inlet_capacity_lps":25.2,"nearest_drain":"MH-080","from_node":"J4352255195","to_node":"J4352255196"},"geometry":{"type":"LineString","coordinates":[[72.887086,19.067437],[72.886806,19.06679]]}},{"type":"Feature","properties":{"id":"R0495","name":null,"highway":"residential","osm_way":437953651,"width_m":6.0,"length_m":181.6,"surface_area":1089.7,"catchment_m2":6538.3,"inlet_capacity_lps":50.4,"nearest_drain":"MH-037","from_node":"J4357309644","to_node":"J4357309647"},"geometry":{"type":"LineString","coordinates":[[72.895031,19.063714],[72.894732,19.063406],[72.894028,19.062618],[72.893879,19.062499]]}},{"type":"Feature","properties":{"id":"R0496","name":null,"highway":"residential","osm_way":1132423563,"width_m":6.0,"length_m":172.4,"surface_area":1034.4,"catchment_m2":6206.2,"inlet_capacity_lps":50.4,"nearest_drain":"MH-023","from_node":"J4357309647","to_node":"J6293081321"},"geometry":{"type":"LineString","coordinates":[[72.893879,19.062499],[72.893771,19.062489],[72.893612,19.062526],[72.893436,19.062517],[72.893296,19.062428],[72.893229,19.062317],[72.893204,19.062164],[72.893183,19.061896],[72.893208,19.061799],[72.893262,19.061722],[72.893406,19.061545]]}},{"type":"Feature","properties":{"id":"R0497","name":null,"highway":"residential","osm_way":437953653,"width_m":6.0,"length_m":18.0,"surface_area":108.1,"catchment_m2":648.8,"inlet_capacity_lps":8.4,"nearest_drain":"MH-020","from_node":"J4357309652","to_node":"J4357309663"},"geometry":{"type":"LineString","coordinates":[[72.888653,19.061332],[72.888788,19.061232]]}},{"type":"Feature","properties":{"id":"R0498","name":null,"highway":"residential","osm_way":437953653,"width_m":6.0,"length_m":113.5,"surface_area":681.2,"catchment_m2":4087.2,"inlet_capacity_lps":33.6,"nearest_drain":"MH-010","from_node":"J4357309655","to_node":"J4357309654"},"geometry":{"type":"LineString","coordinates":[[72.889011,19.061065],[72.889175,19.060943],[72.889866,19.060441]]}},{"type":"Feature","properties":{"id":"R0499","name":null,"highway":"residential","osm_way":437953654,"width_m":6.0,"length_m":184.0,"surface_area":1103.9,"catchment_m2":6623.3,"inlet_capacity_lps":50.4,"nearest_drain":"MH-020","from_node":"J4357309655","to_node":"J4357309659"},"geometry":{"type":"LineString","coordinates":[[72.889011,19.061065],[72.889325,19.061287],[72.889744,19.061287],[72.890156,19.061145],[72.890642,19.06103]]}},{"type":"Feature","properties":{"id":"R0500","name":null,"highway":"residential","osm_way":437953655,"width_m":6.0,"length_m":106.5,"surface_area":638.8,"catchment_m2":3832.6,"inlet_capacity_lps":33.6,"nearest_drain":"MH-008","from_node":"J4357309660","to_node":"J4357309663"},"geometry":{"type":"LineString","coordinates":[[72.888147,19.060525],[72.888384,19.060659],[72.888598,19.060869],[72.888788,19.061232]]}},{"type":"Feature","properties":{"id":"R0501","name":null,"highway":"residential","osm_way":437953653,"width_m":6.0,"length_m":29.9,"surface_area":179.2,"catchment_m2":1075.3,"inlet_capacity_lps":8.4,"nearest_drain":"MH-020","from_node":"J4357309663","to_node":"J4357309655"},"geometry":{"type":"LineString","coordinates":[[72.888788,19.061232],[72.889011,19.061065]]}},{"type":"Feature","properties":{"id":"R0502","name":null,"highway":"residential","osm_way":437953657,"width_m":6.0,"length_m":94.2,"surface_area":565.4,"catchment_m2":3392.5,"inlet_capacity_lps":25.2,"nearest_drain":"MH-006","from_node":"J4357309669","to_node":"J6569435667"},"geometry":{"type":"LineString","coordinates":[[72.8856,19.060307],[72.885058,19.060982]]}},{"type":"Feature","properties":{"id":"R0503","name":null,"highway":"residential","osm_way":122177894,"width_m":6.0,"length_m":235.3,"surface_area":1411.5,"catchment_m2":8469.2,"inlet_capacity_lps":67.2,"nearest_drain":"MH-043","from_node":"J4357309677","to_node":"J13676695405"},"geometry":{"type":"LineString","coordinates":[[72.884754,19.063834],[72.883846,19.065768]]}},{"type":"Feature","properties":{"id":"R0504","name":null,"highway":"residential","osm_way":437953661,"width_m":6.0,"length_m":21.9,"surface_area":131.2,"catchment_m2":787.2,"inlet_capacity_lps":8.4,"nearest_drain":"MH-043","from_node":"J4357309677","to_node":"J13781587825"},"geometry":{"type":"LineString","coordinates":[[72.884754,19.063834],[72.884918,19.063956]]}},{"type":"Feature","properties":{"id":"R0505","name":null,"highway":"residential","osm_way":1517047134,"width_m":6.0,"length_m":14.9,"surface_area":89.6,"catchment_m2":537.8,"inlet_capacity_lps":8.4,"nearest_drain":"MH-131","from_node":"J4357358499","to_node":"J11037100377"},"geometry":{"type":"LineString","coordinates":[[72.880538,19.070872],[72.880407,19.070925]]}},{"type":"Feature","properties":{"id":"R0506","name":null,"highway":"residential","osm_way":789278054,"width_m":6.0,"length_m":42.5,"surface_area":255.1,"catchment_m2":1530.5,"inlet_capacity_lps":8.4,"nearest_drain":"MH-104","from_node":"J4357358506","to_node":"J2246472163"},"geometry":{"type":"LineString","coordinates":[[72.880013,19.068324],[72.880126,19.068691]]}},{"type":"Feature","properties":{"id":"R0507","name":null,"highway":"residential","osm_way":437960395,"width_m":6.0,"length_m":31.1,"surface_area":186.7,"catchment_m2":1120.1,"inlet_capacity_lps":8.4,"nearest_drain":"MH-164","from_node":"J4357381479","to_node":"J11045733888"},"geometry":{"type":"LineString","coordinates":[[72.883812,19.075976],[72.884101,19.075912]]}},{"type":"Feature","properties":{"id":"R0508","name":null,"highway":"residential","osm_way":447358901,"width_m":6.0,"length_m":83.5,"surface_area":500.9,"catchment_m2":3005.3,"inlet_capacity_lps":25.2,"nearest_drain":"MH-102","from_node":"J4445143770","to_node":"J4445143772"},"geometry":{"type":"LineString","coordinates":[[72.894915,19.066997],[72.895334,19.067127],[72.895657,19.067262]]}},{"type":"Feature","properties":{"id":"R0509","name":null,"highway":"residential","osm_way":542236634,"width_m":6.0,"length_m":270.5,"surface_area":1622.9,"catchment_m2":9737.5,"inlet_capacity_lps":75.6,"nearest_drain":"MH-151","from_node":"J5242502259","to_node":"J11189973298"},"geometry":{"type":"LineString","coordinates":[[72.88583,19.073316],[72.886081,19.071608],[72.886353,19.071323],[72.886092,19.071114]]}},{"type":"Feature","properties":{"id":"R0510","name":null,"highway":"residential","osm_way":235864685,"width_m":6.0,"length_m":50.2,"surface_area":301.0,"catchment_m2":1805.8,"inlet_capacity_lps":16.8,"nearest_drain":"MH-114","from_node":"J6431154248","to_node":"J2246661033"},"geometry":{"type":"LineString","coordinates":[[72.881502,19.069085],[72.881844,19.068771]]}},{"type":"Feature","properties":{"id":"R0511","name":null,"highway":"residential","osm_way":1190562142,"width_m":6.0,"length_m":10.4,"surface_area":62.3,"catchment_m2":374.0,"inlet_capacity_lps":8.4,"nearest_drain":"MH-141","from_node":"J6431190844","to_node":"J11054528635"},"geometry":{"type":"LineString","coordinates":[[72.88313,19.07239],[72.883137,19.072484]]}},{"type":"Feature","properties":{"id":"R0512","name":null,"highway":"residential","osm_way":686150965,"width_m":6.0,"length_m":51.9,"surface_area":311.6,"catchment_m2":1869.6,"inlet_capacity_lps":16.8,"nearest_drain":"MH-085","from_node":"J6431316960","to_node":"J2246472016"},"geometry":{"type":"LineString","coordinates":[[72.891597,19.066075],[72.891693,19.066047],[72.892069,19.065937]]}},{"type":"Feature","properties":{"id":"R0513","name":null,"highway":"residential","osm_way":1192644714,"width_m":6.0,"length_m":43.1,"surface_area":258.5,"catchment_m2":1551.0,"inlet_capacity_lps":8.4,"nearest_drain":"MH-072","from_node":"J6431316960","to_node":"J11071146293"},"geometry":{"type":"LineString","coordinates":[[72.891597,19.066075],[72.891424,19.065724]]}},{"type":"Feature","properties":{"id":"R0514","name":null,"highway":"residential","osm_way":692001420,"width_m":6.0,"length_m":4.2,"surface_area":25.4,"catchment_m2":152.6,"inlet_capacity_lps":8.4,"nearest_drain":"MH-083","from_node":"J6495534616","to_node":"J14002500024"},"geometry":{"type":"LineString","coordinates":[[72.889833,19.066754],[72.889864,19.066779]]}},{"type":"Feature","properties":{"id":"R0515","name":null,"highway":"residential","osm_way":789757055,"width_m":6.0,"length_m":113.4,"surface_area":680.4,"catchment_m2":4082.5,"inlet_capacity_lps":33.6,"nearest_drain":"MH-083","from_node":"J6495534616","to_node":"J14002500043"},"geometry":{"type":"LineString","coordinates":[[72.889833,19.066754],[72.890215,19.066486],[72.89076,19.066283],[72.890777,19.066279]]}},{"type":"Feature","properties":{"id":"R0516","name":null,"highway":"residential","osm_way":215242158,"width_m":6.0,"length_m":78.9,"surface_area":473.5,"catchment_m2":2841.2,"inlet_capacity_lps":25.2,"nearest_drain":"MH-030","from_node":"J6567709171","to_node":"J2246471753"},"geometry":{"type":"LineString","coordinates":[[72.887286,19.062307],[72.887334,19.062362],[72.887736,19.062876]]}},{"type":"Feature","properties":{"id":"R0517","name":null,"highway":"residential","osm_way":699403972,"width_m":6.0,"length_m":40.3,"surface_area":241.5,"catchment_m2":1449.3,"inlet_capacity_lps":8.4,"nearest_drain":"MH-030","from_node":"J6567709171","to_node":"J2246471734"},"geometry":{"type":"LineString","coordinates":[[72.887286,19.062307],[72.886994,19.062541]]}},{"type":"Feature","properties":{"id":"R0518","name":null,"highway":"residential","osm_way":699403972,"width_m":6.0,"length_m":45.3,"surface_area":272.1,"catchment_m2":1632.5,"inlet_capacity_lps":16.8,"nearest_drain":"MH-030","from_node":"J6567709172","to_node":"J6567709171"},"geometry":{"type":"LineString","coordinates":[[72.887616,19.062044],[72.887286,19.062307]]}},{"type":"Feature","properties":{"id":"R0519","name":null,"highway":"residential","osm_way":215242158,"width_m":6.0,"length_m":36.9,"surface_area":221.4,"catchment_m2":1328.4,"inlet_capacity_lps":8.4,"nearest_drain":"MH-030","from_node":"J6567709173","to_node":"J6567709171"},"geometry":{"type":"LineString","coordinates":[[72.887065,19.06205],[72.887286,19.062307]]}},{"type":"Feature","properties":{"id":"R0520","name":null,"highway":"residential","osm_way":699403973,"width_m":6.0,"length_m":41.1,"surface_area":246.6,"catchment_m2":1479.6,"inlet_capacity_lps":8.4,"nearest_drain":"MH-030","from_node":"J6567709173","to_node":"J2246471724"},"geometry":{"type":"LineString","coordinates":[[72.887065,19.06205],[72.886826,19.062342]]}},{"type":"Feature","properties":{"id":"R0521","name":null,"highway":"residential","osm_way":699403973,"width_m":6.0,"length_m":46.5,"surface_area":278.7,"catchment_m2":1672.5,"inlet_capacity_lps":16.8,"nearest_drain":"MH-019","from_node":"J6567709174","to_node":"J6567709173"},"geometry":{"type":"LineString","coordinates":[[72.88737,19.061747],[72.887065,19.06205]]}},{"type":"Feature","properties":{"id":"R0522","name":null,"highway":"residential","osm_way":215242012,"width_m":6.0,"length_m":27.2,"surface_area":163.0,"catchment_m2":977.8,"inlet_capacity_lps":8.4,"nearest_drain":"MH-017","from_node":"J6569435666","to_node":"J2246471684"},"geometry":{"type":"LineString","coordinates":[[72.885432,19.061222],[72.885304,19.061435]]}},{"type":"Feature","properties":{"id":"R0523","name":null,"highway":"residential","osm_way":699576926,"width_m":6.0,"length_m":47.5,"surface_area":285.0,"catchment_m2":1709.9,"inlet_capacity_lps":16.8,"nearest_drain":"MH-017","from_node":"J6569435666","to_node":"J6569435667"},"geometry":{"type":"LineString","coordinates":[[72.885432,19.061222],[72.885058,19.060982]]}},{"type":"Feature","properties":{"id":"R0524","name":null,"highway":"residential","osm_way":437953657,"width_m":6.0,"length_m":27.3,"surface_area":163.9,"catchment_m2":983.5,"inlet_capacity_lps":8.4,"nearest_drain":"MH-005","from_node":"J6569435667","to_node":"J4357309670"},"geometry":{"type":"LineString","coordinates":[[72.885058,19.060982],[72.884901,19.061178]]}},{"type":"Feature","properties":{"id":"R0525","name":null,"highway":"residential","osm_way":699576926,"width_m":6.0,"length_m":34.9,"surface_area":209.6,"catchment_m2":1257.3,"inlet_capacity_lps":8.4,"nearest_drain":"MH-005","from_node":"J6569435667","to_node":"J6569435668"},"geometry":{"type":"LineString","coordinates":[[72.885058,19.060982],[72.884779,19.060812]]}},{"type":"Feature","properties":{"id":"R0526","name":null,"highway":"residential","osm_way":1392329932,"width_m":6.0,"length_m":36.8,"surface_area":220.9,"catchment_m2":1325.6,"inlet_capacity_lps":8.4,"nearest_drain":"MH-136","from_node":"J6575917462","to_node":"J12888608854"},"geometry":{"type":"LineString","coordinates":[[72.88525,19.07132],[72.885506,19.071545]]}},{"type":"Feature","properties":{"id":"R0527","name":null,"highway":"residential","osm_way":215242158,"width_m":6.0,"length_m":60.8,"surface_area":364.5,"catchment_m2":2187.2,"inlet_capacity_lps":16.8,"nearest_drain":"MH-030","from_node":"J6586250295","to_node":"J6567709173"},"geometry":{"type":"LineString","coordinates":[[72.886636,19.061685],[72.887029,19.062007],[72.887065,19.06205]]}},{"type":"Feature","properties":{"id":"R0528","name":null,"highway":"residential","osm_way":701291969,"width_m":6.0,"length_m":45.0,"surface_area":270.1,"catchment_m2":1620.7,"inlet_capacity_lps":16.8,"nearest_drain":"MH-018","from_node":"J6586250295","to_node":"J6586250294"},"geometry":{"type":"LineString","coordinates":[[72.886636,19.061685],[72.886913,19.061376]]}},{"type":"Feature","properties":{"id":"R0529","name":null,"highway":"residential","osm_way":215242169,"width_m":6.0,"length_m":34.1,"surface_area":204.4,"catchment_m2":1226.5,"inlet_capacity_lps":8.4,"nearest_drain":"MH-017","from_node":"J6586250296","to_node":"J2246471699"},"geometry":{"type":"LineString","coordinates":[[72.886383,19.061964],[72.886134,19.061768]]}},{"type":"Feature","properties":{"id":"R0530","name":null,"highway":"residential","osm_way":701291969,"width_m":6.0,"length_m":40.8,"surface_area":245.1,"catchment_m2":1470.6,"inlet_capacity_lps":8.4,"nearest_drain":"MH-018","from_node":"J6586250296","to_node":"J6586250295"},"geometry":{"type":"LineString","coordinates":[[72.886383,19.061964],[72.886636,19.061685]]}},{"type":"Feature","properties":{"id":"R0531","name":null,"highway":"residential","osm_way":789317012,"width_m":6.0,"length_m":232.4,"surface_area":1394.2,"catchment_m2":8365.4,"inlet_capacity_lps":67.2,"nearest_drain":"MH-116","from_node":"J6926087398","to_node":"J2246472156"},"geometry":{"type":"LineString","coordinates":[[72.886949,19.069861],[72.88664,19.069661],[72.886438,19.06952],[72.886155,19.069248],[72.885393,19.068586],[72.885295,19.068566],[72.885258,19.068539]]}},{"type":"Feature","properties":{"id":"R0532","name":null,"highway":"residential","osm_way":789317013,"width_m":6.0,"length_m":19.7,"surface_area":118.1,"catchment_m2":708.6,"inlet_capacity_lps":8.4,"nearest_drain":"MH-127","from_node":"J6926087399","to_node":"J6926087398"},"geometry":{"type":"LineString","coordinates":[[72.887091,19.069977],[72.886949,19.069861]]}},{"type":"Feature","properties":{"id":"R0533","name":null,"highway":"residential","osm_way":739712007,"width_m":6.0,"length_m":25.9,"surface_area":155.2,"catchment_m2":931.0,"inlet_capacity_lps":8.4,"nearest_drain":"MH-127","from_node":"J6926087400","to_node":"J6926087399"},"geometry":{"type":"LineString","coordinates":[[72.887282,19.070122],[72.887091,19.069977]]}},{"type":"Feature","properties":{"id":"R0534","name":null,"highway":"residential","osm_way":739712008,"width_m":6.0,"length_m":31.2,"surface_area":187.1,"catchment_m2":1122.9,"inlet_capacity_lps":8.4,"nearest_drain":"MH-127","from_node":"J6926087400","to_node":"J6926087405"},"geometry":{"type":"LineString","coordinates":[[72.887282,19.070122],[72.887464,19.0699]]}},{"type":"Feature","properties":{"id":"R0535","name":null,"highway":"residential","osm_way":789317011,"width_m":6.0,"length_m":29.5,"surface_area":177.2,"catchment_m2":1063.3,"inlet_capacity_lps":8.4,"nearest_drain":"MH-117","from_node":"J6926087404","to_node":"J6926087405"},"geometry":{"type":"LineString","coordinates":[[72.887366,19.069651],[72.887464,19.0699]]}},{"type":"Feature","properties":{"id":"R0536","name":null,"highway":"residential","osm_way":789317011,"width_m":6.0,"length_m":84.3,"surface_area":505.9,"catchment_m2":3035.6,"inlet_capacity_lps":25.2,"nearest_drain":"MH-128","from_node":"J6926087405","to_node":"J6926087407"},"geometry":{"type":"LineString","coordinates":[[72.887464,19.0699],[72.88785,19.070218],[72.887668,19.070432]]}},{"type":"Feature","properties":{"id":"R0537","name":null,"highway":"residential","osm_way":739712008,"width_m":6.0,"length_m":116.8,"surface_area":700.5,"catchment_m2":4203.3,"inlet_capacity_lps":33.6,"nearest_drain":"MH-127","from_node":"J6926087407","to_node":"J6926087400"},"geometry":{"type":"LineString","coordinates":[[72.887668,19.070432],[72.887456,19.070653],[72.887108,19.070389],[72.887095,19.070365],[72.887106,19.070334],[72.887282,19.070122]]}},{"type":"Feature","properties":{"id":"R0538","name":null,"highway":"residential","osm_way":789317011,"width_m":6.0,"length_m":239.5,"surface_area":1437.0,"catchment_m2":8622.2,"inlet_capacity_lps":67.2,"nearest_drain":"MH-128","from_node":"J6926087407","to_node":"J6926087425"},"geometry":{"type":"LineString","coordinates":[[72.887668,19.070432],[72.887786,19.070535],[72.8878,19.070615],[72.887777,19.070704],[72.887795,19.070741],[72.887912,19.070851],[72.887955,19.070941],[72.887965,19.071058],[72.887996,19.071113],[72.888007,19.071134],[72.88811,19.071215],[72.88817,19.071231],[72.888316,19.071216],[72.888487,19.071213],[72.888763,19.071172],[72.888817,19.071141],[72.888838,19.071081],[72.888856,19.071016],[72.888969,19.070844],[72.889112,19.070714]]}},{"type":"Feature","properties":{"id":"R0539","name":null,"highway":"residential","osm_way":789317001,"width_m":6.0,"length_m":6.7,"surface_area":40.2,"catchment_m2":241.4,"inlet_capacity_lps":8.4,"nearest_drain":"MH-129","from_node":"J6926087425","to_node":"J7380317939"},"geometry":{"type":"LineString","coordinates":[[72.889112,19.070714],[72.889152,19.070667]]}},{"type":"Feature","properties":{"id":"R0540","name":null,"highway":"residential","osm_way":739712016,"width_m":6.0,"length_m":187.9,"surface_area":1127.1,"catchment_m2":6762.9,"inlet_capacity_lps":50.4,"nearest_drain":"MH-074","from_node":"J6926087442","to_node":"J11071146293"},"geometry":{"type":"LineString","coordinates":[[72.893128,19.065337],[72.893044,19.065283],[72.892617,19.065397],[72.891424,19.065724]]}},{"type":"Feature","properties":{"id":"R0541","name":null,"highway":"residential","osm_way":789278054,"width_m":6.0,"length_m":58.8,"surface_area":352.7,"catchment_m2":2116.0,"inlet_capacity_lps":16.8,"nearest_drain":"MH-113","from_node":"J7379899432","to_node":"J14078440603"},"geometry":{"type":"LineString","coordinates":[[72.880305,19.069629],[72.880323,19.06976],[72.880398,19.07015]]}},{"type":"Feature","properties":{"id":"R0542","name":null,"highway":"residential","osm_way":789317000,"width_m":6.0,"length_m":3.3,"surface_area":19.6,"catchment_m2":117.5,"inlet_capacity_lps":8.4,"nearest_drain":"MH-129","from_node":"J7380317939","to_node":"J6926087426"},"geometry":{"type":"LineString","coordinates":[[72.889152,19.070667],[72.889171,19.070643]]}},{"type":"Feature","properties":{"id":"R0543","name":null,"highway":"residential","osm_way":789317002,"width_m":6.0,"length_m":12.6,"surface_area":75.6,"catchment_m2":453.4,"inlet_capacity_lps":8.4,"nearest_drain":"MH-135","from_node":"J7380317940","to_node":"J13798486107"},"geometry":{"type":"LineString","coordinates":[[72.88504,19.071114],[72.885122,19.071196]]}},{"type":"Feature","properties":{"id":"R0544","name":null,"highway":"residential","osm_way":789317005,"width_m":6.0,"length_m":8.5,"surface_area":50.8,"catchment_m2":305.0,"inlet_capacity_lps":8.4,"nearest_drain":"MH-142","from_node":"J7380317942","to_node":"J7380317941"},"geometry":{"type":"LineString","coordinates":[[72.883796,19.072641],[72.883738,19.072588]]}},{"type":"Feature","properties":{"id":"R0545","name":null,"highway":"residential","osm_way":215261308,"width_m":6.0,"length_m":47.5,"surface_area":285.1,"catchment_m2":1710.3,"inlet_capacity_lps":16.8,"nearest_drain":"MH-135","from_node":"J7380317948","to_node":"J10939548717"},"geometry":{"type":"LineString","coordinates":[[72.88389,19.071342],[72.884236,19.071617]]}},{"type":"Feature","properties":{"id":"R0546","name":null,"highway":"residential","osm_way":790332026,"width_m":6.0,"length_m":39.9,"surface_area":239.6,"catchment_m2":1437.6,"inlet_capacity_lps":8.4,"nearest_drain":"MH-134","from_node":"J7380317948","to_node":"J7380317949"},"geometry":{"type":"LineString","coordinates":[[72.88389,19.071342],[72.883925,19.071303],[72.884136,19.071069]]}},{"type":"Feature","properties":{"id":"R0547","name":null,"highway":"residential","osm_way":789317006,"width_m":6.0,"length_m":92.5,"surface_area":555.1,"catchment_m2":3330.9,"inlet_capacity_lps":25.2,"nearest_drain":"MH-135","from_node":"J7380317949","to_node":"J7380317974"},"geometry":{"type":"LineString","coordinates":[[72.884136,19.071069],[72.883914,19.070879],[72.883911,19.070856],[72.88392,19.07083],[72.884052,19.070706],[72.884073,19.0707],[72.884095,19.070713],[72.884324,19.070887]]}},{"type":"Feature","properties":{"id":"R0548","name":null,"highway":"residential","osm_way":789317009,"width_m":6.0,"length_m":94.6,"surface_area":567.4,"catchment_m2":3404.7,"inlet_capacity_lps":25.2,"nearest_drain":"MH-135","from_node":"J7380317949","to_node":"J7380317974"},"geometry":{"type":"LineString","coordinates":[[72.884136,19.071069],[72.884362,19.071256],[72.884389,19.071264],[72.884421,19.071259],[72.884547,19.071123],[72.884553,19.071101],[72.884544,19.071084],[72.884324,19.070887]]}},{"type":"Feature","properties":{"id":"R0549","name":null,"highway":"residential","osm_way":275785281,"width_m":6.0,"length_m":66.1,"surface_area":396.7,"catchment_m2":2380.2,"inlet_capacity_lps":16.8,"nearest_drain":"MH-115","from_node":"J7380317954","to_node":"J2246661036"},"geometry":{"type":"LineString","coordinates":[[72.883651,19.069878],[72.883189,19.069474]]}},{"type":"Feature","properties":{"id":"R0550","name":null,"highway":"residential","osm_way":789317008,"width_m":6.0,"length_m":34.5,"surface_area":206.9,"catchment_m2":1241.5,"inlet_capacity_lps":8.4,"nearest_drain":"MH-124","from_node":"J7380317954","to_node":"J7380317955"},"geometry":{"type":"LineString","coordinates":[[72.883651,19.069878],[72.883623,19.069912],[72.883429,19.070107]]}},{"type":"Feature","properties":{"id":"R0551","name":null,"highway":"residential","osm_way":789317007,"width_m":6.0,"length_m":96.9,"surface_area":581.4,"catchment_m2":3488.2,"inlet_capacity_lps":25.2,"nearest_drain":"MH-124","from_node":"J7380317955","to_node":"J7380317956"},"geometry":{"type":"LineString","coordinates":[[72.883429,19.070107],[72.883201,19.069918],[72.883172,19.069904],[72.883141,19.069913],[72.88301,19.07007],[72.883001,19.070087],[72.883011,19.070103],[72.883235,19.070295]]}},{"type":"Feature","properties":{"id":"R0552","name":null,"highway":"residential","osm_way":789317008,"width_m":6.0,"length_m":29.2,"surface_area":175.3,"catchment_m2":1052.0,"inlet_capacity_lps":8.4,"nearest_drain":"MH-124","from_node":"J7380317955","to_node":"J7380317956"},"geometry":{"type":"LineString","coordinates":[[72.883429,19.070107],[72.883235,19.070295]]}},{"type":"Feature","properties":{"id":"R0553","name":null,"highway":"residential","osm_way":789317008,"width_m":6.0,"length_m":32.3,"surface_area":193.9,"catchment_m2":1163.3,"inlet_capacity_lps":8.4,"nearest_drain":"MH-123","from_node":"J7380317956","to_node":"J7380317957"},"geometry":{"type":"LineString","coordinates":[[72.883235,19.070295],[72.883047,19.070466],[72.883012,19.070495]]}},{"type":"Feature","properties":{"id":"R0554","name":null,"highway":"residential","osm_way":790332027,"width_m":6.0,"length_m":91.9,"surface_area":551.2,"catchment_m2":3307.3,"inlet_capacity_lps":25.2,"nearest_drain":"MH-124","from_node":"J7380317956","to_node":"J7380317955"},"geometry":{"type":"LineString","coordinates":[[72.883235,19.070295],[72.883445,19.070479],[72.883491,19.070484],[72.883521,19.070468],[72.883635,19.070348],[72.883638,19.070325],[72.883628,19.070307],[72.883429,19.070107]]}},{"type":"Feature","properties":{"id":"R0555","name":null,"highway":"residential","osm_way":790332025,"width_m":6.0,"length_m":34.2,"surface_area":205.2,"catchment_m2":1231.3,"inlet_capacity_lps":8.4,"nearest_drain":"MH-125","from_node":"J7380317974","to_node":"J10316726978"},"geometry":{"type":"LineString","coordinates":[[72.884324,19.070887],[72.884485,19.070686],[72.884521,19.070642]]}},{"type":"Feature","properties":{"id":"R0556","name":null,"highway":"residential","osm_way":789317010,"width_m":6.0,"length_m":17.0,"surface_area":102.0,"catchment_m2":612.2,"inlet_capacity_lps":8.4,"nearest_drain":"MH-116","from_node":"J7380317975","to_node":"J6926087404"},"geometry":{"type":"LineString","coordinates":[[72.887285,19.069519],[72.887366,19.069651]]}},{"type":"Feature","properties":{"id":"R0557","name":null,"highway":"residential","osm_way":1493008483,"width_m":6.0,"length_m":15.1,"surface_area":90.6,"catchment_m2":543.5,"inlet_capacity_lps":8.4,"nearest_drain":"MH-119","from_node":"J7380517053","to_node":"J13681133046"},"geometry":{"type":"LineString","coordinates":[[72.895158,19.069673],[72.895209,19.069641],[72.895279,19.0696]]}},{"type":"Feature","properties":{"id":"R0558","name":null,"highway":"residential","osm_way":789340528,"width_m":6.0,"length_m":4.3,"surface_area":25.7,"catchment_m2":154.0,"inlet_capacity_lps":8.4,"nearest_drain":"MH-016","from_node":"J7380517077","to_node":"J13707326658"},"geometry":{"type":"LineString","coordinates":[[72.885042,19.061538],[72.885016,19.061568]]}},{"type":"Feature","properties":{"id":"R0559","name":null,"highway":"residential","osm_way":789757055,"width_m":6.0,"length_m":101.8,"surface_area":610.7,"catchment_m2":3664.3,"inlet_capacity_lps":25.2,"nearest_drain":"MH-095","from_node":"J7383907172","to_node":"J10945862257"},"geometry":{"type":"LineString","coordinates":[[72.888346,19.067692],[72.888685,19.067304],[72.888731,19.067287],[72.888793,19.067294],[72.889046,19.067486]]}},{"type":"Feature","properties":{"id":"R0560","name":null,"highway":"residential","osm_way":789765610,"width_m":6.0,"length_m":12.2,"surface_area":73.2,"catchment_m2":439.1,"inlet_capacity_lps":8.4,"nearest_drain":"MH-101","from_node":"J7384021676","to_node":"J2246472123"},"geometry":{"type":"LineString","coordinates":[[72.893951,19.067579],[72.893956,19.067607],[72.89397,19.06763],[72.893992,19.067649],[72.894019,19.067658]]}},{"type":"Feature","properties":{"id":"R0561","name":null,"highway":"residential","osm_way":789765610,"width_m":6.0,"length_m":17.1,"surface_area":102.6,"catchment_m2":615.4,"inlet_capacity_lps":8.4,"nearest_drain":"MH-101","from_node":"J7384021677","to_node":"J7384045687"},"geometry":{"type":"LineString","coordinates":[[72.894118,19.067597],[72.894119,19.067572],[72.894112,19.067548],[72.894098,19.067527],[72.894077,19.067512],[72.89405,19.067502],[72.894021,19.067502]]}},{"type":"Feature","properties":{"id":"R0562","name":null,"highway":"residential","osm_way":789765610,"width_m":6.0,"length_m":3.1,"surface_area":18.3,"catchment_m2":110.0,"inlet_capacity_lps":8.4,"nearest_drain":"MH-101","from_node":"J7384045687","to_node":"J2246472125"},"geometry":{"type":"LineString","coordinates":[[72.894021,19.067502],[72.893994,19.067511]]}},{"type":"Feature","properties":{"id":"R0563","name":null,"highway":"residential","osm_way":938351944,"width_m":6.0,"length_m":230.6,"surface_area":1383.7,"catchment_m2":8302.3,"inlet_capacity_lps":67.2,"nearest_drain":"MH-022","from_node":"J8693180277","to_node":"J8693180279"},"geometry":{"type":"LineString","coordinates":[[72.891528,19.061804],[72.890138,19.062193],[72.889424,19.062394]]}},{"type":"Feature","properties":{"id":"R0564","name":null,"highway":"residential","osm_way":437953653,"width_m":6.0,"length_m":52.7,"surface_area":316.5,"catchment_m2":1898.9,"inlet_capacity_lps":16.8,"nearest_drain":"MH-033","from_node":"J8693180279","to_node":"J1367093072"},"geometry":{"type":"LineString","coordinates":[[72.889424,19.062394],[72.889158,19.061992]]}},{"type":"Feature","properties":{"id":"R0565","name":null,"highway":"residential","osm_way":940671311,"width_m":6.0,"length_m":246.1,"surface_area":1476.9,"catchment_m2":8861.3,"inlet_capacity_lps":67.2,"nearest_drain":"MH-064","from_node":"J8711707695","to_node":"J10923992388"},"geometry":{"type":"LineString","coordinates":[[72.894961,19.064281],[72.894885,19.064146],[72.894279,19.063673],[72.89355,19.063105],[72.893463,19.063079],[72.893383,19.06306],[72.893299,19.063098],[72.893175,19.063225]]}},{"type":"Feature","properties":{"id":"R0566","name":null,"highway":"residential","osm_way":215242166,"width_m":6.0,"length_m":95.0,"surface_area":570.2,"catchment_m2":3421.3,"inlet_capacity_lps":25.2,"nearest_drain":"MH-144","from_node":"J10207331620","to_node":"J2246472266"},"geometry":{"type":"LineString","coordinates":[[72.88495,19.073043],[72.885054,19.072778],[72.885246,19.072526],[72.885243,19.072265]]}},{"type":"Feature","properties":{"id":"R0567","name":null,"highway":"residential","osm_way":1343729413,"width_m":6.0,"length_m":8.4,"surface_area":50.7,"catchment_m2":304.2,"inlet_capacity_lps":8.4,"nearest_drain":"MH-150","from_node":"J10207331620","to_node":"J2246472324"},"geometry":{"type":"LineString","coordinates":[[72.88495,19.073043],[72.88489,19.073094]]}},{"type":"Feature","properties":{"id":"R0568","name":null,"highway":"residential","osm_way":1445689643,"width_m":6.0,"length_m":13.5,"surface_area":80.8,"catchment_m2":485.1,"inlet_capacity_lps":8.4,"nearest_drain":"MH-016","from_node":"J10207397926","to_node":"J7380521288"},"geometry":{"type":"LineString","coordinates":[[72.884305,19.061152],[72.884281,19.061136],[72.884242,19.061107],[72.884203,19.061078]]}},{"type":"Feature","properties":{"id":"R0569","name":null,"highway":"residential","osm_way":789340529,"width_m":6.0,"length_m":141.5,"surface_area":848.9,"catchment_m2":5093.5,"inlet_capacity_lps":42.0,"nearest_drain":"MH-016","from_node":"J10207397927","to_node":"J10207397926"},"geometry":{"type":"LineString","coordinates":[[72.883903,19.061609],[72.88416,19.061796],[72.884223,19.061811],[72.884266,19.061786],[72.884572,19.061418],[72.884581,19.061382],[72.884564,19.061345],[72.884305,19.061152]]}},{"type":"Feature","properties":{"id":"R0570","name":null,"highway":"residential","osm_way":215261302,"width_m":6.0,"length_m":59.8,"surface_area":358.7,"catchment_m2":2152.1,"inlet_capacity_lps":16.8,"nearest_drain":"MH-024","from_node":"J10264297674","to_node":"J2246661012"},"geometry":{"type":"LineString","coordinates":[[72.88053,19.062829],[72.880631,19.062697],[72.880679,19.062618],[72.880807,19.062361]]}},{"type":"Feature","properties":{"id":"R0571","name":null,"highway":"residential","osm_way":692008085,"width_m":6.0,"length_m":5.9,"surface_area":35.1,"catchment_m2":210.8,"inlet_capacity_lps":8.4,"nearest_drain":"MH-001","from_node":"J10264297683","to_node":"J6495626249"},"geometry":{"type":"LineString","coordinates":[[72.880901,19.060773],[72.880897,19.060721]]}},{"type":"Feature","properties":{"id":"R0572","name":null,"highway":"residential","osm_way":692001420,"width_m":6.0,"length_m":90.4,"surface_area":542.7,"catchment_m2":3256.1,"inlet_capacity_lps":25.2,"nearest_drain":"MH-099","from_node":"J10267389225","to_node":"J6495534604"},"geometry":{"type":"LineString","coordinates":[[72.890947,19.067442],[72.891085,19.067368],[72.89139,19.067175],[72.89167,19.067001]]}},{"type":"Feature","properties":{"id":"R0573","name":null,"highway":"residential","osm_way":1122614521,"width_m":6.0,"length_m":93.2,"surface_area":559.2,"catchment_m2":3355.0,"inlet_capacity_lps":25.2,"nearest_drain":"MH-098","from_node":"J10267389225","to_node":"J10267389228"},"geometry":{"type":"LineString","coordinates":[[72.890947,19.067442],[72.891078,19.067591],[72.891158,19.067625],[72.891747,19.06755]]}},{"type":"Feature","properties":{"id":"R0574","name":null,"highway":"residential","osm_way":215261295,"width_m":6.0,"length_m":44.3,"surface_area":265.5,"catchment_m2":1593.1,"inlet_capacity_lps":8.4,"nearest_drain":"MH-135","from_node":"J10316726978","to_node":"J13798446943"},"geometry":{"type":"LineString","coordinates":[[72.884521,19.070642],[72.884828,19.070914]]}},{"type":"Feature","properties":{"id":"R0575","name":null,"highway":"residential","osm_way":1433956400,"width_m":6.0,"length_m":113.0,"surface_area":677.8,"catchment_m2":4066.5,"inlet_capacity_lps":33.6,"nearest_drain":"MH-159","from_node":"J10657158654","to_node":"J10657158657"},"geometry":{"type":"LineString","coordinates":[[72.885053,19.075381],[72.885316,19.075391],[72.8857,19.075036],[72.885893,19.074851]]}},{"type":"Feature","properties":{"id":"R0576","name":null,"highway":"residential","osm_way":1103367045,"width_m":6.0,"length_m":13.1,"surface_area":78.6,"catchment_m2":471.7,"inlet_capacity_lps":8.4,"nearest_drain":"MH-069","from_node":"J10784473555","to_node":"J13780274554"},"geometry":{"type":"LineString","coordinates":[[72.883145,19.064947],[72.883032,19.064898]]}},{"type":"Feature","properties":{"id":"R0577","name":null,"highway":"residential","osm_way":1159669375,"width_m":6.0,"length_m":5.0,"surface_area":30.2,"catchment_m2":181.2,"inlet_capacity_lps":8.4,"nearest_drain":"MH-068","from_node":"J10784473557","to_node":"J13681073490"},"geometry":{"type":"LineString","coordinates":[[72.882638,19.06553],[72.882668,19.065494]]}},{"type":"Feature","properties":{"id":"R0578","name":null,"highway":"residential","osm_way":1493006142,"width_m":6.0,"length_m":11.8,"surface_area":71.1,"catchment_m2":426.6,"inlet_capacity_lps":8.4,"nearest_drain":"MH-068","from_node":"J10784473557","to_node":"J13681124613"},"geometry":{"type":"LineString","coordinates":[[72.882638,19.06553],[72.882544,19.065471]]}},{"type":"Feature","properties":{"id":"R0579","name":null,"highway":"residential","osm_way":789340528,"width_m":6.0,"length_m":9.2,"surface_area":55.4,"catchment_m2":332.6,"inlet_capacity_lps":8.4,"nearest_drain":"MH-027","from_node":"J10882788617","to_node":"J7380517080"},"geometry":{"type":"LineString","coordinates":[[72.884187,19.062473],[72.88413,19.062537]]}},{"type":"Feature","properties":{"id":"R0580","name":null,"highway":"residential","osm_way":427199215,"width_m":6.0,"length_m":9.7,"surface_area":58.4,"catchment_m2":350.3,"inlet_capacity_lps":8.4,"nearest_drain":"MH-028","from_node":"J10882788618","to_node":"J4264430257"},"geometry":{"type":"LineString","coordinates":[[72.884567,19.062789],[72.884534,19.062871]]}},{"type":"Feature","properties":{"id":"R0581","name":null,"highway":"residential","osm_way":122177894,"width_m":6.0,"length_m":8.9,"surface_area":53.4,"catchment_m2":320.3,"inlet_capacity_lps":8.4,"nearest_drain":"MH-043","from_node":"J10882788619","to_node":"J1367093112"},"geometry":{"type":"LineString","coordinates":[[72.885151,19.063257],[72.885081,19.063302]]}},{"type":"Feature","properties":{"id":"R0582","name":null,"highway":"residential","osm_way":215438770,"width_m":6.0,"length_m":134.9,"surface_area":809.6,"catchment_m2":4857.5,"inlet_capacity_lps":33.6,"nearest_drain":"MH-023","from_node":"J10923992381","to_node":"J1643351864"},"geometry":{"type":"LineString","coordinates":[[72.891954,19.061985],[72.892163,19.061882],[72.892311,19.061799],[72.892404,19.061752],[72.892478,19.061713],[72.892583,19.06164],[72.892751,19.061465],[72.89295,19.061246]]}},{"type":"Feature","properties":{"id":"R0583","name":null,"highway":"residential","osm_way":1175603771,"width_m":6.0,"length_m":7.4,"surface_area":44.6,"catchment_m2":267.7,"inlet_capacity_lps":8.4,"nearest_drain":"MH-035","from_node":"J10923992381","to_node":"J13793358298"},"geometry":{"type":"LineString","coordinates":[[72.891954,19.061985],[72.891985,19.062007],[72.892009,19.062027]]}},{"type":"Feature","properties":{"id":"R0584","name":null,"highway":"residential","osm_way":1175603773,"width_m":6.0,"length_m":50.1,"surface_area":300.5,"catchment_m2":1802.9,"inlet_capacity_lps":16.8,"nearest_drain":"MH-006","from_node":"J10923992390","to_node":"J10923992391"},"geometry":{"type":"LineString","coordinates":[[72.886229,19.060836],[72.886526,19.060484]]}},{"type":"Feature","properties":{"id":"R0585","name":null,"highway":"residential","osm_way":215242087,"width_m":6.0,"length_m":55.9,"surface_area":335.2,"catchment_m2":2011.2,"inlet_capacity_lps":16.8,"nearest_drain":"MH-007","from_node":"J10923992391","to_node":"J2246471649"},"geometry":{"type":"LineString","coordinates":[[72.886526,19.060484],[72.886103,19.06018]]}},{"type":"Feature","properties":{"id":"R0586","name":null,"highway":"residential","osm_way":275785281,"width_m":6.0,"length_m":23.6,"surface_area":141.8,"catchment_m2":851.0,"inlet_capacity_lps":8.4,"nearest_drain":"MH-124","from_node":"J10939580924","to_node":"J7380317954"},"geometry":{"type":"LineString","coordinates":[[72.883816,19.070023],[72.883651,19.069878]]}},{"type":"Feature","properties":{"id":"R0587","name":null,"highway":"residential","osm_way":789757055,"width_m":6.0,"length_m":116.1,"surface_area":696.4,"catchment_m2":4178.3,"inlet_capacity_lps":33.6,"nearest_drain":"MH-096","from_node":"J10945862257","to_node":"J6495534616"},"geometry":{"type":"LineString","coordinates":[[72.889046,19.067486],[72.889354,19.067206],[72.889833,19.066754]]}},{"type":"Feature","properties":{"id":"R0588","name":null,"highway":"residential","osm_way":1517047134,"width_m":6.0,"length_m":23.7,"surface_area":142.1,"catchment_m2":852.6,"inlet_capacity_lps":8.4,"nearest_drain":"MH-131","from_node":"J11037100377","to_node":"J11037100381"},"geometry":{"type":"LineString","coordinates":[[72.880407,19.070925],[72.880205,19.071019]]}},{"type":"Feature","properties":{"id":"R0589","name":null,"highway":"residential","osm_way":1188796896,"width_m":6.0,"length_m":57.1,"surface_area":342.9,"catchment_m2":2057.2,"inlet_capacity_lps":16.8,"nearest_drain":"MH-046","from_node":"J11038626819","to_node":"J11038626820"},"geometry":{"type":"LineString","coordinates":[[72.888122,19.063775],[72.888164,19.063839],[72.888405,19.064213]]}},{"type":"Feature","properties":{"id":"R0590","name":null,"highway":"residential","osm_way":437953652,"width_m":6.0,"length_m":28.0,"surface_area":167.9,"catchment_m2":1007.4,"inlet_capacity_lps":8.4,"nearest_drain":"MH-048","from_node":"J11038640722","to_node":"J2246471861"},"geometry":{"type":"LineString","coordinates":[[72.89096,19.064],[72.890829,19.063781]]}},{"type":"Feature","properties":{"id":"R0591","name":null,"highway":"residential","osm_way":1188797500,"width_m":6.0,"length_m":186.5,"surface_area":1119.0,"catchment_m2":6714.3,"inlet_capacity_lps":50.4,"nearest_drain":"MH-072","from_node":"J11038640722","to_node":"J1367093227"},"geometry":{"type":"LineString","coordinates":[[72.89096,19.064],[72.890772,19.064014],[72.890657,19.064064],[72.890615,19.06418],[72.890664,19.064288],[72.890702,19.06438],[72.891312,19.065246]]}},{"type":"Feature","properties":{"id":"R0592","name":null,"highway":"residential","osm_way":215241999,"width_m":6.0,"length_m":12.6,"surface_area":75.8,"catchment_m2":454.6,"inlet_capacity_lps":8.4,"nearest_drain":"MH-085","from_node":"J11038649368","to_node":"J2246472050"},"geometry":{"type":"LineString","coordinates":[[72.892336,19.06619],[72.89222,19.066219]]}},{"type":"Feature","properties":{"id":"R0593","name":null,"highway":"residential","osm_way":1176140837,"width_m":6.0,"length_m":34.7,"surface_area":208.3,"catchment_m2":1249.9,"inlet_capacity_lps":8.4,"nearest_drain":"MH-087","from_node":"J11038649369","to_node":"J2246472068"},"geometry":{"type":"LineString","coordinates":[[72.894014,19.066157],[72.894041,19.066339],[72.894005,19.066379],[72.893938,19.066419]]}},{"type":"Feature","properties":{"id":"R0594","name":null,"highway":"residential","osm_way":1188798595,"width_m":6.0,"length_m":175.9,"surface_area":1055.4,"catchment_m2":6332.3,"inlet_capacity_lps":50.4,"nearest_drain":"MH-087","from_node":"J11038649369","to_node":"J11038649371"},"geometry":{"type":"LineString","coordinates":[[72.894014,19.066157],[72.893013,19.066294],[72.89238,19.066478]]}},{"type":"Feature","properties":{"id":"R0595","name":null,"highway":"residential","osm_way":1537167585,"width_m":6.0,"length_m":33.4,"surface_area":200.6,"catchment_m2":1203.8,"inlet_capacity_lps":8.4,"nearest_drain":"MH-085","from_node":"J11038649371","to_node":"J2246472050"},"geometry":{"type":"LineString","coordinates":[[72.89238,19.066478],[72.892261,19.066281],[72.89222,19.066219]]}},{"type":"Feature","properties":{"id":"R0596","name":null,"highway":"residential","osm_way":437960395,"width_m":6.0,"length_m":117.1,"surface_area":702.3,"catchment_m2":4213.9,"inlet_capacity_lps":33.6,"nearest_drain":"MH-159","from_node":"J11045733888","to_node":"J10657158654"},"geometry":{"type":"LineString","coordinates":[[72.884101,19.075912],[72.88424,19.075879],[72.88479,19.07552],[72.885053,19.075381]]}},{"type":"Feature","properties":{"id":"R0597","name":null,"highway":"residential","osm_way":1190562143,"width_m":6.0,"length_m":97.9,"surface_area":587.5,"catchment_m2":3525.1,"inlet_capacity_lps":25.2,"nearest_drain":"MH-141","from_node":"J11054528619","to_node":"J11054528635"},"geometry":{"type":"LineString","coordinates":[[72.882706,19.072678],[72.882701,19.072515],[72.88278,19.072493],[72.882812,19.072477],[72.882805,19.072342],[72.88282,19.072327],[72.882912,19.072322],[72.882923,19.072344],[72.882931,19.072472],[72.882939,19.072492],[72.882957,19.072501],[72.883137,19.072484]]}},{"type":"Feature","properties":{"id":"R0598","name":null,"highway":"residential","osm_way":1190562142,"width_m":6.0,"length_m":23.6,"surface_area":141.9,"catchment_m2":851.1,"inlet_capacity_lps":8.4,"nearest_drain":"MH-142","from_node":"J11054528635","to_node":"J11054528641"},"geometry":{"type":"LineString","coordinates":[[72.883137,19.072484],[72.883147,19.072617],[72.883064,19.072628]]}},{"type":"Feature","properties":{"id":"R0599","name":null,"highway":"residential","osm_way":1190562142,"width_m":6.0,"length_m":22.5,"surface_area":135.1,"catchment_m2":810.6,"inlet_capacity_lps":8.4,"nearest_drain":"MH-141","from_node":"J11054528636","to_node":"J11054528619"},"geometry":{"type":"LineString","coordinates":[[72.882919,19.072648],[72.882706,19.072678]]}},{"type":"Feature","properties":{"id":"R0600","name":null,"highway":"residential","osm_way":1190562144,"width_m":6.0,"length_m":70.5,"surface_area":423.1,"catchment_m2":2538.4,"inlet_capacity_lps":16.8,"nearest_drain":"MH-141","from_node":"J11054528636","to_node":"J11054528641"},"geometry":{"type":"LineString","coordinates":[[72.882919,19.072648],[72.882938,19.072872],[72.88295,19.072901],[72.883062,19.072895],[72.883081,19.072864],[72.883064,19.072628]]}},{"type":"Feature","properties":{"id":"R0601","name":null,"highway":"residential","osm_way":1190562142,"width_m":6.0,"length_m":15.5,"surface_area":92.8,"catchment_m2":556.7,"inlet_capacity_lps":8.4,"nearest_drain":"MH-141","from_node":"J11054528641","to_node":"J11054528636"},"geometry":{"type":"LineString","coordinates":[[72.883064,19.072628],[72.882919,19.072648]]}},{"type":"Feature","properties":{"id":"R0602","name":null,"highway":"residential","osm_way":692001420,"width_m":6.0,"length_m":88.5,"surface_area":530.8,"catchment_m2":3184.8,"inlet_capacity_lps":25.2,"nearest_drain":"MH-097","from_node":"J11064166077","to_node":"J10267389225"},"geometry":{"type":"LineString","coordinates":[[72.890227,19.067266],[72.890237,19.067279],[72.890352,19.067404],[72.890446,19.06748],[72.890626,19.067523],[72.890819,19.06751],[72.890947,19.067442]]}},{"type":"Feature","properties":{"id":"R0603","name":null,"highway":"residential","osm_way":1191711264,"width_m":6.0,"length_m":103.4,"surface_area":620.6,"catchment_m2":3723.5,"inlet_capacity_lps":25.2,"nearest_drain":"MH-096","from_node":"J11064166077","to_node":"J11064166079"},"geometry":{"type":"LineString","coordinates":[[72.890227,19.067266],[72.889828,19.067522],[72.889342,19.067407]]}},{"type":"Feature","properties":{"id":"R0604","name":null,"highway":"residential","osm_way":1192336001,"width_m":6.0,"length_m":126.0,"surface_area":756.1,"catchment_m2":4536.6,"inlet_capacity_lps":33.6,"nearest_drain":"MH-077","from_node":"J11068677534","to_node":"J11068677536"},"geometry":{"type":"LineString","coordinates":[[72.895967,19.065461],[72.895889,19.065405],[72.894789,19.065433]]}},{"type":"Feature","properties":{"id":"R0605","name":null,"highway":"residential","osm_way":1207696823,"width_m":6.0,"length_m":12.0,"surface_area":71.7,"catchment_m2":430.4,"inlet_capacity_lps":8.4,"nearest_drain":"MH-136","from_node":"J11189973293","to_node":"J11189973294"},"geometry":{"type":"LineString","coordinates":[[72.885443,19.070973],[72.885472,19.071077]]}},{"type":"Feature","properties":{"id":"R0606","name":null,"highway":"residential","osm_way":1509476099,"width_m":6.0,"length_m":8.7,"surface_area":52.4,"catchment_m2":314.5,"inlet_capacity_lps":8.4,"nearest_drain":"MH-136","from_node":"J11189973293","to_node":"J13798486108"},"geometry":{"type":"LineString","coordinates":[[72.885443,19.070973],[72.885377,19.070926]]}},{"type":"Feature","properties":{"id":"R0607","name":null,"highway":"residential","osm_way":1207696823,"width_m":6.0,"length_m":16.8,"surface_area":101.1,"catchment_m2":606.5,"inlet_capacity_lps":8.4,"nearest_drain":"MH-136","from_node":"J11189973295","to_node":"J11189973293"},"geometry":{"type":"LineString","coordinates":[[72.885554,19.070873],[72.885477,19.070912],[72.885443,19.070973]]}},{"type":"Feature","properties":{"id":"R0608","name":null,"highway":"residential","osm_way":1207696824,"width_m":6.0,"length_m":6.5,"surface_area":39.2,"catchment_m2":235.0,"inlet_capacity_lps":8.4,"nearest_drain":"MH-136","from_node":"J11189973296","to_node":"J11189973295"},"geometry":{"type":"LineString","coordinates":[[72.885609,19.070845],[72.885554,19.070873]]}},{"type":"Feature","properties":{"id":"R0609","name":null,"highway":"residential","osm_way":1207696825,"width_m":6.0,"length_m":55.6,"surface_area":333.3,"catchment_m2":1999.9,"inlet_capacity_lps":16.8,"nearest_drain":"MH-126","from_node":"J11189973297","to_node":"J11189973296"},"geometry":{"type":"LineString","coordinates":[[72.886042,19.071075],[72.885962,19.071011],[72.885662,19.070818],[72.885609,19.070845]]}},{"type":"Feature","properties":{"id":"R0610","name":null,"highway":"residential","osm_way":1207696826,"width_m":6.0,"length_m":6.8,"surface_area":40.6,"catchment_m2":243.5,"inlet_capacity_lps":8.4,"nearest_drain":"MH-136","from_node":"J11189973298","to_node":"J11189973297"},"geometry":{"type":"LineString","coordinates":[[72.886092,19.071114],[72.886042,19.071075]]}},{"type":"Feature","properties":{"id":"R0611","name":null,"highway":"residential","osm_way":1212677457,"width_m":6.0,"length_m":14.2,"surface_area":85.0,"catchment_m2":510.3,"inlet_capacity_lps":8.4,"nearest_drain":"MH-020","from_node":"J11235241354","to_node":"J4357309652"},"geometry":{"type":"LineString","coordinates":[[72.88854,19.061401],[72.888653,19.061332]]}},{"type":"Feature","properties":{"id":"R0612","name":null,"highway":"residential","osm_way":1303412374,"width_m":6.0,"length_m":65.4,"surface_area":392.7,"catchment_m2":2356.2,"inlet_capacity_lps":16.8,"nearest_drain":"MH-059","from_node":"J12071043748","to_node":"J12071043750"},"geometry":{"type":"LineString","coordinates":[[72.88831,19.06367],[72.888351,19.063727],[72.888638,19.06417]]}},{"type":"Feature","properties":{"id":"R0613","name":null,"highway":"residential","osm_way":1175603770,"width_m":6.0,"length_m":8.3,"surface_area":49.7,"catchment_m2":298.1,"inlet_capacity_lps":8.4,"nearest_drain":"MH-059","from_node":"J12071071219","to_node":"J12071071228"},"geometry":{"type":"LineString","coordinates":[[72.889476,19.06457],[72.889439,19.064581],[72.8894,19.064592]]}},{"type":"Feature","properties":{"id":"R0614","name":null,"highway":"residential","osm_way":215242082,"width_m":6.0,"length_m":150.0,"surface_area":900.1,"catchment_m2":5400.8,"inlet_capacity_lps":42.0,"nearest_drain":"MH-059","from_node":"J12071071220","to_node":"J2246471947"},"geometry":{"type":"LineString","coordinates":[[72.888484,19.064852],[72.88849,19.064861],[72.888688,19.065166],[72.889692,19.064914]]}},{"type":"Feature","properties":{"id":"R0615","name":null,"highway":"residential","osm_way":1175603770,"width_m":6.0,"length_m":11.9,"surface_area":71.4,"catchment_m2":428.3,"inlet_capacity_lps":8.4,"nearest_drain":"MH-059","from_node":"J12071071221","to_node":"J12071071220"},"geometry":{"type":"LineString","coordinates":[[72.888591,19.064816],[72.88857,19.064822],[72.888484,19.064852]]}},{"type":"Feature","properties":{"id":"R0616","name":null,"highway":"residential","osm_way":1303412069,"width_m":6.0,"length_m":123.8,"surface_area":742.8,"catchment_m2":4456.6,"inlet_capacity_lps":33.6,"nearest_drain":"MH-059","from_node":"J12071071221","to_node":"J12071071228"},"geometry":{"type":"LineString","coordinates":[[72.888591,19.064816],[72.888544,19.064694],[72.888547,19.064667],[72.888559,19.064641],[72.889285,19.064438],[72.889319,19.064439],[72.889346,19.064448],[72.8894,19.064592]]}},{"type":"Feature","properties":{"id":"R0617","name":null,"highway":"residential","osm_way":1175603770,"width_m":6.0,"length_m":88.7,"surface_area":531.9,"catchment_m2":3191.5,"inlet_capacity_lps":25.2,"nearest_drain":"MH-059","from_node":"J12071071228","to_node":"J12071071221"},"geometry":{"type":"LineString","coordinates":[[72.8894,19.064592],[72.888591,19.064816]]}},{"type":"Feature","properties":{"id":"R0618","name":null,"highway":"residential","osm_way":993556074,"width_m":6.0,"length_m":24.9,"surface_area":149.6,"catchment_m2":897.8,"inlet_capacity_lps":8.4,"nearest_drain":"MH-029","from_node":"J12071084588","to_node":"J2246471739"},"geometry":{"type":"LineString","coordinates":[[72.88596,19.062419],[72.885932,19.062448],[72.885792,19.062578]]}},{"type":"Feature","properties":{"id":"R0619","name":null,"highway":"residential","osm_way":1303412922,"width_m":6.0,"length_m":75.0,"surface_area":450.1,"catchment_m2":2700.6,"inlet_capacity_lps":25.2,"nearest_drain":"MH-059","from_node":"J12071096202","to_node":"J12071096204"},"geometry":{"type":"LineString","coordinates":[[72.888513,19.063557],[72.888557,19.063617],[72.888897,19.064126]]}},{"type":"Feature","properties":{"id":"R0620","name":null,"highway":"residential","osm_way":1189288618,"width_m":6.0,"length_m":135.9,"surface_area":815.2,"catchment_m2":4891.2,"inlet_capacity_lps":42.0,"nearest_drain":"MH-119","from_node":"J12071097482","to_node":"J7380517055"},"geometry":{"type":"LineString","coordinates":[[72.894953,19.069336],[72.895032,19.069279],[72.895336,19.069109],[72.895373,19.069118],[72.895528,19.069362],[72.895525,19.069395],[72.895177,19.069582],[72.895121,19.069615]]}},{"type":"Feature","properties":{"id":"R0621","name":null,"highway":"residential","osm_way":215242133,"width_m":6.0,"length_m":6.4,"surface_area":38.6,"catchment_m2":231.3,"inlet_capacity_lps":8.4,"nearest_drain":"MH-042","from_node":"J12330461932","to_node":"J2246471799"},"geometry":{"type":"LineString","coordinates":[[72.883542,19.063313],[72.883485,19.063293]]}},{"type":"Feature","properties":{"id":"R0622","name":null,"highway":"residential","osm_way":427199210,"width_m":6.0,"length_m":101.8,"surface_area":610.8,"catchment_m2":3664.9,"inlet_capacity_lps":25.2,"nearest_drain":"MH-054","from_node":"J12330461932","to_node":"J1367093147"},"geometry":{"type":"LineString","coordinates":[[72.883542,19.063313],[72.882963,19.064047]]}},{"type":"Feature","properties":{"id":"R0623","name":null,"highway":"residential","osm_way":1335312682,"width_m":6.0,"length_m":7.1,"surface_area":42.6,"catchment_m2":255.6,"inlet_capacity_lps":8.4,"nearest_drain":"MH-145","from_node":"J12353418398","to_node":"J12353418397"},"geometry":{"type":"LineString","coordinates":[[72.895951,19.072119],[72.895896,19.072156]]}},{"type":"Feature","properties":{"id":"R0624","name":null,"highway":"residential","osm_way":1335309077,"width_m":6.0,"length_m":5.7,"surface_area":34.3,"catchment_m2":205.6,"inlet_capacity_lps":8.4,"nearest_drain":"MH-120","from_node":"J12353523816","to_node":"J13736800163"},"geometry":{"type":"LineString","coordinates":[[72.895956,19.069108],[72.895983,19.069153]]}},{"type":"Feature","properties":{"id":"R0625","name":null,"highway":"residential","osm_way":1336793619,"width_m":6.0,"length_m":18.5,"surface_area":110.9,"catchment_m2":665.6,"inlet_capacity_lps":8.4,"nearest_drain":"MH-046","from_node":"J12364600183","to_node":"J12364633101"},"geometry":{"type":"LineString","coordinates":[[72.888124,19.063288],[72.888011,19.063355],[72.887994,19.063368],[72.887993,19.063388]]}},{"type":"Feature","properties":{"id":"R0626","name":null,"highway":"residential","osm_way":1336793620,"width_m":6.0,"length_m":41.0,"surface_area":246.2,"catchment_m2":1477.4,"inlet_capacity_lps":8.4,"nearest_drain":"MH-046","from_node":"J12364600183","to_node":"J12395304766"},"geometry":{"type":"LineString","coordinates":[[72.888124,19.063288],[72.888346,19.063591]]}},{"type":"Feature","properties":{"id":"R0627","name":null,"highway":"residential","osm_way":1336793619,"width_m":6.0,"length_m":23.9,"surface_area":143.3,"catchment_m2":859.6,"inlet_capacity_lps":8.4,"nearest_drain":"MH-046","from_node":"J12364600186","to_node":"J12364600183"},"geometry":{"type":"LineString","coordinates":[[72.888307,19.063226],[72.888287,19.063199],[72.88827,19.063197],[72.888255,19.063202],[72.888124,19.063288]]}},{"type":"Feature","properties":{"id":"R0628","name":null,"highway":"residential","osm_way":1336793621,"width_m":6.0,"length_m":35.6,"surface_area":213.4,"catchment_m2":1280.1,"inlet_capacity_lps":8.4,"nearest_drain":"MH-047","from_node":"J12364600186","to_node":"J12395304768"},"geometry":{"type":"LineString","coordinates":[[72.888307,19.063226],[72.88848,19.0635]]}},{"type":"Feature","properties":{"id":"R0629","name":null,"highway":"residential","osm_way":1336793619,"width_m":6.0,"length_m":37.3,"surface_area":223.6,"catchment_m2":1341.9,"inlet_capacity_lps":8.4,"nearest_drain":"MH-046","from_node":"J12364633101","to_node":"J12395304767"},"geometry":{"type":"LineString","coordinates":[[72.887993,19.063388],[72.887999,19.063403],[72.88818,19.063672]]}},{"type":"Feature","properties":{"id":"R0630","name":null,"highway":"residential","osm_way":1175603769,"width_m":6.0,"length_m":43.8,"surface_area":262.6,"catchment_m2":1575.6,"inlet_capacity_lps":8.4,"nearest_drain":"MH-046","from_node":"J12364633102","to_node":"J10923992375"},"geometry":{"type":"LineString","coordinates":[[72.887631,19.063591],[72.887823,19.063882],[72.887855,19.063923]]}},{"type":"Feature","properties":{"id":"R0631","name":null,"highway":"residential","osm_way":1339995488,"width_m":6.0,"length_m":25.3,"surface_area":151.9,"catchment_m2":911.5,"inlet_capacity_lps":8.4,"nearest_drain":"MH-046","from_node":"J12364633102","to_node":"J12364633103"},"geometry":{"type":"LineString","coordinates":[[72.887631,19.063591],[72.887836,19.063472]]}},{"type":"Feature","properties":{"id":"R0632","name":null,"highway":"residential","osm_way":1336793618,"width_m":6.0,"length_m":44.3,"surface_area":265.8,"catchment_m2":1594.6,"inlet_capacity_lps":8.4,"nearest_drain":"MH-046","from_node":"J12364633103","to_node":"J12364600178"},"geometry":{"type":"LineString","coordinates":[[72.887836,19.063472],[72.887843,19.06349],[72.888039,19.063769],[72.888064,19.063807]]}},{"type":"Feature","properties":{"id":"R0633","name":null,"highway":"residential","osm_way":1339995487,"width_m":6.0,"length_m":19.3,"surface_area":115.7,"catchment_m2":693.9,"inlet_capacity_lps":8.4,"nearest_drain":"MH-046","from_node":"J12364633103","to_node":"J12364633101"},"geometry":{"type":"LineString","coordinates":[[72.887836,19.063472],[72.887843,19.063461],[72.887855,19.063451],[72.887993,19.063388]]}},{"type":"Feature","properties":{"id":"R0634","name":null,"highway":"residential","osm_way":1175603769,"width_m":6.0,"length_m":19.0,"surface_area":113.9,"catchment_m2":683.3,"inlet_capacity_lps":8.4,"nearest_drain":"MH-046","from_node":"J12364633106","to_node":"J12364633102"},"geometry":{"type":"LineString","coordinates":[[72.887473,19.063675],[72.887631,19.063591]]}},{"type":"Feature","properties":{"id":"R0635","name":null,"highway":"residential","osm_way":1339995486,"width_m":6.0,"length_m":17.8,"surface_area":106.5,"catchment_m2":639.1,"inlet_capacity_lps":8.4,"nearest_drain":"MH-047","from_node":"J12395304766","to_node":"J12395304768"},"geometry":{"type":"LineString","coordinates":[[72.888346,19.063591],[72.888464,19.063528],[72.88847,19.063523],[72.888474,19.063516],[72.88848,19.0635]]}},{"type":"Feature","properties":{"id":"R0636","name":null,"highway":"residential","osm_way":1336793619,"width_m":6.0,"length_m":6.7,"surface_area":40.2,"catchment_m2":241.4,"inlet_capacity_lps":8.4,"nearest_drain":"MH-046","from_node":"J12395304767","to_node":"J12364600181"},"geometry":{"type":"LineString","coordinates":[[72.88818,19.063672],[72.888193,19.06369],[72.888214,19.063723]]}},{"type":"Feature","properties":{"id":"R0637","name":null,"highway":"residential","osm_way":1339995486,"width_m":6.0,"length_m":20.1,"surface_area":120.7,"catchment_m2":724.4,"inlet_capacity_lps":8.4,"nearest_drain":"MH-046","from_node":"J12395304767","to_node":"J12395304766"},"geometry":{"type":"LineString","coordinates":[[72.88818,19.063672],[72.888202,19.063673],[72.888218,19.063669],[72.888346,19.063591]]}},{"type":"Feature","properties":{"id":"R0638","name":null,"highway":"residential","osm_way":1336793621,"width_m":6.0,"length_m":7.2,"surface_area":43.3,"catchment_m2":260.0,"inlet_capacity_lps":8.4,"nearest_drain":"MH-047","from_node":"J12395304768","to_node":"J12071096202"},"geometry":{"type":"LineString","coordinates":[[72.88848,19.0635],[72.888497,19.063526],[72.888513,19.063557]]}},{"type":"Feature","properties":{"id":"R0639","name":null,"highway":"residential","osm_way":1383811484,"width_m":6.0,"length_m":78.9,"surface_area":473.4,"catchment_m2":2840.6,"inlet_capacity_lps":25.2,"nearest_drain":"MH-146","from_node":"J12812047610","to_node":"J12812047612"},"geometry":{"type":"LineString","coordinates":[[72.880327,19.073844],[72.880555,19.073805],[72.881034,19.073615]]}},{"type":"Feature","properties":{"id":"R0640","name":null,"highway":"residential","osm_way":789278046,"width_m":6.0,"length_m":53.3,"surface_area":319.8,"catchment_m2":1919.0,"inlet_capacity_lps":16.8,"nearest_drain":"MH-105","from_node":"J12888608855","to_node":"J7379899433"},"geometry":{"type":"LineString","coordinates":[[72.881807,19.068719],[72.881523,19.068322]]}},{"type":"Feature","properties":{"id":"R0641","name":null,"highway":"residential","osm_way":1455970935,"width_m":6.0,"length_m":129.9,"surface_area":779.1,"catchment_m2":4674.8,"inlet_capacity_lps":33.6,"nearest_drain":"MH-153","from_node":"J13352989734","to_node":"J13352989742"},"geometry":{"type":"LineString","coordinates":[[72.882482,19.075004],[72.882232,19.074836],[72.88198,19.074666],[72.88186,19.0746],[72.881843,19.074574],[72.881831,19.074518],[72.881833,19.074422],[72.881838,19.074248],[72.881842,19.074152]]}},{"type":"Feature","properties":{"id":"R0642","name":null,"highway":"residential","osm_way":1455969918,"width_m":6.0,"length_m":28.2,"surface_area":169.4,"catchment_m2":1016.4,"inlet_capacity_lps":8.4,"nearest_drain":"MH-132","from_node":"J13353030493","to_node":"J13353030494"},"geometry":{"type":"LineString","coordinates":[[72.882079,19.071909],[72.882028,19.071659]]}},{"type":"Feature","properties":{"id":"R0643","name":null,"highway":"residential","osm_way":1460428291,"width_m":6.0,"length_m":128.4,"surface_area":770.4,"catchment_m2":4622.3,"inlet_capacity_lps":33.6,"nearest_drain":"MH-053","from_node":"J13394483489","to_node":"J13394483491"},"geometry":{"type":"LineString","coordinates":[[72.88112,19.064627],[72.881003,19.064516],[72.880795,19.064298],[72.880334,19.063745]]}},{"type":"Feature","properties":{"id":"R0644","name":null,"highway":"residential","osm_way":1493006139,"width_m":6.0,"length_m":6.3,"surface_area":37.9,"catchment_m2":227.6,"inlet_capacity_lps":8.4,"nearest_drain":"MH-053","from_node":"J13394483489","to_node":"J13681073489"},"geometry":{"type":"LineString","coordinates":[[72.88112,19.064627],[72.881167,19.064663]]}},{"type":"Feature","properties":{"id":"R0645","name":null,"highway":"residential","osm_way":215241999,"width_m":6.0,"length_m":40.7,"surface_area":244.4,"catchment_m2":1466.5,"inlet_capacity_lps":8.4,"nearest_drain":"MH-074","from_node":"J13638176116","to_node":"J14002601418"},"geometry":{"type":"LineString","coordinates":[[72.89343,19.065925],[72.893055,19.066016]]}},{"type":"Feature","properties":{"id":"R0646","name":null,"highway":"residential","osm_way":1487620070,"width_m":6.0,"length_m":82.2,"surface_area":492.9,"catchment_m2":2957.5,"inlet_capacity_lps":25.2,"nearest_drain":"MH-074","from_node":"J13638176116","to_node":"J13638176120"},"geometry":{"type":"LineString","coordinates":[[72.89343,19.065925],[72.893439,19.065974],[72.893468,19.066129],[72.893486,19.066153],[72.893508,19.066169],[72.893932,19.066139],[72.894011,19.066134]]}},{"type":"Feature","properties":{"id":"R0647","name":null,"highway":"residential","osm_way":1176140837,"width_m":6.0,"length_m":2.5,"surface_area":15.3,"catchment_m2":91.8,"inlet_capacity_lps":8.4,"nearest_drain":"MH-087","from_node":"J13638176120","to_node":"J11038649369"},"geometry":{"type":"LineString","coordinates":[[72.894011,19.066134],[72.894014,19.066157]]}},{"type":"Feature","properties":{"id":"R0648","name":null,"highway":"residential","osm_way":1492297632,"width_m":6.0,"length_m":63.5,"surface_area":380.7,"catchment_m2":2284.3,"inlet_capacity_lps":16.8,"nearest_drain":"MH-003","from_node":"J13675269071","to_node":"J13675269077"},"geometry":{"type":"LineString","coordinates":[[72.881878,19.060076],[72.881875,19.060089],[72.88188,19.060104],[72.882148,19.060303],[72.882164,19.060303],[72.882175,19.060295],[72.882261,19.060195],[72.882274,19.06018],[72.882303,19.060146]]}},{"type":"Feature","properties":{"id":"R0649","name":null,"highway":"residential","osm_way":122177894,"width_m":6.0,"length_m":121.5,"surface_area":728.9,"catchment_m2":4373.2,"inlet_capacity_lps":33.6,"nearest_drain":"MH-091","from_node":"J13676670598","to_node":"J1367093348"},"geometry":{"type":"LineString","coordinates":[[72.883693,19.066094],[72.883382,19.066758],[72.883289,19.066995],[72.883248,19.067101]]}},{"type":"Feature","properties":{"id":"R0650","name":null,"highway":"residential","osm_way":1492459178,"width_m":6.0,"length_m":10.0,"surface_area":59.9,"catchment_m2":359.3,"inlet_capacity_lps":8.4,"nearest_drain":"MH-079","from_node":"J13676670598","to_node":"J13676695406"},"geometry":{"type":"LineString","coordinates":[[72.883693,19.066094],[72.883738,19.066108],[72.883783,19.066123]]}},{"type":"Feature","properties":{"id":"R0651","name":null,"highway":"residential","osm_way":122177894,"width_m":6.0,"length_m":18.4,"surface_area":110.7,"catchment_m2":664.1,"inlet_capacity_lps":8.4,"nearest_drain":"MH-069","from_node":"J13676695405","to_node":"J13676695409"},"geometry":{"type":"LineString","coordinates":[[72.883846,19.065768],[72.883775,19.06592]]}},{"type":"Feature","properties":{"id":"R0652","name":null,"highway":"residential","osm_way":1492459178,"width_m":6.0,"length_m":74.5,"surface_area":446.9,"catchment_m2":2681.5,"inlet_capacity_lps":16.8,"nearest_drain":"MH-069","from_node":"J13676695406","to_node":"J13676695407"},"geometry":{"type":"LineString","coordinates":[[72.883783,19.066123],[72.883945,19.066175],[72.883957,19.066176],[72.883969,19.066173],[72.884087,19.065883],[72.884088,19.065871],[72.884083,19.065861],[72.883935,19.065803]]}},{"type":"Feature","properties":{"id":"R0653","name":null,"highway":"residential","osm_way":1492459179,"width_m":6.0,"length_m":20.6,"surface_area":123.9,"catchment_m2":743.2,"inlet_capacity_lps":8.4,"nearest_drain":"MH-079","from_node":"J13676695406","to_node":"J13676695408"},"geometry":{"type":"LineString","coordinates":[[72.883783,19.066123],[72.883864,19.065953]]}},{"type":"Feature","properties":{"id":"R0654","name":null,"highway":"residential","osm_way":1492459178,"width_m":6.0,"length_m":10.1,"surface_area":60.8,"catchment_m2":364.8,"inlet_capacity_lps":8.4,"nearest_drain":"MH-069","from_node":"J13676695407","to_node":"J13676695405"},"geometry":{"type":"LineString","coordinates":[[72.883935,19.065803],[72.883891,19.065786],[72.883846,19.065768]]}},{"type":"Feature","properties":{"id":"R0655","name":null,"highway":"residential","osm_way":1492459179,"width_m":6.0,"length_m":18.3,"surface_area":110.0,"catchment_m2":660.0,"inlet_capacity_lps":8.4,"nearest_drain":"MH-069","from_node":"J13676695408","to_node":"J13676695407"},"geometry":{"type":"LineString","coordinates":[[72.883864,19.065953],[72.883935,19.065803]]}},{"type":"Feature","properties":{"id":"R0656","name":null,"highway":"residential","osm_way":1492459180,"width_m":6.0,"length_m":10.1,"surface_area":60.4,"catchment_m2":362.2,"inlet_capacity_lps":8.4,"nearest_drain":"MH-069","from_node":"J13676695408","to_node":"J13676695409"},"geometry":{"type":"LineString","coordinates":[[72.883864,19.065953],[72.883819,19.065937],[72.883775,19.06592]]}},{"type":"Feature","properties":{"id":"R0657","name":null,"highway":"residential","osm_way":122177894,"width_m":6.0,"length_m":21.1,"surface_area":126.8,"catchment_m2":760.6,"inlet_capacity_lps":8.4,"nearest_drain":"MH-079","from_node":"J13676695409","to_node":"J13676670598"},"geometry":{"type":"LineString","coordinates":[[72.883775,19.06592],[72.883693,19.066094]]}},{"type":"Feature","properties":{"id":"R0658","name":null,"highway":"residential","osm_way":1159669375,"width_m":6.0,"length_m":78.9,"surface_area":473.6,"catchment_m2":2841.5,"inlet_capacity_lps":25.2,"nearest_drain":"MH-068","from_node":"J13681073490","to_node":"J10784473555"},"geometry":{"type":"LineString","coordinates":[[72.882668,19.065494],[72.883053,19.065054],[72.883099,19.065001],[72.883145,19.064947]]}},{"type":"Feature","properties":{"id":"R0659","name":null,"highway":"residential","osm_way":1493006140,"width_m":6.0,"length_m":59.4,"surface_area":356.5,"catchment_m2":2138.7,"inlet_capacity_lps":16.8,"nearest_drain":"MH-068","from_node":"J13681073490","to_node":"J13681124603"},"geometry":{"type":"LineString","coordinates":[[72.882668,19.065494],[72.88288,19.065663],[72.88291,19.065673],[72.882931,19.065672],[72.882961,19.065652],[72.883095,19.065514]]}},{"type":"Feature","properties":{"id":"R0660","name":null,"highway":"residential","osm_way":1493006141,"width_m":6.0,"length_m":44.2,"surface_area":265.4,"catchment_m2":1592.1,"inlet_capacity_lps":8.4,"nearest_drain":"MH-069","from_node":"J13681073495","to_node":"J13681124603"},"geometry":{"type":"LineString","coordinates":[[72.883229,19.065368],[72.883162,19.065309],[72.883147,19.065308],[72.883133,19.065312],[72.883016,19.065429],[72.883012,19.065441],[72.883013,19.065452],[72.883095,19.065514]]}},{"type":"Feature","properties":{"id":"R0661","name":null,"highway":"residential","osm_way":1493007119,"width_m":6.0,"length_m":109.0,"surface_area":654.0,"catchment_m2":3924.1,"inlet_capacity_lps":33.6,"nearest_drain":"MH-044","from_node":"J13681100338","to_node":"J13681100348"},"geometry":{"type":"LineString","coordinates":[[72.885589,19.063739],[72.885468,19.063861],[72.885366,19.063962],[72.885353,19.063968],[72.88534,19.063968],[72.885326,19.063961],[72.885111,19.06378],[72.8851,19.063769],[72.885095,19.063755],[72.885097,19.063741],[72.885105,19.063733],[72.885208,19.06363],[72.885327,19.063512]]}},{"type":"Feature","properties":{"id":"R0662","name":null,"highway":"residential","osm_way":215242081,"width_m":6.0,"length_m":13.7,"surface_area":82.1,"catchment_m2":492.5,"inlet_capacity_lps":8.4,"nearest_drain":"MH-062","from_node":"J13681100953","to_node":"J13681100978"},"geometry":{"type":"LineString","coordinates":[[72.89226,19.064515],[72.892291,19.064635]]}},{"type":"Feature","properties":{"id":"R0663","name":null,"highway":"residential","osm_way":1493011442,"width_m":6.0,"length_m":5.5,"surface_area":32.9,"catchment_m2":197.3,"inlet_capacity_lps":8.4,"nearest_drain":"MH-062","from_node":"J13681100953","to_node":"J13681100958"},"geometry":{"type":"LineString","coordinates":[[72.89226,19.064515],[72.89229,19.064509],[72.892311,19.064504]]}},{"type":"Feature","properties":{"id":"R0664","name":null,"highway":"residential","osm_way":215242156,"width_m":6.0,"length_m":135.2,"surface_area":811.2,"catchment_m2":4867.0,"inlet_capacity_lps":42.0,"nearest_drain":"MH-050","from_node":"J13681100957","to_node":"J2246471845"},"geometry":{"type":"LineString","coordinates":[[72.892368,19.064709],[72.892481,19.064657],[72.892696,19.064499],[72.89273,19.064463],[72.892758,19.064419],[72.892777,19.064375],[72.892786,19.064274],[72.892764,19.063683]]}},{"type":"Feature","properties":{"id":"R0665","name":null,"highway":"residential","osm_way":1493011443,"width_m":6.0,"length_m":18.1,"surface_area":108.7,"catchment_m2":652.4,"inlet_capacity_lps":8.4,"nearest_drain":"MH-062","from_node":"J13681100957","to_node":"J13681100959"},"geometry":{"type":"LineString","coordinates":[[72.892368,19.064709],[72.892324,19.064551]]}},{"type":"Feature","properties":{"id":"R0666","name":null,"highway":"residential","osm_way":1493011442,"width_m":6.0,"length_m":10.3,"surface_area":61.9,"catchment_m2":371.6,"inlet_capacity_lps":8.4,"nearest_drain":"MH-062","from_node":"J13681100958","to_node":"J13681100954"},"geometry":{"type":"LineString","coordinates":[[72.892311,19.064504],[72.892325,19.064501],[72.892407,19.064483]]}},{"type":"Feature","properties":{"id":"R0667","name":null,"highway":"residential","osm_way":1493011444,"width_m":6.0,"length_m":5.4,"surface_area":32.3,"catchment_m2":194.1,"inlet_capacity_lps":8.4,"nearest_drain":"MH-062","from_node":"J13681100959","to_node":"J13681100958"},"geometry":{"type":"LineString","coordinates":[[72.892324,19.064551],[72.892311,19.064504]]}},{"type":"Feature","properties":{"id":"R0668","name":null,"highway":"residential","osm_way":215242081,"width_m":6.0,"length_m":47.2,"surface_area":283.1,"catchment_m2":1698.5,"inlet_capacity_lps":16.8,"nearest_drain":"MH-062","from_node":"J13681100960","to_node":"J13681100968"},"geometry":{"type":"LineString","coordinates":[[72.892146,19.064066],[72.892251,19.064478]]}},{"type":"Feature","properties":{"id":"R0669","name":null,"highway":"residential","osm_way":1493011445,"width_m":6.0,"length_m":7.9,"surface_area":47.2,"catchment_m2":283.1,"inlet_capacity_lps":8.4,"nearest_drain":"MH-062","from_node":"J13681100961","to_node":"J13681100960"},"geometry":{"type":"LineString","coordinates":[[72.892219,19.064053],[72.892182,19.064059],[72.892176,19.06406],[72.892146,19.064066]]}},{"type":"Feature","properties":{"id":"R0670","name":null,"highway":"residential","osm_way":1493011446,"width_m":6.0,"length_m":10.4,"surface_area":62.1,"catchment_m2":372.7,"inlet_capacity_lps":8.4,"nearest_drain":"MH-062","from_node":"J13681100964","to_node":"J13681100965"},"geometry":{"type":"LineString","coordinates":[[72.892035,19.064029],[72.892092,19.06402],[72.8921,19.064019],[72.892133,19.064014]]}},{"type":"Feature","properties":{"id":"R0671","name":null,"highway":"residential","osm_way":215242081,"width_m":6.0,"length_m":5.9,"surface_area":35.4,"catchment_m2":212.4,"inlet_capacity_lps":8.4,"nearest_drain":"MH-062","from_node":"J13681100965","to_node":"J13681100960"},"geometry":{"type":"LineString","coordinates":[[72.892133,19.064014],[72.892146,19.064066]]}},{"type":"Feature","properties":{"id":"R0672","name":null,"highway":"residential","osm_way":215242081,"width_m":6.0,"length_m":4.2,"surface_area":25.3,"catchment_m2":151.5,"inlet_capacity_lps":8.4,"nearest_drain":"MH-062","from_node":"J13681100968","to_node":"J13681100953"},"geometry":{"type":"LineString","coordinates":[[72.892251,19.064478],[72.89226,19.064515]]}},{"type":"Feature","properties":{"id":"R0673","name":null,"highway":"residential","osm_way":1493011447,"width_m":6.0,"length_m":15.8,"surface_area":95.1,"catchment_m2":570.4,"inlet_capacity_lps":8.4,"nearest_drain":"MH-062","from_node":"J13681100968","to_node":"J13681100972"},"geometry":{"type":"LineString","coordinates":[[72.892251,19.064478],[72.892222,19.064485],[72.8922,19.06449],[72.892186,19.064493],[72.892104,19.06451]]}},{"type":"Feature","properties":{"id":"R0674","name":null,"highway":"residential","osm_way":1493011450,"width_m":6.0,"length_m":10.9,"surface_area":65.6,"catchment_m2":393.6,"inlet_capacity_lps":8.4,"nearest_drain":"MH-061","from_node":"J13681100973","to_node":"J13681100980"},"geometry":{"type":"LineString","coordinates":[[72.891364,19.064075],[72.891378,19.0641],[72.891414,19.064161]]}},{"type":"Feature","properties":{"id":"R0675","name":null,"highway":"residential","osm_way":215242081,"width_m":6.0,"length_m":9.9,"surface_area":59.3,"catchment_m2":355.7,"inlet_capacity_lps":8.4,"nearest_drain":"MH-062","from_node":"J13681100978","to_node":"J2246471917"},"geometry":{"type":"LineString","coordinates":[[72.892291,19.064635],[72.892313,19.064721]]}},{"type":"Feature","properties":{"id":"R0676","name":null,"highway":"residential","osm_way":1493011448,"width_m":6.0,"length_m":2.5,"surface_area":15.2,"catchment_m2":91.3,"inlet_capacity_lps":8.4,"nearest_drain":"MH-062","from_node":"J13681100979","to_node":"J13681100982"},"geometry":{"type":"LineString","coordinates":[[72.891491,19.064291],[72.891503,19.064311]]}},{"type":"Feature","properties":{"id":"R0677","name":null,"highway":"residential","osm_way":1493011449,"width_m":6.0,"length_m":16.6,"surface_area":99.6,"catchment_m2":597.4,"inlet_capacity_lps":8.4,"nearest_drain":"MH-061","from_node":"J13681100980","to_node":"J13681100979"},"geometry":{"type":"LineString","coordinates":[[72.891414,19.064161],[72.891491,19.064291]]}},{"type":"Feature","properties":{"id":"R0678","name":null,"highway":"residential","osm_way":1493011448,"width_m":6.0,"length_m":110.5,"surface_area":663.1,"catchment_m2":3978.8,"inlet_capacity_lps":33.6,"nearest_drain":"MH-062","from_node":"J13681100982","to_node":"J13681100978"},"geometry":{"type":"LineString","coordinates":[[72.891503,19.064311],[72.891731,19.064699],[72.891752,19.064721],[72.891772,19.06473],[72.891799,19.064729],[72.892228,19.064647],[72.892291,19.064635]]}},{"type":"Feature","properties":{"id":"R0679","name":null,"highway":"residential","osm_way":1493011451,"width_m":6.0,"length_m":32.5,"surface_area":194.9,"catchment_m2":1169.2,"inlet_capacity_lps":8.4,"nearest_drain":"MH-062","from_node":"J13681100982","to_node":"J13681100983"},"geometry":{"type":"LineString","coordinates":[[72.891503,19.064311],[72.891279,19.064403],[72.891219,19.064427]]}},{"type":"Feature","properties":{"id":"R0680","name":null,"highway":"residential","osm_way":437953652,"width_m":6.0,"length_m":31.6,"surface_area":189.4,"catchment_m2":1136.5,"inlet_capacity_lps":8.4,"nearest_drain":"MH-061","from_node":"J13681100983","to_node":"J1367093170"},"geometry":{"type":"LineString","coordinates":[[72.891219,19.064427],[72.891062,19.064186]]}},{"type":"Feature","properties":{"id":"R0681","name":null,"highway":"residential","osm_way":1493006140,"width_m":6.0,"length_m":21.4,"surface_area":128.5,"catchment_m2":770.9,"inlet_capacity_lps":8.4,"nearest_drain":"MH-069","from_node":"J13681124603","to_node":"J13681073495"},"geometry":{"type":"LineString","coordinates":[[72.883095,19.065514],[72.883229,19.065368]]}},{"type":"Feature","properties":{"id":"R0682","name":null,"highway":"residential","osm_way":427199215,"width_m":6.0,"length_m":50.1,"surface_area":300.5,"catchment_m2":1803.1,"inlet_capacity_lps":16.8,"nearest_drain":"MH-078","from_node":"J13681124604","to_node":"J13681124611"},"geometry":{"type":"LineString","coordinates":[[72.882907,19.065785],[72.882514,19.066041]]}},{"type":"Feature","properties":{"id":"R0683","name":null,"highway":"residential","osm_way":1493006142,"width_m":6.0,"length_m":16.5,"surface_area":99.2,"catchment_m2":595.0,"inlet_capacity_lps":8.4,"nearest_drain":"MH-068","from_node":"J13681124604","to_node":"J13681124605"},"geometry":{"type":"LineString","coordinates":[[72.882907,19.065785],[72.88286,19.065729],[72.88281,19.065668]]}},{"type":"Feature","properties":{"id":"R0684","name":null,"highway":"residential","osm_way":1493006142,"width_m":6.0,"length_m":23.7,"surface_area":142.2,"catchment_m2":853.1,"inlet_capacity_lps":8.4,"nearest_drain":"MH-068","from_node":"J13681124605","to_node":"J10784473557"},"geometry":{"type":"LineString","coordinates":[[72.88281,19.065668],[72.882761,19.065628],[72.882638,19.06553]]}},{"type":"Feature","properties":{"id":"R0685","name":null,"highway":"residential","osm_way":1493006143,"width_m":6.0,"length_m":65.3,"surface_area":391.8,"catchment_m2":2350.8,"inlet_capacity_lps":16.8,"nearest_drain":"MH-078","from_node":"J13681124605","to_node":"J13681124611"},"geometry":{"type":"LineString","coordinates":[[72.88281,19.065668],[72.882729,19.065698],[72.882453,19.065891],[72.882435,19.065911],[72.882433,19.065933],[72.882481,19.065996],[72.882514,19.066041]]}},{"type":"Feature","properties":{"id":"R0686","name":null,"highway":"residential","osm_way":427199215,"width_m":6.0,"length_m":32.7,"surface_area":196.1,"catchment_m2":1176.5,"inlet_capacity_lps":8.4,"nearest_drain":"MH-078","from_node":"J13681124611","to_node":"J4264430447"},"geometry":{"type":"LineString","coordinates":[[72.882514,19.066041],[72.882257,19.066207]]}},{"type":"Feature","properties":{"id":"R0687","name":null,"highway":"residential","osm_way":1493006144,"width_m":6.0,"length_m":54.8,"surface_area":328.7,"catchment_m2":1972.4,"inlet_capacity_lps":16.8,"nearest_drain":"MH-068","from_node":"J13681124612","to_node":"J13681124613"},"geometry":{"type":"LineString","coordinates":[[72.882235,19.065868],[72.882544,19.065471]]}},{"type":"Feature","properties":{"id":"R0688","name":null,"highway":"residential","osm_way":1493006142,"width_m":6.0,"length_m":24.5,"surface_area":147.2,"catchment_m2":883.3,"inlet_capacity_lps":8.4,"nearest_drain":"MH-068","from_node":"J13681124613","to_node":"J13681124615"},"geometry":{"type":"LineString","coordinates":[[72.882544,19.065471],[72.88237,19.065324]]}},{"type":"Feature","properties":{"id":"R0689","name":null,"highway":"residential","osm_way":1493006145,"width_m":6.0,"length_m":58.1,"surface_area":348.5,"catchment_m2":2090.8,"inlet_capacity_lps":16.8,"nearest_drain":"MH-067","from_node":"J13681124614","to_node":"J13681124615"},"geometry":{"type":"LineString","coordinates":[[72.882067,19.065762],[72.88237,19.065324]]}},{"type":"Feature","properties":{"id":"R0690","name":null,"highway":"residential","osm_way":1493006142,"width_m":6.0,"length_m":13.0,"surface_area":77.8,"catchment_m2":466.5,"inlet_capacity_lps":8.4,"nearest_drain":"MH-068","from_node":"J13681124615","to_node":"J13681124606"},"geometry":{"type":"LineString","coordinates":[[72.88237,19.065324],[72.882278,19.065247]]}},{"type":"Feature","properties":{"id":"R0691","name":null,"highway":"residential","osm_way":1493008483,"width_m":6.0,"length_m":10.0,"surface_area":60.2,"catchment_m2":361.0,"inlet_capacity_lps":8.4,"nearest_drain":"MH-130","from_node":"J13681133033","to_node":"J13681133032"},"geometry":{"type":"LineString","coordinates":[[72.895432,19.069928],[72.895393,19.069952],[72.895352,19.069977]]}},{"type":"Feature","properties":{"id":"R0692","name":null,"highway":"residential","osm_way":1493008484,"width_m":6.0,"length_m":52.0,"surface_area":312.2,"catchment_m2":1873.3,"inlet_capacity_lps":16.8,"nearest_drain":"MH-119","from_node":"J13681133033","to_node":"J13681133046"},"geometry":{"type":"LineString","coordinates":[[72.895432,19.069928],[72.895344,19.069785],[72.895343,19.069774],[72.895347,19.069767],[72.895401,19.069732],[72.895411,19.069721],[72.895413,19.069705],[72.895369,19.069639],[72.895354,19.069634],[72.895344,19.069638],[72.895323,19.069648],[72.895314,19.069647],[72.895304,19.069638],[72.895279,19.0696]]}},{"type":"Feature","properties":{"id":"R0693","name":null,"highway":"residential","osm_way":1493008483,"width_m":6.0,"length_m":96.8,"surface_area":581.0,"catchment_m2":3486.1,"inlet_capacity_lps":25.2,"nearest_drain":"MH-119","from_node":"J13681133046","to_node":"J13681133033"},"geometry":{"type":"LineString","coordinates":[[72.895279,19.0696],[72.895493,19.069471],[72.895515,19.069465],[72.895537,19.069467],[72.895554,19.069475],[72.895618,19.069575],[72.89563,19.069604],[72.895635,19.069773],[72.895631,19.069793],[72.89562,19.069812],[72.895432,19.069928]]}},{"type":"Feature","properties":{"id":"R0694","name":null,"highway":"residential","osm_way":1493008485,"width_m":6.0,"length_m":24.3,"surface_area":145.8,"catchment_m2":874.9,"inlet_capacity_lps":8.4,"nearest_drain":"MH-130","from_node":"J13681133049","to_node":"J13681133050"},"geometry":{"type":"LineString","coordinates":[[72.895033,19.0699],[72.895174,19.069824],[72.895234,19.069791]]}},{"type":"Feature","properties":{"id":"R0695","name":null,"highway":"residential","osm_way":1493008486,"width_m":6.0,"length_m":26.8,"surface_area":161.0,"catchment_m2":966.2,"inlet_capacity_lps":8.4,"nearest_drain":"MH-130","from_node":"J13681133049","to_node":"J13681133051"},"geometry":{"type":"LineString","coordinates":[[72.895033,19.0699],[72.895023,19.069885],[72.895012,19.069876],[72.895001,19.069874],[72.894845,19.069961],[72.894835,19.069973],[72.894834,19.069986]]}},{"type":"Feature","properties":{"id":"R0696","name":null,"highway":"residential","osm_way":1493008486,"width_m":6.0,"length_m":99.9,"surface_area":599.2,"catchment_m2":3595.3,"inlet_capacity_lps":25.2,"nearest_drain":"MH-130","from_node":"J13681133051","to_node":"J13681133049"},"geometry":{"type":"LineString","coordinates":[[72.894834,19.069986],[72.895045,19.070275],[72.895057,19.070282],[72.895073,19.070284],[72.895089,19.07028],[72.895212,19.070203],[72.895222,19.070193],[72.895226,19.070179],[72.895223,19.070163],[72.895033,19.0699]]}},{"type":"Feature","properties":{"id":"R0697","name":null,"highway":"residential","osm_way":1493034688,"width_m":6.0,"length_m":47.9,"surface_area":287.4,"catchment_m2":1724.6,"inlet_capacity_lps":16.8,"nearest_drain":"MH-028","from_node":"J13681317129","to_node":"J13681317148"},"geometry":{"type":"LineString","coordinates":[[72.885188,19.062672],[72.885289,19.062711],[72.885296,19.062711],[72.885303,19.06271],[72.885307,19.062706],[72.885437,19.062423]]}},{"type":"Feature","properties":{"id":"R0698","name":null,"highway":"residential","osm_way":1493034688,"width_m":6.0,"length_m":62.9,"surface_area":377.4,"catchment_m2":2264.5,"inlet_capacity_lps":16.8,"nearest_drain":"MH-029","from_node":"J13681317148","to_node":"J13681317129"},"geometry":{"type":"LineString","coordinates":[[72.885437,19.062423],[72.885453,19.062388],[72.885456,19.06238],[72.885454,19.062372],[72.88545,19.062368],[72.885444,19.062364],[72.88535,19.062326],[72.885341,19.062323],[72.885332,19.062324],[72.885325,19.062327],[72.885321,19.062333],[72.885179,19.062654],[72.885177,19.062661],[72.88518,19.062666],[72.885182,19.062669],[72.885188,19.062672]]}},{"type":"Feature","properties":{"id":"R0699","name":null,"highway":"residential","osm_way":1493034690,"width_m":6.0,"length_m":4.7,"surface_area":28.4,"catchment_m2":170.4,"inlet_capacity_lps":8.4,"nearest_drain":"MH-029","from_node":"J13681317148","to_node":"J13681317149"},"geometry":{"type":"LineString","coordinates":[[72.885437,19.062423],[72.885452,19.062439],[72.885466,19.062455]]}},{"type":"Feature","properties":{"id":"R0700","name":null,"highway":"residential","osm_way":1493034689,"width_m":6.0,"length_m":32.2,"surface_area":193.1,"catchment_m2":1158.4,"inlet_capacity_lps":8.4,"nearest_drain":"MH-029","from_node":"J13681317149","to_node":"J2246471746"},"geometry":{"type":"LineString","coordinates":[[72.885466,19.062455],[72.885664,19.062676]]}},{"type":"Feature","properties":{"id":"R0701","name":null,"highway":"residential","osm_way":1493034691,"width_m":6.0,"length_m":49.8,"surface_area":299.1,"catchment_m2":1794.5,"inlet_capacity_lps":16.8,"nearest_drain":"MH-029","from_node":"J13681317151","to_node":"J12071084588"},"geometry":{"type":"LineString","coordinates":[[72.885687,19.062117],[72.885933,19.06227],[72.88596,19.06229],[72.885969,19.062304],[72.885978,19.062335],[72.885982,19.062375],[72.88596,19.062419]]}},{"type":"Feature","properties":{"id":"R0702","name":null,"highway":"residential","osm_way":1493034695,"width_m":6.0,"length_m":8.6,"surface_area":51.7,"catchment_m2":310.1,"inlet_capacity_lps":8.4,"nearest_drain":"MH-043","from_node":"J13681317157","to_node":"J13681317173"},"geometry":{"type":"LineString","coordinates":[[72.885091,19.063208],[72.885038,19.063267]]}},{"type":"Feature","properties":{"id":"R0703","name":null,"highway":"residential","osm_way":1493034697,"width_m":6.0,"length_m":11.1,"surface_area":66.5,"catchment_m2":398.9,"inlet_capacity_lps":8.4,"nearest_drain":"MH-043","from_node":"J13681317157","to_node":"J13681317171"},"geometry":{"type":"LineString","coordinates":[[72.885091,19.063208],[72.885148,19.063124]]}},{"type":"Feature","properties":{"id":"R0704","name":null,"highway":"residential","osm_way":1493034696,"width_m":6.0,"length_m":3.5,"surface_area":21.1,"catchment_m2":126.5,"inlet_capacity_lps":8.4,"nearest_drain":"MH-043","from_node":"J13681317167","to_node":"J13681317169"},"geometry":{"type":"LineString","coordinates":[[72.885059,19.063042],[72.885066,19.063055],[72.885065,19.063072]]}},{"type":"Feature","properties":{"id":"R0705","name":null,"highway":"residential","osm_way":1493034693,"width_m":6.0,"length_m":10.4,"surface_area":62.5,"catchment_m2":374.9,"inlet_capacity_lps":8.4,"nearest_drain":"MH-043","from_node":"J13681317169","to_node":"J13681317171"},"geometry":{"type":"LineString","coordinates":[[72.885065,19.063072],[72.885148,19.063124]]}},{"type":"Feature","properties":{"id":"R0706","name":null,"highway":"residential","osm_way":1493034696,"width_m":6.0,"length_m":10.1,"surface_area":60.7,"catchment_m2":364.3,"inlet_capacity_lps":8.4,"nearest_drain":"MH-043","from_node":"J13681317169","to_node":"J13681317170"},"geometry":{"type":"LineString","coordinates":[[72.885065,19.063072],[72.885021,19.063153]]}},{"type":"Feature","properties":{"id":"R0707","name":null,"highway":"residential","osm_way":1493034694,"width_m":6.0,"length_m":8.7,"surface_area":52.3,"catchment_m2":313.6,"inlet_capacity_lps":8.4,"nearest_drain":"MH-043","from_node":"J13681317170","to_node":"J13681317172"},"geometry":{"type":"LineString","coordinates":[[72.885021,19.063153],[72.884975,19.063218]]}},{"type":"Feature","properties":{"id":"R0708","name":null,"highway":"residential","osm_way":1493034697,"width_m":6.0,"length_m":1.9,"surface_area":11.7,"catchment_m2":70.0,"inlet_capacity_lps":8.4,"nearest_drain":"MH-043","from_node":"J13681317171","to_node":"J13681317174"},"geometry":{"type":"LineString","coordinates":[[72.885148,19.063124],[72.885158,19.06311]]}},{"type":"Feature","properties":{"id":"R0709","name":null,"highway":"residential","osm_way":1493034692,"width_m":6.0,"length_m":92.7,"surface_area":556.4,"catchment_m2":3338.4,"inlet_capacity_lps":25.2,"nearest_drain":"MH-043","from_node":"J13681317174","to_node":"J13681317167"},"geometry":{"type":"LineString","coordinates":[[72.885158,19.06311],[72.885168,19.063095],[72.885305,19.062797],[72.885304,19.062784],[72.885296,19.062772],[72.885187,19.062729],[72.885175,19.062729],[72.885165,19.062738],[72.885046,19.063013],[72.885049,19.063028],[72.885059,19.063042]]}},{"type":"Feature","properties":{"id":"R0710","name":null,"highway":"residential","osm_way":427199215,"width_m":6.0,"length_m":51.0,"surface_area":306.2,"catchment_m2":1837.4,"inlet_capacity_lps":16.8,"nearest_drain":"MH-028","from_node":"J13681370445","to_node":"J10882788618"},"geometry":{"type":"LineString","coordinates":[[72.884755,19.062366],[72.884662,19.062574],[72.884567,19.062789]]}},{"type":"Feature","properties":{"id":"R0711","name":null,"highway":"residential","osm_way":1493036817,"width_m":6.0,"length_m":5.9,"surface_area":35.7,"catchment_m2":214.0,"inlet_capacity_lps":8.4,"nearest_drain":"MH-028","from_node":"J13681370445","to_node":"J13681370454"},"geometry":{"type":"LineString","coordinates":[[72.884755,19.062366],[72.884781,19.062378],[72.884806,19.062389]]}},{"type":"Feature","properties":{"id":"R0712","name":null,"highway":"residential","osm_way":427199215,"width_m":6.0,"length_m":9.4,"surface_area":56.3,"catchment_m2":338.1,"inlet_capacity_lps":8.4,"nearest_drain":"MH-016","from_node":"J13681370453","to_node":"J13707326660"},"geometry":{"type":"LineString","coordinates":[[72.885105,19.061603],[72.885069,19.061681]]}},{"type":"Feature","properties":{"id":"R0713","name":null,"highway":"residential","osm_way":1493036817,"width_m":6.0,"length_m":126.7,"surface_area":760.3,"catchment_m2":4561.6,"inlet_capacity_lps":33.6,"nearest_drain":"MH-028","from_node":"J13681370454","to_node":"J13681370455"},"geometry":{"type":"LineString","coordinates":[[72.884806,19.062389],[72.884948,19.062451],[72.884974,19.062452],[72.884997,19.062441],[72.885294,19.06176],[72.885299,19.06173],[72.885282,19.061702],[72.885255,19.061674],[72.885155,19.061627]]}},{"type":"Feature","properties":{"id":"R0714","name":null,"highway":"residential","osm_way":1493036818,"width_m":6.0,"length_m":45.1,"surface_area":270.8,"catchment_m2":1625.0,"inlet_capacity_lps":16.8,"nearest_drain":"MH-028","from_node":"J13681370454","to_node":"J13681370458"},"geometry":{"type":"LineString","coordinates":[[72.884806,19.062389],[72.884977,19.062016]]}},{"type":"Feature","properties":{"id":"R0715","name":null,"highway":"residential","osm_way":1493036817,"width_m":6.0,"length_m":5.9,"surface_area":35.3,"catchment_m2":211.8,"inlet_capacity_lps":8.4,"nearest_drain":"MH-016","from_node":"J13681370455","to_node":"J13681370453"},"geometry":{"type":"LineString","coordinates":[[72.885155,19.061627],[72.885124,19.061612],[72.885105,19.061603]]}},{"type":"Feature","properties":{"id":"R0716","name":null,"highway":"residential","osm_way":1493036818,"width_m":6.0,"length_m":47.2,"surface_area":283.1,"catchment_m2":1698.7,"inlet_capacity_lps":16.8,"nearest_drain":"MH-028","from_node":"J13681370458","to_node":"J13681370455"},"geometry":{"type":"LineString","coordinates":[[72.884977,19.062016],[72.885155,19.061627]]}},{"type":"Feature","properties":{"id":"R0717","name":null,"highway":"residential","osm_way":1493036819,"width_m":6.0,"length_m":5.9,"surface_area":35.6,"catchment_m2":213.5,"inlet_capacity_lps":8.4,"nearest_drain":"MH-028","from_node":"J13681370458","to_node":"J13681370459"},"geometry":{"type":"LineString","coordinates":[[72.884977,19.062016],[72.884952,19.062004],[72.884927,19.061991]]}},{"type":"Feature","properties":{"id":"R0718","name":null,"highway":"residential","osm_way":427199215,"width_m":6.0,"length_m":45.4,"surface_area":272.7,"catchment_m2":1636.0,"inlet_capacity_lps":16.8,"nearest_drain":"MH-028","from_node":"J13681370459","to_node":"J13681370445"},"geometry":{"type":"LineString","coordinates":[[72.884927,19.061991],[72.884805,19.062258],[72.884755,19.062366]]}},{"type":"Feature","properties":{"id":"R0719","name":null,"highway":"residential","osm_way":789340528,"width_m":6.0,"length_m":94.1,"surface_area":564.8,"catchment_m2":3388.6,"inlet_capacity_lps":25.2,"nearest_drain":"MH-028","from_node":"J13707326648","to_node":"J10882788617"},"geometry":{"type":"LineString","coordinates":[[72.884773,19.061833],[72.884187,19.062473]]}},{"type":"Feature","properties":{"id":"R0720","name":null,"highway":"residential","osm_way":1496391295,"width_m":6.0,"length_m":6.4,"surface_area":38.5,"catchment_m2":230.8,"inlet_capacity_lps":8.4,"nearest_drain":"MH-016","from_node":"J13707326648","to_node":"J13707326656"},"geometry":{"type":"LineString","coordinates":[[72.884773,19.061833],[72.884745,19.06181],[72.884727,19.061795]]}},{"type":"Feature","properties":{"id":"R0721","name":null,"highway":"residential","osm_way":1496391299,"width_m":6.0,"length_m":22.6,"surface_area":135.3,"catchment_m2":811.9,"inlet_capacity_lps":8.4,"nearest_drain":"MH-016","from_node":"J13707326648","to_node":"J13707326661"},"geometry":{"type":"LineString","coordinates":[[72.884773,19.061833],[72.884942,19.061957]]}},{"type":"Feature","properties":{"id":"R0722","name":null,"highway":"residential","osm_way":1496391296,"width_m":6.0,"length_m":18.5,"surface_area":111.1,"catchment_m2":666.6,"inlet_capacity_lps":8.4,"nearest_drain":"MH-016","from_node":"J13707326653","to_node":"J13707326655"},"geometry":{"type":"LineString","coordinates":[[72.88484,19.061426],[72.88486,19.061432],[72.884975,19.06153]]}},{"type":"Feature","properties":{"id":"R0723","name":null,"highway":"residential","osm_way":1496391296,"width_m":6.0,"length_m":39.3,"surface_area":235.7,"catchment_m2":1414.2,"inlet_capacity_lps":8.4,"nearest_drain":"MH-016","from_node":"J13707326655","to_node":"J13707326656"},"geometry":{"type":"LineString","coordinates":[[72.884975,19.06153],[72.884727,19.061795]]}},{"type":"Feature","properties":{"id":"R0724","name":null,"highway":"residential","osm_way":1496391297,"width_m":6.0,"length_m":6.1,"surface_area":36.3,"catchment_m2":218.1,"inlet_capacity_lps":8.4,"nearest_drain":"MH-016","from_node":"J13707326655","to_node":"J13707326658"},"geometry":{"type":"LineString","coordinates":[[72.884975,19.06153],[72.884996,19.061549],[72.885016,19.061568]]}},{"type":"Feature","properties":{"id":"R0725","name":null,"highway":"residential","osm_way":1496391295,"width_m":6.0,"length_m":56.2,"surface_area":337.3,"catchment_m2":2023.9,"inlet_capacity_lps":16.8,"nearest_drain":"MH-016","from_node":"J13707326656","to_node":"J13707326653"},"geometry":{"type":"LineString","coordinates":[[72.884727,19.061795],[72.884609,19.061695],[72.884607,19.061685],[72.88461,19.061673],[72.88482,19.061431],[72.88484,19.061426]]}},{"type":"Feature","properties":{"id":"R0726","name":null,"highway":"residential","osm_way":789340528,"width_m":6.0,"length_m":5.5,"surface_area":33.1,"catchment_m2":198.4,"inlet_capacity_lps":8.4,"nearest_drain":"MH-016","from_node":"J13707326658","to_node":"J13707326659"},"geometry":{"type":"LineString","coordinates":[[72.885016,19.061568],[72.884982,19.061606]]}},{"type":"Feature","properties":{"id":"R0727","name":null,"highway":"residential","osm_way":789340528,"width_m":6.0,"length_m":33.5,"surface_area":201.2,"catchment_m2":1207.1,"inlet_capacity_lps":8.4,"nearest_drain":"MH-016","from_node":"J13707326659","to_node":"J13707326648"},"geometry":{"type":"LineString","coordinates":[[72.884982,19.061606],[72.884773,19.061833]]}},{"type":"Feature","properties":{"id":"R0728","name":null,"highway":"residential","osm_way":1496391298,"width_m":6.0,"length_m":12.4,"surface_area":74.4,"catchment_m2":446.4,"inlet_capacity_lps":8.4,"nearest_drain":"MH-016","from_node":"J13707326659","to_node":"J13707326660"},"geometry":{"type":"LineString","coordinates":[[72.884982,19.061606],[72.885069,19.061681]]}},{"type":"Feature","properties":{"id":"R0729","name":null,"highway":"residential","osm_way":427199215,"width_m":6.0,"length_m":33.5,"surface_area":201.2,"catchment_m2":1207.2,"inlet_capacity_lps":8.4,"nearest_drain":"MH-016","from_node":"J13707326660","to_node":"J13707326661"},"geometry":{"type":"LineString","coordinates":[[72.885069,19.061681],[72.884942,19.061957]]}},{"type":"Feature","properties":{"id":"R0730","name":null,"highway":"residential","osm_way":427199215,"width_m":6.0,"length_m":4.1,"surface_area":24.7,"catchment_m2":148.3,"inlet_capacity_lps":8.4,"nearest_drain":"MH-028","from_node":"J13707326661","to_node":"J13681370459"},"geometry":{"type":"LineString","coordinates":[[72.884942,19.061957],[72.884927,19.061991]]}},{"type":"Feature","properties":{"id":"R0731","name":null,"highway":"residential","osm_way":1498690702,"width_m":6.0,"length_m":5.0,"surface_area":30.2,"catchment_m2":181.2,"inlet_capacity_lps":8.4,"nearest_drain":"MH-155","from_node":"J13724539729","to_node":"J13724539736"},"geometry":{"type":"LineString","coordinates":[[72.88314,19.074354],[72.883134,19.074309]]}},{"type":"Feature","properties":{"id":"R0732","name":null,"highway":"residential","osm_way":151889279,"width_m":6.0,"length_m":28.5,"surface_area":170.9,"catchment_m2":1025.4,"inlet_capacity_lps":8.4,"nearest_drain":"MH-155","from_node":"J13724539734","to_node":"J2246472362"},"geometry":{"type":"LineString","coordinates":[[72.883796,19.074159],[72.88377,19.073904]]}},{"type":"Feature","properties":{"id":"R0733","name":null,"highway":"residential","osm_way":437964778,"width_m":6.0,"length_m":5.6,"surface_area":33.4,"catchment_m2":200.7,"inlet_capacity_lps":8.4,"nearest_drain":"MH-154","from_node":"J13724539735","to_node":"J13724539728"},"geometry":{"type":"LineString","coordinates":[[72.883062,19.074345],[72.883038,19.074301]]}},{"type":"Feature","properties":{"id":"R0734","name":null,"highway":"residential","osm_way":1498690703,"width_m":6.0,"length_m":8.6,"surface_area":51.8,"catchment_m2":310.7,"inlet_capacity_lps":8.4,"nearest_drain":"MH-154","from_node":"J13724539735","to_node":"J13724539736"},"geometry":{"type":"LineString","coordinates":[[72.883062,19.074345],[72.883098,19.074327],[72.883134,19.074309]]}},{"type":"Feature","properties":{"id":"R0735","name":null,"highway":"residential","osm_way":1498690702,"width_m":6.0,"length_m":89.1,"surface_area":534.8,"catchment_m2":3208.6,"inlet_capacity_lps":25.2,"nearest_drain":"MH-154","from_node":"J13724539736","to_node":"J13724539734"},"geometry":{"type":"LineString","coordinates":[[72.883134,19.074309],[72.88312,19.074182],[72.88313,19.074149],[72.883148,19.074131],[72.883181,19.074121],[72.883768,19.074156],[72.883796,19.074159]]}},{"type":"Feature","properties":{"id":"R0736","name":null,"highway":"residential","osm_way":1498690704,"width_m":6.0,"length_m":8.5,"surface_area":50.9,"catchment_m2":305.4,"inlet_capacity_lps":8.4,"nearest_drain":"MH-155","from_node":"J13724539739","to_node":"J13724539740"},"geometry":{"type":"LineString","coordinates":[[72.883742,19.074395],[72.883788,19.074395],[72.883822,19.074393]]}},{"type":"Feature","properties":{"id":"R0737","name":null,"highway":"residential","osm_way":151889279,"width_m":6.0,"length_m":8.9,"surface_area":53.3,"catchment_m2":319.7,"inlet_capacity_lps":8.4,"nearest_drain":"MH-155","from_node":"J13724539740","to_node":"J13724539744"},"geometry":{"type":"LineString","coordinates":[[72.883822,19.074393],[72.883813,19.074314]]}},{"type":"Feature","properties":{"id":"R0738","name":null,"highway":"residential","osm_way":1498690705,"width_m":6.0,"length_m":8.0,"surface_area":48.1,"catchment_m2":288.3,"inlet_capacity_lps":8.4,"nearest_drain":"MH-155","from_node":"J13724539742","to_node":"J13724539744"},"geometry":{"type":"LineString","coordinates":[[72.883737,19.074315],[72.883784,19.074314],[72.883813,19.074314]]}},{"type":"Feature","properties":{"id":"R0739","name":null,"highway":"residential","osm_way":151889279,"width_m":6.0,"length_m":13.7,"surface_area":82.5,"catchment_m2":494.8,"inlet_capacity_lps":8.4,"nearest_drain":"MH-155","from_node":"J13724539744","to_node":"J13724539747"},"geometry":{"type":"LineString","coordinates":[[72.883813,19.074314],[72.883799,19.074191]]}},{"type":"Feature","properties":{"id":"R0740","name":null,"highway":"residential","osm_way":1498690706,"width_m":6.0,"length_m":7.6,"surface_area":45.4,"catchment_m2":272.2,"inlet_capacity_lps":8.4,"nearest_drain":"MH-155","from_node":"J13724539745","to_node":"J13724539747"},"geometry":{"type":"LineString","coordinates":[[72.883727,19.074194],[72.883774,19.074192],[72.883799,19.074191]]}},{"type":"Feature","properties":{"id":"R0741","name":null,"highway":"residential","osm_way":151889279,"width_m":6.0,"length_m":3.6,"surface_area":21.7,"catchment_m2":130.5,"inlet_capacity_lps":8.4,"nearest_drain":"MH-155","from_node":"J13724539747","to_node":"J13724539734"},"geometry":{"type":"LineString","coordinates":[[72.883799,19.074191],[72.883796,19.074159]]}},{"type":"Feature","properties":{"id":"R0742","name":null,"highway":"residential","osm_way":215242144,"width_m":6.0,"length_m":142.8,"surface_area":856.6,"catchment_m2":5139.5,"inlet_capacity_lps":42.0,"nearest_drain":"MH-049","from_node":"J13748553172","to_node":"J13748553176"},"geometry":{"type":"LineString","coordinates":[[72.892248,19.063182],[72.892218,19.063205],[72.892022,19.063334],[72.891758,19.063456],[72.891419,19.063577],[72.89102,19.063715]]}},{"type":"Feature","properties":{"id":"R0743","name":null,"highway":"residential","osm_way":1501787069,"width_m":6.0,"length_m":43.4,"surface_area":260.4,"catchment_m2":1562.7,"inlet_capacity_lps":8.4,"nearest_drain":"MH-049","from_node":"J13748553172","to_node":"J13748553184"},"geometry":{"type":"LineString","coordinates":[[72.892248,19.063182],[72.892277,19.063213],[72.892522,19.063474]]}},{"type":"Feature","properties":{"id":"R0744","name":null,"highway":"residential","osm_way":215242144,"width_m":6.0,"length_m":21.4,"surface_area":128.7,"catchment_m2":772.0,"inlet_capacity_lps":8.4,"nearest_drain":"MH-048","from_node":"J13748553176","to_node":"J2246471861"},"geometry":{"type":"LineString","coordinates":[[72.89102,19.063715],[72.890829,19.063781]]}},{"type":"Feature","properties":{"id":"R0745","name":null,"highway":"residential","osm_way":1501787070,"width_m":6.0,"length_m":41.5,"surface_area":248.9,"catchment_m2":1493.2,"inlet_capacity_lps":8.4,"nearest_drain":"MH-048","from_node":"J13748553176","to_node":"J13748553180"},"geometry":{"type":"LineString","coordinates":[[72.89102,19.063715],[72.891036,19.063754],[72.891159,19.064064]]}},{"type":"Feature","properties":{"id":"R0746","name":null,"highway":"residential","osm_way":1501787070,"width_m":6.0,"length_m":8.9,"surface_area":53.5,"catchment_m2":320.9,"inlet_capacity_lps":8.4,"nearest_drain":"MH-061","from_node":"J13748553180","to_node":"J13748553177"},"geometry":{"type":"LineString","coordinates":[[72.891159,19.064064],[72.891171,19.064097],[72.891188,19.064139]]}},{"type":"Feature","properties":{"id":"R0747","name":null,"highway":"residential","osm_way":1501787071,"width_m":6.0,"length_m":159.5,"surface_area":957.2,"catchment_m2":5743.5,"inlet_capacity_lps":42.0,"nearest_drain":"MH-049","from_node":"J13748553180","to_node":"J13748553184"},"geometry":{"type":"LineString","coordinates":[[72.891159,19.064064],[72.891348,19.064035],[72.891973,19.063818],[72.892339,19.063612],[72.892522,19.063474]]}},{"type":"Feature","properties":{"id":"R0748","name":null,"highway":"residential","osm_way":1501787069,"width_m":6.0,"length_m":3.9,"surface_area":23.5,"catchment_m2":140.7,"inlet_capacity_lps":8.4,"nearest_drain":"MH-049","from_node":"J13748553184","to_node":"J13748553173"},"geometry":{"type":"LineString","coordinates":[[72.892522,19.063474],[72.892532,19.063484],[72.892548,19.063499]]}},{"type":"Feature","properties":{"id":"R0749","name":null,"highway":"residential","osm_way":1103367045,"width_m":6.0,"length_m":58.1,"surface_area":348.4,"catchment_m2":2090.2,"inlet_capacity_lps":16.8,"nearest_drain":"MH-054","from_node":"J13780274554","to_node":"J4264430286"},"geometry":{"type":"LineString","coordinates":[[72.883032,19.064898],[72.88253,19.06468]]}},{"type":"Feature","properties":{"id":"R0750","name":null,"highway":"residential","osm_way":1506790215,"width_m":6.0,"length_m":73.6,"surface_area":441.8,"catchment_m2":2650.8,"inlet_capacity_lps":16.8,"nearest_drain":"MH-055","from_node":"J13780274554","to_node":"J13780274564"},"geometry":{"type":"LineString","coordinates":[[72.883032,19.064898],[72.883062,19.064847],[72.883118,19.064753],[72.883137,19.064736],[72.883165,19.064725],[72.883216,19.064712],[72.883241,19.06471],[72.883268,19.064711],[72.883391,19.06474],[72.883444,19.064755],[72.883513,19.064787],[72.883604,19.064836]]}},{"type":"Feature","properties":{"id":"R0751","name":null,"highway":"residential","osm_way":427199215,"width_m":6.0,"length_m":31.4,"surface_area":188.3,"catchment_m2":1129.6,"inlet_capacity_lps":8.4,"nearest_drain":"MH-069","from_node":"J13780274564","to_node":"J4264430400"},"geometry":{"type":"LineString","coordinates":[[72.883604,19.064836],[72.883476,19.06509]]}},{"type":"Feature","properties":{"id":"R0752","name":null,"highway":"residential","osm_way":1506782219,"width_m":6.0,"length_m":18.8,"surface_area":112.9,"catchment_m2":677.6,"inlet_capacity_lps":8.4,"nearest_drain":"MH-024","from_node":"J13780424186","to_node":"J13780424187"},"geometry":{"type":"LineString","coordinates":[[72.880015,19.062636],[72.880049,19.062608],[72.880152,19.062527]]}},{"type":"Feature","properties":{"id":"R0753","name":null,"highway":"residential","osm_way":1506789578,"width_m":6.0,"length_m":107.1,"surface_area":642.6,"catchment_m2":3855.3,"inlet_capacity_lps":33.6,"nearest_drain":"MH-024","from_node":"J13780431312","to_node":"J13780431323"},"geometry":{"type":"LineString","coordinates":[[72.880536,19.062927],[72.880486,19.062995],[72.880479,19.063013],[72.880486,19.063344],[72.88049,19.063357],[72.880497,19.063366],[72.880583,19.06342],[72.880595,19.063421],[72.880606,19.063418],[72.880612,19.063406],[72.880626,19.063081],[72.880629,19.063071],[72.880657,19.063045]]}},{"type":"Feature","properties":{"id":"R0754","name":null,"highway":"residential","osm_way":1508106709,"width_m":6.0,"length_m":7.2,"surface_area":43.1,"catchment_m2":258.9,"inlet_capacity_lps":8.4,"nearest_drain":"MH-024","from_node":"J13780431312","to_node":"J13789266321"},"geometry":{"type":"LineString","coordinates":[[72.880536,19.062927],[72.880578,19.062875]]}},{"type":"Feature","properties":{"id":"R0755","name":null,"highway":"residential","osm_way":1508106710,"width_m":6.0,"length_m":7.2,"surface_area":43.3,"catchment_m2":260.1,"inlet_capacity_lps":8.4,"nearest_drain":"MH-039","from_node":"J13780431323","to_node":"J13789266322"},"geometry":{"type":"LineString","coordinates":[[72.880657,19.063045],[72.880705,19.062998]]}},{"type":"Feature","properties":{"id":"R0756","name":null,"highway":"residential","osm_way":1506794556,"width_m":6.0,"length_m":327.2,"surface_area":1963.0,"catchment_m2":11778.2,"inlet_capacity_lps":92.4,"nearest_drain":"MH-043","from_node":"J13780471775","to_node":"J13780471778"},"geometry":{"type":"LineString","coordinates":[[72.883428,19.066175],[72.884657,19.063472]]}},{"type":"Feature","properties":{"id":"R0757","name":null,"highway":"residential","osm_way":1506794557,"width_m":6.0,"length_m":9.2,"surface_area":55.3,"catchment_m2":331.6,"inlet_capacity_lps":8.4,"nearest_drain":"MH-043","from_node":"J13780471776","to_node":"J13780471777"},"geometry":{"type":"LineString","coordinates":[[72.884824,19.063103],[72.884859,19.063027]]}},{"type":"Feature","properties":{"id":"R0758","name":null,"highway":"residential","osm_way":1506794557,"width_m":6.0,"length_m":44.6,"surface_area":267.7,"catchment_m2":1606.0,"inlet_capacity_lps":8.4,"nearest_drain":"MH-043","from_node":"J13780471778","to_node":"J13780471776"},"geometry":{"type":"LineString","coordinates":[[72.884657,19.063472],[72.884824,19.063103]]}},{"type":"Feature","properties":{"id":"R0759","name":null,"highway":"residential","osm_way":215261273,"width_m":6.0,"length_m":8.7,"surface_area":52.3,"catchment_m2":314.1,"inlet_capacity_lps":8.4,"nearest_drain":"MH-025","from_node":"J13780483659","to_node":"J2246661020"},"geometry":{"type":"LineString","coordinates":[[72.881476,19.062851],[72.881532,19.062909]]}},{"type":"Feature","properties":{"id":"R0760","name":null,"highway":"residential","osm_way":1506796552,"width_m":6.0,"length_m":6.0,"surface_area":35.9,"catchment_m2":215.2,"inlet_capacity_lps":8.4,"nearest_drain":"MH-025","from_node":"J13780483659","to_node":"J13780483676"},"geometry":{"type":"LineString","coordinates":[[72.881476,19.062851],[72.881462,19.062874],[72.881447,19.062898]]}},{"type":"Feature","properties":{"id":"R0761","name":null,"highway":"residential","osm_way":215261273,"width_m":6.0,"length_m":17.9,"surface_area":107.3,"catchment_m2":643.5,"inlet_capacity_lps":8.4,"nearest_drain":"MH-025","from_node":"J13780483675","to_node":"J13780483681"},"geometry":{"type":"LineString","coordinates":[[72.881235,19.062594],[72.881291,19.062642],[72.881352,19.06271]]}},{"type":"Feature","properties":{"id":"R0762","name":null,"highway":"residential","osm_way":1506796552,"width_m":6.0,"length_m":85.1,"surface_area":510.9,"catchment_m2":3065.3,"inlet_capacity_lps":25.2,"nearest_drain":"MH-025","from_node":"J13780483676","to_node":"J13780483679"},"geometry":{"type":"LineString","coordinates":[[72.881447,19.062898],[72.881407,19.062965],[72.881396,19.062973],[72.881386,19.062974],[72.881053,19.062889],[72.881044,19.062878],[72.881035,19.062864],[72.881028,19.062826],[72.881029,19.062814],[72.881034,19.062798],[72.881068,19.062756],[72.88108,19.062751],[72.881096,19.062748],[72.881119,19.062755],[72.881134,19.062754],[72.881147,19.062742],[72.881203,19.062649]]}},{"type":"Feature","properties":{"id":"R0763","name":null,"highway":"residential","osm_way":1506796553,"width_m":6.0,"length_m":21.8,"surface_area":130.7,"catchment_m2":784.3,"inlet_capacity_lps":8.4,"nearest_drain":"MH-025","from_node":"J13780483676","to_node":"J13780483682"},"geometry":{"type":"LineString","coordinates":[[72.881447,19.062898],[72.881314,19.062748]]}},{"type":"Feature","properties":{"id":"R0764","name":null,"highway":"residential","osm_way":1506796552,"width_m":6.0,"length_m":7.0,"surface_area":41.8,"catchment_m2":250.9,"inlet_capacity_lps":8.4,"nearest_drain":"MH-025","from_node":"J13780483679","to_node":"J13780483675"},"geometry":{"type":"LineString","coordinates":[[72.881203,19.062649],[72.881211,19.062634],[72.881235,19.062594]]}},{"type":"Feature","properties":{"id":"R0765","name":null,"highway":"residential","osm_way":1506796554,"width_m":6.0,"length_m":6.2,"surface_area":37.4,"catchment_m2":224.7,"inlet_capacity_lps":8.4,"nearest_drain":"MH-025","from_node":"J13780483680","to_node":"J13780483682"},"geometry":{"type":"LineString","coordinates":[[72.881273,19.062788],[72.881314,19.062748]]}},{"type":"Feature","properties":{"id":"R0766","name":null,"highway":"residential","osm_way":215261273,"width_m":6.0,"length_m":20.4,"surface_area":122.2,"catchment_m2":733.0,"inlet_capacity_lps":8.4,"nearest_drain":"MH-025","from_node":"J13780483681","to_node":"J13780483659"},"geometry":{"type":"LineString","coordinates":[[72.881352,19.06271],[72.881476,19.062851]]}},{"type":"Feature","properties":{"id":"R0767","name":null,"highway":"residential","osm_way":1506796553,"width_m":6.0,"length_m":16.2,"surface_area":97.0,"catchment_m2":582.1,"inlet_capacity_lps":8.4,"nearest_drain":"MH-025","from_node":"J13780483682","to_node":"J13780483679"},"geometry":{"type":"LineString","coordinates":[[72.881314,19.062748],[72.881272,19.062701],[72.881262,19.062692],[72.881203,19.062649]]}},{"type":"Feature","properties":{"id":"R0768","name":null,"highway":"residential","osm_way":1506796554,"width_m":6.0,"length_m":5.7,"surface_area":34.4,"catchment_m2":206.5,"inlet_capacity_lps":8.4,"nearest_drain":"MH-025","from_node":"J13780483682","to_node":"J13780483681"},"geometry":{"type":"LineString","coordinates":[[72.881314,19.062748],[72.881328,19.062734],[72.881352,19.06271]]}},{"type":"Feature","properties":{"id":"R0769","name":null,"highway":"residential","osm_way":437953661,"width_m":6.0,"length_m":40.2,"surface_area":241.0,"catchment_m2":1446.0,"inlet_capacity_lps":8.4,"nearest_drain":"MH-056","from_node":"J13780483971","to_node":"J13780483980"},"geometry":{"type":"LineString","coordinates":[[72.884944,19.063976],[72.885245,19.064199]]}},{"type":"Feature","properties":{"id":"R0770","name":null,"highway":"residential","osm_way":1506799673,"width_m":6.0,"length_m":83.2,"surface_area":499.1,"catchment_m2":2994.5,"inlet_capacity_lps":25.2,"nearest_drain":"MH-056","from_node":"J13780483971","to_node":"J13780483980"},"geometry":{"type":"LineString","coordinates":[[72.884944,19.063976],[72.88497,19.063946],[72.885068,19.063834],[72.885086,19.063827],[72.885102,19.063827],[72.885118,19.063831],[72.88513,19.063839],[72.885361,19.064024],[72.885366,19.064037],[72.885366,19.064053],[72.885268,19.06417],[72.885245,19.064199]]}},{"type":"Feature","properties":{"id":"R0771","name":null,"highway":"residential","osm_way":437953661,"width_m":6.0,"length_m":52.9,"surface_area":317.4,"catchment_m2":1904.7,"inlet_capacity_lps":16.8,"nearest_drain":"MH-057","from_node":"J13780483980","to_node":"J4357309678"},"geometry":{"type":"LineString","coordinates":[[72.885245,19.064199],[72.885641,19.064493]]}},{"type":"Feature","properties":{"id":"R0772","name":null,"highway":"residential","osm_way":1506803459,"width_m":6.0,"length_m":6.0,"surface_area":36.0,"catchment_m2":216.1,"inlet_capacity_lps":8.4,"nearest_drain":"MH-044","from_node":"J13780530922","to_node":"J13780530929"},"geometry":{"type":"LineString","coordinates":[[72.885835,19.063212],[72.885862,19.063186],[72.885875,19.063173]]}},{"type":"Feature","properties":{"id":"R0773","name":null,"highway":"residential","osm_way":1506803459,"width_m":6.0,"length_m":63.8,"surface_area":383.0,"catchment_m2":2298.1,"inlet_capacity_lps":16.8,"nearest_drain":"MH-029","from_node":"J13780530929","to_node":"J13780530934"},"geometry":{"type":"LineString","coordinates":[[72.885875,19.063173],[72.885964,19.063084],[72.885975,19.063066],[72.885975,19.063044],[72.885966,19.063029],[72.885653,19.062773]]}},{"type":"Feature","properties":{"id":"R0774","name":null,"highway":"residential","osm_way":1506803460,"width_m":6.0,"length_m":27.5,"surface_area":164.9,"catchment_m2":989.2,"inlet_capacity_lps":8.4,"nearest_drain":"MH-044","from_node":"J13780530929","to_node":"J13780530937"},"geometry":{"type":"LineString","coordinates":[[72.885875,19.063173],[72.88568,19.063008]]}},{"type":"Feature","properties":{"id":"R0775","name":null,"highway":"residential","osm_way":1506803459,"width_m":6.0,"length_m":7.1,"surface_area":42.8,"catchment_m2":257.0,"inlet_capacity_lps":8.4,"nearest_drain":"MH-029","from_node":"J13780530934","to_node":"J13780530927"},"geometry":{"type":"LineString","coordinates":[[72.885653,19.062773],[72.885636,19.062758],[72.885602,19.06273]]}},{"type":"Feature","properties":{"id":"R0776","name":null,"highway":"residential","osm_way":1506803461,"width_m":6.0,"length_m":6.3,"surface_area":37.7,"catchment_m2":226.0,"inlet_capacity_lps":8.4,"nearest_drain":"MH-044","from_node":"J13780530936","to_node":"J13780530937"},"geometry":{"type":"LineString","coordinates":[[72.885638,19.063049],[72.885659,19.063029],[72.88568,19.063008]]}},{"type":"Feature","properties":{"id":"R0777","name":null,"highway":"residential","osm_way":1506803460,"width_m":6.0,"length_m":14.1,"surface_area":84.4,"catchment_m2":506.1,"inlet_capacity_lps":8.4,"nearest_drain":"MH-029","from_node":"J13780530937","to_node":"J13780530940"},"geometry":{"type":"LineString","coordinates":[[72.88568,19.063008],[72.88558,19.062924]]}},{"type":"Feature","properties":{"id":"R0778","name":null,"highway":"residential","osm_way":1506803462,"width_m":6.0,"length_m":6.4,"surface_area":38.4,"catchment_m2":230.2,"inlet_capacity_lps":8.4,"nearest_drain":"MH-044","from_node":"J13780530939","to_node":"J13780530940"},"geometry":{"type":"LineString","coordinates":[[72.885539,19.062967],[72.88556,19.062946],[72.88558,19.062924]]}},{"type":"Feature","properties":{"id":"R0779","name":null,"highway":"residential","osm_way":1506803460,"width_m":6.0,"length_m":21.4,"surface_area":128.1,"catchment_m2":768.8,"inlet_capacity_lps":8.4,"nearest_drain":"MH-029","from_node":"J13780530940","to_node":"J13780530934"},"geometry":{"type":"LineString","coordinates":[[72.88558,19.062924],[72.885563,19.06291],[72.885559,19.062895],[72.885561,19.062876],[72.885571,19.062857],[72.885653,19.062773]]}},{"type":"Feature","properties":{"id":"R0780","name":null,"highway":"residential","osm_way":1506968891,"width_m":6.0,"length_m":77.3,"surface_area":463.6,"catchment_m2":2781.8,"inlet_capacity_lps":25.2,"nearest_drain":"MH-045","from_node":"J13781578524","to_node":"J13781578533"},"geometry":{"type":"LineString","coordinates":[[72.886568,19.063249],[72.886549,19.06327],[72.886455,19.063373],[72.88645,19.063391],[72.886453,19.063407],[72.886464,19.063423],[72.886683,19.063596],[72.886704,19.0636],[72.886721,19.063595],[72.886734,19.063583],[72.886818,19.063487],[72.886837,19.063465]]}},{"type":"Feature","properties":{"id":"R0781","name":null,"highway":"residential","osm_way":437953661,"width_m":6.0,"length_m":3.5,"surface_area":21.1,"catchment_m2":126.5,"inlet_capacity_lps":8.4,"nearest_drain":"MH-056","from_node":"J13781587825","to_node":"J13780483971"},"geometry":{"type":"LineString","coordinates":[[72.884918,19.063956],[72.884944,19.063976]]}},{"type":"Feature","properties":{"id":"R0782","name":null,"highway":"residential","osm_way":1506967516,"width_m":6.0,"length_m":48.9,"surface_area":293.5,"catchment_m2":1761.1,"inlet_capacity_lps":16.8,"nearest_drain":"MH-043","from_node":"J13781587825","to_node":"J13781587828"},"geometry":{"type":"LineString","coordinates":[[72.884918,19.063956],[72.884944,19.063908],[72.885126,19.063563]]}},{"type":"Feature","properties":{"id":"R0783","name":null,"highway":"residential","osm_way":1506967517,"width_m":6.0,"length_m":18.9,"surface_area":113.3,"catchment_m2":679.5,"inlet_capacity_lps":8.4,"nearest_drain":"MH-043","from_node":"J13781587828","to_node":"J13781587826"},"geometry":{"type":"LineString","coordinates":[[72.885126,19.063563],[72.885207,19.063411]]}},{"type":"Feature","properties":{"id":"R0784","name":null,"highway":"residential","osm_way":1508243809,"width_m":6.0,"length_m":12.3,"surface_area":74.0,"catchment_m2":443.8,"inlet_capacity_lps":8.4,"nearest_drain":"MH-070","from_node":"J13790024710","to_node":"J13790024747"},"geometry":{"type":"LineString","coordinates":[[72.889064,19.065764],[72.889056,19.065736],[72.889034,19.065657]]}},{"type":"Feature","properties":{"id":"R0785","name":null,"highway":"residential","osm_way":1508243809,"width_m":6.0,"length_m":76.4,"surface_area":458.6,"catchment_m2":2751.7,"inlet_capacity_lps":25.2,"nearest_drain":"MH-070","from_node":"J13790024747","to_node":"J13790024751"},"geometry":{"type":"LineString","coordinates":[[72.889034,19.065657],[72.888977,19.065457],[72.888977,19.06544],[72.888983,19.065431],[72.889099,19.065393],[72.889115,19.065395],[72.889122,19.06541],[72.889166,19.065524],[72.889176,19.065533],[72.88919,19.065533],[72.88935,19.065487]]}},{"type":"Feature","properties":{"id":"R0786","name":null,"highway":"residential","osm_way":1508243809,"width_m":6.0,"length_m":28.7,"surface_area":172.1,"catchment_m2":1032.7,"inlet_capacity_lps":8.4,"nearest_drain":"MH-070","from_node":"J13790024748","to_node":"J13790024747"},"geometry":{"type":"LineString","coordinates":[[72.889265,19.065673],[72.889165,19.065697],[72.88915,19.065695],[72.889139,19.065686],[72.889128,19.065649],[72.889117,19.065641],[72.889103,19.06564],[72.889034,19.065657]]}},{"type":"Feature","properties":{"id":"R0787","name":null,"highway":"residential","osm_way":1508243810,"width_m":6.0,"length_m":4.4,"surface_area":26.3,"catchment_m2":158.0,"inlet_capacity_lps":8.4,"nearest_drain":"MH-070","from_node":"J13790024748","to_node":"J13790024749"},"geometry":{"type":"LineString","coordinates":[[72.889265,19.065673],[72.88927,19.065692],[72.889274,19.065711]]}},{"type":"Feature","properties":{"id":"R0788","name":null,"highway":"residential","osm_way":1508243809,"width_m":6.0,"length_m":5.7,"surface_area":34.3,"catchment_m2":205.6,"inlet_capacity_lps":8.4,"nearest_drain":"MH-070","from_node":"J13790024751","to_node":"J13790024755"},"geometry":{"type":"LineString","coordinates":[[72.88935,19.065487],[72.889402,19.065472]]}},{"type":"Feature","properties":{"id":"R0789","name":null,"highway":"residential","osm_way":1508243811,"width_m":6.0,"length_m":17.6,"surface_area":105.8,"catchment_m2":634.9,"inlet_capacity_lps":8.4,"nearest_drain":"MH-070","from_node":"J13790024751","to_node":"J13790024753"},"geometry":{"type":"LineString","coordinates":[[72.88935,19.065487],[72.889396,19.06564]]}},{"type":"Feature","properties":{"id":"R0790","name":null,"highway":"residential","osm_way":1508243809,"width_m":6.0,"length_m":14.3,"surface_area":85.7,"catchment_m2":513.9,"inlet_capacity_lps":8.4,"nearest_drain":"MH-070","from_node":"J13790024753","to_node":"J13790024748"},"geometry":{"type":"LineString","coordinates":[[72.889396,19.06564],[72.889265,19.065673]]}},{"type":"Feature","properties":{"id":"R0791","name":null,"highway":"residential","osm_way":1508243811,"width_m":6.0,"length_m":4.4,"surface_area":26.2,"catchment_m2":157.4,"inlet_capacity_lps":8.4,"nearest_drain":"MH-070","from_node":"J13790024753","to_node":"J13790024752"},"geometry":{"type":"LineString","coordinates":[[72.889396,19.06564],[72.889402,19.065659],[72.889408,19.065677]]}},{"type":"Feature","properties":{"id":"R0792","name":null,"highway":"residential","osm_way":1508243812,"width_m":6.0,"length_m":4.4,"surface_area":26.2,"catchment_m2":157.4,"inlet_capacity_lps":8.4,"nearest_drain":"MH-071","from_node":"J13790024754","to_node":"J13790024756"},"geometry":{"type":"LineString","coordinates":[[72.889456,19.065665],[72.889451,19.065646],[72.889445,19.065627]]}},{"type":"Feature","properties":{"id":"R0793","name":null,"highway":"residential","osm_way":1508243809,"width_m":6.0,"length_m":79.9,"surface_area":479.6,"catchment_m2":2877.9,"inlet_capacity_lps":25.2,"nearest_drain":"MH-071","from_node":"J13790024755","to_node":"J13790024766"},"geometry":{"type":"LineString","coordinates":[[72.889402,19.065472],[72.88966,19.065398],[72.889683,19.065382],[72.889698,19.065357],[72.889699,19.065336],[72.889679,19.065258],[72.889677,19.06524],[72.889684,19.065231],[72.889696,19.065223],[72.889813,19.065191],[72.889831,19.065194],[72.88984,19.065204],[72.889883,19.065314]]}},{"type":"Feature","properties":{"id":"R0794","name":null,"highway":"residential","osm_way":1508243809,"width_m":6.0,"length_m":5.4,"surface_area":32.2,"catchment_m2":193.0,"inlet_capacity_lps":8.4,"nearest_drain":"MH-071","from_node":"J13790024756","to_node":"J13790024753"},"geometry":{"type":"LineString","coordinates":[[72.889445,19.065627],[72.889396,19.06564]]}},{"type":"Feature","properties":{"id":"R0795","name":null,"highway":"residential","osm_way":1508243812,"width_m":6.0,"length_m":17.8,"surface_area":107.0,"catchment_m2":641.8,"inlet_capacity_lps":8.4,"nearest_drain":"MH-070","from_node":"J13790024756","to_node":"J13790024755"},"geometry":{"type":"LineString","coordinates":[[72.889445,19.065627],[72.889402,19.065472]]}},{"type":"Feature","properties":{"id":"R0796","name":null,"highway":"residential","osm_way":1508243809,"width_m":6.0,"length_m":14.1,"surface_area":84.7,"catchment_m2":508.0,"inlet_capacity_lps":8.4,"nearest_drain":"MH-071","from_node":"J13790024759","to_node":"J13790024756"},"geometry":{"type":"LineString","coordinates":[[72.889575,19.065595],[72.889445,19.065627]]}},{"type":"Feature","properties":{"id":"R0797","name":null,"highway":"residential","osm_way":1508243813,"width_m":6.0,"length_m":4.4,"surface_area":26.1,"catchment_m2":156.7,"inlet_capacity_lps":8.4,"nearest_drain":"MH-071","from_node":"J13790024759","to_node":"J13790024760"},"geometry":{"type":"LineString","coordinates":[[72.889575,19.065595],[72.88958,19.065614],[72.889585,19.065633]]}},{"type":"Feature","properties":{"id":"R0798","name":null,"highway":"residential","osm_way":1508243809,"width_m":6.0,"length_m":19.3,"surface_area":115.7,"catchment_m2":694.4,"inlet_capacity_lps":8.4,"nearest_drain":"MH-071","from_node":"J13790024762","to_node":"J13790024759"},"geometry":{"type":"LineString","coordinates":[[72.889753,19.06555],[72.889575,19.065595]]}},{"type":"Feature","properties":{"id":"R0799","name":null,"highway":"residential","osm_way":1508243814,"width_m":6.0,"length_m":4.3,"surface_area":26.0,"catchment_m2":155.8,"inlet_capacity_lps":8.4,"nearest_drain":"MH-071","from_node":"J13790024762","to_node":"J13790024764"},"geometry":{"type":"LineString","coordinates":[[72.889753,19.06555],[72.889759,19.06557],[72.889764,19.065588]]}},{"type":"Feature","properties":{"id":"R0800","name":null,"highway":"residential","osm_way":1508243809,"width_m":6.0,"length_m":39.3,"surface_area":235.9,"catchment_m2":1415.2,"inlet_capacity_lps":8.4,"nearest_drain":"MH-071","from_node":"J13790024766","to_node":"J13790024762"},"geometry":{"type":"LineString","coordinates":[[72.889883,19.065314],[72.889915,19.065392],[72.889916,19.065405],[72.889908,19.065417],[72.889891,19.065426],[72.889841,19.065439],[72.889832,19.065446],[72.889828,19.065458],[72.889842,19.06551],[72.889836,19.065524],[72.889825,19.065532],[72.889753,19.06555]]}},{"type":"Feature","properties":{"id":"R0801","name":null,"highway":"residential","osm_way":1508243815,"width_m":6.0,"length_m":9.2,"surface_area":55.4,"catchment_m2":332.1,"inlet_capacity_lps":8.4,"nearest_drain":"MH-071","from_node":"J13790024766","to_node":"J13790024767"},"geometry":{"type":"LineString","coordinates":[[72.889883,19.065314],[72.889924,19.0653],[72.889966,19.065286]]}},{"type":"Feature","properties":{"id":"R0802","name":null,"highway":"residential","osm_way":1508244333,"width_m":6.0,"length_m":6.4,"surface_area":38.5,"catchment_m2":230.9,"inlet_capacity_lps":8.4,"nearest_drain":"MH-073","from_node":"J13790173568","to_node":"J13790173574"},"geometry":{"type":"LineString","coordinates":[[72.891519,19.06519],[72.891503,19.065166],[72.891486,19.065142]]}},{"type":"Feature","properties":{"id":"R0803","name":null,"highway":"residential","osm_way":437953652,"width_m":6.0,"length_m":60.1,"surface_area":360.6,"catchment_m2":2163.6,"inlet_capacity_lps":16.8,"nearest_drain":"MH-062","from_node":"J13790173573","to_node":"J13681100983"},"geometry":{"type":"LineString","coordinates":[[72.891534,19.064878],[72.891219,19.064427]]}},{"type":"Feature","properties":{"id":"R0804","name":null,"highway":"residential","osm_way":1508244333,"width_m":6.0,"length_m":36.1,"surface_area":216.8,"catchment_m2":1301.0,"inlet_capacity_lps":8.4,"nearest_drain":"MH-072","from_node":"J13790173574","to_node":"J13790173578"},"geometry":{"type":"LineString","coordinates":[[72.891486,19.065142],[72.891378,19.064986],[72.891373,19.06497],[72.891378,19.064959],[72.891392,19.06495],[72.891477,19.064901]]}},{"type":"Feature","properties":{"id":"R0805","name":null,"highway":"residential","osm_way":1508244334,"width_m":6.0,"length_m":37.4,"surface_area":224.5,"catchment_m2":1346.9,"inlet_capacity_lps":8.4,"nearest_drain":"MH-072","from_node":"J13790173574","to_node":"J13790173578"},"geometry":{"type":"LineString","coordinates":[[72.891486,19.065142],[72.891586,19.065087],[72.891594,19.065079],[72.891598,19.065072],[72.891599,19.065064],[72.891597,19.065055],[72.891477,19.064901]]}},{"type":"Feature","properties":{"id":"R0806","name":null,"highway":"residential","osm_way":1508244333,"width_m":6.0,"length_m":6.7,"surface_area":40.3,"catchment_m2":241.7,"inlet_capacity_lps":8.4,"nearest_drain":"MH-061","from_node":"J13790173578","to_node":"J13790173573"},"geometry":{"type":"LineString","coordinates":[[72.891477,19.064901],[72.891502,19.064899],[72.891534,19.064878]]}},{"type":"Feature","properties":{"id":"R0807","name":null,"highway":"residential","osm_way":1175603771,"width_m":6.0,"length_m":143.3,"surface_area":859.6,"catchment_m2":5157.5,"inlet_capacity_lps":42.0,"nearest_drain":"MH-036","from_node":"J13793358298","to_node":"J13793391401"},"geometry":{"type":"LineString","coordinates":[[72.892009,19.062027],[72.892892,19.062719],[72.892906,19.062737],[72.892907,19.06275],[72.892905,19.062765],[72.892798,19.06288]]}},{"type":"Feature","properties":{"id":"R0808","name":null,"highway":"residential","osm_way":1508768889,"width_m":6.0,"length_m":18.3,"surface_area":109.6,"catchment_m2":657.6,"inlet_capacity_lps":8.4,"nearest_drain":"MH-035","from_node":"J13793358298","to_node":"J13793358300"},"geometry":{"type":"LineString","coordinates":[[72.892009,19.062027],[72.891899,19.062154]]}},{"type":"Feature","properties":{"id":"R0809","name":null,"highway":"residential","osm_way":1508768888,"width_m":6.0,"length_m":35.1,"surface_area":210.7,"catchment_m2":1264.2,"inlet_capacity_lps":8.4,"nearest_drain":"MH-035","from_node":"J13793358300","to_node":"J13793391411"},"geometry":{"type":"LineString","coordinates":[[72.891899,19.062154],[72.892153,19.062359]]}},{"type":"Feature","properties":{"id":"R0810","name":null,"highway":"residential","osm_way":1508768889,"width_m":6.0,"length_m":4.8,"surface_area":29.0,"catchment_m2":173.9,"inlet_capacity_lps":8.4,"nearest_drain":"MH-035","from_node":"J13793358300","to_node":"J13793358299"},"geometry":{"type":"LineString","coordinates":[[72.891899,19.062154],[72.891885,19.062171],[72.89187,19.062188]]}},{"type":"Feature","properties":{"id":"R0811","name":null,"highway":"residential","osm_way":1175603771,"width_m":6.0,"length_m":4.1,"surface_area":24.5,"catchment_m2":147.2,"inlet_capacity_lps":8.4,"nearest_drain":"MH-036","from_node":"J13793391401","to_node":"J13793358297"},"geometry":{"type":"LineString","coordinates":[[72.892798,19.06288],[72.892785,19.062894],[72.892772,19.062908]]}},{"type":"Feature","properties":{"id":"R0812","name":null,"highway":"residential","osm_way":1508768890,"width_m":6.0,"length_m":4.6,"surface_area":27.5,"catchment_m2":164.9,"inlet_capacity_lps":8.4,"nearest_drain":"MH-036","from_node":"J13793391403","to_node":"J13793391405"},"geometry":{"type":"LineString","coordinates":[[72.892587,19.062764],[72.892602,19.062749],[72.892617,19.062734]]}},{"type":"Feature","properties":{"id":"R0813","name":null,"highway":"residential","osm_way":1508768888,"width_m":6.0,"length_m":25.0,"surface_area":150.3,"catchment_m2":901.6,"inlet_capacity_lps":8.4,"nearest_drain":"MH-036","from_node":"J13793391405","to_node":"J13793391401"},"geometry":{"type":"LineString","coordinates":[[72.892617,19.062734],[72.892798,19.06288]]}},{"type":"Feature","properties":{"id":"R0814","name":null,"highway":"residential","osm_way":1508768888,"width_m":6.0,"length_m":31.7,"surface_area":189.9,"catchment_m2":1139.5,"inlet_capacity_lps":8.4,"nearest_drain":"MH-035","from_node":"J13793391408","to_node":"J13793391405"},"geometry":{"type":"LineString","coordinates":[[72.892388,19.062549],[72.892617,19.062734]]}},{"type":"Feature","properties":{"id":"R0815","name":null,"highway":"residential","osm_way":1508768892,"width_m":6.0,"length_m":5.1,"surface_area":30.9,"catchment_m2":185.1,"inlet_capacity_lps":8.4,"nearest_drain":"MH-035","from_node":"J13793391410","to_node":"J13793391411"},"geometry":{"type":"LineString","coordinates":[[72.892119,19.062392],[72.892136,19.062376],[72.892153,19.062359]]}},{"type":"Feature","properties":{"id":"R0816","name":null,"highway":"residential","osm_way":1508768888,"width_m":6.0,"length_m":32.4,"surface_area":194.6,"catchment_m2":1167.6,"inlet_capacity_lps":8.4,"nearest_drain":"MH-035","from_node":"J13793391411","to_node":"J13793391408"},"geometry":{"type":"LineString","coordinates":[[72.892153,19.062359],[72.892388,19.062549]]}},{"type":"Feature","properties":{"id":"R0817","name":null,"highway":"residential","osm_way":215261295,"width_m":6.0,"length_m":17.3,"surface_area":104.1,"catchment_m2":624.4,"inlet_capacity_lps":8.4,"nearest_drain":"MH-135","from_node":"J13798446943","to_node":"J2804509205"},"geometry":{"type":"LineString","coordinates":[[72.884828,19.070914],[72.884948,19.071021]]}},{"type":"Feature","properties":{"id":"R0818","name":null,"highway":"residential","osm_way":1509474831,"width_m":6.0,"length_m":52.0,"surface_area":312.0,"catchment_m2":1872.2,"inlet_capacity_lps":16.8,"nearest_drain":"MH-135","from_node":"J13798446943","to_node":"J13798446948"},"geometry":{"type":"LineString","coordinates":[[72.884828,19.070914],[72.884862,19.070878],[72.88498,19.070751],[72.884985,19.070739],[72.884985,19.070724],[72.884978,19.070715],[72.884805,19.070581]]}},{"type":"Feature","properties":{"id":"R0819","name":null,"highway":"residential","osm_way":275785281,"width_m":6.0,"length_m":2.9,"surface_area":17.7,"catchment_m2":106.1,"inlet_capacity_lps":8.4,"nearest_drain":"MH-124","from_node":"J13798446950","to_node":"J10939580924"},"geometry":{"type":"LineString","coordinates":[[72.883836,19.070041],[72.883816,19.070023]]}},{"type":"Feature","properties":{"id":"R0820","name":null,"highway":"residential","osm_way":1509474832,"width_m":6.0,"length_m":48.5,"surface_area":290.8,"catchment_m2":1744.7,"inlet_capacity_lps":16.8,"nearest_drain":"MH-124","from_node":"J13798446950","to_node":"J13798446961"},"geometry":{"type":"LineString","coordinates":[[72.883836,19.070041],[72.883856,19.070021],[72.88398,19.0699],[72.883989,19.069896],[72.883998,19.069896],[72.884007,19.0699],[72.884176,19.070041]]}},{"type":"Feature","properties":{"id":"R0821","name":null,"highway":"residential","osm_way":215261295,"width_m":6.0,"length_m":14.1,"surface_area":84.5,"catchment_m2":507.0,"inlet_capacity_lps":8.4,"nearest_drain":"MH-125","from_node":"J13798446956","to_node":"J10316726978"},"geometry":{"type":"LineString","coordinates":[[72.884423,19.070555],[72.884521,19.070642]]}},{"type":"Feature","properties":{"id":"R0822","name":null,"highway":"residential","osm_way":1509474833,"width_m":6.0,"length_m":25.7,"surface_area":154.2,"catchment_m2":925.1,"inlet_capacity_lps":8.4,"nearest_drain":"MH-125","from_node":"J13798446956","to_node":"J13798446957"},"geometry":{"type":"LineString","coordinates":[[72.884423,19.070555],[72.88446,19.070517],[72.88459,19.070386]]}},{"type":"Feature","properties":{"id":"R0823","name":null,"highway":"residential","osm_way":1509474832,"width_m":6.0,"length_m":26.1,"surface_area":156.8,"catchment_m2":940.9,"inlet_capacity_lps":8.4,"nearest_drain":"MH-125","from_node":"J13798446957","to_node":"J13798446955"},"geometry":{"type":"LineString","coordinates":[[72.88459,19.070386],[72.884776,19.070542]]}},{"type":"Feature","properties":{"id":"R0824","name":null,"highway":"residential","osm_way":215261295,"width_m":6.0,"length_m":29.6,"surface_area":177.3,"catchment_m2":1063.9,"inlet_capacity_lps":8.4,"nearest_drain":"MH-125","from_node":"J13798446958","to_node":"J13798446956"},"geometry":{"type":"LineString","coordinates":[[72.884217,19.070374],[72.884423,19.070555]]}},{"type":"Feature","properties":{"id":"R0825","name":null,"highway":"residential","osm_way":1509474834,"width_m":6.0,"length_m":24.9,"surface_area":149.6,"catchment_m2":897.4,"inlet_capacity_lps":8.4,"nearest_drain":"MH-125","from_node":"J13798446958","to_node":"J13798446959"},"geometry":{"type":"LineString","coordinates":[[72.884217,19.070374],[72.884249,19.070342],[72.884379,19.070211]]}},{"type":"Feature","properties":{"id":"R0826","name":null,"highway":"residential","osm_way":1509474832,"width_m":6.0,"length_m":29.5,"surface_area":176.9,"catchment_m2":1061.7,"inlet_capacity_lps":8.4,"nearest_drain":"MH-125","from_node":"J13798446959","to_node":"J13798446957"},"geometry":{"type":"LineString","coordinates":[[72.884379,19.070211],[72.88459,19.070386]]}},{"type":"Feature","properties":{"id":"R0827","name":null,"highway":"residential","osm_way":275785281,"width_m":6.0,"length_m":26.7,"surface_area":160.2,"catchment_m2":961.0,"inlet_capacity_lps":8.4,"nearest_drain":"MH-124","from_node":"J13798446960","to_node":"J13798446950"},"geometry":{"type":"LineString","coordinates":[[72.884023,19.070204],[72.883836,19.070041]]}},{"type":"Feature","properties":{"id":"R0828","name":null,"highway":"residential","osm_way":1509474835,"width_m":6.0,"length_m":24.2,"surface_area":145.3,"catchment_m2":871.8,"inlet_capacity_lps":8.4,"nearest_drain":"MH-124","from_node":"J13798446960","to_node":"J13798446961"},"geometry":{"type":"LineString","coordinates":[[72.884023,19.070204],[72.884047,19.070178],[72.884176,19.070041]]}},{"type":"Feature","properties":{"id":"R0829","name":null,"highway":"residential","osm_way":1509474832,"width_m":6.0,"length_m":28.5,"surface_area":170.8,"catchment_m2":1024.8,"inlet_capacity_lps":8.4,"nearest_drain":"MH-125","from_node":"J13798446961","to_node":"J13798446959"},"geometry":{"type":"LineString","coordinates":[[72.884176,19.070041],[72.884379,19.070211]]}},{"type":"Feature","properties":{"id":"R0830","name":null,"highway":"residential","osm_way":1509477225,"width_m":6.0,"length_m":37.7,"surface_area":226.0,"catchment_m2":1356.2,"inlet_capacity_lps":8.4,"nearest_drain":"MH-163","from_node":"J13798450899","to_node":"J13798497413"},"geometry":{"type":"LineString","coordinates":[[72.881196,19.07593],[72.881198,19.075924],[72.881202,19.075921],[72.881208,19.075921],[72.881506,19.07593],[72.88151,19.075932],[72.881512,19.075935],[72.881511,19.075967]]}},{"type":"Feature","properties":{"id":"R0831","name":null,"highway":"residential","osm_way":789317002,"width_m":6.0,"length_m":19.2,"surface_area":115.2,"catchment_m2":691.5,"inlet_capacity_lps":8.4,"nearest_drain":"MH-135","from_node":"J13798486107","to_node":"J6575917462"},"geometry":{"type":"LineString","coordinates":[[72.885122,19.071196],[72.88525,19.07132]]}},{"type":"Feature","properties":{"id":"R0832","name":null,"highway":"residential","osm_way":1509476098,"width_m":6.0,"length_m":40.3,"surface_area":241.7,"catchment_m2":1450.3,"inlet_capacity_lps":8.4,"nearest_drain":"MH-136","from_node":"J13798486107","to_node":"J13798486108"},"geometry":{"type":"LineString","coordinates":[[72.885122,19.071196],[72.885377,19.070926]]}},{"type":"Feature","properties":{"id":"R0833","name":null,"highway":"residential","osm_way":1509476099,"width_m":6.0,"length_m":19.0,"surface_area":113.8,"catchment_m2":682.7,"inlet_capacity_lps":8.4,"nearest_drain":"MH-136","from_node":"J13798486108","to_node":"J13798486109"},"geometry":{"type":"LineString","coordinates":[[72.885377,19.070926],[72.885233,19.070822]]}},{"type":"Feature","properties":{"id":"R0834","name":null,"highway":"residential","osm_way":1509476097,"width_m":6.0,"length_m":135.4,"surface_area":812.3,"catchment_m2":4874.1,"inlet_capacity_lps":42.0,"nearest_drain":"MH-126","from_node":"J13798486109","to_node":"J13798486103"},"geometry":{"type":"LineString","coordinates":[[72.885233,19.070822],[72.885212,19.070807],[72.885198,19.070795],[72.885197,19.07078],[72.885203,19.070762],[72.885287,19.07067],[72.88529,19.070656],[72.88529,19.070639],[72.885281,19.070622],[72.884483,19.070014]]}},{"type":"Feature","properties":{"id":"R0835","name":null,"highway":"residential","osm_way":1509477225,"width_m":6.0,"length_m":3.3,"surface_area":19.7,"catchment_m2":118.1,"inlet_capacity_lps":8.4,"nearest_drain":"MH-163","from_node":"J13798497413","to_node":"J13798497406"},"geometry":{"type":"LineString","coordinates":[[72.881511,19.075967],[72.881511,19.075996]]}},{"type":"Feature","properties":{"id":"R0836","name":null,"highway":"residential","osm_way":1509477226,"width_m":6.0,"length_m":14.7,"surface_area":88.1,"catchment_m2":528.5,"inlet_capacity_lps":8.4,"nearest_drain":"MH-163","from_node":"J13798497413","to_node":"J13798497414"},"geometry":{"type":"LineString","coordinates":[[72.881511,19.075967],[72.88159,19.075967],[72.881651,19.075967]]}},{"type":"Feature","properties":{"id":"R0837","name":null,"highway":"residential","osm_way":1120261361,"width_m":6.0,"length_m":14.2,"surface_area":85.2,"catchment_m2":511.1,"inlet_capacity_lps":8.4,"nearest_drain":"MH-085","from_node":"J14002404614","to_node":"J6431316960"},"geometry":{"type":"LineString","coordinates":[[72.891671,19.066182],[72.891597,19.066075]]}},{"type":"Feature","properties":{"id":"R0838","name":null,"highway":"residential","osm_way":1537167584,"width_m":6.0,"length_m":51.9,"surface_area":311.4,"catchment_m2":1868.5,"inlet_capacity_lps":16.8,"nearest_drain":"MH-085","from_node":"J14002404614","to_node":"J14002404618"},"geometry":{"type":"LineString","coordinates":[[72.891671,19.066182],[72.891717,19.066153],[72.891751,19.066119],[72.891778,19.066087],[72.891969,19.065993],[72.892013,19.065989],[72.892033,19.065989],[72.892054,19.065983],[72.892096,19.06597]]}},{"type":"Feature","properties":{"id":"R0839","name":null,"highway":"residential","osm_way":1537168635,"width_m":6.0,"length_m":4.6,"surface_area":27.7,"catchment_m2":166.4,"inlet_capacity_lps":8.4,"nearest_drain":"MH-085","from_node":"J14002404618","to_node":"J2246472016"},"geometry":{"type":"LineString","coordinates":[[72.892096,19.06597],[72.892069,19.065937]]}},{"type":"Feature","properties":{"id":"R0840","name":null,"highway":"residential","osm_way":1120261361,"width_m":6.0,"length_m":65.2,"surface_area":391.1,"catchment_m2":2346.9,"inlet_capacity_lps":16.8,"nearest_drain":"MH-085","from_node":"J14002404625","to_node":"J14002404614"},"geometry":{"type":"LineString","coordinates":[[72.892011,19.066672],[72.891671,19.066182]]}},{"type":"Feature","properties":{"id":"R0841","name":null,"highway":"residential","osm_way":1537167586,"width_m":6.0,"length_m":44.4,"surface_area":266.2,"catchment_m2":1597.0,"inlet_capacity_lps":8.4,"nearest_drain":"MH-085","from_node":"J14002404625","to_node":"J11038649371"},"geometry":{"type":"LineString","coordinates":[[72.892011,19.066672],[72.892094,19.066629],[72.892292,19.066524],[72.89238,19.066478]]}},{"type":"Feature","properties":{"id":"R0842","name":null,"highway":"residential","osm_way":1537168633,"width_m":6.0,"length_m":27.3,"surface_area":164.1,"catchment_m2":984.5,"inlet_capacity_lps":8.4,"nearest_drain":"MH-085","from_node":"J14002404664","to_node":"J11038649368"},"geometry":{"type":"LineString","coordinates":[[72.892425,19.066421],[72.892359,19.066248],[72.892336,19.06619]]}},{"type":"Feature","properties":{"id":"R0843","name":null,"highway":"residential","osm_way":692001420,"width_m":6.0,"length_m":66.3,"surface_area":397.6,"catchment_m2":2385.5,"inlet_capacity_lps":16.8,"nearest_drain":"MH-097","from_node":"J14002500024","to_node":"J11064166077"},"geometry":{"type":"LineString","coordinates":[[72.889864,19.066779],[72.890036,19.067013],[72.890227,19.067266]]}},{"type":"Feature","properties":{"id":"R0844","name":null,"highway":"residential","osm_way":1537180704,"width_m":6.0,"length_m":11.7,"surface_area":70.5,"catchment_m2":422.7,"inlet_capacity_lps":8.4,"nearest_drain":"MH-083","from_node":"J14002500024","to_node":"J14002500025"},"geometry":{"type":"LineString","coordinates":[[72.889864,19.066779],[72.889923,19.066726],[72.889946,19.066707]]}},{"type":"Feature","properties":{"id":"R0845","name":null,"highway":"residential","osm_way":1537180701,"width_m":6.0,"length_m":99.6,"surface_area":597.3,"catchment_m2":3584.1,"inlet_capacity_lps":25.2,"nearest_drain":"MH-083","from_node":"J14002500025","to_node":"J14002500031"},"geometry":{"type":"LineString","coordinates":[[72.889946,19.066707],[72.890184,19.066532],[72.890324,19.066471],[72.890475,19.066409],[72.890616,19.066364],[72.890715,19.066329],[72.890786,19.066317]]}},{"type":"Feature","properties":{"id":"R0846","name":null,"highway":"residential","osm_way":1537180702,"width_m":6.0,"length_m":126.7,"surface_area":760.3,"catchment_m2":4562.1,"inlet_capacity_lps":33.6,"nearest_drain":"MH-083","from_node":"J14002500025","to_node":"J14002500031"},"geometry":{"type":"LineString","coordinates":[[72.889946,19.066707],[72.889994,19.066788],[72.890019,19.066816],[72.890048,19.066827],[72.890076,19.066824],[72.89014,19.066776],[72.890422,19.066605],[72.89046,19.066585],[72.890511,19.066564],[72.890821,19.066457],[72.890832,19.06645],[72.890833,19.066427],[72.890786,19.066317]]}},{"type":"Feature","properties":{"id":"R0847","name":null,"highway":"residential","osm_way":1537180703,"width_m":6.0,"length_m":4.3,"surface_area":25.8,"catchment_m2":154.6,"inlet_capacity_lps":8.4,"nearest_drain":"MH-084","from_node":"J14002500031","to_node":"J14002500043"},"geometry":{"type":"LineString","coordinates":[[72.890786,19.066317],[72.890782,19.066298],[72.890777,19.066279]]}},{"type":"Feature","properties":{"id":"R0848","name":null,"highway":"residential","osm_way":789757055,"width_m":6.0,"length_m":34.6,"surface_area":207.8,"catchment_m2":1246.7,"inlet_capacity_lps":8.4,"nearest_drain":"MH-084","from_node":"J14002500043","to_node":"J6495534619"},"geometry":{"type":"LineString","coordinates":[[72.890777,19.066279],[72.891096,19.066202]]}},{"type":"Feature","properties":{"id":"R0849","name":null,"highway":"residential","osm_way":1537190255,"width_m":6.0,"length_m":12.6,"surface_area":75.3,"catchment_m2":451.9,"inlet_capacity_lps":8.4,"nearest_drain":"MH-137","from_node":"J14002529351","to_node":"J14002529354"},"geometry":{"type":"LineString","coordinates":[[72.89556,19.071687],[72.895619,19.071649],[72.895659,19.071623]]}},{"type":"Feature","properties":{"id":"R0850","name":null,"highway":"residential","osm_way":789278047,"width_m":6.0,"length_m":12.6,"surface_area":75.3,"catchment_m2":452.1,"inlet_capacity_lps":8.4,"nearest_drain":"MH-145","from_node":"J14002529353","to_node":"J7379899436"},"geometry":{"type":"LineString","coordinates":[[72.895955,19.072032],[72.89592,19.072054],[72.895854,19.072092]]}},{"type":"Feature","properties":{"id":"R0851","name":null,"highway":"residential","osm_way":1537190256,"width_m":6.0,"length_m":55.1,"surface_area":330.8,"catchment_m2":1984.9,"inlet_capacity_lps":16.8,"nearest_drain":"MH-145","from_node":"J14002529353","to_node":"J14002529354"},"geometry":{"type":"LineString","coordinates":[[72.895955,19.072032],[72.895659,19.071623]]}},{"type":"Feature","properties":{"id":"R0852","name":null,"highway":"residential","osm_way":1537190255,"width_m":6.0,"length_m":29.4,"surface_area":176.7,"catchment_m2":1060.2,"inlet_capacity_lps":8.4,"nearest_drain":"MH-137","from_node":"J14002529354","to_node":"J14002529357"},"geometry":{"type":"LineString","coordinates":[[72.895659,19.071623],[72.895861,19.071495],[72.895882,19.07149],[72.895897,19.071491]]}},{"type":"Feature","properties":{"id":"R0853","name":null,"highway":"residential","osm_way":1537190257,"width_m":6.0,"length_m":6.6,"surface_area":39.6,"catchment_m2":237.7,"inlet_capacity_lps":8.4,"nearest_drain":"MH-137","from_node":"J14002529359","to_node":"J14002529366"},"geometry":{"type":"LineString","coordinates":[[72.895512,19.071621],[72.895538,19.071603],[72.895564,19.071586]]}},{"type":"Feature","properties":{"id":"R0854","name":null,"highway":"residential","osm_way":1537190257,"width_m":6.0,"length_m":106.9,"surface_area":641.6,"catchment_m2":3849.8,"inlet_capacity_lps":33.6,"nearest_drain":"MH-137","from_node":"J14002529366","to_node":"J14002529367"},"geometry":{"type":"LineString","coordinates":[[72.895564,19.071586],[72.895744,19.071466],[72.895745,19.071429],[72.895446,19.07103],[72.895415,19.071014],[72.895388,19.071022],[72.89524,19.071114]]}},{"type":"Feature","properties":{"id":"R0855","name":null,"highway":"residential","osm_way":1537190258,"width_m":6.0,"length_m":62.6,"surface_area":375.7,"catchment_m2":2254.3,"inlet_capacity_lps":16.8,"nearest_drain":"MH-137","from_node":"J14002529366","to_node":"J14002529367"},"geometry":{"type":"LineString","coordinates":[[72.895564,19.071586],[72.89524,19.071114]]}},{"type":"Feature","properties":{"id":"R0856","name":null,"highway":"residential","osm_way":1537190257,"width_m":6.0,"length_m":8.2,"surface_area":49.1,"catchment_m2":294.5,"inlet_capacity_lps":8.4,"nearest_drain":"MH-137","from_node":"J14002529367","to_node":"J14002529365"},"geometry":{"type":"LineString","coordinates":[[72.89524,19.071114],[72.895195,19.071141],[72.895174,19.071154]]}},{"type":"Feature","properties":{"id":"R0857","name":null,"highway":"residential","osm_way":692001420,"width_m":6.0,"length_m":45.8,"surface_area":274.6,"catchment_m2":1647.6,"inlet_capacity_lps":16.8,"nearest_drain":"MH-083","from_node":"J14002557887","to_node":"J6495534616"},"geometry":{"type":"LineString","coordinates":[[72.88946,19.066541],[72.889833,19.066754]]}},{"type":"Feature","properties":{"id":"R0858","name":null,"highway":"residential","osm_way":1537188671,"width_m":6.0,"length_m":7.3,"surface_area":44.0,"catchment_m2":264.0,"inlet_capacity_lps":8.4,"nearest_drain":"MH-082","from_node":"J14002557888","to_node":"J14002557891"},"geometry":{"type":"LineString","coordinates":[[72.889397,19.066603],[72.889371,19.066581],[72.889346,19.066559]]}},{"type":"Feature","properties":{"id":"R0859","name":null,"highway":"residential","osm_way":1537188672,"width_m":6.0,"length_m":162.7,"surface_area":976.4,"catchment_m2":5858.7,"inlet_capacity_lps":42.0,"nearest_drain":"MH-082","from_node":"J14002557889","to_node":"J14002557891"},"geometry":{"type":"LineString","coordinates":[[72.889062,19.066311],[72.888803,19.066542],[72.888784,19.066607],[72.888792,19.066624],[72.888826,19.066654],[72.888835,19.066677],[72.888858,19.066703],[72.888858,19.066725],[72.888768,19.066827],[72.888778,19.066854],[72.888793,19.06688],[72.888872,19.066949],[72.888916,19.066969],[72.889346,19.066559]]}},{"type":"Feature","properties":{"id":"R0860","name":null,"highway":"residential","osm_way":1537188671,"width_m":6.0,"length_m":40.6,"surface_area":243.3,"catchment_m2":1459.9,"inlet_capacity_lps":8.4,"nearest_drain":"MH-082","from_node":"J14002557891","to_node":"J14002557889"},"geometry":{"type":"LineString","coordinates":[[72.889346,19.066559],[72.889062,19.066311]]}},{"type":"Feature","properties":{"id":"R0861","name":null,"highway":"residential","osm_way":1537168634,"width_m":6.0,"length_m":13.5,"surface_area":80.7,"catchment_m2":484.2,"inlet_capacity_lps":8.4,"nearest_drain":"MH-074","from_node":"J14002601405","to_node":"J13638176116"},"geometry":{"type":"LineString","coordinates":[[72.893557,19.065907],[72.89343,19.065925]]}},{"type":"Feature","properties":{"id":"R0862","name":null,"highway":"residential","osm_way":1537194740,"width_m":6.0,"length_m":9.0,"surface_area":54.0,"catchment_m2":324.3,"inlet_capacity_lps":8.4,"nearest_drain":"MH-074","from_node":"J14002601405","to_node":"J14002601406"},"geometry":{"type":"LineString","coordinates":[[72.893557,19.065907],[72.893554,19.065867],[72.893551,19.065826]]}},{"type":"Feature","properties":{"id":"R0863","name":null,"highway":"residential","osm_way":1537194740,"width_m":6.0,"length_m":121.6,"surface_area":729.5,"catchment_m2":4377.2,"inlet_capacity_lps":33.6,"nearest_drain":"MH-074","from_node":"J14002601406","to_node":"J14002601416"},"geometry":{"type":"LineString","coordinates":[[72.893551,19.065826],[72.89361,19.065774],[72.893612,19.065759],[72.893603,19.065738],[72.893475,19.065623],[72.893451,19.065611],[72.892897,19.065751],[72.892879,19.065764],[72.892867,19.065782],[72.892965,19.065919],[72.89299,19.065945]]}},{"type":"Feature","properties":{"id":"R0864","name":null,"highway":"residential","osm_way":1537194740,"width_m":6.0,"length_m":60.3,"surface_area":362.1,"catchment_m2":2172.4,"inlet_capacity_lps":16.8,"nearest_drain":"MH-074","from_node":"J14002601416","to_node":"J14002601406"},"geometry":{"type":"LineString","coordinates":[[72.89299,19.065945],[72.893035,19.065938],[72.893551,19.065826]]}},{"type":"Feature","properties":{"id":"R0865","name":null,"highway":"residential","osm_way":1537194741,"width_m":6.0,"length_m":10.4,"surface_area":62.5,"catchment_m2":374.7,"inlet_capacity_lps":8.4,"nearest_drain":"MH-086","from_node":"J14002601416","to_node":"J14002601418"},"geometry":{"type":"LineString","coordinates":[[72.89299,19.065945],[72.893023,19.065981],[72.893055,19.066016]]}},{"type":"Feature","properties":{"id":"R0866","name":null,"highway":"residential","osm_way":215241999,"width_m":6.0,"length_m":77.9,"surface_area":467.7,"catchment_m2":2806.1,"inlet_capacity_lps":25.2,"nearest_drain":"MH-086","from_node":"J14002601418","to_node":"J11038649368"},"geometry":{"type":"LineString","coordinates":[[72.893055,19.066016],[72.892336,19.06619]]}},{"type":"Feature","properties":{"id":"R0867","name":null,"highway":"residential","osm_way":1537168634,"width_m":6.0,"length_m":23.9,"surface_area":143.2,"catchment_m2":859.0,"inlet_capacity_lps":8.4,"nearest_drain":"MH-074","from_node":"J14002601813","to_node":"J14002601405"},"geometry":{"type":"LineString","coordinates":[[72.893783,19.065902],[72.893595,19.065902],[72.893557,19.065907]]}},{"type":"Feature","properties":{"id":"R0868","name":null,"highway":"residential","osm_way":1537195756,"width_m":6.0,"length_m":8.6,"surface_area":51.9,"catchment_m2":311.2,"inlet_capacity_lps":8.4,"nearest_drain":"MH-075","from_node":"J14002601813","to_node":"J14002601826"},"geometry":{"type":"LineString","coordinates":[[72.893783,19.065902],[72.893768,19.065866],[72.893753,19.06583]]}},{"type":"Feature","properties":{"id":"R0869","name":null,"highway":"residential","osm_way":289910509,"width_m":6.0,"length_m":110.9,"surface_area":665.4,"catchment_m2":3992.6,"inlet_capacity_lps":33.6,"nearest_drain":"MH-088","from_node":"J14002601825","to_node":"J2934429247"},"geometry":{"type":"LineString","coordinates":[[72.894109,19.06592],[72.895155,19.066053]]}},{"type":"Feature","properties":{"id":"R0870","name":null,"highway":"residential","osm_way":1537195756,"width_m":6.0,"length_m":117.8,"surface_area":707.1,"catchment_m2":4242.5,"inlet_capacity_lps":33.6,"nearest_drain":"MH-075","from_node":"J14002601826","to_node":"J14002601827"},"geometry":{"type":"LineString","coordinates":[[72.893753,19.06583],[72.893737,19.06579],[72.893662,19.065698],[72.893611,19.065669],[72.893577,19.065628],[72.893564,19.065583],[72.893585,19.065567],[72.893882,19.065484],[72.893913,19.065492],[72.893933,19.065518],[72.893961,19.065613],[72.893968,19.065636],[72.894078,19.065856]]}},{"type":"Feature","properties":{"id":"R0871","name":null,"highway":"residential","osm_way":1537195757,"width_m":6.0,"length_m":34.2,"surface_area":205.4,"catchment_m2":1232.1,"inlet_capacity_lps":8.4,"nearest_drain":"MH-075","from_node":"J14002601826","to_node":"J14002601827"},"geometry":{"type":"LineString","coordinates":[[72.893753,19.06583],[72.894078,19.065856]]}},{"type":"Feature","properties":{"id":"R0872","name":null,"highway":"residential","osm_way":1537195756,"width_m":6.0,"length_m":7.9,"surface_area":47.2,"catchment_m2":283.0,"inlet_capacity_lps":8.4,"nearest_drain":"MH-075","from_node":"J14002601827","to_node":"J14002601825"},"geometry":{"type":"LineString","coordinates":[[72.894078,19.065856],[72.894094,19.065888],[72.894109,19.06592]]}},{"type":"Feature","properties":{"id":"R0873","name":null,"highway":"residential","osm_way":789278054,"width_m":6.0,"length_m":9.4,"surface_area":56.3,"catchment_m2":337.8,"inlet_capacity_lps":8.4,"nearest_drain":"MH-121","from_node":"J14078440603","to_node":"J1366009050"},"geometry":{"type":"LineString","coordinates":[[72.880398,19.07015],[72.880414,19.070233]]}},{"type":"Feature","properties":{"id":"R0874","name":null,"highway":"residential","osm_way":1556701139,"width_m":6.0,"length_m":14.2,"surface_area":85.5,"catchment_m2":512.9,"inlet_capacity_lps":8.4,"nearest_drain":"MH-034","from_node":"J14158915986","to_node":"J14158915988"},"geometry":{"type":"LineString","coordinates":[[72.890986,19.062332],[72.891013,19.062394],[72.891058,19.062438]]}},{"type":"Feature","properties":{"id":"R0875","name":null,"highway":"residential","osm_way":1556701139,"width_m":6.0,"length_m":65.2,"surface_area":391.2,"catchment_m2":2347.3,"inlet_capacity_lps":16.8,"nearest_drain":"MH-034","from_node":"J14158915988","to_node":"J14158915991"},"geometry":{"type":"LineString","coordinates":[[72.891058,19.062438],[72.89111,19.062595],[72.891099,19.062679],[72.890984,19.062737],[72.890765,19.062789]]}},{"type":"Feature","properties":{"id":"R0876","name":null,"highway":"residential","osm_way":1556701140,"width_m":6.0,"length_m":14.9,"surface_area":89.7,"catchment_m2":538.0,"inlet_capacity_lps":8.4,"nearest_drain":"MH-034","from_node":"J14158915992","to_node":"J14158915988"},"geometry":{"type":"LineString","coordinates":[[72.89104,19.062306],[72.891064,19.062386],[72.891058,19.062438]]}},{"type":"Feature","properties":{"id":"R0877","name":null,"highway":"living_street","osm_way":1190550997,"width_m":4.0,"length_m":102.4,"surface_area":409.5,"catchment_m2":2866.8,"inlet_capacity_lps":25.2,"nearest_drain":"MH-158","from_node":"J1366009114","to_node":"J11054406699"},"geometry":{"type":"LineString","coordinates":[[72.882381,19.075518],[72.883353,19.075591]]}},{"type":"Feature","properties":{"id":"R0878","name":null,"highway":"living_street","osm_way":215242100,"width_m":4.0,"length_m":59.6,"surface_area":238.3,"catchment_m2":1668.4,"inlet_capacity_lps":16.8,"nearest_drain":"MH-140","from_node":"J2246472261","to_node":"J13353030493"},"geometry":{"type":"LineString","coordinates":[[72.881526,19.07203],[72.882079,19.071909]]}},{"type":"Feature","properties":{"id":"R0879","name":null,"highway":"living_street","osm_way":427199214,"width_m":4.0,"length_m":42.4,"surface_area":169.7,"catchment_m2":1187.8,"inlet_capacity_lps":8.4,"nearest_drain":"MH-052","from_node":"J4264430390","to_node":"J1366008977"},"geometry":{"type":"LineString","coordinates":[[72.880418,19.064854],[72.88059,19.064996],[72.880754,19.065054]]}},{"type":"Feature","properties":{"id":"R0880","name":null,"highway":"living_street","osm_way":789757043,"width_m":4.0,"length_m":52.1,"surface_area":208.4,"catchment_m2":1458.5,"inlet_capacity_lps":16.8,"nearest_drain":"MH-113","from_node":"J7383907143","to_node":"J7379899432"},"geometry":{"type":"LineString","coordinates":[[72.880784,19.069508],[72.880519,19.069571],[72.880416,19.069599],[72.880305,19.069629]]}},{"type":"Feature","properties":{"id":"R0881","name":null,"highway":"living_street","osm_way":1190558639,"width_m":4.0,"length_m":88.8,"surface_area":355.4,"catchment_m2":2487.8,"inlet_capacity_lps":25.2,"nearest_drain":"MH-139","from_node":"J9171437932","to_node":"J11054515158"},"geometry":{"type":"LineString","coordinates":[[72.880894,19.07236],[72.880353,19.072523],[72.880343,19.072545],[72.880336,19.072574],[72.880294,19.072597],[72.880129,19.072645]]}},{"type":"Feature","properties":{"id":"R0882","name":null,"highway":"living_street","osm_way":1126988958,"width_m":4.0,"length_m":30.6,"surface_area":122.5,"catchment_m2":857.7,"inlet_capacity_lps":8.4,"nearest_drain":"MH-133","from_node":"J10305066388","to_node":"J10305066398"},"geometry":{"type":"LineString","coordinates":[[72.882742,19.071808],[72.882729,19.071673],[72.88276,19.071609],[72.882829,19.071587]]}},{"type":"Feature","properties":{"id":"R0883","name":null,"highway":"living_street","osm_way":215242100,"width_m":4.0,"length_m":35.6,"surface_area":142.5,"catchment_m2":997.6,"inlet_capacity_lps":8.4,"nearest_drain":"MH-141","from_node":"J10305066394","to_node":"J10305066388"},"geometry":{"type":"LineString","coordinates":[[72.882444,19.071923],[72.882451,19.07189],[72.882742,19.071808]]}},{"type":"Feature","properties":{"id":"R0884","name":null,"highway":"living_street","osm_way":1126988955,"width_m":4.0,"length_m":21.8,"surface_area":87.2,"catchment_m2":610.7,"inlet_capacity_lps":8.4,"nearest_drain":"MH-141","from_node":"J10305066394","to_node":"J10305066395"},"geometry":{"type":"LineString","coordinates":[[72.882444,19.071923],[72.88247,19.072118]]}},{"type":"Feature","properties":{"id":"R0885","name":null,"highway":"living_street","osm_way":1126988956,"width_m":4.0,"length_m":51.2,"surface_area":204.7,"catchment_m2":1432.6,"inlet_capacity_lps":16.8,"nearest_drain":"MH-141","from_node":"J10305066396","to_node":"J10305066397"},"geometry":{"type":"LineString","coordinates":[[72.882929,19.071554],[72.882956,19.072014]]}},{"type":"Feature","properties":{"id":"R0886","name":null,"highway":"living_street","osm_way":1126988958,"width_m":4.0,"length_m":68.7,"surface_area":274.7,"catchment_m2":1922.7,"inlet_capacity_lps":16.8,"nearest_drain":"MH-133","from_node":"J10305066396","to_node":"J8701016828"},"geometry":{"type":"LineString","coordinates":[[72.882929,19.071554],[72.882966,19.071542],[72.883093,19.071532],[72.883078,19.071992]]}},{"type":"Feature","properties":{"id":"R0887","name":null,"highway":"living_street","osm_way":1126988954,"width_m":4.0,"length_m":13.1,"surface_area":52.2,"catchment_m2":365.5,"inlet_capacity_lps":8.4,"nearest_drain":"MH-141","from_node":"J10305066397","to_node":"J8701016828"},"geometry":{"type":"LineString","coordinates":[[72.882956,19.072014],[72.883078,19.071992]]}},{"type":"Feature","properties":{"id":"R0888","name":null,"highway":"living_street","osm_way":1126988957,"width_m":4.0,"length_m":46.5,"surface_area":186.0,"catchment_m2":1302.1,"inlet_capacity_lps":16.8,"nearest_drain":"MH-141","from_node":"J10305066398","to_node":"J10305066401"},"geometry":{"type":"LineString","coordinates":[[72.882829,19.071587],[72.882858,19.071909],[72.882758,19.071915]]}},{"type":"Feature","properties":{"id":"R0889","name":null,"highway":"living_street","osm_way":1126988958,"width_m":4.0,"length_m":11.0,"surface_area":44.1,"catchment_m2":308.8,"inlet_capacity_lps":8.4,"nearest_drain":"MH-133","from_node":"J10305066398","to_node":"J10305066396"},"geometry":{"type":"LineString","coordinates":[[72.882829,19.071587],[72.882929,19.071554]]}},{"type":"Feature","properties":{"id":"R0890","name":null,"highway":"living_street","osm_way":1126988954,"width_m":4.0,"length_m":37.3,"surface_area":149.0,"catchment_m2":1043.2,"inlet_capacity_lps":8.4,"nearest_drain":"MH-141","from_node":"J10305066401","to_node":"J10305066397"},"geometry":{"type":"LineString","coordinates":[[72.882758,19.071915],[72.882767,19.072064],[72.882873,19.072031],[72.882956,19.072014]]}},{"type":"Feature","properties":{"id":"R0891","name":null,"highway":"living_street","osm_way":1126988954,"width_m":4.0,"length_m":7.3,"surface_area":29.2,"catchment_m2":204.2,"inlet_capacity_lps":8.4,"nearest_drain":"MH-133","from_node":"J10305066402","to_node":"J10305066401"},"geometry":{"type":"LineString","coordinates":[[72.882746,19.07185],[72.882758,19.071915]]}},{"type":"Feature","properties":{"id":"R0892","name":null,"highway":"living_street","osm_way":1126988958,"width_m":4.0,"length_m":4.7,"surface_area":18.6,"catchment_m2":130.4,"inlet_capacity_lps":8.4,"nearest_drain":"MH-133","from_node":"J10305066402","to_node":"J10305066388"},"geometry":{"type":"LineString","coordinates":[[72.882746,19.07185],[72.882742,19.071808]]}},{"type":"Feature","properties":{"id":"R0893","name":null,"highway":"living_street","osm_way":1177552846,"width_m":4.0,"length_m":61.9,"surface_area":247.7,"catchment_m2":1734.0,"inlet_capacity_lps":16.8,"nearest_drain":"MH-124","from_node":"J10939580922","to_node":"J10939580924"},"geometry":{"type":"LineString","coordinates":[[72.883693,19.069654],[72.883975,19.069869],[72.883816,19.070023]]}},{"type":"Feature","properties":{"id":"R0894","name":null,"highway":"living_street","osm_way":1188620007,"width_m":4.0,"length_m":18.6,"surface_area":74.4,"catchment_m2":520.8,"inlet_capacity_lps":8.4,"nearest_drain":"MH-131","from_node":"J11037100377","to_node":"J11037100379"},"geometry":{"type":"LineString","coordinates":[[72.880407,19.070925],[72.880459,19.071084]]}},{"type":"Feature","properties":{"id":"R0895","name":null,"highway":"living_street","osm_way":1188620007,"width_m":4.0,"length_m":4.2,"surface_area":16.6,"catchment_m2":116.4,"inlet_capacity_lps":8.4,"nearest_drain":"MH-131","from_node":"J11037100379","to_node":"J11037100378"},"geometry":{"type":"LineString","coordinates":[[72.880459,19.071084],[72.880472,19.07112]]}},{"type":"Feature","properties":{"id":"R0896","name":null,"highway":"living_street","osm_way":1188620008,"width_m":4.0,"length_m":23.6,"surface_area":94.5,"catchment_m2":661.7,"inlet_capacity_lps":8.4,"nearest_drain":"MH-131","from_node":"J11037100379","to_node":"J11037100380"},"geometry":{"type":"LineString","coordinates":[[72.880459,19.071084],[72.880244,19.071147]]}},{"type":"Feature","properties":{"id":"R0897","name":null,"highway":"living_street","osm_way":1188620008,"width_m":4.0,"length_m":14.8,"surface_area":59.1,"catchment_m2":414.0,"inlet_capacity_lps":8.4,"nearest_drain":"MH-131","from_node":"J11037100380","to_node":"J11037100381"},"geometry":{"type":"LineString","coordinates":[[72.880244,19.071147],[72.880205,19.071019]]}},{"type":"Feature","properties":{"id":"R0898","name":null,"highway":"living_street","osm_way":1188620009,"width_m":4.0,"length_m":9.3,"surface_area":37.3,"catchment_m2":260.8,"inlet_capacity_lps":8.4,"nearest_drain":"MH-131","from_node":"J11037100380","to_node":"J11037100382"},"geometry":{"type":"LineString","coordinates":[[72.880244,19.071147],[72.88016,19.071173]]}},{"type":"Feature","properties":{"id":"R0899","name":null,"highway":"living_street","osm_way":1189548278,"width_m":4.0,"length_m":192.8,"surface_area":771.0,"catchment_m2":5397.1,"inlet_capacity_lps":50.4,"nearest_drain":"MH-164","from_node":"J11045733888","to_node":"J11045733895"},"geometry":{"type":"LineString","coordinates":[[72.884101,19.075912],[72.884099,19.075699],[72.884096,19.075421],[72.883955,19.075413],[72.883913,19.075259],[72.883771,19.07517],[72.883753,19.074758],[72.883577,19.074754],[72.883644,19.074554]]}},{"type":"Feature","properties":{"id":"R0900","name":null,"highway":"living_street","osm_way":215242100,"width_m":4.0,"length_m":39.9,"surface_area":159.8,"catchment_m2":1118.3,"inlet_capacity_lps":8.4,"nearest_drain":"MH-140","from_node":"J13353030493","to_node":"J10305066394"},"geometry":{"type":"LineString","coordinates":[[72.882079,19.071909],[72.882266,19.071867],[72.882444,19.071923]]}},{"type":"Feature","properties":{"id":"R0901","name":null,"highway":"living_street","osm_way":1547880861,"width_m":4.0,"length_m":39.6,"surface_area":158.4,"catchment_m2":1108.5,"inlet_capacity_lps":8.4,"nearest_drain":"MH-121","from_node":"J14078440603","to_node":"J14078440604"},"geometry":{"type":"LineString","coordinates":[[72.880398,19.07015],[72.880031,19.070229]]}}]}