{"type":"FeatureCollection","features":[{"type":"Feature","properties":{"id":"R0001","name":"Bazullah Road","highway":"secondary","osm_way":1518591730,"width_m":12.0,"length_m":79.8,"surface_area":957.5,"catchment_m2":4947.1,"inlet_capacity_lps":46.8,"nearest_drain":"MH-147","from_node":"J250364070","to_node":"J11606983243"},"geometry":{"type":"LineString","coordinates":[[80.238251,13.04654],[80.238973,13.046396]]}},{"type":"Feature","properties":{"id":"R0002","name":"Bazullah Road","highway":"secondary","osm_way":1530508238,"width_m":12.0,"length_m":88.1,"surface_area":1057.3,"catchment_m2":5462.5,"inlet_capacity_lps":46.8,"nearest_drain":"MH-146","from_node":"J6496557085","to_node":"J13859715517"},"geometry":{"type":"LineString","coordinates":[[80.236921,13.046825],[80.237715,13.046655]]}},{"type":"Feature","properties":{"id":"R0003","name":"Bazullah Road","highway":"secondary","osm_way":1518591730,"width_m":12.0,"length_m":31.5,"surface_area":377.9,"catchment_m2":1952.7,"inlet_capacity_lps":15.6,"nearest_drain":"MH-148","from_node":"J11606983238","to_node":"J1702258067"},"geometry":{"type":"LineString","coordinates":[[80.239151,13.046356],[80.239431,13.046281]]}},{"type":"Feature","properties":{"id":"R0004","name":"Bazullah Road","highway":"secondary","osm_way":1518591730,"width_m":12.0,"length_m":19.8,"surface_area":237.3,"catchment_m2":1225.9,"inlet_capacity_lps":15.6,"nearest_drain":"MH-147","from_node":"J11606983243","to_node":"J11606983238"},"geometry":{"type":"LineString","coordinates":[[80.238973,13.046396],[80.239151,13.046356]]}},{"type":"Feature","properties":{"id":"R0005","name":"Bazullah Road","highway":"secondary","osm_way":1518591732,"width_m":12.0,"length_m":57.2,"surface_area":686.7,"catchment_m2":3548.1,"inlet_capacity_lps":31.2,"nearest_drain":"MH-147","from_node":"J13859715517","to_node":"J13904058570"},"geometry":{"type":"LineString","coordinates":[[80.237715,13.046655],[80.238231,13.046545]]}},{"type":"Feature","properties":{"id":"R0006","name":"Brindavan Street","highway":"secondary","osm_way":25459293,"width_m":12.0,"length_m":15.1,"surface_area":181.4,"catchment_m2":937.3,"inlet_capacity_lps":15.6,"nearest_drain":"MH-080","from_node":"J2239156072","to_node":"J277434197"},"geometry":{"type":"LineString","coordinates":[[80.227266,13.041624],[80.227134,13.041668]]}},{"type":"Feature","properties":{"id":"R0007","name":"Burkit Road","highway":"secondary","osm_way":692208071,"width_m":12.0,"length_m":35.6,"surface_area":427.5,"catchment_m2":2208.6,"inlet_capacity_lps":15.6,"nearest_drain":"MH-015","from_node":"J247074857","to_node":"J247675520"},"geometry":{"type":"LineString","coordinates":[[80.230411,13.035026],[80.230736,13.034976]]}},{"type":"Feature","properties":{"id":"R0008","name":"Burkit Road","highway":"secondary","osm_way":843860861,"width_m":12.0,"length_m":260.4,"surface_area":3124.7,"catchment_m2":16144.1,"inlet_capacity_lps":140.4,"nearest_drain":"MH-015","from_node":"J247675520","to_node":"J248700658"},"geometry":{"type":"LineString","coordinates":[[80.230736,13.034976],[80.232193,13.034786],[80.233118,13.034662]]}},{"type":"Feature","properties":{"id":"R0009","name":"Burkit Road","highway":"secondary","osm_way":1268072852,"width_m":12.0,"length_m":51.8,"surface_area":621.8,"catchment_m2":3212.4,"inlet_capacity_lps":31.2,"nearest_drain":"MH-019","from_node":"J247675521","to_node":"J11549371804"},"geometry":{"type":"LineString","coordinates":[[80.237153,13.034194],[80.23719,13.034241],[80.237561,13.034427]]}},{"type":"Feature","properties":{"id":"R0010","name":"Burkit Road","highway":"secondary","osm_way":23161560,"width_m":12.0,"length_m":381.7,"surface_area":4580.2,"catchment_m2":23664.6,"inlet_capacity_lps":202.8,"nearest_drain":"MH-017","from_node":"J247680992","to_node":"J248700641"},"geometry":{"type":"LineString","coordinates":[[80.233473,13.034616],[80.23488,13.034449],[80.235291,13.034401],[80.236964,13.034156]]}},{"type":"Feature","properties":{"id":"R0011","name":"Burkit Road","highway":"secondary","osm_way":1268072854,"width_m":12.0,"length_m":20.9,"surface_area":250.6,"catchment_m2":1294.6,"inlet_capacity_lps":15.6,"nearest_drain":"MH-019","from_node":"J248700641","to_node":"J247675521"},"geometry":{"type":"LineString","coordinates":[[80.236964,13.034156],[80.237153,13.034194]]}},{"type":"Feature","properties":{"id":"R0012","name":"Burkit Road","highway":"secondary","osm_way":1136937248,"width_m":12.0,"length_m":38.8,"surface_area":466.0,"catchment_m2":2407.4,"inlet_capacity_lps":15.6,"nearest_drain":"MH-017","from_node":"J248700658","to_node":"J247680992"},"geometry":{"type":"LineString","coordinates":[[80.233118,13.034662],[80.233473,13.034616]]}},{"type":"Feature","properties":{"id":"R0013","name":"Doctor Nair Road","highway":"secondary","osm_way":845727126,"width_m":12.0,"length_m":208.8,"surface_area":2505.8,"catchment_m2":12946.6,"inlet_capacity_lps":109.2,"nearest_drain":"MH-123","from_node":"J250364321","to_node":"J1702257551"},"geometry":{"type":"LineString","coordinates":[[80.240815,13.042705],[80.240984,13.043953],[80.240858,13.044146],[80.240643,13.044475]]}},{"type":"Feature","properties":{"id":"R0014","name":"Doctor Nair Road","highway":"secondary","osm_way":845727126,"width_m":12.0,"length_m":106.7,"surface_area":1280.4,"catchment_m2":6615.4,"inlet_capacity_lps":62.4,"nearest_drain":"MH-100","from_node":"J2001025765","to_node":"J250364321"},"geometry":{"type":"LineString","coordinates":[[80.240676,13.041755],[80.24075,13.042242],[80.240815,13.042705]]}},{"type":"Feature","properties":{"id":"R0015","name":"Doctor Nair Road","highway":"secondary","osm_way":845727126,"width_m":12.0,"length_m":45.0,"surface_area":539.5,"catchment_m2":2787.4,"inlet_capacity_lps":15.6,"nearest_drain":"MH-079","from_node":"J2001025771","to_node":"J9544181109"},"geometry":{"type":"LineString","coordinates":[[80.240571,13.040861],[80.24059,13.040961],[80.240629,13.041262]]}},{"type":"Feature","properties":{"id":"R0016","name":"Doctor Nair Road","highway":"secondary","osm_way":845727126,"width_m":12.0,"length_m":48.5,"surface_area":581.4,"catchment_m2":3003.9,"inlet_capacity_lps":31.2,"nearest_drain":"MH-079","from_node":"J2197202984","to_node":"J2001025771"},"geometry":{"type":"LineString","coordinates":[[80.240514,13.040429],[80.240571,13.040861]]}},{"type":"Feature","properties":{"id":"R0017","name":"Doctor Nair Road","highway":"secondary","osm_way":845727126,"width_m":12.0,"length_m":55.1,"surface_area":660.8,"catchment_m2":3414.0,"inlet_capacity_lps":31.2,"nearest_drain":"MH-091","from_node":"J9544181109","to_node":"J2001025765"},"geometry":{"type":"LineString","coordinates":[[80.240629,13.041262],[80.240676,13.041755]]}},{"type":"Feature","properties":{"id":"R0018","name":"Doraiswamy Road","highway":"secondary","osm_way":760471616,"width_m":12.0,"length_m":83.0,"surface_area":996.0,"catchment_m2":5145.8,"inlet_capacity_lps":46.8,"nearest_drain":"MH-072","from_node":"J250363934","to_node":"J5733272648"},"geometry":{"type":"LineString","coordinates":[[80.231038,13.040738],[80.230874,13.04077],[80.230378,13.040868],[80.230286,13.040883]]}},{"type":"Feature","properties":{"id":"R0019","name":"Doraiswamy Road","highway":"secondary","osm_way":1524306986,"width_m":12.0,"length_m":69.8,"surface_area":838.1,"catchment_m2":4330.1,"inlet_capacity_lps":31.2,"nearest_drain":"MH-073","from_node":"J2167071723","to_node":"J13893425323"},"geometry":{"type":"LineString","coordinates":[[80.231739,13.040566],[80.231309,13.040672],[80.231133,13.040714],[80.231114,13.040719]]}},{"type":"Feature","properties":{"id":"R0020","name":"Doraiswamy Road","highway":"secondary","osm_way":209535232,"width_m":12.0,"length_m":21.4,"surface_area":257.1,"catchment_m2":1328.5,"inlet_capacity_lps":15.6,"nearest_drain":"MH-073","from_node":"J2197215561","to_node":"J2167071723"},"geometry":{"type":"LineString","coordinates":[[80.231933,13.040529],[80.231892,13.040538],[80.231739,13.040566]]}},{"type":"Feature","properties":{"id":"R0021","name":"Doraiswamy Road","highway":"secondary","osm_way":1524306989,"width_m":12.0,"length_m":8.7,"surface_area":104.6,"catchment_m2":540.5,"inlet_capacity_lps":15.6,"nearest_drain":"MH-072","from_node":"J2197415649","to_node":"J13893425322"},"geometry":{"type":"LineString","coordinates":[[80.23105,13.04079],[80.231128,13.04077]]}},{"type":"Feature","properties":{"id":"R0022","name":"Doraiswamy Road","highway":"secondary","osm_way":1536448844,"width_m":12.0,"length_m":10.0,"surface_area":120.1,"catchment_m2":620.3,"inlet_capacity_lps":15.6,"nearest_drain":"MH-083","from_node":"J2197415657","to_node":"J5733272649"},"geometry":{"type":"LineString","coordinates":[[80.230209,13.040937],[80.230298,13.04096]]}},{"type":"Feature","properties":{"id":"R0023","name":"Doraiswamy Road","highway":"secondary","osm_way":1536448843,"width_m":12.0,"length_m":10.3,"surface_area":123.7,"catchment_m2":639.1,"inlet_capacity_lps":15.6,"nearest_drain":"MH-072","from_node":"J5733272648","to_node":"J2197415657"},"geometry":{"type":"LineString","coordinates":[[80.230286,13.040883],[80.230209,13.040937]]}},{"type":"Feature","properties":{"id":"R0024","name":"Doraiswamy Road","highway":"secondary","osm_way":209514726,"width_m":12.0,"length_m":41.0,"surface_area":491.4,"catchment_m2":2538.9,"inlet_capacity_lps":15.6,"nearest_drain":"MH-072","from_node":"J5733272649","to_node":"J7104143570"},"geometry":{"type":"LineString","coordinates":[[80.230298,13.04096],[80.230665,13.040872]]}},{"type":"Feature","properties":{"id":"R0025","name":"Doraiswamy Road","highway":"secondary","osm_way":209514726,"width_m":12.0,"length_m":42.7,"surface_area":512.6,"catchment_m2":2648.5,"inlet_capacity_lps":15.6,"nearest_drain":"MH-072","from_node":"J7104143570","to_node":"J2197415649"},"geometry":{"type":"LineString","coordinates":[[80.230665,13.040872],[80.23105,13.04079]]}},{"type":"Feature","properties":{"id":"R0026","name":"Doraiswamy Road","highway":"secondary","osm_way":1524306985,"width_m":12.0,"length_m":87.8,"surface_area":1054.1,"catchment_m2":5446.4,"inlet_capacity_lps":46.8,"nearest_drain":"MH-073","from_node":"J13893425322","to_node":"J10697629276"},"geometry":{"type":"LineString","coordinates":[[80.231128,13.04077],[80.231748,13.040613],[80.231771,13.040614],[80.231789,13.040621],[80.231829,13.040669],[80.231859,13.040725]]}},{"type":"Feature","properties":{"id":"R0027","name":"Doraiswamy Road","highway":"secondary","osm_way":1524306987,"width_m":12.0,"length_m":8.5,"surface_area":102.3,"catchment_m2":528.4,"inlet_capacity_lps":15.6,"nearest_drain":"MH-073","from_node":"J13893425323","to_node":"J250363934"},"geometry":{"type":"LineString","coordinates":[[80.231114,13.040719],[80.231038,13.040738]]}},{"type":"Feature","properties":{"id":"R0028","name":"Doraiswamy Subway","highway":"secondary","osm_way":1267322167,"width_m":12.0,"length_m":20.0,"surface_area":240.0,"catchment_m2":1239.8,"inlet_capacity_lps":15.6,"nearest_drain":"MH-082","from_node":"J2197415657","to_node":"J11770736432"},"geometry":{"type":"LineString","coordinates":[[80.230209,13.040937],[80.230028,13.040971]]}},{"type":"Feature","properties":{"id":"R0029","name":"Doraiswamy Subway","highway":"secondary","osm_way":1323786814,"width_m":12.0,"length_m":11.8,"surface_area":141.9,"catchment_m2":733.3,"inlet_capacity_lps":15.6,"nearest_drain":"MH-080","from_node":"J5733272650","to_node":"J2239156072"},"geometry":{"type":"LineString","coordinates":[[80.227371,13.041596],[80.227266,13.041624]]}},{"type":"Feature","properties":{"id":"R0030","name":"Doraiswamy Subway","highway":"secondary","osm_way":1323786815,"width_m":12.0,"length_m":11.3,"surface_area":135.9,"catchment_m2":702.4,"inlet_capacity_lps":15.6,"nearest_drain":"MH-082","from_node":"J11770736432","to_node":"J12249915058"},"geometry":{"type":"LineString","coordinates":[[80.230028,13.040971],[80.229925,13.040992]]}},{"type":"Feature","properties":{"id":"R0031","name":"Doraiswamy Subway","highway":"secondary","osm_way":209513213,"width_m":12.0,"length_m":284.8,"surface_area":3418.1,"catchment_m2":17660.0,"inlet_capacity_lps":140.4,"nearest_drain":"MH-082","from_node":"J12249915058","to_node":"J5733272650"},"geometry":{"type":"LineString","coordinates":[[80.229925,13.040992],[80.22889,13.041222],[80.228511,13.041296],[80.227371,13.041596]]}},{"type":"Feature","properties":{"id":"R0032","name":"Dr Nair Road","highway":"secondary","osm_way":1310290992,"width_m":12.0,"length_m":15.5,"surface_area":186.2,"catchment_m2":962.0,"inlet_capacity_lps":15.6,"nearest_drain":"MH-136","from_node":"J308209330","to_node":"J1702257592"},"geometry":{"type":"LineString","coordinates":[[80.240334,13.045015],[80.24041,13.044896]]}},{"type":"Feature","properties":{"id":"R0033","name":"Dr Nair Road","highway":"secondary","osm_way":1267324817,"width_m":12.0,"length_m":53.4,"surface_area":640.3,"catchment_m2":3308.0,"inlet_capacity_lps":31.2,"nearest_drain":"MH-136","from_node":"J1702257551","to_node":"J11777931844"},"geometry":{"type":"LineString","coordinates":[[80.240643,13.044475],[80.240567,13.04454],[80.240356,13.044861]]}},{"type":"Feature","properties":{"id":"R0034","name":"Dr Nair Road","highway":"secondary","osm_way":1268110513,"width_m":12.0,"length_m":53.7,"surface_area":644.1,"catchment_m2":3328.0,"inlet_capacity_lps":31.2,"nearest_drain":"MH-136","from_node":"J1702257592","to_node":"J1702257551"},"geometry":{"type":"LineString","coordinates":[[80.24041,13.044896],[80.240419,13.044881],[80.240626,13.044556],[80.240643,13.044475]]}},{"type":"Feature","properties":{"id":"R0035","name":"Dr Nair Road","highway":"secondary","osm_way":32235724,"width_m":12.0,"length_m":9.5,"surface_area":114.5,"catchment_m2":591.4,"inlet_capacity_lps":15.6,"nearest_drain":"MH-079","from_node":"J2241075468","to_node":"J2197202984"},"geometry":{"type":"LineString","coordinates":[[80.240502,13.040344],[80.240514,13.040429]]}},{"type":"Feature","properties":{"id":"R0036","name":"Dr Nair Road","highway":"secondary","osm_way":1316582526,"width_m":12.0,"length_m":16.1,"surface_area":193.8,"catchment_m2":1001.2,"inlet_capacity_lps":15.6,"nearest_drain":"MH-136","from_node":"J11777931844","to_node":"J11777931845"},"geometry":{"type":"LineString","coordinates":[[80.240356,13.044861],[80.240276,13.044984]]}},{"type":"Feature","properties":{"id":"R0037","name":"Dr Nair Road","highway":"secondary","osm_way":1316582526,"width_m":12.0,"length_m":23.1,"surface_area":277.3,"catchment_m2":1432.7,"inlet_capacity_lps":15.6,"nearest_drain":"MH-136","from_node":"J11777931845","to_node":"J308209327"},"geometry":{"type":"LineString","coordinates":[[80.240276,13.044984],[80.240168,13.045163]]}},{"type":"Feature","properties":{"id":"R0038","name":"Gopathi Narayanaswami Flyover","highway":"secondary","osm_way":1211074466,"width_m":12.0,"length_m":5.8,"surface_area":70.0,"catchment_m2":361.8,"inlet_capacity_lps":15.6,"nearest_drain":"MH-121","from_node":"J1701464406","to_node":"J2068622267"},"geometry":{"type":"LineString","coordinates":[[80.238322,13.044056],[80.238369,13.044082]]}},{"type":"Feature","properties":{"id":"R0039","name":"Gopathi Narayanaswami Flyover","highway":"secondary","osm_way":489987387,"width_m":12.0,"length_m":110.5,"surface_area":1326.4,"catchment_m2":6852.8,"inlet_capacity_lps":62.4,"nearest_drain":"MH-136","from_node":"J2068622247","to_node":"J4821803259"},"geometry":{"type":"LineString","coordinates":[[80.239817,13.044874],[80.240701,13.04537]]}},{"type":"Feature","properties":{"id":"R0040","name":"Gopathi Narayanaswami Flyover","highway":"secondary","osm_way":489987384,"width_m":12.0,"length_m":6.8,"surface_area":81.5,"catchment_m2":421.3,"inlet_capacity_lps":15.6,"nearest_drain":"MH-121","from_node":"J2068622253","to_node":"J2068622278"},"geometry":{"type":"LineString","coordinates":[[80.238412,13.044005],[80.238357,13.043975]]}},{"type":"Feature","properties":{"id":"R0041","name":"Gopathi Narayanaswami Flyover","highway":"secondary","osm_way":489987385,"width_m":12.0,"length_m":179.8,"surface_area":2158.1,"catchment_m2":11150.2,"inlet_capacity_lps":93.6,"nearest_drain":"MH-135","from_node":"J2068622267","to_node":"J2068622247"},"geometry":{"type":"LineString","coordinates":[[80.238369,13.044082],[80.239817,13.044874]]}},{"type":"Feature","properties":{"id":"R0042","name":"Gopathi Narayanaswami Flyover","highway":"secondary","osm_way":489987386,"width_m":12.0,"length_m":110.2,"surface_area":1322.4,"catchment_m2":6832.2,"inlet_capacity_lps":62.4,"nearest_drain":"MH-136","from_node":"J4821803258","to_node":"J4821803260"},"geometry":{"type":"LineString","coordinates":[[80.240737,13.04531],[80.24016,13.044984],[80.239856,13.044815]]}},{"type":"Feature","properties":{"id":"R0043","name":"Gopathi Narayanaswami Flyover","highway":"secondary","osm_way":489987388,"width_m":12.0,"length_m":180.5,"surface_area":2166.3,"catchment_m2":11192.4,"inlet_capacity_lps":93.6,"nearest_drain":"MH-122","from_node":"J4821803260","to_node":"J2068622253"},"geometry":{"type":"LineString","coordinates":[[80.239856,13.044815],[80.238412,13.044005]]}},{"type":"Feature","properties":{"id":"R0044","name":"Gopathi Narayanaswami Road","highway":"secondary","osm_way":1313206840,"width_m":12.0,"length_m":7.2,"surface_area":85.9,"catchment_m2":444.1,"inlet_capacity_lps":15.6,"nearest_drain":"MH-136","from_node":"J308209330","to_node":"J11777931845"},"geometry":{"type":"LineString","coordinates":[[80.240334,13.045015],[80.240276,13.044984]]}},{"type":"Feature","properties":{"id":"R0045","name":"Gopathi Narayanaswami Road","highway":"secondary","osm_way":1313206840,"width_m":12.0,"length_m":108.1,"surface_area":1297.1,"catchment_m2":6701.7,"inlet_capacity_lps":62.4,"nearest_drain":"MH-122","from_node":"J308209331","to_node":"J1701464407"},"geometry":{"type":"LineString","coordinates":[[80.239259,13.044427],[80.238391,13.043947]]}},{"type":"Feature","properties":{"id":"R0046","name":"Gopathi Narayanaswami Road","highway":"secondary","osm_way":1313206840,"width_m":12.0,"length_m":106.7,"surface_area":1280.8,"catchment_m2":6617.3,"inlet_capacity_lps":62.4,"nearest_drain":"MH-135","from_node":"J1702257618","to_node":"J308209331"},"geometry":{"type":"LineString","coordinates":[[80.240118,13.044896],[80.239854,13.044752],[80.239259,13.044427]]}},{"type":"Feature","properties":{"id":"R0047","name":"Gopathi Narayanaswami Road","highway":"secondary","osm_way":1267324816,"width_m":12.0,"length_m":19.1,"surface_area":229.3,"catchment_m2":1184.9,"inlet_capacity_lps":15.6,"nearest_drain":"MH-136","from_node":"J1702257652","to_node":"J308209330"},"geometry":{"type":"LineString","coordinates":[[80.240477,13.045115],[80.240334,13.045015]]}},{"type":"Feature","properties":{"id":"R0048","name":"Gopathi Narayanaswami Road","highway":"secondary","osm_way":1349708004,"width_m":12.0,"length_m":47.4,"surface_area":568.8,"catchment_m2":2938.6,"inlet_capacity_lps":31.2,"nearest_drain":"MH-096","from_node":"J2001025766","to_node":"J12485887995"},"geometry":{"type":"LineString","coordinates":[[80.235435,13.042513],[80.235822,13.042712]]}},{"type":"Feature","properties":{"id":"R0049","name":"Gopathi Narayanaswami Road","highway":"secondary","osm_way":1349708004,"width_m":12.0,"length_m":32.8,"surface_area":393.5,"catchment_m2":2033.3,"inlet_capacity_lps":15.6,"nearest_drain":"MH-096","from_node":"J2068622268","to_node":"J2001025766"},"geometry":{"type":"LineString","coordinates":[[80.235171,13.042369],[80.235435,13.042513]]}},{"type":"Feature","properties":{"id":"R0050","name":"Gopathi Narayanaswami Road","highway":"secondary","osm_way":157915162,"width_m":12.0,"length_m":118.5,"surface_area":1421.7,"catchment_m2":7345.4,"inlet_capacity_lps":62.4,"nearest_drain":"MH-108","from_node":"J2068622278","to_node":"J2068622285"},"geometry":{"type":"LineString","coordinates":[[80.238357,13.043975],[80.237418,13.043429]]}},{"type":"Feature","properties":{"id":"R0051","name":"Gopathi Narayanaswami Road","highway":"secondary","osm_way":157915162,"width_m":12.0,"length_m":62.8,"surface_area":753.0,"catchment_m2":3890.6,"inlet_capacity_lps":31.2,"nearest_drain":"MH-108","from_node":"J2068622285","to_node":"J2241075478"},"geometry":{"type":"LineString","coordinates":[[80.237418,13.043429],[80.236912,13.043154]]}},{"type":"Feature","properties":{"id":"R0052","name":"Gopathi Narayanaswami Road","highway":"secondary","osm_way":1349708004,"width_m":12.0,"length_m":136.7,"surface_area":1640.3,"catchment_m2":8474.9,"inlet_capacity_lps":78.0,"nearest_drain":"MH-086","from_node":"J2197203112","to_node":"J2068622268"},"geometry":{"type":"LineString","coordinates":[[80.234063,13.041819],[80.234139,13.041809],[80.234204,13.041818],[80.234262,13.041847],[80.235171,13.042369]]}},{"type":"Feature","properties":{"id":"R0053","name":"Gopathi Narayanaswami Road","highway":"secondary","osm_way":157915162,"width_m":12.0,"length_m":116.1,"surface_area":1393.3,"catchment_m2":7198.5,"inlet_capacity_lps":62.4,"nearest_drain":"MH-107","from_node":"J2241075478","to_node":"J2068622283"},"geometry":{"type":"LineString","coordinates":[[80.236912,13.043154],[80.236514,13.042929],[80.236242,13.04278],[80.236032,13.042683],[80.235968,13.042662]]}},{"type":"Feature","properties":{"id":"R0054","name":"Gopathi Narayanaswami Road","highway":"secondary","osm_way":157911936,"width_m":12.0,"length_m":119.0,"surface_area":1428.4,"catchment_m2":7380.2,"inlet_capacity_lps":62.4,"nearest_drain":"MH-108","from_node":"J2270331760","to_node":"J1701464406"},"geometry":{"type":"LineString","coordinates":[[80.237375,13.043514],[80.237844,13.043775],[80.238322,13.044056]]}},{"type":"Feature","properties":{"id":"R0055","name":"Gopathi Narayanaswami Road","highway":"secondary","osm_way":1313206840,"width_m":12.0,"length_m":19.6,"surface_area":235.4,"catchment_m2":1216.1,"inlet_capacity_lps":15.6,"nearest_drain":"MH-136","from_node":"J11777931845","to_node":"J1702257618"},"geometry":{"type":"LineString","coordinates":[[80.240276,13.044984],[80.240118,13.044896]]}},{"type":"Feature","properties":{"id":"R0056","name":"Gopathi Narayanaswami Road","highway":"secondary","osm_way":157911936,"width_m":12.0,"length_m":176.8,"surface_area":2121.8,"catchment_m2":10962.6,"inlet_capacity_lps":93.6,"nearest_drain":"MH-108","from_node":"J12485887994","to_node":"J2270331760"},"geometry":{"type":"LineString","coordinates":[[80.23594,13.042757],[80.236889,13.04326],[80.237375,13.043514]]}},{"type":"Feature","properties":{"id":"R0057","name":"Gopathi Narayanaswami Road","highway":"secondary","osm_way":1349708005,"width_m":12.0,"length_m":36.9,"surface_area":442.7,"catchment_m2":2287.5,"inlet_capacity_lps":15.6,"nearest_drain":"MH-096","from_node":"J12485920409","to_node":"J13310440483"},"geometry":{"type":"LineString","coordinates":[[80.235856,13.04263],[80.235557,13.042471]]}},{"type":"Feature","properties":{"id":"R0058","name":"Gopathi Narayanaswami Road","highway":"secondary","osm_way":1349708005,"width_m":12.0,"length_m":190.8,"surface_area":2289.5,"catchment_m2":11828.9,"inlet_capacity_lps":93.6,"nearest_drain":"MH-086","from_node":"J13310440483","to_node":"J1701464405"},"geometry":{"type":"LineString","coordinates":[[80.235557,13.042471],[80.235452,13.042415],[80.234259,13.041781],[80.234155,13.041726],[80.234088,13.041693],[80.234031,13.041626]]}},{"type":"Feature","properties":{"id":"R0059","name":"Gopathi Narayanaswami Road","highway":"secondary","osm_way":1267324816,"width_m":12.0,"length_m":27.2,"surface_area":325.9,"catchment_m2":1683.8,"inlet_capacity_lps":15.6,"nearest_drain":"MH-136","from_node":"J14141375858","to_node":"J1702257652"},"geometry":{"type":"LineString","coordinates":[[80.240696,13.045234],[80.240477,13.045115]]}},{"type":"Feature","properties":{"id":"R0060","name":"Maloney Road","highway":"secondary","osm_way":1188055531,"width_m":12.0,"length_m":22.2,"surface_area":266.4,"catchment_m2":1376.4,"inlet_capacity_lps":15.6,"nearest_drain":"MH-032","from_node":"J2001025764","to_node":"J11032112814"},"geometry":{"type":"LineString","coordinates":[[80.23952,13.035312],[80.239405,13.035332],[80.239323,13.035362]]}},{"type":"Feature","properties":{"id":"R0061","name":"Maloney Road","highway":"secondary","osm_way":1268072855,"width_m":12.0,"length_m":25.6,"surface_area":306.7,"catchment_m2":1584.7,"inlet_capacity_lps":15.6,"nearest_drain":"MH-032","from_node":"J2001025764","to_node":"J2001025756"},"geometry":{"type":"LineString","coordinates":[[80.23952,13.035312],[80.239482,13.035357],[80.239421,13.03541],[80.239338,13.035452]]}},{"type":"Feature","properties":{"id":"R0062","name":"North Usman Road","highway":"secondary","osm_way":843860857,"width_m":12.0,"length_m":106.7,"surface_area":1280.7,"catchment_m2":6616.7,"inlet_capacity_lps":62.4,"nearest_drain":"MH-129","from_node":"J250364290","to_node":"J2197415682"},"geometry":{"type":"LineString","coordinates":[[80.232908,13.046593],[80.232791,13.046008],[80.232728,13.04565]]}},{"type":"Feature","properties":{"id":"R0063","name":"North Usman Road","highway":"secondary","osm_way":1189127458,"width_m":12.0,"length_m":26.0,"surface_area":311.9,"catchment_m2":1611.5,"inlet_capacity_lps":15.6,"nearest_drain":"MH-129","from_node":"J250364519","to_node":"J13942085600"},"geometry":{"type":"LineString","coordinates":[[80.232623,13.045432],[80.232659,13.045636],[80.232664,13.045662]]}},{"type":"Feature","properties":{"id":"R0064","name":"North Usman Road","highway":"secondary","osm_way":843860857,"width_m":12.0,"length_m":37.1,"surface_area":445.0,"catchment_m2":2299.0,"inlet_capacity_lps":15.6,"nearest_drain":"MH-117","from_node":"J2197203134","to_node":"J12678213142"},"geometry":{"type":"LineString","coordinates":[[80.232625,13.045056],[80.23262,13.045023],[80.232555,13.04473]]}},{"type":"Feature","properties":{"id":"R0065","name":"North Usman Road","highway":"secondary","osm_way":1189127458,"width_m":12.0,"length_m":77.4,"surface_area":928.2,"catchment_m2":4795.8,"inlet_capacity_lps":46.8,"nearest_drain":"MH-129","from_node":"J2197215648","to_node":"J250364519"},"geometry":{"type":"LineString","coordinates":[[80.232495,13.044748],[80.232623,13.045432]]}},{"type":"Feature","properties":{"id":"R0066","name":"North Usman Road","highway":"secondary","osm_way":843860857,"width_m":12.0,"length_m":66.9,"surface_area":803.1,"catchment_m2":4149.6,"inlet_capacity_lps":31.2,"nearest_drain":"MH-129","from_node":"J2197415682","to_node":"J2197203134"},"geometry":{"type":"LineString","coordinates":[[80.232728,13.04565],[80.232679,13.045407],[80.232625,13.045056]]}},{"type":"Feature","properties":{"id":"R0067","name":"North Usman Road","highway":"secondary","osm_way":27191864,"width_m":12.0,"length_m":65.9,"surface_area":790.4,"catchment_m2":4083.9,"inlet_capacity_lps":31.2,"nearest_drain":"MH-142","from_node":"J2197415684","to_node":"J2197415689"},"geometry":{"type":"LineString","coordinates":[[80.232728,13.046012],[80.232834,13.046595]]}},{"type":"Feature","properties":{"id":"R0068","name":"North Usman Road","highway":"secondary","osm_way":1368959640,"width_m":12.0,"length_m":24.9,"surface_area":299.1,"catchment_m2":1545.2,"inlet_capacity_lps":15.6,"nearest_drain":"MH-117","from_node":"J11951492660","to_node":"J2197215648"},"geometry":{"type":"LineString","coordinates":[[80.232493,13.044527],[80.232476,13.044581],[80.232495,13.044748]]}},{"type":"Feature","properties":{"id":"R0069","name":"North Usman Road","highway":"secondary","osm_way":1368959639,"width_m":12.0,"length_m":23.7,"surface_area":284.9,"catchment_m2":1472.2,"inlet_capacity_lps":15.6,"nearest_drain":"MH-117","from_node":"J12678213142","to_node":"J11951492660"},"geometry":{"type":"LineString","coordinates":[[80.232555,13.04473],[80.23252,13.04457],[80.232493,13.044527]]}},{"type":"Feature","properties":{"id":"R0070","name":"North Usman Road","highway":"secondary","osm_way":1189127458,"width_m":12.0,"length_m":39.5,"surface_area":473.6,"catchment_m2":2446.8,"inlet_capacity_lps":15.6,"nearest_drain":"MH-129","from_node":"J13942085600","to_node":"J2197415684"},"geometry":{"type":"LineString","coordinates":[[80.232664,13.045662],[80.232728,13.046012]]}},{"type":"Feature","properties":{"id":"R0071","name":"North Usman Road Flyover","highway":"secondary","osm_way":1288869986,"width_m":12.0,"length_m":499.1,"surface_area":5988.8,"catchment_m2":30942.1,"inlet_capacity_lps":265.2,"nearest_drain":"MH-105","from_node":"J11951492663","to_node":"J13284331484"},"geometry":{"type":"LineString","coordinates":[[80.232351,13.043133],[80.232327,13.042731],[80.232324,13.042527],[80.232335,13.042292],[80.232319,13.042106],[80.232244,13.041769],[80.232088,13.04111],[80.232002,13.040872],[80.231895,13.040647],[80.231831,13.040466],[80.231777,13.040257],[80.231721,13.04008],[80.231613,13.039685],[80.231355,13.038783]]}},{"type":"Feature","properties":{"id":"R0072","name":"North Usman Road Flyover","highway":"secondary","osm_way":1288869986,"width_m":12.0,"length_m":14.7,"surface_area":176.2,"catchment_m2":910.4,"inlet_capacity_lps":15.6,"nearest_drain":"MH-053","from_node":"J13284331484","to_node":"J11951550376"},"geometry":{"type":"LineString","coordinates":[[80.231355,13.038783],[80.231318,13.038656]]}},{"type":"Feature","properties":{"id":"R0073","name":"Panagal Park","highway":"secondary","osm_way":1148404427,"width_m":12.0,"length_m":44.0,"surface_area":528.3,"catchment_m2":2729.6,"inlet_capacity_lps":15.6,"nearest_drain":"MH-086","from_node":"J1701464405","to_node":"J2068622270"},"geometry":{"type":"LineString","coordinates":[[80.234031,13.041626],[80.233993,13.041474],[80.233975,13.041324],[80.234,13.041239]]}},{"type":"Feature","properties":{"id":"R0074","name":"Panagal Park","highway":"secondary","osm_way":1148404427,"width_m":12.0,"length_m":21.7,"surface_area":260.1,"catchment_m2":1343.9,"inlet_capacity_lps":15.6,"nearest_drain":"MH-086","from_node":"J2197203112","to_node":"J1701464405"},"geometry":{"type":"LineString","coordinates":[[80.234063,13.041819],[80.234031,13.041626]]}},{"type":"Feature","properties":{"id":"R0075","name":"Panagal Park","highway":"secondary","osm_way":1211074478,"width_m":12.0,"length_m":19.0,"surface_area":228.0,"catchment_m2":1178.2,"inlet_capacity_lps":15.6,"nearest_drain":"MH-075","from_node":"J2197215546","to_node":"J2197203003"},"geometry":{"type":"LineString","coordinates":[[80.233671,13.040571],[80.233801,13.040581],[80.233843,13.040566]]}},{"type":"Feature","properties":{"id":"R0076","name":"Panagal Park","highway":"secondary","osm_way":1455706391,"width_m":12.0,"length_m":26.4,"surface_area":317.3,"catchment_m2":1639.6,"inlet_capacity_lps":15.6,"nearest_drain":"MH-075","from_node":"J2197215546","to_node":"J12486035346"},"geometry":{"type":"LineString","coordinates":[[80.233671,13.040571],[80.23343,13.040608]]}},{"type":"Feature","properties":{"id":"R0077","name":"Panagal Park","highway":"secondary","osm_way":209535251,"width_m":12.0,"length_m":138.4,"surface_area":1660.7,"catchment_m2":8580.2,"inlet_capacity_lps":78.0,"nearest_drain":"MH-095","from_node":"J2197215572","to_node":"J2197415670"},"geometry":{"type":"LineString","coordinates":[[80.231975,13.041018],[80.232182,13.041823],[80.232255,13.042231]]}},{"type":"Feature","properties":{"id":"R0078","name":"Panagal Park","highway":"secondary","osm_way":1148404426,"width_m":12.0,"length_m":176.7,"surface_area":2120.2,"catchment_m2":10954.5,"inlet_capacity_lps":93.6,"nearest_drain":"MH-095","from_node":"J2197215611","to_node":"J2197203112"},"geometry":{"type":"LineString","coordinates":[[80.23249,13.0422],[80.232668,13.042165],[80.233934,13.041896],[80.23401,13.041864],[80.234063,13.041819]]}},{"type":"Feature","properties":{"id":"R0079","name":"Panagal Park","highway":"secondary","osm_way":209535251,"width_m":12.0,"length_m":15.6,"surface_area":187.7,"catchment_m2":969.6,"inlet_capacity_lps":15.6,"nearest_drain":"MH-095","from_node":"J2197415670","to_node":"J12852450817"},"geometry":{"type":"LineString","coordinates":[[80.232255,13.042231],[80.232292,13.042225],[80.232398,13.04221]]}},{"type":"Feature","properties":{"id":"R0080","name":"Panagal Park","highway":"secondary","osm_way":209535248,"width_m":12.0,"length_m":94.8,"surface_area":1137.1,"catchment_m2":5875.0,"inlet_capacity_lps":46.8,"nearest_drain":"MH-073","from_node":"J10617311560","to_node":"J2197215561"},"geometry":{"type":"LineString","coordinates":[[80.232573,13.040796],[80.232516,13.0408],[80.232471,13.040806],[80.232176,13.040883],[80.232138,13.040879],[80.23209,13.040863],[80.232067,13.040829],[80.231933,13.040529]]}},{"type":"Feature","properties":{"id":"R0081","name":"Panagal Park","highway":"secondary","osm_way":209535249,"width_m":12.0,"length_m":50.9,"surface_area":611.1,"catchment_m2":3157.5,"inlet_capacity_lps":31.2,"nearest_drain":"MH-085","from_node":"J10617311560","to_node":"J12852450821"},"geometry":{"type":"LineString","coordinates":[[80.232573,13.040796],[80.232541,13.040825],[80.232501,13.040844],[80.232146,13.040981]]}},{"type":"Feature","properties":{"id":"R0082","name":"Panagal Park","highway":"secondary","osm_way":209535248,"width_m":12.0,"length_m":95.1,"surface_area":1141.8,"catchment_m2":5899.1,"inlet_capacity_lps":46.8,"nearest_drain":"MH-075","from_node":"J12486035346","to_node":"J10617311560"},"geometry":{"type":"LineString","coordinates":[[80.23343,13.040608],[80.233369,13.040617],[80.232945,13.040716],[80.232573,13.040796]]}},{"type":"Feature","properties":{"id":"R0083","name":"Panagal Park","highway":"secondary","osm_way":209535251,"width_m":12.0,"length_m":10.1,"surface_area":120.6,"catchment_m2":623.2,"inlet_capacity_lps":15.6,"nearest_drain":"MH-095","from_node":"J12852450817","to_node":"J2197215611"},"geometry":{"type":"LineString","coordinates":[[80.232398,13.04221],[80.232433,13.042205],[80.23249,13.0422]]}},{"type":"Feature","properties":{"id":"R0084","name":"Panagal Park","highway":"secondary","osm_way":209535249,"width_m":12.0,"length_m":19.0,"surface_area":228.0,"catchment_m2":1177.8,"inlet_capacity_lps":15.6,"nearest_drain":"MH-084","from_node":"J12852450821","to_node":"J2197215572"},"geometry":{"type":"LineString","coordinates":[[80.232146,13.040981],[80.231975,13.041018]]}},{"type":"Feature","properties":{"id":"R0085","name":"Sir Thyagaraya Road","highway":"secondary","osm_way":209503012,"width_m":12.0,"length_m":236.5,"surface_area":2838.5,"catchment_m2":14665.4,"inlet_capacity_lps":124.8,"nearest_drain":"MH-087","from_node":"J2001005457","to_node":"J2001005470"},"geometry":{"type":"LineString","coordinates":[[80.236112,13.040958],[80.238275,13.040671]]}},{"type":"Feature","properties":{"id":"R0086","name":"Sir Thyagaraya Road","highway":"secondary","osm_way":209503012,"width_m":12.0,"length_m":148.5,"surface_area":1782.1,"catchment_m2":9207.7,"inlet_capacity_lps":78.0,"nearest_drain":"MH-077","from_node":"J2001005470","to_node":"J2001005521"},"geometry":{"type":"LineString","coordinates":[[80.238275,13.040671],[80.239078,13.040551],[80.239631,13.04047]]}},{"type":"Feature","properties":{"id":"R0087","name":"Sir Thyagaraya Road","highway":"secondary","osm_way":209503012,"width_m":12.0,"length_m":34.9,"surface_area":418.6,"catchment_m2":2162.8,"inlet_capacity_lps":15.6,"nearest_drain":"MH-078","from_node":"J2001005521","to_node":"J2197202980"},"geometry":{"type":"LineString","coordinates":[[80.239631,13.04047],[80.23995,13.040429]]}},{"type":"Feature","properties":{"id":"R0088","name":"Sir Thyagaraya Road","highway":"secondary","osm_way":760727527,"width_m":12.0,"length_m":25.6,"surface_area":307.3,"catchment_m2":1587.7,"inlet_capacity_lps":15.6,"nearest_drain":"MH-079","from_node":"J2001025757","to_node":"J2197202984"},"geometry":{"type":"LineString","coordinates":[[80.240288,13.040397],[80.240376,13.04044],[80.240514,13.040429]]}},{"type":"Feature","properties":{"id":"R0089","name":"Sir Thyagaraya Road","highway":"secondary","osm_way":1204647704,"width_m":12.0,"length_m":34.3,"surface_area":411.4,"catchment_m2":2125.3,"inlet_capacity_lps":15.6,"nearest_drain":"MH-079","from_node":"J2001025774","to_node":"J2241075468"},"geometry":{"type":"LineString","coordinates":[[80.240817,13.040313],[80.240502,13.040344]]}},{"type":"Feature","properties":{"id":"R0090","name":"Sir Thyagaraya Road","highway":"secondary","osm_way":209503012,"width_m":12.0,"length_m":231.4,"surface_area":2776.3,"catchment_m2":14344.3,"inlet_capacity_lps":124.8,"nearest_drain":"MH-087","from_node":"J2068622270","to_node":"J2001005457"},"geometry":{"type":"LineString","coordinates":[[80.234,13.041239],[80.234076,13.041203],[80.234189,13.041184],[80.236112,13.040958]]}},{"type":"Feature","properties":{"id":"R0091","name":"Sir Thyagaraya Road","highway":"secondary","osm_way":1342364771,"width_m":12.0,"length_m":36.8,"surface_area":441.8,"catchment_m2":2282.5,"inlet_capacity_lps":15.6,"nearest_drain":"MH-079","from_node":"J2197202980","to_node":"J2001025757"},"geometry":{"type":"LineString","coordinates":[[80.23995,13.040429],[80.240288,13.040397]]}},{"type":"Feature","properties":{"id":"R0092","name":"Sir Thyagaraya Road","highway":"secondary","osm_way":1204647704,"width_m":12.0,"length_m":24.3,"surface_area":291.8,"catchment_m2":1507.4,"inlet_capacity_lps":15.6,"nearest_drain":"MH-079","from_node":"J2241075468","to_node":"J2001025757"},"geometry":{"type":"LineString","coordinates":[[80.240502,13.040344],[80.24038,13.040354],[80.240288,13.040397]]}},{"type":"Feature","properties":{"id":"R0093","name":"South Usman Road","highway":"secondary","osm_way":1021024230,"width_m":12.0,"length_m":19.0,"surface_area":228.3,"catchment_m2":1179.3,"inlet_capacity_lps":15.6,"nearest_drain":"MH-015","from_node":"J247074857","to_node":"J10596342792"},"geometry":{"type":"LineString","coordinates":[[80.230411,13.035026],[80.230364,13.034861]]}},{"type":"Feature","properties":{"id":"R0094","name":"South Usman Road","highway":"secondary","osm_way":1020558876,"width_m":12.0,"length_m":65.6,"surface_area":787.4,"catchment_m2":4068.3,"inlet_capacity_lps":31.2,"nearest_drain":"MH-004","from_node":"J2237592513","to_node":"J2237592518"},"geometry":{"type":"LineString","coordinates":[[80.230445,13.033585],[80.230382,13.034171]]}},{"type":"Feature","properties":{"id":"R0095","name":"South Usman Road","highway":"secondary","osm_way":843860858,"width_m":12.0,"length_m":63.0,"surface_area":755.8,"catchment_m2":3904.9,"inlet_capacity_lps":31.2,"nearest_drain":"MH-004","from_node":"J2237592515","to_node":"J2237592510"},"geometry":{"type":"LineString","coordinates":[[80.230529,13.033581],[80.23056,13.033016]]}},{"type":"Feature","properties":{"id":"R0096","name":"South Usman Road","highway":"secondary","osm_way":1530014501,"width_m":12.0,"length_m":5.5,"surface_area":66.5,"catchment_m2":343.7,"inlet_capacity_lps":15.6,"nearest_drain":"MH-015","from_node":"J2237592529","to_node":"J13944842897"},"geometry":{"type":"LineString","coordinates":[[80.230455,13.034263],[80.230464,13.034214]]}},{"type":"Feature","properties":{"id":"R0097","name":"South Usman Road","highway":"secondary","osm_way":1082485665,"width_m":12.0,"length_m":68.0,"surface_area":815.9,"catchment_m2":4215.6,"inlet_capacity_lps":31.2,"nearest_drain":"MH-015","from_node":"J6497450229","to_node":"J10596342789"},"geometry":{"type":"LineString","coordinates":[[80.230369,13.034259],[80.230333,13.034442],[80.230224,13.034854]]}},{"type":"Feature","properties":{"id":"R0098","name":"South Usman Road","highway":"secondary","osm_way":843860858,"width_m":12.0,"length_m":66.1,"surface_area":792.6,"catchment_m2":4095.2,"inlet_capacity_lps":31.2,"nearest_drain":"MH-004","from_node":"J9920647757","to_node":"J2237592515"},"geometry":{"type":"LineString","coordinates":[[80.230467,13.034172],[80.230529,13.033581]]}},{"type":"Feature","properties":{"id":"R0099","name":"South Usman Road","highway":"secondary","osm_way":1342417607,"width_m":12.0,"length_m":16.7,"surface_area":200.4,"catchment_m2":1035.2,"inlet_capacity_lps":15.6,"nearest_drain":"MH-026","from_node":"J10596342783","to_node":"J247074857"},"geometry":{"type":"LineString","coordinates":[[80.230371,13.03517],[80.230406,13.035083],[80.230411,13.035026]]}},{"type":"Feature","properties":{"id":"R0100","name":"South Usman Road","highway":"secondary","osm_way":1082485665,"width_m":12.0,"length_m":18.8,"surface_area":225.1,"catchment_m2":1163.2,"inlet_capacity_lps":15.6,"nearest_drain":"MH-026","from_node":"J10596342789","to_node":"J14070407315"},"geometry":{"type":"LineString","coordinates":[[80.230224,13.034854],[80.230179,13.034925],[80.23017,13.034962],[80.23017,13.035009]]}},{"type":"Feature","properties":{"id":"R0101","name":"South Usman Road","highway":"secondary","osm_way":1021024230,"width_m":12.0,"length_m":67.3,"surface_area":807.5,"catchment_m2":4171.9,"inlet_capacity_lps":31.2,"nearest_drain":"MH-015","from_node":"J10596342792","to_node":"J2237592529"},"geometry":{"type":"LineString","coordinates":[[80.230364,13.034861],[80.230455,13.034263]]}},{"type":"Feature","properties":{"id":"R0102","name":"South Usman Road","highway":"secondary","osm_way":209514721,"width_m":12.0,"length_m":221.7,"surface_area":2660.8,"catchment_m2":13747.3,"inlet_capacity_lps":109.2,"nearest_drain":"MH-015","from_node":"J11951550406","to_node":"J11951550378"},"geometry":{"type":"LineString","coordinates":[[80.230314,13.034744],[80.23029,13.034925],[80.230298,13.035077],[80.23034,13.035311],[80.230515,13.035984],[80.230712,13.036686]]}},{"type":"Feature","properties":{"id":"R0103","name":"South Usman Road","highway":"secondary","osm_way":1530014500,"width_m":12.0,"length_m":6.0,"surface_area":71.7,"catchment_m2":370.4,"inlet_capacity_lps":15.6,"nearest_drain":"MH-015","from_node":"J13944842896","to_node":"J6497450229"},"geometry":{"type":"LineString","coordinates":[[80.230379,13.034206],[80.230369,13.034259]]}},{"type":"Feature","properties":{"id":"R0104","name":"South Usman Road","highway":"secondary","osm_way":1287595645,"width_m":12.0,"length_m":6.4,"surface_area":76.6,"catchment_m2":395.7,"inlet_capacity_lps":15.6,"nearest_drain":"MH-026","from_node":"J14070407311","to_node":"J14070407314"},"geometry":{"type":"LineString","coordinates":[[80.230173,13.035037],[80.230178,13.035094]]}},{"type":"Feature","properties":{"id":"R0105","name":"South Usman Road","highway":"secondary","osm_way":1287595645,"width_m":12.0,"length_m":14.3,"surface_area":171.4,"catchment_m2":885.8,"inlet_capacity_lps":15.6,"nearest_drain":"MH-026","from_node":"J14070407314","to_node":"J2197215502"},"geometry":{"type":"LineString","coordinates":[[80.230178,13.035094],[80.230185,13.035112],[80.23022,13.035144],[80.230248,13.035173],[80.230266,13.035188]]}},{"type":"Feature","properties":{"id":"R0106","name":"Thanikachalam Road","highway":"secondary","osm_way":189500784,"width_m":12.0,"length_m":85.2,"surface_area":1022.5,"catchment_m2":5282.8,"inlet_capacity_lps":46.8,"nearest_drain":"MH-051","from_node":"J250319149","to_node":"J250319155"},"geometry":{"type":"LineString","coordinates":[[80.239601,13.037605],[80.239549,13.037185],[80.239507,13.036845]]}},{"type":"Feature","properties":{"id":"R0107","name":"Thanikachalam Road","highway":"secondary","osm_way":189500784,"width_m":12.0,"length_m":89.6,"surface_area":1075.0,"catchment_m2":5554.1,"inlet_capacity_lps":46.8,"nearest_drain":"MH-042","from_node":"J250319155","to_node":"J250319160"},"geometry":{"type":"LineString","coordinates":[[80.239507,13.036845],[80.239452,13.036338],[80.239396,13.036047]]}},{"type":"Feature","properties":{"id":"R0108","name":"Thanikachalam Road","highway":"secondary","osm_way":189500784,"width_m":12.0,"length_m":66.4,"surface_area":796.7,"catchment_m2":4116.3,"inlet_capacity_lps":31.2,"nearest_drain":"MH-042","from_node":"J250319160","to_node":"J2001025756"},"geometry":{"type":"LineString","coordinates":[[80.239396,13.036047],[80.239338,13.035452]]}},{"type":"Feature","properties":{"id":"R0109","name":"Thanikachalam Road","highway":"secondary","osm_way":189500784,"width_m":12.0,"length_m":43.7,"surface_area":524.7,"catchment_m2":2710.9,"inlet_capacity_lps":15.6,"nearest_drain":"MH-058","from_node":"J250319261","to_node":"J2068622263"},"geometry":{"type":"LineString","coordinates":[[80.239746,13.038729],[80.239689,13.03834]]}},{"type":"Feature","properties":{"id":"R0110","name":"Thanikachalam Road","highway":"secondary","osm_way":189500784,"width_m":12.0,"length_m":61.1,"surface_area":733.4,"catchment_m2":3789.1,"inlet_capacity_lps":31.2,"nearest_drain":"MH-058","from_node":"J250319281","to_node":"J250319149"},"geometry":{"type":"LineString","coordinates":[[80.239674,13.03815],[80.239601,13.037605]]}},{"type":"Feature","properties":{"id":"R0111","name":"Thanikachalam Road","highway":"secondary","osm_way":1234220606,"width_m":12.0,"length_m":87.2,"surface_area":1046.4,"catchment_m2":5406.5,"inlet_capacity_lps":46.8,"nearest_drain":"MH-067","from_node":"J250319283","to_node":"J2001077836"},"geometry":{"type":"LineString","coordinates":[[80.239876,13.039872],[80.239778,13.039094]]}},{"type":"Feature","properties":{"id":"R0112","name":"Thanikachalam Road","highway":"secondary","osm_way":189500784,"width_m":12.0,"length_m":40.7,"surface_area":488.6,"catchment_m2":2524.3,"inlet_capacity_lps":15.6,"nearest_drain":"MH-058","from_node":"J2001077836","to_node":"J250319261"},"geometry":{"type":"LineString","coordinates":[[80.239778,13.039094],[80.239746,13.038729]]}},{"type":"Feature","properties":{"id":"R0113","name":"Thanikachalam Road","highway":"secondary","osm_way":189500784,"width_m":12.0,"length_m":21.1,"surface_area":253.2,"catchment_m2":1308.3,"inlet_capacity_lps":15.6,"nearest_drain":"MH-058","from_node":"J2068622263","to_node":"J250319281"},"geometry":{"type":"LineString","coordinates":[[80.239689,13.03834],[80.239674,13.03815]]}},{"type":"Feature","properties":{"id":"R0114","name":"Thanikachalam Road","highway":"secondary","osm_way":1152310897,"width_m":12.0,"length_m":13.0,"surface_area":155.8,"catchment_m2":804.9,"inlet_capacity_lps":15.6,"nearest_drain":"MH-019","from_node":"J2197202945","to_node":"J248697312"},"geometry":{"type":"LineString","coordinates":[[80.237692,13.034449],[80.237593,13.034384]]}},{"type":"Feature","properties":{"id":"R0115","name":"Thanikachalam Road","highway":"secondary","osm_way":1234220606,"width_m":12.0,"length_m":62.4,"surface_area":748.8,"catchment_m2":3868.8,"inlet_capacity_lps":31.2,"nearest_drain":"MH-078","from_node":"J2197202980","to_node":"J250319283"},"geometry":{"type":"LineString","coordinates":[[80.23995,13.040429],[80.239942,13.040367],[80.239876,13.039872]]}},{"type":"Feature","properties":{"id":"R0116","name":"Thanikachalam Road","highway":"secondary","osm_way":1242783657,"width_m":12.0,"length_m":205.4,"surface_area":2465.1,"catchment_m2":12736.2,"inlet_capacity_lps":109.2,"nearest_drain":"MH-019","from_node":"J11032112814","to_node":"J2197202945"},"geometry":{"type":"LineString","coordinates":[[80.239323,13.035362],[80.239278,13.035365],[80.23922,13.035359],[80.239146,13.035335],[80.238611,13.035031],[80.238186,13.034769],[80.237771,13.034499],[80.237692,13.034449]]}},{"type":"Feature","properties":{"id":"R0117","name":"Thirumalai Pillai Road","highway":"secondary","osm_way":1316582527,"width_m":12.0,"length_m":20.9,"surface_area":250.4,"catchment_m2":1293.8,"inlet_capacity_lps":15.6,"nearest_drain":"MH-135","from_node":"J308209327","to_node":"J1702257683"},"geometry":{"type":"LineString","coordinates":[[80.240168,13.045163],[80.240069,13.045324]]}},{"type":"Feature","properties":{"id":"R0118","name":"Thirumalai Pillai Road","highway":"secondary","osm_way":30303188,"width_m":12.0,"length_m":128.4,"surface_area":1540.7,"catchment_m2":7960.5,"inlet_capacity_lps":62.4,"nearest_drain":"MH-135","from_node":"J1702257683","to_node":"J1702258067"},"geometry":{"type":"LineString","coordinates":[[80.240069,13.045324],[80.239822,13.045644],[80.239678,13.045866],[80.239593,13.045998],[80.239556,13.046055],[80.239529,13.046095],[80.239498,13.046131],[80.239464,13.046169],[80.239439,13.046202],[80.239431,13.046228],[80.239424,13.046253],[80.239431,13.046281]]}},{"type":"Feature","properties":{"id":"R0119","name":"Thirumalai Pillai Road","highway":"secondary","osm_way":30303188,"width_m":12.0,"length_m":60.4,"surface_area":724.6,"catchment_m2":3743.9,"inlet_capacity_lps":31.2,"nearest_drain":"MH-148","from_node":"J1702258067","to_node":"J250364815"},"geometry":{"type":"LineString","coordinates":[[80.239431,13.046281],[80.239442,13.046295],[80.239488,13.04631],[80.239539,13.046335],[80.239573,13.046399],[80.239579,13.046441],[80.23964,13.046743]]}},{"type":"Feature","properties":{"id":"R0120","name":"Thirumalai Road","highway":"secondary","osm_way":1310290993,"width_m":12.0,"length_m":23.2,"surface_area":278.8,"catchment_m2":1440.4,"inlet_capacity_lps":15.6,"nearest_drain":"MH-136","from_node":"J1702257658","to_node":"J308209330"},"geometry":{"type":"LineString","coordinates":[[80.240226,13.045195],[80.240334,13.045015]]}},{"type":"Feature","properties":{"id":"R0121","name":"Thirumalai Road","highway":"secondary","osm_way":1310290993,"width_m":12.0,"length_m":17.6,"surface_area":211.2,"catchment_m2":1091.1,"inlet_capacity_lps":15.6,"nearest_drain":"MH-136","from_node":"J1702257690","to_node":"J1702257658"},"geometry":{"type":"LineString","coordinates":[[80.240143,13.045331],[80.240226,13.045195]]}},{"type":"Feature","properties":{"id":"R0122","name":"Thirumalai Road","highway":"secondary","osm_way":843860854,"width_m":12.0,"length_m":85.8,"surface_area":1029.6,"catchment_m2":5319.6,"inlet_capacity_lps":46.8,"nearest_drain":"MH-135","from_node":"J1702257979","to_node":"J1702257690"},"geometry":{"type":"LineString","coordinates":[[80.239682,13.045959],[80.240143,13.045331]]}},{"type":"Feature","properties":{"id":"R0123","name":"Thirumalai Road","highway":"secondary","osm_way":843860854,"width_m":12.0,"length_m":20.1,"surface_area":240.6,"catchment_m2":1243.1,"inlet_capacity_lps":15.6,"nearest_drain":"MH-148","from_node":"J1702258054","to_node":"J7871838812"},"geometry":{"type":"LineString","coordinates":[[80.239585,13.046344],[80.239581,13.046248],[80.239597,13.046166]]}},{"type":"Feature","properties":{"id":"R0124","name":"Thirumalai Road","highway":"secondary","osm_way":1318323118,"width_m":12.0,"length_m":44.2,"surface_area":530.3,"catchment_m2":2740.1,"inlet_capacity_lps":15.6,"nearest_drain":"MH-148","from_node":"J1702258139","to_node":"J1702258054"},"geometry":{"type":"LineString","coordinates":[[80.239674,13.046732],[80.239585,13.046344]]}},{"type":"Feature","properties":{"id":"R0125","name":"Thirumalai Road","highway":"secondary","osm_way":843860854,"width_m":12.0,"length_m":25.0,"surface_area":299.8,"catchment_m2":1548.8,"inlet_capacity_lps":15.6,"nearest_drain":"MH-148","from_node":"J7871838812","to_node":"J1702257979"},"geometry":{"type":"LineString","coordinates":[[80.239597,13.046166],[80.239609,13.0461],[80.239682,13.045959]]}},{"type":"Feature","properties":{"id":"R0126","name":"Usman road flyover","highway":"secondary","osm_way":1288869985,"width_m":12.0,"length_m":156.2,"surface_area":1874.1,"catchment_m2":9682.9,"inlet_capacity_lps":78.0,"nearest_drain":"MH-105","from_node":"J11951492660","to_node":"J11951492663"},"geometry":{"type":"LineString","coordinates":[[80.232493,13.044527],[80.23241,13.04412],[80.232364,13.043756],[80.232351,13.043133]]}},{"type":"Feature","properties":{"id":"R0127","name":"Venkatanarayana Road","highway":"secondary","osm_way":184720018,"width_m":8.0,"length_m":5.9,"surface_area":47.5,"catchment_m2":344.2,"inlet_capacity_lps":7.8,"nearest_drain":"MH-019","from_node":"J248697312","to_node":"J11549371804"},"geometry":{"type":"LineString","coordinates":[[80.237593,13.034384],[80.237561,13.034427]]}},{"type":"Feature","properties":{"id":"R0128","name":"Venkatanarayana Road","highway":"secondary","osm_way":1449645293,"width_m":12.0,"length_m":119.3,"surface_area":1431.1,"catchment_m2":7393.8,"inlet_capacity_lps":62.4,"nearest_drain":"MH-048","from_node":"J248700636","to_node":"J308448447"},"geometry":{"type":"LineString","coordinates":[[80.236149,13.036821],[80.23586,13.037268],[80.235562,13.037729]]}},{"type":"Feature","properties":{"id":"R0129","name":"Venkatanarayana Road","highway":"secondary","osm_way":1531339919,"width_m":12.0,"length_m":32.6,"surface_area":391.0,"catchment_m2":2019.9,"inlet_capacity_lps":15.6,"nearest_drain":"MH-011","from_node":"J248700642","to_node":"J12415866922"},"geometry":{"type":"LineString","coordinates":[[80.238329,13.033205],[80.238172,13.033455]]}},{"type":"Feature","properties":{"id":"R0130","name":"Venkatanarayana Road","highway":"secondary","osm_way":1331389406,"width_m":12.0,"length_m":152.6,"surface_area":1830.8,"catchment_m2":9459.2,"inlet_capacity_lps":78.0,"nearest_drain":"MH-040","from_node":"J250319178","to_node":"J248700636"},"geometry":{"type":"LineString","coordinates":[[80.2369,13.035661],[80.236611,13.036108],[80.236149,13.036821]]}},{"type":"Feature","properties":{"id":"R0131","name":"Venkatanarayana Road","highway":"secondary","osm_way":184720018,"width_m":8.0,"length_m":162.7,"surface_area":1301.6,"catchment_m2":9436.3,"inlet_capacity_lps":39.0,"nearest_drain":"MH-055","from_node":"J308448465","to_node":"J12486035349"},"geometry":{"type":"LineString","coordinates":[[80.235473,13.037684],[80.234837,13.038686],[80.234685,13.038929]]}},{"type":"Feature","properties":{"id":"R0132","name":"Venkatanarayana Road","highway":"secondary","osm_way":209513219,"width_m":12.0,"length_m":184.4,"surface_area":2212.9,"catchment_m2":11433.4,"inlet_capacity_lps":93.6,"nearest_drain":"MH-048","from_node":"J2001005468","to_node":"J308448447"},"geometry":{"type":"LineString","coordinates":[[80.234667,13.039139],[80.235276,13.038181],[80.235562,13.037729]]}},{"type":"Feature","properties":{"id":"R0133","name":"Venkatanarayana Road","highway":"secondary","osm_way":1146682776,"width_m":12.0,"length_m":125.9,"surface_area":1510.9,"catchment_m2":7806.3,"inlet_capacity_lps":62.4,"nearest_drain":"MH-075","from_node":"J2001005478","to_node":"J2001005468"},"geometry":{"type":"LineString","coordinates":[[80.234078,13.040116],[80.234667,13.039139]]}},{"type":"Feature","properties":{"id":"R0134","name":"Venkatanarayana Road","highway":"secondary","osm_way":1152310896,"width_m":12.0,"length_m":36.6,"surface_area":439.8,"catchment_m2":2272.1,"inlet_capacity_lps":15.6,"nearest_drain":"MH-011","from_node":"J2197202941","to_node":"J11190524912"},"geometry":{"type":"LineString","coordinates":[[80.238269,13.033519],[80.238452,13.033242]]}},{"type":"Feature","properties":{"id":"R0135","name":"Venkatanarayana Road","highway":"secondary","osm_way":1236469261,"width_m":12.0,"length_m":57.9,"surface_area":694.7,"catchment_m2":3589.5,"inlet_capacity_lps":31.2,"nearest_drain":"MH-019","from_node":"J2197202945","to_node":"J11190507709"},"geometry":{"type":"LineString","coordinates":[[80.237692,13.034449],[80.237783,13.034306],[80.237966,13.034002]]}},{"type":"Feature","properties":{"id":"R0136","name":"Venkatanarayana Road","highway":"secondary","osm_way":184720018,"width_m":8.0,"length_m":122.1,"surface_area":976.7,"catchment_m2":7081.3,"inlet_capacity_lps":31.2,"nearest_drain":"MH-040","from_node":"J2197202947","to_node":"J2197202949"},"geometry":{"type":"LineString","coordinates":[[80.236957,13.035338],[80.236369,13.036275]]}},{"type":"Feature","properties":{"id":"R0137","name":"Venkatanarayana Road","highway":"secondary","osm_way":184720018,"width_m":8.0,"length_m":62.9,"surface_area":503.1,"catchment_m2":3647.7,"inlet_capacity_lps":15.6,"nearest_drain":"MH-039","from_node":"J2197202949","to_node":"J2197202951"},"geometry":{"type":"LineString","coordinates":[[80.236369,13.036275],[80.236071,13.03676]]}},{"type":"Feature","properties":{"id":"R0138","name":"Venkatanarayana Road","highway":"secondary","osm_way":184720018,"width_m":8.0,"length_m":121.4,"surface_area":971.3,"catchment_m2":7041.6,"inlet_capacity_lps":31.2,"nearest_drain":"MH-039","from_node":"J2197202951","to_node":"J308448465"},"geometry":{"type":"LineString","coordinates":[[80.236071,13.03676],[80.235473,13.037684]]}},{"type":"Feature","properties":{"id":"R0139","name":"Venkatanarayana Road","highway":"secondary","osm_way":184720018,"width_m":8.0,"length_m":11.4,"surface_area":91.3,"catchment_m2":661.7,"inlet_capacity_lps":7.8,"nearest_drain":"MH-063","from_node":"J2197202960","to_node":"J2197202962"},"geometry":{"type":"LineString","coordinates":[[80.234592,13.0391],[80.234529,13.039182]]}},{"type":"Feature","properties":{"id":"R0140","name":"Venkatanarayana Road","highway":"secondary","osm_way":1155731194,"width_m":12.0,"length_m":180.4,"surface_area":2165.3,"catchment_m2":11187.5,"inlet_capacity_lps":93.6,"nearest_drain":"MH-075","from_node":"J2197202962","to_node":"J2197215546"},"geometry":{"type":"LineString","coordinates":[[80.234529,13.039182],[80.233785,13.040428],[80.233711,13.040519],[80.233671,13.040571]]}},{"type":"Feature","properties":{"id":"R0141","name":"Venkatanarayana Road","highway":"secondary","osm_way":1146682775,"width_m":12.0,"length_m":56.3,"surface_area":675.1,"catchment_m2":3488.0,"inlet_capacity_lps":31.2,"nearest_drain":"MH-075","from_node":"J2197203003","to_node":"J2001005478"},"geometry":{"type":"LineString","coordinates":[[80.233843,13.040566],[80.233883,13.040459],[80.234078,13.040116]]}},{"type":"Feature","properties":{"id":"R0142","name":"Venkatanarayana Road","highway":"secondary","osm_way":1236469261,"width_m":12.0,"length_m":37.3,"surface_area":447.7,"catchment_m2":2313.2,"inlet_capacity_lps":15.6,"nearest_drain":"MH-019","from_node":"J11190507709","to_node":"J11836494226"},"geometry":{"type":"LineString","coordinates":[[80.237966,13.034002],[80.238037,13.03389],[80.238146,13.033716]]}},{"type":"Feature","properties":{"id":"R0143","name":"Venkatanarayana Road","highway":"secondary","osm_way":1152310896,"width_m":12.0,"length_m":21.1,"surface_area":253.8,"catchment_m2":1311.3,"inlet_capacity_lps":15.6,"nearest_drain":"MH-011","from_node":"J11190524912","to_node":"J11190524922"},"geometry":{"type":"LineString","coordinates":[[80.238452,13.033242],[80.238529,13.033121],[80.238558,13.033082]]}},{"type":"Feature","properties":{"id":"R0144","name":"Venkatanarayana Road","highway":"secondary","osm_way":184720018,"width_m":8.0,"length_m":120.6,"surface_area":964.8,"catchment_m2":6994.7,"inlet_capacity_lps":31.2,"nearest_drain":"MH-019","from_node":"J11549371804","to_node":"J2197202947"},"geometry":{"type":"LineString","coordinates":[[80.237561,13.034427],[80.237194,13.034989],[80.236957,13.035338]]}},{"type":"Feature","properties":{"id":"R0145","name":"Venkatanarayana Road","highway":"secondary","osm_way":1285126923,"width_m":12.0,"length_m":5.8,"surface_area":69.6,"catchment_m2":359.8,"inlet_capacity_lps":15.6,"nearest_drain":"MH-019","from_node":"J11549371805","to_node":"J2197202945"},"geometry":{"type":"LineString","coordinates":[[80.237664,13.034493],[80.237692,13.034449]]}},{"type":"Feature","properties":{"id":"R0146","name":"Venkatanarayana Road","highway":"secondary","osm_way":1331389405,"width_m":12.0,"length_m":93.8,"surface_area":1125.8,"catchment_m2":5816.8,"inlet_capacity_lps":46.8,"nearest_drain":"MH-019","from_node":"J11549371805","to_node":"J11636197518"},"geometry":{"type":"LineString","coordinates":[[80.237664,13.034493],[80.23749,13.034765],[80.237342,13.034996],[80.237201,13.035207]]}},{"type":"Feature","properties":{"id":"R0147","name":"Venkatanarayana Road","highway":"secondary","osm_way":1331389405,"width_m":12.0,"length_m":5.1,"surface_area":61.8,"catchment_m2":319.2,"inlet_capacity_lps":15.6,"nearest_drain":"MH-030","from_node":"J11636197518","to_node":"J11836408275"},"geometry":{"type":"LineString","coordinates":[[80.237201,13.035207],[80.237177,13.035247]]}},{"type":"Feature","properties":{"id":"R0148","name":"Venkatanarayana Road","highway":"secondary","osm_way":1339450973,"width_m":12.0,"length_m":30.6,"surface_area":367.4,"catchment_m2":1898.1,"inlet_capacity_lps":15.6,"nearest_drain":"MH-029","from_node":"J11836377268","to_node":"J250319178"},"geometry":{"type":"LineString","coordinates":[[80.237056,13.035431],[80.236972,13.035559],[80.2369,13.035661]]}},{"type":"Feature","properties":{"id":"R0149","name":"Venkatanarayana Road","highway":"secondary","osm_way":1331389405,"width_m":12.0,"length_m":21.2,"surface_area":254.9,"catchment_m2":1316.9,"inlet_capacity_lps":15.6,"nearest_drain":"MH-029","from_node":"J11836408275","to_node":"J10564932049"},"geometry":{"type":"LineString","coordinates":[[80.237177,13.035247],[80.237073,13.035409]]}},{"type":"Feature","properties":{"id":"R0150","name":"Venkatanarayana Road","highway":"secondary","osm_way":1531339921,"width_m":12.0,"length_m":25.6,"surface_area":307.4,"catchment_m2":1588.5,"inlet_capacity_lps":15.6,"nearest_drain":"MH-010","from_node":"J11836494226","to_node":"J2197202941"},"geometry":{"type":"LineString","coordinates":[[80.238146,13.033716],[80.238269,13.033519]]}},{"type":"Feature","properties":{"id":"R0151","name":"Venkatanarayana Road","highway":"secondary","osm_way":1211074479,"width_m":12.0,"length_m":120.8,"surface_area":1449.4,"catchment_m2":7488.7,"inlet_capacity_lps":62.4,"nearest_drain":"MH-019","from_node":"J12415866922","to_node":"J248697312"},"geometry":{"type":"LineString","coordinates":[[80.238172,13.033455],[80.237947,13.033812],[80.237593,13.034384]]}},{"type":"Feature","properties":{"id":"R0152","name":"Venkatanarayana Road","highway":"secondary","osm_way":184720018,"width_m":8.0,"length_m":21.6,"surface_area":172.7,"catchment_m2":1252.0,"inlet_capacity_lps":7.8,"nearest_drain":"MH-055","from_node":"J12486035349","to_node":"J2197202960"},"geometry":{"type":"LineString","coordinates":[[80.234685,13.038929],[80.234656,13.039002],[80.234619,13.039061],[80.234592,13.0391]]}},{"type":"Feature","properties":{"id":"R0153","name":"burkit road","highway":"secondary","osm_way":1268072853,"width_m":12.0,"length_m":33.6,"surface_area":402.9,"catchment_m2":2081.5,"inlet_capacity_lps":15.6,"nearest_drain":"MH-019","from_node":"J248697312","to_node":"J11777642688"},"geometry":{"type":"LineString","coordinates":[[80.237593,13.034384],[80.237316,13.034249]]}},{"type":"Feature","properties":{"id":"R0154","name":"thanikachalam road","highway":"secondary","osm_way":1268072857,"width_m":12.0,"length_m":10.2,"surface_area":122.0,"catchment_m2":630.4,"inlet_capacity_lps":15.6,"nearest_drain":"MH-032","from_node":"J2001025756","to_node":"J11032112814"},"geometry":{"type":"LineString","coordinates":[[80.239338,13.035452],[80.239323,13.035362]]}},{"type":"Feature","properties":{"id":"R0155","name":null,"highway":"secondary","osm_way":1242783656,"width_m":12.0,"length_m":9.0,"surface_area":107.5,"catchment_m2":555.4,"inlet_capacity_lps":15.6,"nearest_drain":"MH-031","from_node":"J250319205","to_node":"J11836481066"},"geometry":{"type":"LineString","coordinates":[[80.23858,13.035079],[80.238511,13.035035]]}},{"type":"Feature","properties":{"id":"R0156","name":null,"highway":"secondary","osm_way":843860855,"width_m":12.0,"length_m":20.0,"surface_area":239.9,"catchment_m2":1239.4,"inlet_capacity_lps":15.6,"nearest_drain":"MH-148","from_node":"J1702258054","to_node":"J1702258067"},"geometry":{"type":"LineString","coordinates":[[80.239585,13.046344],[80.239554,13.046294],[80.239512,13.046282],[80.239431,13.046281]]}},{"type":"Feature","properties":{"id":"R0157","name":null,"highway":"secondary","osm_way":843860856,"width_m":12.0,"length_m":22.3,"surface_area":267.4,"catchment_m2":1381.5,"inlet_capacity_lps":15.6,"nearest_drain":"MH-148","from_node":"J1702258067","to_node":"J7871838812"},"geometry":{"type":"LineString","coordinates":[[80.239431,13.046281],[80.239519,13.046236],[80.239546,13.046216],[80.239568,13.046194],[80.239597,13.046166]]}},{"type":"Feature","properties":{"id":"R0158","name":null,"highway":"secondary","osm_way":1268072856,"width_m":12.0,"length_m":16.1,"surface_area":193.7,"catchment_m2":1001.0,"inlet_capacity_lps":15.6,"nearest_drain":"MH-032","from_node":"J2001025756","to_node":"J11549371807"},"geometry":{"type":"LineString","coordinates":[[80.239338,13.035452],[80.23919,13.03543]]}},{"type":"Feature","properties":{"id":"R0159","name":null,"highway":"secondary","osm_way":1136717250,"width_m":12.0,"length_m":12.1,"surface_area":145.5,"catchment_m2":751.6,"inlet_capacity_lps":15.6,"nearest_drain":"MH-026","from_node":"J2197215502","to_node":"J10596342783"},"geometry":{"type":"LineString","coordinates":[[80.230266,13.035188],[80.230296,13.035194],[80.23032,13.035194],[80.230371,13.03517]]}},{"type":"Feature","properties":{"id":"R0160","name":null,"highway":"secondary","osm_way":1267312823,"width_m":12.0,"length_m":15.3,"surface_area":183.0,"catchment_m2":945.7,"inlet_capacity_lps":15.6,"nearest_drain":"MH-015","from_node":"J10596342792","to_node":"J10596342789"},"geometry":{"type":"LineString","coordinates":[[80.230364,13.034861],[80.230224,13.034854]]}},{"type":"Feature","properties":{"id":"R0161","name":null,"highway":"secondary","osm_way":760471615,"width_m":12.0,"length_m":35.1,"surface_area":421.0,"catchment_m2":2174.9,"inlet_capacity_lps":15.6,"nearest_drain":"MH-084","from_node":"J10697629276","to_node":"J2197215572"},"geometry":{"type":"LineString","coordinates":[[80.231859,13.040725],[80.23193,13.040862],[80.231975,13.041018]]}},{"type":"Feature","properties":{"id":"R0162","name":null,"highway":"secondary","osm_way":1285126924,"width_m":12.0,"length_m":13.4,"surface_area":160.2,"catchment_m2":827.9,"inlet_capacity_lps":15.6,"nearest_drain":"MH-019","from_node":"J11549371804","to_node":"J11549371805"},"geometry":{"type":"LineString","coordinates":[[80.237561,13.034427],[80.237664,13.034493]]}},{"type":"Feature","properties":{"id":"R0163","name":null,"highway":"secondary","osm_way":1285126922,"width_m":12.0,"length_m":77.0,"surface_area":923.4,"catchment_m2":4771.1,"inlet_capacity_lps":46.8,"nearest_drain":"MH-031","from_node":"J11549371807","to_node":"J250319205"},"geometry":{"type":"LineString","coordinates":[[80.23919,13.03543],[80.238964,13.03532],[80.23858,13.035079]]}},{"type":"Feature","properties":{"id":"R0164","name":null,"highway":"secondary","osm_way":1322510476,"width_m":12.0,"length_m":19.0,"surface_area":227.6,"catchment_m2":1176.1,"inlet_capacity_lps":15.6,"nearest_drain":"MH-019","from_node":"J11777642688","to_node":"J247675521"},"geometry":{"type":"LineString","coordinates":[[80.237316,13.034249],[80.237206,13.034198],[80.237153,13.034194]]}},{"type":"Feature","properties":{"id":"R0165","name":null,"highway":"secondary","osm_way":1242783656,"width_m":12.0,"length_m":109.7,"surface_area":1316.6,"catchment_m2":6802.7,"inlet_capacity_lps":62.4,"nearest_drain":"MH-019","from_node":"J11836481066","to_node":"J11549371805"},"geometry":{"type":"LineString","coordinates":[[80.238511,13.035035],[80.23804,13.034735],[80.237664,13.034493]]}},{"type":"Feature","properties":{"id":"R0166","name":null,"highway":"secondary","osm_way":1288869987,"width_m":12.0,"length_m":159.8,"surface_area":1917.1,"catchment_m2":9904.8,"inlet_capacity_lps":78.0,"nearest_drain":"MH-045","from_node":"J11951550376","to_node":"J13284331478"},"geometry":{"type":"LineString","coordinates":[[80.231318,13.038656],[80.230891,13.037281]]}},{"type":"Feature","properties":{"id":"R0167","name":null,"highway":"secondary","osm_way":1288869995,"width_m":12.0,"length_m":17.4,"surface_area":208.4,"catchment_m2":1076.8,"inlet_capacity_lps":15.6,"nearest_drain":"MH-037","from_node":"J11951550377","to_node":"J11951550378"},"geometry":{"type":"LineString","coordinates":[[80.230752,13.036837],[80.230712,13.036686]]}},{"type":"Feature","properties":{"id":"R0168","name":null,"highway":"secondary","osm_way":1288869998,"width_m":12.0,"length_m":84.2,"surface_area":1010.1,"catchment_m2":5219.1,"inlet_capacity_lps":46.8,"nearest_drain":"MH-015","from_node":"J11951550405","to_node":"J11951550406"},"geometry":{"type":"LineString","coordinates":[[80.230446,13.033998],[80.230314,13.034744]]}},{"type":"Feature","properties":{"id":"R0169","name":null,"highway":"secondary","osm_way":1349708006,"width_m":12.0,"length_m":7.9,"surface_area":94.9,"catchment_m2":490.3,"inlet_capacity_lps":15.6,"nearest_drain":"MH-096","from_node":"J12485887992","to_node":"J12485920409"},"geometry":{"type":"LineString","coordinates":[[80.235927,13.042628],[80.235904,13.042621],[80.235879,13.042621],[80.235856,13.04263]]}},{"type":"Feature","properties":{"id":"R0170","name":null,"highway":"secondary","osm_way":1349708006,"width_m":12.0,"length_m":10.3,"surface_area":123.2,"catchment_m2":636.7,"inlet_capacity_lps":15.6,"nearest_drain":"MH-096","from_node":"J12485887993","to_node":"J12485887994"},"geometry":{"type":"LineString","coordinates":[[80.23585,13.042752],[80.235872,13.042762],[80.235908,13.042767],[80.23594,13.042757]]}},{"type":"Feature","properties":{"id":"R0171","name":null,"highway":"secondary","osm_way":1349708006,"width_m":12.0,"length_m":11.3,"surface_area":135.9,"catchment_m2":702.0,"inlet_capacity_lps":15.6,"nearest_drain":"MH-096","from_node":"J12485887994","to_node":"J2068622283"},"geometry":{"type":"LineString","coordinates":[[80.23594,13.042757],[80.235958,13.042729],[80.235967,13.042707],[80.235968,13.042662]]}},{"type":"Feature","properties":{"id":"R0172","name":null,"highway":"secondary","osm_way":1349708006,"width_m":12.0,"length_m":5.4,"surface_area":64.7,"catchment_m2":334.5,"inlet_capacity_lps":15.6,"nearest_drain":"MH-096","from_node":"J12485887995","to_node":"J12485887993"},"geometry":{"type":"LineString","coordinates":[[80.235822,13.042712],[80.235832,13.042734],[80.23585,13.042752]]}},{"type":"Feature","properties":{"id":"R0173","name":null,"highway":"secondary","osm_way":1349708006,"width_m":12.0,"length_m":10.7,"surface_area":128.1,"catchment_m2":661.6,"inlet_capacity_lps":15.6,"nearest_drain":"MH-096","from_node":"J12485920409","to_node":"J12485887995"},"geometry":{"type":"LineString","coordinates":[[80.235856,13.04263],[80.235838,13.042644],[80.235825,13.042665],[80.235819,13.042688],[80.235822,13.042712]]}},{"type":"Feature","properties":{"id":"R0174","name":null,"highway":"secondary","osm_way":1288869987,"width_m":12.0,"length_m":51.6,"surface_area":618.8,"catchment_m2":3197.1,"inlet_capacity_lps":31.2,"nearest_drain":"MH-037","from_node":"J13284331478","to_node":"J11951550377"},"geometry":{"type":"LineString","coordinates":[[80.230891,13.037281],[80.230752,13.036837]]}},{"type":"Feature","properties":{"id":"R0175","name":"Dhandapani Street","highway":"secondary_link","osm_way":1324133089,"width_m":7.0,"length_m":9.2,"surface_area":64.4,"catchment_m2":248.4,"inlet_capacity_lps":7.8,"nearest_drain":"MH-063","from_node":"J2001005468","to_node":"J2197202960"},"geometry":{"type":"LineString","coordinates":[[80.234667,13.039139],[80.234592,13.0391]]}},{"type":"Feature","properties":{"id":"R0176","name":"Dhandapani Street","highway":"secondary_link","osm_way":1324133089,"width_m":7.0,"length_m":9.2,"surface_area":64.4,"catchment_m2":248.3,"inlet_capacity_lps":7.8,"nearest_drain":"MH-063","from_node":"J2197202960","to_node":"J12506778079"},"geometry":{"type":"LineString","coordinates":[[80.234592,13.0391],[80.234518,13.03906]]}},{"type":"Feature","properties":{"id":"R0177","name":"Dhandapani Street","highway":"secondary_link","osm_way":1324133089,"width_m":7.0,"length_m":5.6,"surface_area":39.3,"catchment_m2":151.6,"inlet_capacity_lps":7.8,"nearest_drain":"MH-063","from_node":"J12506778079","to_node":"J12253059947"},"geometry":{"type":"LineString","coordinates":[[80.234518,13.03906],[80.234472,13.039036]]}},{"type":"Feature","properties":{"id":"R0178","name":null,"highway":"secondary_link","osm_way":28068579,"width_m":7.0,"length_m":101.6,"surface_area":711.3,"catchment_m2":2743.5,"inlet_capacity_lps":23.4,"nearest_drain":"MH-121","from_node":"J308209325","to_node":"J308209326"},"geometry":{"type":"LineString","coordinates":[[80.238323,13.044099],[80.238452,13.044175],[80.238497,13.044201],[80.238685,13.04431],[80.238728,13.044335],[80.238889,13.044429],[80.238984,13.044484],[80.239128,13.044569]]}},{"type":"Feature","properties":{"id":"R0179","name":null,"highway":"secondary_link","osm_way":28068579,"width_m":7.0,"length_m":108.5,"surface_area":759.6,"catchment_m2":2929.9,"inlet_capacity_lps":31.2,"nearest_drain":"MH-135","from_node":"J308209326","to_node":"J1702257640"},"geometry":{"type":"LineString","coordinates":[[80.239128,13.044569],[80.23999,13.045066]]}},{"type":"Feature","properties":{"id":"R0180","name":null,"highway":"secondary_link","osm_way":1211074465,"width_m":7.0,"length_m":7.3,"surface_area":50.8,"catchment_m2":196.0,"inlet_capacity_lps":7.8,"nearest_drain":"MH-135","from_node":"J308209327","to_node":"J1702257658"},"geometry":{"type":"LineString","coordinates":[[80.240168,13.045163],[80.240226,13.045195]]}},{"type":"Feature","properties":{"id":"R0181","name":null,"highway":"secondary_link","osm_way":1267324815,"width_m":7.0,"length_m":23.5,"surface_area":164.2,"catchment_m2":633.3,"inlet_capacity_lps":7.8,"nearest_drain":"MH-135","from_node":"J1702257618","to_node":"J1702257640"},"geometry":{"type":"LineString","coordinates":[[80.240118,13.044896],[80.23999,13.045066]]}},{"type":"Feature","properties":{"id":"R0182","name":null,"highway":"secondary_link","osm_way":28068579,"width_m":7.0,"length_m":22.0,"surface_area":154.3,"catchment_m2":595.0,"inlet_capacity_lps":7.8,"nearest_drain":"MH-135","from_node":"J1702257640","to_node":"J308209327"},"geometry":{"type":"LineString","coordinates":[[80.23999,13.045066],[80.240168,13.045163]]}},{"type":"Feature","properties":{"id":"R0183","name":null,"highway":"secondary_link","osm_way":157989490,"width_m":7.0,"length_m":30.0,"surface_area":210.0,"catchment_m2":809.9,"inlet_capacity_lps":7.8,"nearest_drain":"MH-135","from_node":"J1702257640","to_node":"J1702257683"},"geometry":{"type":"LineString","coordinates":[[80.23999,13.045066],[80.240037,13.04519],[80.240069,13.045324]]}},{"type":"Feature","properties":{"id":"R0184","name":null,"highway":"secondary_link","osm_way":157989497,"width_m":7.0,"length_m":25.4,"surface_area":177.9,"catchment_m2":686.1,"inlet_capacity_lps":7.8,"nearest_drain":"MH-136","from_node":"J1702257652","to_node":"J1702257592"},"geometry":{"type":"LineString","coordinates":[[80.240477,13.045115],[80.240449,13.045017],[80.240429,13.04495],[80.24041,13.044896]]}},{"type":"Feature","properties":{"id":"R0185","name":null,"highway":"secondary_link","osm_way":1211074465,"width_m":7.0,"length_m":19.1,"surface_area":133.5,"catchment_m2":514.9,"inlet_capacity_lps":7.8,"nearest_drain":"MH-136","from_node":"J1702257658","to_node":"J1702257674"},"geometry":{"type":"LineString","coordinates":[[80.240226,13.045195],[80.24038,13.045278]]}},{"type":"Feature","properties":{"id":"R0186","name":null,"highway":"secondary_link","osm_way":1267324818,"width_m":7.0,"length_m":21.0,"surface_area":146.7,"catchment_m2":565.8,"inlet_capacity_lps":7.8,"nearest_drain":"MH-136","from_node":"J1702257674","to_node":"J1702257652"},"geometry":{"type":"LineString","coordinates":[[80.24038,13.045278],[80.240477,13.045115]]}},{"type":"Feature","properties":{"id":"R0187","name":null,"highway":"secondary_link","osm_way":157989495,"width_m":7.0,"length_m":26.5,"surface_area":185.2,"catchment_m2":714.2,"inlet_capacity_lps":7.8,"nearest_drain":"MH-136","from_node":"J1702257690","to_node":"J1702257674"},"geometry":{"type":"LineString","coordinates":[[80.240143,13.045331],[80.240262,13.045295],[80.24038,13.045278]]}},{"type":"Feature","properties":{"id":"R0188","name":null,"highway":"secondary_link","osm_way":1447854049,"width_m":7.0,"length_m":33.5,"surface_area":234.2,"catchment_m2":903.4,"inlet_capacity_lps":7.8,"nearest_drain":"MH-026","from_node":"J2197415524","to_node":"J13284331479"},"geometry":{"type":"LineString","coordinates":[[80.230261,13.03532],[80.2303,13.035343],[80.230376,13.035588]]}},{"type":"Feature","properties":{"id":"R0189","name":null,"highway":"secondary_link","osm_way":1501687179,"width_m":7.0,"length_m":26.3,"surface_area":184.4,"catchment_m2":711.2,"inlet_capacity_lps":7.8,"nearest_drain":"MH-063","from_node":"J10747978423","to_node":"J13747795038"},"geometry":{"type":"LineString","coordinates":[[80.234349,13.039176],[80.2343,13.039408]]}},{"type":"Feature","properties":{"id":"R0190","name":null,"highway":"secondary_link","osm_way":157989498,"width_m":7.0,"length_m":26.1,"surface_area":182.6,"catchment_m2":704.2,"inlet_capacity_lps":7.8,"nearest_drain":"MH-136","from_node":"J11777931844","to_node":"J1702257618"},"geometry":{"type":"LineString","coordinates":[[80.240356,13.044861],[80.240286,13.044874],[80.240221,13.044887],[80.240118,13.044896]]}},{"type":"Feature","properties":{"id":"R0191","name":null,"highway":"secondary_link","osm_way":1447854048,"width_m":7.0,"length_m":197.8,"surface_area":1384.9,"catchment_m2":5341.6,"inlet_capacity_lps":54.6,"nearest_drain":"MH-026","from_node":"J13284331479","to_node":"J13284331478"},"geometry":{"type":"LineString","coordinates":[[80.230376,13.035588],[80.230384,13.035613],[80.230605,13.036418],[80.230653,13.036571],[80.230828,13.03723],[80.230891,13.037281]]}},{"type":"Feature","properties":{"id":"R0192","name":null,"highway":"secondary_link","osm_way":1447854050,"width_m":7.0,"length_m":116.8,"surface_area":817.7,"catchment_m2":3154.0,"inlet_capacity_lps":31.2,"nearest_drain":"MH-053","from_node":"J13284331484","to_node":"J13284331485"},"geometry":{"type":"LineString","coordinates":[[80.231355,13.038783],[80.231375,13.03869],[80.231331,13.03854],[80.231093,13.037775]]}},{"type":"Feature","properties":{"id":"R0193","name":null,"highway":"secondary_link","osm_way":1447854051,"width_m":7.0,"length_m":16.3,"surface_area":113.8,"catchment_m2":438.8,"inlet_capacity_lps":7.8,"nearest_drain":"MH-046","from_node":"J13284331485","to_node":"J13284331480"},"geometry":{"type":"LineString","coordinates":[[80.231093,13.037775],[80.231062,13.037675],[80.231075,13.037635]]}},{"type":"Feature","properties":{"id":"R0194","name":"Bazulla Flyover","highway":"tertiary","osm_way":722480125,"width_m":9.0,"length_m":54.9,"surface_area":494.2,"catchment_m2":2690.7,"inlet_capacity_lps":31.2,"nearest_drain":"MH-126","from_node":"J298357560","to_node":"J11771131028"},"geometry":{"type":"LineString","coordinates":[[80.229516,13.04518],[80.229414,13.044696]]}},{"type":"Feature","properties":{"id":"R0195","name":"Bazulla Flyover","highway":"tertiary","osm_way":214598760,"width_m":9.0,"length_m":139.8,"surface_area":1258.4,"catchment_m2":6851.1,"inlet_capacity_lps":78.0,"nearest_drain":"MH-139","from_node":"J6776936047","to_node":"J298357560"},"geometry":{"type":"LineString","coordinates":[[80.229745,13.046416],[80.229651,13.045801],[80.229516,13.04518]]}},{"type":"Feature","properties":{"id":"R0196","name":"Bazulla Flyover","highway":"tertiary","osm_way":1267370439,"width_m":9.0,"length_m":8.2,"surface_area":73.4,"catchment_m2":399.5,"inlet_capacity_lps":15.6,"nearest_drain":"MH-114","from_node":"J11771131028","to_node":"J6776936043"},"geometry":{"type":"LineString","coordinates":[[80.229414,13.044696],[80.229405,13.044659],[80.229392,13.044626]]}},{"type":"Feature","properties":{"id":"R0197","name":"Chakrapani Street","highway":"tertiary","osm_way":27200598,"width_m":9.0,"length_m":86.2,"surface_area":775.8,"catchment_m2":4224.0,"inlet_capacity_lps":46.8,"nearest_drain":"MH-112","from_node":"J298357556","to_node":"J298357558"},"geometry":{"type":"LineString","coordinates":[[80.227146,13.044492],[80.227908,13.044267]]}},{"type":"Feature","properties":{"id":"R0198","name":"Chakrapani Street","highway":"tertiary","osm_way":27200598,"width_m":9.0,"length_m":51.4,"surface_area":462.3,"catchment_m2":2517.0,"inlet_capacity_lps":31.2,"nearest_drain":"MH-113","from_node":"J298357558","to_node":"J298357985"},"geometry":{"type":"LineString","coordinates":[[80.227908,13.044267],[80.228363,13.044137]]}},{"type":"Feature","properties":{"id":"R0199","name":"Chakrapani Street","highway":"tertiary","osm_way":27200598,"width_m":9.0,"length_m":97.0,"surface_area":872.9,"catchment_m2":4752.3,"inlet_capacity_lps":46.8,"nearest_drain":"MH-114","from_node":"J298357985","to_node":"J277434833"},"geometry":{"type":"LineString","coordinates":[[80.228363,13.044137],[80.229218,13.043878]]}},{"type":"Feature","properties":{"id":"R0200","name":"Hindi Prachar Sabha Road","highway":"tertiary","osm_way":23161555,"width_m":9.0,"length_m":90.1,"surface_area":810.8,"catchment_m2":4414.1,"inlet_capacity_lps":46.8,"nearest_drain":"MH-021","from_node":"J250319312","to_node":"J10536378854"},"geometry":{"type":"LineString","coordinates":[[80.239037,13.033986],[80.23925,13.034095],[80.23935,13.034088],[80.239401,13.034085],[80.239834,13.034008]]}},{"type":"Feature","properties":{"id":"R0201","name":"Hindi Prachar Sabha Road","highway":"tertiary","osm_way":1546877208,"width_m":9.0,"length_m":13.1,"surface_area":118.3,"catchment_m2":644.2,"inlet_capacity_lps":15.6,"nearest_drain":"MH-011","from_node":"J2197202941","to_node":"J14069782388"},"geometry":{"type":"LineString","coordinates":[[80.238269,13.033519],[80.238372,13.033581]]}},{"type":"Feature","properties":{"id":"R0202","name":"Hindi Prachar Sabha Road","highway":"tertiary","osm_way":23161555,"width_m":9.0,"length_m":26.6,"surface_area":239.8,"catchment_m2":1305.6,"inlet_capacity_lps":15.6,"nearest_drain":"MH-011","from_node":"J9189073708","to_node":"J250319312"},"geometry":{"type":"LineString","coordinates":[[80.23883,13.033857],[80.239037,13.033986]]}},{"type":"Feature","properties":{"id":"R0203","name":"Hindi Prachar Sabha Road","highway":"tertiary","osm_way":23161555,"width_m":9.0,"length_m":96.1,"surface_area":864.8,"catchment_m2":4708.1,"inlet_capacity_lps":46.8,"nearest_drain":"MH-021","from_node":"J10536378854","to_node":"J11636213505"},"geometry":{"type":"LineString","coordinates":[[80.239834,13.034008],[80.240569,13.033908],[80.240709,13.033872]]}},{"type":"Feature","properties":{"id":"R0204","name":"Hindi Prachar Sabha Road","highway":"tertiary","osm_way":1531339920,"width_m":9.0,"length_m":58.3,"surface_area":525.1,"catchment_m2":2858.9,"inlet_capacity_lps":31.2,"nearest_drain":"MH-011","from_node":"J14069782388","to_node":"J9189073708"},"geometry":{"type":"LineString","coordinates":[[80.238372,13.033581],[80.23883,13.033857]]}},{"type":"Feature","properties":{"id":"R0205","name":"Lake View Road","highway":"tertiary","osm_way":27201956,"width_m":9.0,"length_m":190.6,"surface_area":1715.4,"catchment_m2":9339.4,"inlet_capacity_lps":93.6,"nearest_drain":"MH-069","from_node":"J298358077","to_node":"J277498286"},"geometry":{"type":"LineString","coordinates":[[80.227209,13.040087],[80.22761,13.040418],[80.227736,13.040518],[80.228323,13.040988],[80.228524,13.04122]]}},{"type":"Feature","properties":{"id":"R0206","name":"Madley Road","highway":"tertiary","osm_way":23186321,"width_m":9.0,"length_m":33.3,"surface_area":299.4,"catchment_m2":1630.3,"inlet_capacity_lps":15.6,"nearest_drain":"MH-025","from_node":"J248700565","to_node":"J308492674"},"geometry":{"type":"LineString","coordinates":[[80.229835,13.035162],[80.230136,13.035104]]}},{"type":"Feature","properties":{"id":"R0207","name":"Madley Road","highway":"tertiary","osm_way":23186321,"width_m":9.0,"length_m":25.7,"surface_area":231.5,"catchment_m2":1260.4,"inlet_capacity_lps":15.6,"nearest_drain":"MH-025","from_node":"J248700566","to_node":"J248700565"},"geometry":{"type":"LineString","coordinates":[[80.229602,13.035205],[80.229835,13.035162]]}},{"type":"Feature","properties":{"id":"R0208","name":"Madley Road","highway":"tertiary","osm_way":23186321,"width_m":9.0,"length_m":44.3,"surface_area":398.9,"catchment_m2":2171.9,"inlet_capacity_lps":15.6,"nearest_drain":"MH-025","from_node":"J248700567","to_node":"J248700566"},"geometry":{"type":"LineString","coordinates":[[80.229197,13.035267],[80.229602,13.035205]]}},{"type":"Feature","properties":{"id":"R0209","name":"Madley Road","highway":"tertiary","osm_way":1546943824,"width_m":9.0,"length_m":104.2,"surface_area":937.9,"catchment_m2":5106.1,"inlet_capacity_lps":46.8,"nearest_drain":"MH-024","from_node":"J248700570","to_node":"J14070407304"},"geometry":{"type":"LineString","coordinates":[[80.227742,13.035243],[80.227763,13.035243],[80.228074,13.035238],[80.228303,13.035255],[80.228586,13.035258],[80.228703,13.03526]]}},{"type":"Feature","properties":{"id":"R0210","name":"Madley Road","highway":"tertiary","osm_way":23186321,"width_m":9.0,"length_m":55.0,"surface_area":494.8,"catchment_m2":2693.9,"inlet_capacity_lps":31.2,"nearest_drain":"MH-025","from_node":"J14070407304","to_node":"J248700567"},"geometry":{"type":"LineString","coordinates":[[80.228703,13.03526],[80.228765,13.035299],[80.229116,13.035276],[80.229197,13.035267]]}},{"type":"Feature","properties":{"id":"R0211","name":"Madley subway","highway":"tertiary","osm_way":214202909,"width_m":9.0,"length_m":42.2,"surface_area":379.4,"catchment_m2":2065.7,"inlet_capacity_lps":15.6,"nearest_drain":"MH-023","from_node":"J2237918501","to_node":"J248700570"},"geometry":{"type":"LineString","coordinates":[[80.227358,13.035304],[80.22741,13.035294],[80.227568,13.03527],[80.227742,13.035243]]}},{"type":"Feature","properties":{"id":"R0212","name":"Maloney Road","highway":"tertiary","osm_way":189500796,"width_m":9.0,"length_m":47.4,"surface_area":426.5,"catchment_m2":2322.3,"inlet_capacity_lps":31.2,"nearest_drain":"MH-032","from_node":"J2001025764","to_node":"J11786773605"},"geometry":{"type":"LineString","coordinates":[[80.23952,13.035312],[80.239953,13.035248]]}},{"type":"Feature","properties":{"id":"R0213","name":"Maloney Road","highway":"tertiary","osm_way":189500796,"width_m":9.0,"length_m":14.7,"surface_area":131.9,"catchment_m2":718.3,"inlet_capacity_lps":15.6,"nearest_drain":"MH-032","from_node":"J11786773605","to_node":"J11786773612"},"geometry":{"type":"LineString","coordinates":[[80.239953,13.035248],[80.240087,13.035229]]}},{"type":"Feature","properties":{"id":"R0214","name":"Maloney Road","highway":"tertiary","osm_way":189500796,"width_m":9.0,"length_m":25.2,"surface_area":226.9,"catchment_m2":1235.6,"inlet_capacity_lps":15.6,"nearest_drain":"MH-033","from_node":"J11786773612","to_node":"J12213569317"},"geometry":{"type":"LineString","coordinates":[[80.240087,13.035229],[80.240317,13.035195]]}},{"type":"Feature","properties":{"id":"R0215","name":"Maloney Road","highway":"tertiary","osm_way":189500796,"width_m":9.0,"length_m":21.4,"surface_area":192.8,"catchment_m2":1049.5,"inlet_capacity_lps":15.6,"nearest_drain":"MH-033","from_node":"J11786860375","to_node":"J11786838068"},"geometry":{"type":"LineString","coordinates":[[80.240546,13.035161],[80.240742,13.035132]]}},{"type":"Feature","properties":{"id":"R0216","name":"Maloney Road","highway":"tertiary","osm_way":189500796,"width_m":9.0,"length_m":17.4,"surface_area":157.0,"catchment_m2":854.8,"inlet_capacity_lps":15.6,"nearest_drain":"MH-033","from_node":"J12213569317","to_node":"J12213569321"},"geometry":{"type":"LineString","coordinates":[[80.240317,13.035195],[80.240476,13.035171]]}},{"type":"Feature","properties":{"id":"R0217","name":"Maloney Road","highway":"tertiary","osm_way":189500796,"width_m":9.0,"length_m":5.4,"surface_area":48.4,"catchment_m2":263.6,"inlet_capacity_lps":15.6,"nearest_drain":"MH-033","from_node":"J12213569322","to_node":"J11786860375"},"geometry":{"type":"LineString","coordinates":[[80.240497,13.035168],[80.240546,13.035161]]}},{"type":"Feature","properties":{"id":"R0218","name":"Mambalam High Road","highway":"tertiary","osm_way":1131526942,"width_m":9.0,"length_m":14.6,"surface_area":131.2,"catchment_m2":714.5,"inlet_capacity_lps":15.6,"nearest_drain":"MH-081","from_node":"J250363953","to_node":"J250363961"},"geometry":{"type":"LineString","coordinates":[[80.228954,13.041296],[80.228924,13.041168]]}},{"type":"Feature","properties":{"id":"R0219","name":"Mambalam High Road","highway":"tertiary","osm_way":1131526942,"width_m":9.0,"length_m":199.7,"surface_area":1797.2,"catchment_m2":9784.5,"inlet_capacity_lps":109.2,"nearest_drain":"MH-081","from_node":"J250364033","to_node":"J250363953"},"geometry":{"type":"LineString","coordinates":[[80.229387,13.043041],[80.228954,13.041296]]}},{"type":"Feature","properties":{"id":"R0220","name":"Mambalam High Road","highway":"tertiary","osm_way":1131526942,"width_m":9.0,"length_m":72.9,"surface_area":655.9,"catchment_m2":3571.1,"inlet_capacity_lps":31.2,"nearest_drain":"MH-103","from_node":"J250364035","to_node":"J250364068"},"geometry":{"type":"LineString","coordinates":[[80.229771,13.044492],[80.229598,13.043859]]}},{"type":"Feature","properties":{"id":"R0221","name":"Mambalam High Road","highway":"tertiary","osm_way":1131526942,"width_m":9.0,"length_m":43.6,"surface_area":392.3,"catchment_m2":2136.1,"inlet_capacity_lps":15.6,"nearest_drain":"MH-140","from_node":"J250364037","to_node":"J10175058348"},"geometry":{"type":"LineString","coordinates":[[80.230232,13.046606],[80.230174,13.046219]]}},{"type":"Feature","properties":{"id":"R0222","name":"Mambalam High Road","highway":"tertiary","osm_way":1131526942,"width_m":9.0,"length_m":93.7,"surface_area":843.5,"catchment_m2":4592.2,"inlet_capacity_lps":46.8,"nearest_drain":"MH-103","from_node":"J250364068","to_node":"J250364033"},"geometry":{"type":"LineString","coordinates":[[80.229598,13.043859],[80.229387,13.043041]]}},{"type":"Feature","properties":{"id":"R0223","name":"Mambalam High Road","highway":"tertiary","osm_way":1131526942,"width_m":9.0,"length_m":77.2,"surface_area":694.6,"catchment_m2":3781.9,"inlet_capacity_lps":46.8,"nearest_drain":"MH-126","from_node":"J250364151","to_node":"J250364035"},"geometry":{"type":"LineString","coordinates":[[80.229994,13.045151],[80.229771,13.044492]]}},{"type":"Feature","properties":{"id":"R0224","name":"Mambalam High Road","highway":"tertiary","osm_way":1131526942,"width_m":9.0,"length_m":62.3,"surface_area":560.7,"catchment_m2":3052.7,"inlet_capacity_lps":31.2,"nearest_drain":"MH-127","from_node":"J6785638129","to_node":"J250364151"},"geometry":{"type":"LineString","coordinates":[[80.230096,13.045703],[80.229994,13.045151]]}},{"type":"Feature","properties":{"id":"R0225","name":"Mambalam High Road","highway":"tertiary","osm_way":1131526942,"width_m":9.0,"length_m":27.0,"surface_area":243.4,"catchment_m2":1325.3,"inlet_capacity_lps":15.6,"nearest_drain":"MH-140","from_node":"J10175058348","to_node":"J10216123926"},"geometry":{"type":"LineString","coordinates":[[80.230174,13.046219],[80.23016,13.046103],[80.230141,13.045977]]}},{"type":"Feature","properties":{"id":"R0226","name":"Mambalam High Road","highway":"tertiary","osm_way":1131526942,"width_m":9.0,"length_m":30.9,"surface_area":278.3,"catchment_m2":1515.1,"inlet_capacity_lps":15.6,"nearest_drain":"MH-140","from_node":"J10216123926","to_node":"J6785638129"},"geometry":{"type":"LineString","coordinates":[[80.230141,13.045977],[80.230096,13.045703]]}},{"type":"Feature","properties":{"id":"R0227","name":"Mopparappan Street","highway":"tertiary","osm_way":746467412,"width_m":9.0,"length_m":56.2,"surface_area":505.6,"catchment_m2":2752.6,"inlet_capacity_lps":31.2,"nearest_drain":"MH-009","from_node":"J248700641","to_node":"J248700645"},"geometry":{"type":"LineString","coordinates":[[80.236964,13.034156],[80.236985,13.033651]]}},{"type":"Feature","properties":{"id":"R0228","name":"Mopparappan Street","highway":"tertiary","osm_way":746467412,"width_m":9.0,"length_m":57.0,"surface_area":512.6,"catchment_m2":2791.0,"inlet_capacity_lps":31.2,"nearest_drain":"MH-009","from_node":"J248700645","to_node":"J248700640"},"geometry":{"type":"LineString","coordinates":[[80.236985,13.033651],[80.236997,13.033139]]}},{"type":"Feature","properties":{"id":"R0229","name":"North Usman Road","highway":"tertiary","osm_way":209535247,"width_m":9.0,"length_m":85.1,"surface_area":766.1,"catchment_m2":4171.1,"inlet_capacity_lps":46.8,"nearest_drain":"MH-095","from_node":"J245579175","to_node":"J250364066"},"geometry":{"type":"LineString","coordinates":[[80.232266,13.042675],[80.232269,13.042993],[80.23228,13.04344]]}},{"type":"Feature","properties":{"id":"R0230","name":"North Usman Road","highway":"tertiary","osm_way":209535247,"width_m":9.0,"length_m":148.1,"surface_area":1333.1,"catchment_m2":7257.7,"inlet_capacity_lps":78.0,"nearest_drain":"MH-105","from_node":"J250364066","to_node":"J2197215648"},"geometry":{"type":"LineString","coordinates":[[80.23228,13.04344],[80.232289,13.043772],[80.23233,13.04413],[80.232426,13.044565],[80.232495,13.044748]]}},{"type":"Feature","properties":{"id":"R0231","name":"North Usman Road","highway":"tertiary","osm_way":1323862825,"width_m":9.0,"length_m":39.1,"surface_area":351.5,"catchment_m2":1913.9,"inlet_capacity_lps":15.6,"nearest_drain":"MH-095","from_node":"J2197203129","to_node":"J6497080775"},"geometry":{"type":"LineString","coordinates":[[80.232425,13.042969],[80.232406,13.042619]]}},{"type":"Feature","properties":{"id":"R0232","name":"North Usman Road","highway":"tertiary","osm_way":1464522331,"width_m":9.0,"length_m":62.7,"surface_area":564.0,"catchment_m2":3070.5,"inlet_capacity_lps":31.2,"nearest_drain":"MH-105","from_node":"J2197203130","to_node":"J2197203129"},"geometry":{"type":"LineString","coordinates":[[80.232431,13.043533],[80.23243,13.043248],[80.232425,13.042969]]}},{"type":"Feature","properties":{"id":"R0233","name":"North Usman Road","highway":"tertiary","osm_way":1464522331,"width_m":9.0,"length_m":52.5,"surface_area":472.1,"catchment_m2":2570.5,"inlet_capacity_lps":31.2,"nearest_drain":"MH-117","from_node":"J2197203132","to_node":"J2197203130"},"geometry":{"type":"LineString","coordinates":[[80.232472,13.044003],[80.232452,13.043858],[80.232431,13.043533]]}},{"type":"Feature","properties":{"id":"R0234","name":"North Usman Road","highway":"tertiary","osm_way":1464522331,"width_m":9.0,"length_m":63.5,"surface_area":571.1,"catchment_m2":3109.3,"inlet_capacity_lps":31.2,"nearest_drain":"MH-117","from_node":"J2197203133","to_node":"J2197203132"},"geometry":{"type":"LineString","coordinates":[[80.232572,13.044565],[80.232472,13.044003]]}},{"type":"Feature","properties":{"id":"R0235","name":"North Usman Road","highway":"tertiary","osm_way":209535247,"width_m":9.0,"length_m":49.3,"surface_area":444.1,"catchment_m2":2417.9,"inlet_capacity_lps":31.2,"nearest_drain":"MH-095","from_node":"J2197415670","to_node":"J245579175"},"geometry":{"type":"LineString","coordinates":[[80.232255,13.042231],[80.232252,13.042275],[80.232266,13.042675]]}},{"type":"Feature","properties":{"id":"R0236","name":"North Usman Road","highway":"tertiary","osm_way":1323862825,"width_m":9.0,"length_m":45.6,"surface_area":410.3,"catchment_m2":2234.1,"inlet_capacity_lps":31.2,"nearest_drain":"MH-095","from_node":"J6497080775","to_node":"J12852450817"},"geometry":{"type":"LineString","coordinates":[[80.232406,13.042619],[80.232386,13.042423],[80.232391,13.042328],[80.232398,13.04221]]}},{"type":"Feature","properties":{"id":"R0237","name":"North Usman Road","highway":"tertiary","osm_way":209514722,"width_m":9.0,"length_m":18.4,"surface_area":165.7,"catchment_m2":902.3,"inlet_capacity_lps":15.6,"nearest_drain":"MH-117","from_node":"J12678213142","to_node":"J2197203133"},"geometry":{"type":"LineString","coordinates":[[80.232555,13.04473],[80.232572,13.044565]]}},{"type":"Feature","properties":{"id":"R0238","name":"North Usman Road","highway":"tertiary","osm_way":1323862825,"width_m":9.0,"length_m":139.5,"surface_area":1255.5,"catchment_m2":6835.6,"inlet_capacity_lps":78.0,"nearest_drain":"MH-095","from_node":"J12852450817","to_node":"J12852450821"},"geometry":{"type":"LineString","coordinates":[[80.232398,13.04221],[80.232393,13.042085],[80.232381,13.042009],[80.232278,13.041536],[80.232146,13.040981]]}},{"type":"Feature","properties":{"id":"R0239","name":"Raghaviah Road","highway":"tertiary","osm_way":189500798,"width_m":9.0,"length_m":58.5,"surface_area":526.8,"catchment_m2":2868.0,"inlet_capacity_lps":31.2,"nearest_drain":"MH-132","from_node":"J250364200","to_node":"J250364262"},"geometry":{"type":"LineString","coordinates":[[80.235523,13.044621],[80.235641,13.045135]]}},{"type":"Feature","properties":{"id":"R0240","name":"Raghaviah Road","highway":"tertiary","osm_way":189500798,"width_m":9.0,"length_m":34.7,"surface_area":312.0,"catchment_m2":1698.4,"inlet_capacity_lps":15.6,"nearest_drain":"MH-119","from_node":"J250364256","to_node":"J250364200"},"geometry":{"type":"LineString","coordinates":[[80.235458,13.044316],[80.235523,13.044621]]}},{"type":"Feature","properties":{"id":"R0241","name":"Raghaviah Road","highway":"tertiary","osm_way":189500798,"width_m":9.0,"length_m":7.4,"surface_area":66.5,"catchment_m2":362.1,"inlet_capacity_lps":15.6,"nearest_drain":"MH-132","from_node":"J250364262","to_node":"J250364269"},"geometry":{"type":"LineString","coordinates":[[80.235641,13.045135],[80.235653,13.0452]]}},{"type":"Feature","properties":{"id":"R0242","name":"Raghaviah Road","highway":"tertiary","osm_way":189500798,"width_m":9.0,"length_m":61.4,"surface_area":552.3,"catchment_m2":3007.0,"inlet_capacity_lps":31.2,"nearest_drain":"MH-132","from_node":"J250364269","to_node":"J250364486"},"geometry":{"type":"LineString","coordinates":[[80.235653,13.0452],[80.235761,13.045742]]}},{"type":"Feature","properties":{"id":"R0243","name":"Raghaviah Road","highway":"tertiary","osm_way":189500798,"width_m":9.0,"length_m":25.7,"surface_area":230.9,"catchment_m2":1256.9,"inlet_capacity_lps":15.6,"nearest_drain":"MH-144","from_node":"J250364275","to_node":"J250364495"},"geometry":{"type":"LineString","coordinates":[[80.235838,13.046123],[80.235889,13.046348]]}},{"type":"Feature","properties":{"id":"R0244","name":"Raghaviah Road","highway":"tertiary","osm_way":189500798,"width_m":9.0,"length_m":43.2,"surface_area":388.7,"catchment_m2":2116.1,"inlet_capacity_lps":15.6,"nearest_drain":"MH-132","from_node":"J250364486","to_node":"J250364275"},"geometry":{"type":"LineString","coordinates":[[80.235761,13.045742],[80.235838,13.046123]]}},{"type":"Feature","properties":{"id":"R0245","name":"Raghaviah Road","highway":"tertiary","osm_way":189500798,"width_m":9.0,"length_m":47.9,"surface_area":430.9,"catchment_m2":2345.8,"inlet_capacity_lps":31.2,"nearest_drain":"MH-144","from_node":"J250364495","to_node":"J13949034703"},"geometry":{"type":"LineString","coordinates":[[80.235889,13.046348],[80.235975,13.04677]]}},{"type":"Feature","properties":{"id":"R0246","name":"Raghaviah Road","highway":"tertiary","osm_way":189500798,"width_m":9.0,"length_m":23.6,"surface_area":212.2,"catchment_m2":1155.5,"inlet_capacity_lps":15.6,"nearest_drain":"MH-119","from_node":"J2001025744","to_node":"J250364256"},"geometry":{"type":"LineString","coordinates":[[80.235427,13.044106],[80.235458,13.044316]]}},{"type":"Feature","properties":{"id":"R0247","name":"Raghaviah Road","highway":"tertiary","osm_way":189500798,"width_m":9.0,"length_m":58.1,"surface_area":522.8,"catchment_m2":2846.4,"inlet_capacity_lps":31.2,"nearest_drain":"MH-119","from_node":"J2001025751","to_node":"J2001025744"},"geometry":{"type":"LineString","coordinates":[[80.235363,13.043587],[80.235427,13.044106]]}},{"type":"Feature","properties":{"id":"R0248","name":"Raghaviah Road","highway":"tertiary","osm_way":189500798,"width_m":9.0,"length_m":107.3,"surface_area":965.3,"catchment_m2":5255.5,"inlet_capacity_lps":62.4,"nearest_drain":"MH-106","from_node":"J12485887993","to_node":"J2001025751"},"geometry":{"type":"LineString","coordinates":[[80.23585,13.042752],[80.235625,13.043202],[80.235501,13.043424],[80.235363,13.043587]]}},{"type":"Feature","properties":{"id":"R0249","name":"Railway Border Road","highway":"tertiary","osm_way":27189960,"width_m":9.0,"length_m":20.8,"surface_area":187.6,"catchment_m2":1021.3,"inlet_capacity_lps":15.6,"nearest_drain":"MH-081","from_node":"J277498286","to_node":"J11811628643"},"geometry":{"type":"LineString","coordinates":[[80.228524,13.04122],[80.228574,13.041354],[80.22859,13.041396]]}},{"type":"Feature","properties":{"id":"R0250","name":"Railway Border Road","highway":"tertiary","osm_way":27189960,"width_m":9.0,"length_m":79.1,"surface_area":712.1,"catchment_m2":3876.7,"inlet_capacity_lps":46.8,"nearest_drain":"MH-103","from_node":"J277498287","to_node":"J277434833"},"geometry":{"type":"LineString","coordinates":[[80.229075,13.043181],[80.229218,13.043878]]}},{"type":"Feature","properties":{"id":"R0251","name":"Railway Border Road","highway":"tertiary","osm_way":214598754,"width_m":9.0,"length_m":42.9,"surface_area":385.8,"catchment_m2":2100.5,"inlet_capacity_lps":15.6,"nearest_drain":"MH-152","from_node":"J293552673","to_node":"J870242767"},"geometry":{"type":"LineString","coordinates":[[80.229712,13.046475],[80.229771,13.046856]]}},{"type":"Feature","properties":{"id":"R0252","name":"Railway Border Road","highway":"tertiary","osm_way":1368395704,"width_m":9.0,"length_m":74.8,"surface_area":673.6,"catchment_m2":3667.5,"inlet_capacity_lps":31.2,"nearest_drain":"MH-114","from_node":"J298357563","to_node":"J277434833"},"geometry":{"type":"LineString","coordinates":[[80.229365,13.044536],[80.229218,13.043878]]}},{"type":"Feature","properties":{"id":"R0253","name":"Railway Border Road","highway":"tertiary","osm_way":27189960,"width_m":9.0,"length_m":77.2,"surface_area":695.2,"catchment_m2":3785.2,"inlet_capacity_lps":46.8,"nearest_drain":"MH-093","from_node":"J298357989","to_node":"J277498287"},"geometry":{"type":"LineString","coordinates":[[80.2289,13.042507],[80.229075,13.043181]]}},{"type":"Feature","properties":{"id":"R0254","name":"Railway Border Road","highway":"tertiary","osm_way":27189960,"width_m":9.0,"length_m":74.0,"surface_area":666.4,"catchment_m2":3628.3,"inlet_capacity_lps":31.2,"nearest_drain":"MH-081","from_node":"J298357992","to_node":"J298357989"},"geometry":{"type":"LineString","coordinates":[[80.228713,13.041867],[80.2289,13.042507]]}},{"type":"Feature","properties":{"id":"R0255","name":"Railway Border Road","highway":"tertiary","osm_way":1267370440,"width_m":9.0,"length_m":10.4,"surface_area":93.7,"catchment_m2":510.4,"inlet_capacity_lps":15.6,"nearest_drain":"MH-114","from_node":"J6776936043","to_node":"J298357563"},"geometry":{"type":"LineString","coordinates":[[80.229392,13.044626],[80.229365,13.044536]]}},{"type":"Feature","properties":{"id":"R0256","name":"Railway Border Road","highway":"tertiary","osm_way":1267370438,"width_m":9.0,"length_m":8.2,"surface_area":73.5,"catchment_m2":400.2,"inlet_capacity_lps":15.6,"nearest_drain":"MH-114","from_node":"J6776936044","to_node":"J6776936043"},"geometry":{"type":"LineString","coordinates":[[80.229372,13.044694],[80.22937,13.044662],[80.229392,13.044626]]}},{"type":"Feature","properties":{"id":"R0257","name":"Railway Border Road","highway":"tertiary","osm_way":214598754,"width_m":9.0,"length_m":64.7,"surface_area":581.9,"catchment_m2":3168.0,"inlet_capacity_lps":31.2,"nearest_drain":"MH-126","from_node":"J6776936045","to_node":"J10548419786"},"geometry":{"type":"LineString","coordinates":[[80.229474,13.045208],[80.2296,13.045777]]}},{"type":"Feature","properties":{"id":"R0258","name":"Railway Border Road","highway":"tertiary","osm_way":722480126,"width_m":9.0,"length_m":58.3,"surface_area":524.4,"catchment_m2":2855.3,"inlet_capacity_lps":31.2,"nearest_drain":"MH-126","from_node":"J6776936045","to_node":"J6776936044"},"geometry":{"type":"LineString","coordinates":[[80.229474,13.045208],[80.229372,13.044694]]}},{"type":"Feature","properties":{"id":"R0259","name":"Railway Border Road","highway":"tertiary","osm_way":214598754,"width_m":9.0,"length_m":67.5,"surface_area":607.7,"catchment_m2":3308.7,"inlet_capacity_lps":31.2,"nearest_drain":"MH-139","from_node":"J10548419782","to_node":"J293552673"},"geometry":{"type":"LineString","coordinates":[[80.229619,13.045875],[80.229712,13.046475]]}},{"type":"Feature","properties":{"id":"R0260","name":"Railway Border Road","highway":"tertiary","osm_way":214598754,"width_m":9.0,"length_m":11.1,"surface_area":99.5,"catchment_m2":541.6,"inlet_capacity_lps":15.6,"nearest_drain":"MH-126","from_node":"J10548419786","to_node":"J10548419782"},"geometry":{"type":"LineString","coordinates":[[80.2296,13.045777],[80.229608,13.045831],[80.229619,13.045875]]}},{"type":"Feature","properties":{"id":"R0261","name":"Railway Border Road","highway":"tertiary","osm_way":27189960,"width_m":9.0,"length_m":54.0,"surface_area":486.4,"catchment_m2":2648.4,"inlet_capacity_lps":31.2,"nearest_drain":"MH-081","from_node":"J11811628643","to_node":"J298357992"},"geometry":{"type":"LineString","coordinates":[[80.22859,13.041396],[80.228713,13.041867]]}},{"type":"Feature","properties":{"id":"R0262","name":"Sadulla Street","highway":"tertiary","osm_way":23047847,"width_m":9.0,"length_m":192.1,"surface_area":1728.9,"catchment_m2":9413.0,"inlet_capacity_lps":93.6,"nearest_drain":"MH-009","from_node":"J248700640","to_node":"J2168721267"},"geometry":{"type":"LineString","coordinates":[[80.236997,13.033139],[80.235224,13.033091]]}},{"type":"Feature","properties":{"id":"R0263","name":"Sadulla Street","highway":"tertiary","osm_way":1307656447,"width_m":9.0,"length_m":144.6,"surface_area":1301.2,"catchment_m2":7084.4,"inlet_capacity_lps":78.0,"nearest_drain":"MH-011","from_node":"J248700642","to_node":"J248700640"},"geometry":{"type":"LineString","coordinates":[[80.238329,13.033205],[80.237695,13.033153],[80.236997,13.033139]]}},{"type":"Feature","properties":{"id":"R0264","name":"Sadulla Street","highway":"tertiary","osm_way":23047847,"width_m":9.0,"length_m":120.7,"surface_area":1086.6,"catchment_m2":5916.0,"inlet_capacity_lps":62.4,"nearest_drain":"MH-007","from_node":"J2168721267","to_node":"J248700643"},"geometry":{"type":"LineString","coordinates":[[80.235224,13.033091],[80.23411,13.033088]]}},{"type":"Feature","properties":{"id":"R0265","name":"South Dhandapani Street","highway":"tertiary","osm_way":23047854,"width_m":9.0,"length_m":19.4,"surface_area":174.6,"catchment_m2":950.6,"inlet_capacity_lps":15.6,"nearest_drain":"MH-005","from_node":"J248700646","to_node":"J248700648"},"geometry":{"type":"LineString","coordinates":[[80.233049,13.033694],[80.233041,13.03352]]}},{"type":"Feature","properties":{"id":"R0266","name":"South Dhandapani Street","highway":"tertiary","osm_way":23047854,"width_m":9.0,"length_m":56.2,"surface_area":505.7,"catchment_m2":2753.2,"inlet_capacity_lps":31.2,"nearest_drain":"MH-005","from_node":"J248700648","to_node":"J248700656"},"geometry":{"type":"LineString","coordinates":[[80.233041,13.03352],[80.23303,13.033015]]}},{"type":"Feature","properties":{"id":"R0267","name":"South Dhandapani Street","highway":"tertiary","osm_way":23047854,"width_m":9.0,"length_m":62.7,"surface_area":564.1,"catchment_m2":3071.4,"inlet_capacity_lps":31.2,"nearest_drain":"MH-017","from_node":"J248700658","to_node":"J248700659"},"geometry":{"type":"LineString","coordinates":[[80.233118,13.034662],[80.233069,13.0341]]}},{"type":"Feature","properties":{"id":"R0268","name":"South Dhandapani Street","highway":"tertiary","osm_way":23047854,"width_m":9.0,"length_m":45.2,"surface_area":406.4,"catchment_m2":2212.5,"inlet_capacity_lps":31.2,"nearest_drain":"MH-016","from_node":"J248700659","to_node":"J248700646"},"geometry":{"type":"LineString","coordinates":[[80.233069,13.0341],[80.233049,13.033694]]}},{"type":"Feature","properties":{"id":"R0269","name":"South Usman Road","highway":"tertiary","osm_way":27108578,"width_m":9.0,"length_m":88.3,"surface_area":794.9,"catchment_m2":4328.0,"inlet_capacity_lps":46.8,"nearest_drain":"MH-037","from_node":"J247074856","to_node":"J2168721295"},"geometry":{"type":"LineString","coordinates":[[80.230463,13.036006],[80.230666,13.036775]]}},{"type":"Feature","properties":{"id":"R0270","name":"South Usman Road","highway":"tertiary","osm_way":1288011201,"width_m":9.0,"length_m":89.0,"surface_area":800.6,"catchment_m2":4359.0,"inlet_capacity_lps":46.8,"nearest_drain":"MH-073","from_node":"J2068622264","to_node":"J2167071723"},"geometry":{"type":"LineString","coordinates":[[80.231566,13.039799],[80.231677,13.040208],[80.231683,13.04023],[80.231763,13.040513],[80.231762,13.040528],[80.231756,13.04055],[80.231739,13.040566]]}},{"type":"Feature","properties":{"id":"R0271","name":"South Usman Road","highway":"tertiary","osm_way":27108578,"width_m":9.0,"length_m":120.3,"surface_area":1082.5,"catchment_m2":5893.5,"inlet_capacity_lps":62.4,"nearest_drain":"MH-045","from_node":"J2167071716","to_node":"J2167071721"},"geometry":{"type":"LineString","coordinates":[[80.230946,13.037674],[80.231265,13.03871]]}},{"type":"Feature","properties":{"id":"R0272","name":"South Usman Road","highway":"tertiary","osm_way":27108578,"width_m":9.0,"length_m":20.1,"surface_area":181.3,"catchment_m2":987.1,"inlet_capacity_lps":15.6,"nearest_drain":"MH-053","from_node":"J2167071721","to_node":"J10170940784"},"geometry":{"type":"LineString","coordinates":[[80.231265,13.03871],[80.231318,13.038884]]}},{"type":"Feature","properties":{"id":"R0273","name":"South Usman Road","highway":"tertiary","osm_way":27108578,"width_m":9.0,"length_m":104.5,"surface_area":940.6,"catchment_m2":5120.9,"inlet_capacity_lps":46.8,"nearest_drain":"MH-037","from_node":"J2168721295","to_node":"J2167071716"},"geometry":{"type":"LineString","coordinates":[[80.230666,13.036775],[80.230946,13.037674]]}},{"type":"Feature","properties":{"id":"R0274","name":"South Usman Road","highway":"tertiary","osm_way":27108578,"width_m":9.0,"length_m":14.7,"surface_area":132.1,"catchment_m2":719.2,"inlet_capacity_lps":15.6,"nearest_drain":"MH-026","from_node":"J2197215502","to_node":"J2197415524"},"geometry":{"type":"LineString","coordinates":[[80.230266,13.035188],[80.230261,13.03532]]}},{"type":"Feature","properties":{"id":"R0275","name":"South Usman Road","highway":"tertiary","osm_way":214162293,"width_m":9.0,"length_m":97.1,"surface_area":873.6,"catchment_m2":4756.0,"inlet_capacity_lps":46.8,"nearest_drain":"MH-026","from_node":"J2197215508","to_node":"J10596342783"},"geometry":{"type":"LineString","coordinates":[[80.230583,13.036015],[80.230522,13.035816],[80.230391,13.035316],[80.23037,13.035246],[80.230371,13.03517]]}},{"type":"Feature","properties":{"id":"R0276","name":"South Usman Road","highway":"tertiary","osm_way":209535253,"width_m":9.0,"length_m":18.7,"surface_area":168.7,"catchment_m2":918.3,"inlet_capacity_lps":15.6,"nearest_drain":"MH-037","from_node":"J2197215512","to_node":"J10246605657"},"geometry":{"type":"LineString","coordinates":[[80.230846,13.036898],[80.2308,13.036735]]}},{"type":"Feature","properties":{"id":"R0277","name":"South Usman Road","highway":"tertiary","osm_way":209535253,"width_m":9.0,"length_m":68.5,"surface_area":616.2,"catchment_m2":3355.0,"inlet_capacity_lps":31.2,"nearest_drain":"MH-037","from_node":"J2197215523","to_node":"J2197215512"},"geometry":{"type":"LineString","coordinates":[[80.23103,13.037487],[80.230846,13.036898]]}},{"type":"Feature","properties":{"id":"R0278","name":"South Usman Road","highway":"tertiary","osm_way":209535253,"width_m":9.0,"length_m":61.5,"surface_area":553.7,"catchment_m2":3014.5,"inlet_capacity_lps":31.2,"nearest_drain":"MH-053","from_node":"J2197215527","to_node":"J13284331480"},"geometry":{"type":"LineString","coordinates":[[80.231236,13.038166],[80.231075,13.037635]]}},{"type":"Feature","properties":{"id":"R0279","name":"South Usman Road","highway":"tertiary","osm_way":209535253,"width_m":9.0,"length_m":55.5,"surface_area":499.9,"catchment_m2":2721.4,"inlet_capacity_lps":31.2,"nearest_drain":"MH-053","from_node":"J2197215529","to_node":"J2197215527"},"geometry":{"type":"LineString","coordinates":[[80.231391,13.038642],[80.231236,13.038166]]}},{"type":"Feature","properties":{"id":"R0280","name":"South Usman Road","highway":"tertiary","osm_way":1288011200,"width_m":9.0,"length_m":65.0,"surface_area":584.9,"catchment_m2":3184.4,"inlet_capacity_lps":31.2,"nearest_drain":"MH-061","from_node":"J2197215537","to_node":"J10296863738"},"geometry":{"type":"LineString","coordinates":[[80.231705,13.039715],[80.231528,13.039157]]}},{"type":"Feature","properties":{"id":"R0281","name":"South Usman Road","highway":"tertiary","osm_way":1288011200,"width_m":9.0,"length_m":93.9,"surface_area":844.9,"catchment_m2":4600.2,"inlet_capacity_lps":46.8,"nearest_drain":"MH-061","from_node":"J2197215561","to_node":"J2197215537"},"geometry":{"type":"LineString","coordinates":[[80.231933,13.040529],[80.231882,13.040394],[80.23185,13.040266],[80.231822,13.040162],[80.231705,13.039715]]}},{"type":"Feature","properties":{"id":"R0282","name":"South Usman Road","highway":"tertiary","osm_way":27108578,"width_m":9.0,"length_m":79.4,"surface_area":714.2,"catchment_m2":3888.3,"inlet_capacity_lps":46.8,"nearest_drain":"MH-026","from_node":"J2197415524","to_node":"J247074856"},"geometry":{"type":"LineString","coordinates":[[80.230261,13.03532],[80.230463,13.036006]]}},{"type":"Feature","properties":{"id":"R0283","name":"South Usman Road","highway":"tertiary","osm_way":27108578,"width_m":9.0,"length_m":35.1,"surface_area":316.0,"catchment_m2":1720.4,"inlet_capacity_lps":15.6,"nearest_drain":"MH-061","from_node":"J10170940784","to_node":"J11941548889"},"geometry":{"type":"LineString","coordinates":[[80.231318,13.038884],[80.2314,13.039189]]}},{"type":"Feature","properties":{"id":"R0284","name":"South Usman Road","highway":"tertiary","osm_way":209535253,"width_m":9.0,"length_m":24.0,"surface_area":215.6,"catchment_m2":1174.0,"inlet_capacity_lps":15.6,"nearest_drain":"MH-053","from_node":"J10170940785","to_node":"J2197215529"},"geometry":{"type":"LineString","coordinates":[[80.231452,13.038849],[80.231391,13.038642]]}},{"type":"Feature","properties":{"id":"R0285","name":"South Usman Road","highway":"tertiary","osm_way":209535253,"width_m":9.0,"length_m":26.2,"surface_area":235.5,"catchment_m2":1282.2,"inlet_capacity_lps":15.6,"nearest_drain":"MH-037","from_node":"J10246605657","to_node":"J11951550379"},"geometry":{"type":"LineString","coordinates":[[80.2308,13.036735],[80.230745,13.036506]]}},{"type":"Feature","properties":{"id":"R0286","name":"South Usman Road","highway":"tertiary","osm_way":209535253,"width_m":9.0,"length_m":35.2,"surface_area":317.1,"catchment_m2":1726.2,"inlet_capacity_lps":15.6,"nearest_drain":"MH-061","from_node":"J10296863738","to_node":"J10170940785"},"geometry":{"type":"LineString","coordinates":[[80.231528,13.039157],[80.231452,13.038849]]}},{"type":"Feature","properties":{"id":"R0287","name":"South Usman Road","highway":"tertiary","osm_way":1288011201,"width_m":9.0,"length_m":70.1,"surface_area":630.8,"catchment_m2":3434.5,"inlet_capacity_lps":31.2,"nearest_drain":"MH-061","from_node":"J11941548889","to_node":"J2068622264"},"geometry":{"type":"LineString","coordinates":[[80.2314,13.039189],[80.231503,13.039574],[80.231566,13.039799]]}},{"type":"Feature","properties":{"id":"R0288","name":"South Usman Road","highway":"tertiary","osm_way":214162293,"width_m":9.0,"length_m":57.4,"surface_area":516.3,"catchment_m2":2810.9,"inlet_capacity_lps":31.2,"nearest_drain":"MH-037","from_node":"J11951550379","to_node":"J2197215508"},"geometry":{"type":"LineString","coordinates":[[80.230745,13.036506],[80.230583,13.036015]]}},{"type":"Feature","properties":{"id":"R0289","name":"South Usman Road","highway":"tertiary","osm_way":209535253,"width_m":9.0,"length_m":17.2,"surface_area":154.6,"catchment_m2":841.9,"inlet_capacity_lps":15.6,"nearest_drain":"MH-045","from_node":"J13284331480","to_node":"J2197215523"},"geometry":{"type":"LineString","coordinates":[[80.231075,13.037635],[80.23103,13.037487]]}},{"type":"Feature","properties":{"id":"R0290","name":"vekatanarayana road","highway":"tertiary","osm_way":1349723863,"width_m":9.0,"length_m":19.5,"surface_area":175.5,"catchment_m2":955.4,"inlet_capacity_lps":15.6,"nearest_drain":"MH-063","from_node":"J12486035349","to_node":"J12506778076"},"geometry":{"type":"LineString","coordinates":[[80.234685,13.038929],[80.234596,13.038971],[80.234538,13.039027]]}},{"type":"Feature","properties":{"id":"R0291","name":null,"highway":"tertiary","osm_way":1504783169,"width_m":9.0,"length_m":13.9,"surface_area":125.1,"catchment_m2":681.3,"inlet_capacity_lps":15.6,"nearest_drain":"MH-011","from_node":"J248700642","to_node":"J11190524912"},"geometry":{"type":"LineString","coordinates":[[80.238329,13.033205],[80.238452,13.033242]]}},{"type":"Feature","properties":{"id":"R0292","name":null,"highway":"tertiary","osm_way":1388442482,"width_m":9.0,"length_m":8.6,"surface_area":77.3,"catchment_m2":420.7,"inlet_capacity_lps":15.6,"nearest_drain":"MH-082","from_node":"J250363944","to_node":"J11770736432"},"geometry":{"type":"LineString","coordinates":[[80.229995,13.041042],[80.230028,13.040971]]}},{"type":"Feature","properties":{"id":"R0293","name":null,"highway":"tertiary","osm_way":604135772,"width_m":9.0,"length_m":60.0,"surface_area":540.2,"catchment_m2":2941.2,"inlet_capacity_lps":31.2,"nearest_drain":"MH-081","from_node":"J250363953","to_node":"J250364181"},"geometry":{"type":"LineString","coordinates":[[80.228954,13.041296],[80.229492,13.041168]]}},{"type":"Feature","properties":{"id":"R0294","name":null,"highway":"tertiary","osm_way":209535276,"width_m":9.0,"length_m":68.6,"surface_area":617.8,"catchment_m2":3363.8,"inlet_capacity_lps":31.2,"nearest_drain":"MH-082","from_node":"J250363967","to_node":"J250363968"},"geometry":{"type":"LineString","coordinates":[[80.229963,13.040931],[80.229346,13.04107]]}},{"type":"Feature","properties":{"id":"R0295","name":null,"highway":"tertiary","osm_way":209535276,"width_m":9.0,"length_m":47.0,"surface_area":422.8,"catchment_m2":2301.9,"inlet_capacity_lps":31.2,"nearest_drain":"MH-081","from_node":"J250363968","to_node":"J250363961"},"geometry":{"type":"LineString","coordinates":[[80.229346,13.04107],[80.228924,13.041168]]}},{"type":"Feature","properties":{"id":"R0296","name":null,"highway":"tertiary","osm_way":604135772,"width_m":9.0,"length_m":56.2,"surface_area":506.2,"catchment_m2":2756.0,"inlet_capacity_lps":31.2,"nearest_drain":"MH-082","from_node":"J250364181","to_node":"J250363944"},"geometry":{"type":"LineString","coordinates":[[80.229492,13.041168],[80.229995,13.041042]]}},{"type":"Feature","properties":{"id":"R0297","name":null,"highway":"tertiary","osm_way":1342095778,"width_m":9.0,"length_m":12.7,"surface_area":114.1,"catchment_m2":621.3,"inlet_capacity_lps":15.6,"nearest_drain":"MH-011","from_node":"J2197202941","to_node":"J12415866922"},"geometry":{"type":"LineString","coordinates":[[80.238269,13.033519],[80.238172,13.033455]]}},{"type":"Feature","properties":{"id":"R0298","name":null,"highway":"tertiary","osm_way":214356685,"width_m":9.0,"length_m":144.5,"surface_area":1300.2,"catchment_m2":7078.6,"inlet_capacity_lps":78.0,"nearest_drain":"MH-081","from_node":"J2239156072","to_node":"J277498286"},"geometry":{"type":"LineString","coordinates":[[80.227266,13.041624],[80.227359,13.041551],[80.228445,13.04124],[80.228524,13.04122]]}},{"type":"Feature","properties":{"id":"R0299","name":null,"highway":"tertiary","osm_way":1388442483,"width_m":9.0,"length_m":8.3,"surface_area":75.1,"catchment_m2":408.7,"inlet_capacity_lps":15.6,"nearest_drain":"MH-082","from_node":"J11770736432","to_node":"J250363967"},"geometry":{"type":"LineString","coordinates":[[80.230028,13.040971],[80.229963,13.040931]]}},{"type":"Feature","properties":{"id":"R0300","name":null,"highway":"tertiary","osm_way":214356675,"width_m":9.0,"length_m":148.3,"surface_area":1334.4,"catchment_m2":7265.2,"inlet_capacity_lps":78.0,"nearest_drain":"MH-081","from_node":"J11811628643","to_node":"J2239156072"},"geometry":{"type":"LineString","coordinates":[[80.22859,13.041396],[80.228501,13.041366],[80.228403,13.041372],[80.227388,13.041643],[80.227266,13.041624]]}},{"type":"Feature","properties":{"id":"R0301","name":null,"highway":"tertiary","osm_way":1349723862,"width_m":9.0,"length_m":45.4,"surface_area":408.4,"catchment_m2":2223.3,"inlet_capacity_lps":31.2,"nearest_drain":"MH-063","from_node":"J12506778079","to_node":"J13747795038"},"geometry":{"type":"LineString","coordinates":[[80.234518,13.03906],[80.2343,13.039408]]}},{"type":"Feature","properties":{"id":"R0302","name":null,"highway":"tertiary","osm_way":1349723862,"width_m":9.0,"length_m":166.6,"surface_area":1499.7,"catchment_m2":8164.8,"inlet_capacity_lps":93.6,"nearest_drain":"MH-075","from_node":"J13747795038","to_node":"J12486035346"},"geometry":{"type":"LineString","coordinates":[[80.2343,13.039408],[80.234276,13.039446],[80.233811,13.040227],[80.233721,13.040378],[80.2337,13.040413],[80.233664,13.040454],[80.233622,13.040487],[80.233504,13.040534],[80.233473,13.040551],[80.23343,13.040608]]}},{"type":"Feature","properties":{"id":"R0303","name":null,"highway":"tertiary","osm_way":1546943823,"width_m":9.0,"length_m":53.3,"surface_area":479.7,"catchment_m2":2611.7,"inlet_capacity_lps":31.2,"nearest_drain":"MH-025","from_node":"J14070407309","to_node":"J14070407304"},"geometry":{"type":"LineString","coordinates":[[80.22919,13.035196],[80.228768,13.035244],[80.228703,13.03526]]}},{"type":"Feature","properties":{"id":"R0304","name":null,"highway":"tertiary","osm_way":1546943823,"width_m":9.0,"length_m":70.2,"surface_area":631.9,"catchment_m2":3440.1,"inlet_capacity_lps":31.2,"nearest_drain":"MH-025","from_node":"J14070407310","to_node":"J14070407309"},"geometry":{"type":"LineString","coordinates":[[80.22983,13.035097],[80.22919,13.035196]]}},{"type":"Feature","properties":{"id":"R0305","name":null,"highway":"tertiary","osm_way":1546943823,"width_m":9.0,"length_m":37.8,"surface_area":339.9,"catchment_m2":1850.8,"inlet_capacity_lps":15.6,"nearest_drain":"MH-025","from_node":"J14070407311","to_node":"J14070407310"},"geometry":{"type":"LineString","coordinates":[[80.230173,13.035037],[80.230123,13.035048],[80.22983,13.035097]]}},{"type":"Feature","properties":{"id":"R0306","name":"3rd Street","highway":"residential","osm_way":1188778721,"width_m":6.0,"length_m":38.1,"surface_area":228.6,"catchment_m2":1371.4,"inlet_capacity_lps":7.8,"nearest_drain":"MH-139","from_node":"J298357535","to_node":"J298357539"},"geometry":{"type":"LineString","coordinates":[[80.229284,13.04693],[80.229249,13.046589]]}},{"type":"Feature","properties":{"id":"R0307","name":"3rd Street","highway":"residential","osm_way":27189826,"width_m":6.0,"length_m":38.5,"surface_area":231.1,"catchment_m2":1386.4,"inlet_capacity_lps":7.8,"nearest_drain":"MH-138","from_node":"J11038476543","to_node":"J11038476546"},"geometry":{"type":"LineString","coordinates":[[80.229015,13.046988],[80.22903,13.046961],[80.229027,13.046914],[80.228982,13.046648]]}},{"type":"Feature","properties":{"id":"R0308","name":"Anandhan Street","highway":"residential","osm_way":214356666,"width_m":6.0,"length_m":111.9,"surface_area":671.3,"catchment_m2":4027.5,"inlet_capacity_lps":31.2,"nearest_drain":"MH-128","from_node":"J2239156100","to_node":"J2239156096"},"geometry":{"type":"LineString","coordinates":[[80.231947,13.045532],[80.231806,13.044535]]}},{"type":"Feature","properties":{"id":"R0309","name":"Arcot Street","highway":"residential","osm_way":34230315,"width_m":6.0,"length_m":75.4,"surface_area":452.4,"catchment_m2":2714.2,"inlet_capacity_lps":23.4,"nearest_drain":"MH-058","from_node":"J250319292","to_node":"J250319261"},"geometry":{"type":"LineString","coordinates":[[80.240436,13.038639],[80.239746,13.038729]]}},{"type":"Feature","properties":{"id":"R0310","name":"Arulambal Street","highway":"residential","osm_way":23163980,"width_m":6.0,"length_m":28.7,"surface_area":172.4,"catchment_m2":1034.4,"inlet_capacity_lps":7.8,"nearest_drain":"MH-120","from_node":"J250364229","to_node":"J250364260"},"geometry":{"type":"LineString","coordinates":[[80.237749,13.044455],[80.237829,13.044701]]}},{"type":"Feature","properties":{"id":"R0311","name":"Arulambal Street","highway":"residential","osm_way":23163980,"width_m":6.0,"length_m":70.6,"surface_area":423.5,"catchment_m2":2541.1,"inlet_capacity_lps":15.6,"nearest_drain":"MH-120","from_node":"J250364260","to_node":"J250364480"},"geometry":{"type":"LineString","coordinates":[[80.237829,13.044701],[80.237977,13.045319]]}},{"type":"Feature","properties":{"id":"R0312","name":"Arulambal Street","highway":"residential","osm_way":23163980,"width_m":6.0,"length_m":53.5,"surface_area":320.9,"catchment_m2":1925.5,"inlet_capacity_lps":15.6,"nearest_drain":"MH-133","from_node":"J250364477","to_node":"J250364491"},"geometry":{"type":"LineString","coordinates":[[80.237999,13.045392],[80.238104,13.045862]]}},{"type":"Feature","properties":{"id":"R0313","name":"Arulambal Street","highway":"residential","osm_way":23163980,"width_m":6.0,"length_m":8.3,"surface_area":50.0,"catchment_m2":300.1,"inlet_capacity_lps":7.8,"nearest_drain":"MH-133","from_node":"J250364480","to_node":"J250364477"},"geometry":{"type":"LineString","coordinates":[[80.237977,13.045319],[80.237999,13.045392]]}},{"type":"Feature","properties":{"id":"R0314","name":"Arulambal Street","highway":"residential","osm_way":23163980,"width_m":6.0,"length_m":77.2,"surface_area":463.0,"catchment_m2":2777.8,"inlet_capacity_lps":23.4,"nearest_drain":"MH-146","from_node":"J250364491","to_node":"J250364070"},"geometry":{"type":"LineString","coordinates":[[80.238104,13.045862],[80.238251,13.04654]]}},{"type":"Feature","properties":{"id":"R0315","name":"Aziz Nagar Main Road","highway":"residential","osm_way":26763953,"width_m":6.0,"length_m":69.2,"surface_area":415.4,"catchment_m2":2492.6,"inlet_capacity_lps":15.6,"nearest_drain":"MH-137","from_node":"J293552724","to_node":"J2241075497"},"geometry":{"type":"LineString","coordinates":[[80.227745,13.046311],[80.227902,13.046915]]}},{"type":"Feature","properties":{"id":"R0316","name":"Baganantham Street","highway":"residential","osm_way":23161535,"width_m":6.0,"length_m":159.1,"surface_area":954.4,"catchment_m2":5726.6,"inlet_capacity_lps":39.0,"nearest_drain":"MH-042","from_node":"J250319160","to_node":"J250319172"},"geometry":{"type":"LineString","coordinates":[[80.239396,13.036047],[80.238776,13.036118],[80.237938,13.036217]]}},{"type":"Feature","properties":{"id":"R0317","name":"Baganantham Street","highway":"residential","osm_way":23161535,"width_m":6.0,"length_m":42.7,"surface_area":256.4,"catchment_m2":1538.4,"inlet_capacity_lps":7.8,"nearest_drain":"MH-041","from_node":"J250319172","to_node":"J250319184"},"geometry":{"type":"LineString","coordinates":[[80.237938,13.036217],[80.237826,13.036203],[80.237714,13.036173],[80.23757,13.036092]]}},{"type":"Feature","properties":{"id":"R0318","name":"Baganantham Street","highway":"residential","osm_way":23161535,"width_m":6.0,"length_m":87.0,"surface_area":522.3,"catchment_m2":3133.7,"inlet_capacity_lps":23.4,"nearest_drain":"MH-041","from_node":"J250319184","to_node":"J250319178"},"geometry":{"type":"LineString","coordinates":[[80.23757,13.036092],[80.2369,13.035661]]}},{"type":"Feature","properties":{"id":"R0319","name":"Basudev Street","highway":"residential","osm_way":23161526,"width_m":6.0,"length_m":95.5,"surface_area":572.8,"catchment_m2":3436.8,"inlet_capacity_lps":23.4,"nearest_drain":"MH-067","from_node":"J250319283","to_node":"J250319286"},"geometry":{"type":"LineString","coordinates":[[80.239876,13.039872],[80.240752,13.039777]]}},{"type":"Feature","properties":{"id":"R0320","name":"Car Track Road","highway":"residential","osm_way":23163969,"width_m":6.0,"length_m":79.0,"surface_area":474.0,"catchment_m2":2844.0,"inlet_capacity_lps":23.4,"nearest_drain":"MH-115","from_node":"J250364175","to_node":"J250737685"},"geometry":{"type":"LineString","coordinates":[[80.231005,13.044913],[80.230843,13.04422]]}},{"type":"Feature","properties":{"id":"R0321","name":"Car Track Road","highway":"residential","osm_way":23163969,"width_m":6.0,"length_m":68.2,"surface_area":409.0,"catchment_m2":2453.7,"inlet_capacity_lps":15.6,"nearest_drain":"MH-104","from_node":"J250737685","to_node":"J250737686"},"geometry":{"type":"LineString","coordinates":[[80.230843,13.04422],[80.230746,13.043615]]}},{"type":"Feature","properties":{"id":"R0322","name":"Car Track Road","highway":"residential","osm_way":23163969,"width_m":6.0,"length_m":82.3,"surface_area":493.6,"catchment_m2":2961.8,"inlet_capacity_lps":23.4,"nearest_drain":"MH-104","from_node":"J250737686","to_node":"J250364178"},"geometry":{"type":"LineString","coordinates":[[80.230746,13.043615],[80.230655,13.04288]]}},{"type":"Feature","properties":{"id":"R0323","name":"Coats Road","highway":"residential","osm_way":189500792,"width_m":6.0,"length_m":316.6,"surface_area":1899.6,"catchment_m2":11397.8,"inlet_capacity_lps":85.8,"nearest_drain":"MH-117","from_node":"J2001025751","to_node":"J2197203132"},"geometry":{"type":"LineString","coordinates":[[80.235363,13.043587],[80.232472,13.044003]]}},{"type":"Feature","properties":{"id":"R0324","name":"Crescent Park Street","highway":"residential","osm_way":23161537,"width_m":6.0,"length_m":261.4,"surface_area":1568.1,"catchment_m2":9408.7,"inlet_capacity_lps":70.2,"nearest_drain":"MH-051","from_node":"J308448452","to_node":"J250319149"},"geometry":{"type":"LineString","coordinates":[[80.237205,13.03788],[80.239601,13.037605]]}},{"type":"Feature","properties":{"id":"R0325","name":"Cross Street","highway":"residential","osm_way":27189833,"width_m":6.0,"length_m":67.8,"surface_area":406.8,"catchment_m2":2440.5,"inlet_capacity_lps":15.6,"nearest_drain":"MH-125","from_node":"J298357557","to_node":"J298357561"},"geometry":{"type":"LineString","coordinates":[[80.228313,13.046156],[80.228185,13.045559]]}},{"type":"Feature","properties":{"id":"R0326","name":"Cross Street","highway":"residential","osm_way":27189833,"width_m":6.0,"length_m":71.6,"surface_area":429.7,"catchment_m2":2578.3,"inlet_capacity_lps":15.6,"nearest_drain":"MH-125","from_node":"J298357561","to_node":"J298357564"},"geometry":{"type":"LineString","coordinates":[[80.228185,13.045559],[80.228058,13.044927]]}},{"type":"Feature","properties":{"id":"R0327","name":"Cross Street","highway":"residential","osm_way":27189833,"width_m":6.0,"length_m":75.2,"surface_area":451.1,"catchment_m2":2706.7,"inlet_capacity_lps":23.4,"nearest_drain":"MH-125","from_node":"J298357564","to_node":"J298357558"},"geometry":{"type":"LineString","coordinates":[[80.228058,13.044927],[80.227908,13.044267]]}},{"type":"Feature","properties":{"id":"R0328","name":"Damodaran Street","highway":"residential","osm_way":23047850,"width_m":6.0,"length_m":272.2,"surface_area":1633.5,"catchment_m2":9800.8,"inlet_capacity_lps":70.2,"nearest_drain":"MH-004","from_node":"J248700648","to_node":"J2237592515"},"geometry":{"type":"LineString","coordinates":[[80.233041,13.03352],[80.230529,13.033581]]}},{"type":"Feature","properties":{"id":"R0329","name":"Daniel Street","highway":"residential","osm_way":23163886,"width_m":6.0,"length_m":59.9,"surface_area":359.6,"catchment_m2":2157.9,"inlet_capacity_lps":15.6,"nearest_drain":"MH-079","from_node":"J250319286","to_node":"J2001025774"},"geometry":{"type":"LineString","coordinates":[[80.240752,13.039777],[80.24081,13.040257],[80.240817,13.040313]]}},{"type":"Feature","properties":{"id":"R0330","name":"Daniel Street","highway":"residential","osm_way":23163886,"width_m":6.0,"length_m":50.9,"surface_area":305.6,"catchment_m2":1833.6,"inlet_capacity_lps":15.6,"nearest_drain":"MH-068","from_node":"J250319302","to_node":"J250319286"},"geometry":{"type":"LineString","coordinates":[[80.24072,13.039321],[80.240752,13.039777]]}},{"type":"Feature","properties":{"id":"R0331","name":"Deena Dyalu Street","highway":"residential","osm_way":189504057,"width_m":6.0,"length_m":236.1,"surface_area":1416.8,"catchment_m2":8500.9,"inlet_capacity_lps":62.4,"nearest_drain":"MH-076","from_node":"J2274237336","to_node":"J2274237335"},"geometry":{"type":"LineString","coordinates":[[80.236031,13.040492],[80.238191,13.040205]]}},{"type":"Feature","properties":{"id":"R0332","name":"Dhandapani Street","highway":"residential","osm_way":189493180,"width_m":6.0,"length_m":107.4,"surface_area":644.3,"catchment_m2":3866.0,"inlet_capacity_lps":31.2,"nearest_drain":"MH-063","from_node":"J2001037432","to_node":"J2068622260"},"geometry":{"type":"LineString","coordinates":[[80.234466,13.038972],[80.234254,13.038185],[80.234222,13.038036]]}},{"type":"Feature","properties":{"id":"R0333","name":"Dhandapani Street","highway":"residential","osm_way":189493180,"width_m":6.0,"length_m":22.2,"surface_area":133.0,"catchment_m2":798.2,"inlet_capacity_lps":7.8,"nearest_drain":"MH-038","from_node":"J2068622248","to_node":"J2068622280"},"geometry":{"type":"LineString","coordinates":[[80.233876,13.036657],[80.23385,13.036459]]}},{"type":"Feature","properties":{"id":"R0334","name":"Dhandapani Street","highway":"residential","osm_way":189493180,"width_m":6.0,"length_m":61.4,"surface_area":368.1,"catchment_m2":2208.7,"inlet_capacity_lps":15.6,"nearest_drain":"MH-017","from_node":"J2068622249","to_node":"J247680992"},"geometry":{"type":"LineString","coordinates":[[80.233531,13.035165],[80.233473,13.034616]]}},{"type":"Feature","properties":{"id":"R0335","name":"Dhandapani Street","highway":"residential","osm_way":189493180,"width_m":6.0,"length_m":68.7,"surface_area":412.2,"catchment_m2":2473.3,"inlet_capacity_lps":15.6,"nearest_drain":"MH-055","from_node":"J2068622260","to_node":"J2068622265"},"geometry":{"type":"LineString","coordinates":[[80.234222,13.038036],[80.234068,13.037437]]}},{"type":"Feature","properties":{"id":"R0336","name":"Dhandapani Street","highway":"residential","osm_way":189493180,"width_m":6.0,"length_m":65.9,"surface_area":395.7,"catchment_m2":2374.1,"inlet_capacity_lps":15.6,"nearest_drain":"MH-027","from_node":"J2068622261","to_node":"J2068622274"},"geometry":{"type":"LineString","coordinates":[[80.233746,13.036058],[80.23361,13.03548]]}},{"type":"Feature","properties":{"id":"R0337","name":"Dhandapani Street","highway":"residential","osm_way":189493180,"width_m":6.0,"length_m":26.4,"surface_area":158.7,"catchment_m2":951.9,"inlet_capacity_lps":7.8,"nearest_drain":"MH-047","from_node":"J2068622265","to_node":"J2068622276"},"geometry":{"type":"LineString","coordinates":[[80.234068,13.037437],[80.234013,13.037205]]}},{"type":"Feature","properties":{"id":"R0338","name":"Dhandapani Street","highway":"residential","osm_way":189493180,"width_m":6.0,"length_m":36.2,"surface_area":216.9,"catchment_m2":1301.4,"inlet_capacity_lps":7.8,"nearest_drain":"MH-027","from_node":"J2068622274","to_node":"J2068622249"},"geometry":{"type":"LineString","coordinates":[[80.23361,13.03548],[80.233531,13.035165]]}},{"type":"Feature","properties":{"id":"R0339","name":"Dhandapani Street","highway":"residential","osm_way":189493180,"width_m":6.0,"length_m":62.7,"surface_area":376.4,"catchment_m2":2258.3,"inlet_capacity_lps":15.6,"nearest_drain":"MH-047","from_node":"J2068622276","to_node":"J2068622248"},"geometry":{"type":"LineString","coordinates":[[80.234013,13.037205],[80.233876,13.036657]]}},{"type":"Feature","properties":{"id":"R0340","name":"Dhandapani Street","highway":"residential","osm_way":189493180,"width_m":6.0,"length_m":46.0,"surface_area":275.7,"catchment_m2":1654.3,"inlet_capacity_lps":15.6,"nearest_drain":"MH-038","from_node":"J2068622280","to_node":"J2068622261"},"geometry":{"type":"LineString","coordinates":[[80.23385,13.036459],[80.233746,13.036058]]}},{"type":"Feature","properties":{"id":"R0341","name":"Gandhi Street","highway":"residential","osm_way":23163968,"width_m":6.0,"length_m":120.0,"surface_area":719.7,"catchment_m2":4318.4,"inlet_capacity_lps":31.2,"nearest_drain":"MH-114","from_node":"J250737685","to_node":"J250364035"},"geometry":{"type":"LineString","coordinates":[[80.230843,13.04422],[80.229771,13.044492]]}},{"type":"Feature","properties":{"id":"R0342","name":"Gopalakrishna Street","highway":"residential","osm_way":189501135,"width_m":6.0,"length_m":269.6,"surface_area":1617.6,"catchment_m2":9705.7,"inlet_capacity_lps":70.2,"nearest_drain":"MH-089","from_node":"J2001037450","to_node":"J2001025765"},"geometry":{"type":"LineString","coordinates":[[80.238414,13.041805],[80.238436,13.041982],[80.238464,13.042037],[80.238518,13.042066],[80.238631,13.042057],[80.239017,13.042003],[80.240676,13.041755]]}},{"type":"Feature","properties":{"id":"R0343","name":"Gopalakrishnan Street","highway":"residential","osm_way":189493179,"width_m":6.0,"length_m":23.7,"surface_area":142.1,"catchment_m2":852.6,"inlet_capacity_lps":7.8,"nearest_drain":"MH-089","from_node":"J2001037450","to_node":"J2068622282"},"geometry":{"type":"LineString","coordinates":[[80.238414,13.041805],[80.238197,13.041833]]}},{"type":"Feature","properties":{"id":"R0344","name":"Gopalakrishnan Street","highway":"residential","osm_way":189493179,"width_m":6.0,"length_m":210.9,"surface_area":1265.6,"catchment_m2":7593.6,"inlet_capacity_lps":54.6,"nearest_drain":"MH-089","from_node":"J2068622282","to_node":"J2001005502"},"geometry":{"type":"LineString","coordinates":[[80.238197,13.041833],[80.236259,13.042018]]}},{"type":"Feature","properties":{"id":"R0345","name":"Govindu Street","highway":"residential","osm_way":189500780,"width_m":6.0,"length_m":309.0,"surface_area":1853.8,"catchment_m2":11122.6,"inlet_capacity_lps":78.0,"nearest_drain":"MH-105","from_node":"J2068622268","to_node":"J2197203129"},"geometry":{"type":"LineString","coordinates":[[80.235171,13.042369],[80.235126,13.042447],[80.235016,13.042507],[80.232425,13.042969]]}},{"type":"Feature","properties":{"id":"R0346","name":"Guild Street","highway":"residential","osm_way":23163929,"width_m":6.0,"length_m":51.0,"surface_area":306.1,"catchment_m2":1836.6,"inlet_capacity_lps":15.6,"nearest_drain":"MH-025","from_node":"J248700566","to_node":"J250363780"},"geometry":{"type":"LineString","coordinates":[[80.229602,13.035205],[80.229639,13.03544],[80.229694,13.035654]]}},{"type":"Feature","properties":{"id":"R0347","name":"Guild Street","highway":"residential","osm_way":23163929,"width_m":6.0,"length_m":64.4,"surface_area":386.6,"catchment_m2":2319.8,"inlet_capacity_lps":15.6,"nearest_drain":"MH-025","from_node":"J250363780","to_node":"J250363778"},"geometry":{"type":"LineString","coordinates":[[80.229694,13.035654],[80.229871,13.036207]]}},{"type":"Feature","properties":{"id":"R0348","name":"Hanumanthan Street","highway":"residential","osm_way":23163986,"width_m":6.0,"length_m":109.7,"surface_area":658.5,"catchment_m2":3951.0,"inlet_capacity_lps":31.2,"nearest_drain":"MH-130","from_node":"J250364291","to_node":"J250364295"},"geometry":{"type":"LineString","coordinates":[[80.233492,13.046509],[80.233309,13.045539]]}},{"type":"Feature","properties":{"id":"R0349","name":"Hanumanthan Street","highway":"residential","osm_way":23163986,"width_m":6.0,"length_m":62.8,"surface_area":376.7,"catchment_m2":2260.3,"inlet_capacity_lps":15.6,"nearest_drain":"MH-130","from_node":"J250364295","to_node":"J250364293"},"geometry":{"type":"LineString","coordinates":[[80.233309,13.045539],[80.233203,13.044983]]}},{"type":"Feature","properties":{"id":"R0350","name":"Hensman Road","highway":"residential","osm_way":23047844,"width_m":6.0,"length_m":10.9,"surface_area":65.2,"catchment_m2":391.3,"inlet_capacity_lps":7.8,"nearest_drain":"MH-048","from_node":"J308448447","to_node":"J308448465"},"geometry":{"type":"LineString","coordinates":[[80.235562,13.037729],[80.235473,13.037684]]}},{"type":"Feature","properties":{"id":"R0351","name":"Hensman Road","highway":"residential","osm_way":23047844,"width_m":6.0,"length_m":92.2,"surface_area":552.9,"catchment_m2":3317.4,"inlet_capacity_lps":23.4,"nearest_drain":"MH-048","from_node":"J308448465","to_node":"J308448468"},"geometry":{"type":"LineString","coordinates":[[80.235473,13.037684],[80.23537,13.037587],[80.235228,13.037407],[80.235191,13.037265],[80.235191,13.037079],[80.235247,13.036961]]}},{"type":"Feature","properties":{"id":"R0352","name":"Hensman Road","highway":"residential","osm_way":23047844,"width_m":6.0,"length_m":106.6,"surface_area":639.8,"catchment_m2":3838.8,"inlet_capacity_lps":31.2,"nearest_drain":"MH-039","from_node":"J308448468","to_node":"J2197202951"},"geometry":{"type":"LineString","coordinates":[[80.235247,13.036961],[80.235426,13.03672],[80.235624,13.036652],[80.235872,13.03667],[80.23601,13.036726],[80.236071,13.03676]]}},{"type":"Feature","properties":{"id":"R0353","name":"Hensman Road","highway":"residential","osm_way":23047844,"width_m":6.0,"length_m":10.8,"surface_area":65.0,"catchment_m2":389.9,"inlet_capacity_lps":7.8,"nearest_drain":"MH-039","from_node":"J2197202951","to_node":"J248700636"},"geometry":{"type":"LineString","coordinates":[[80.236071,13.03676],[80.236149,13.036821]]}},{"type":"Feature","properties":{"id":"R0354","name":"Hindi Prachar saba road","highway":"residential","osm_way":1448933854,"width_m":6.0,"length_m":7.6,"surface_area":45.7,"catchment_m2":274.5,"inlet_capacity_lps":7.8,"nearest_drain":"MH-021","from_node":"J10536378854","to_node":"J13291559773"},"geometry":{"type":"LineString","coordinates":[[80.239834,13.034008],[80.239847,13.034076]]}},{"type":"Feature","properties":{"id":"R0355","name":"Jagadambal Street","highway":"residential","osm_way":23163994,"width_m":6.0,"length_m":121.0,"surface_area":725.8,"catchment_m2":4354.8,"inlet_capacity_lps":31.2,"nearest_drain":"MH-110","from_node":"J250364431","to_node":"J250364321"},"geometry":{"type":"LineString","coordinates":[[80.239717,13.042903],[80.240815,13.042705]]}},{"type":"Feature","properties":{"id":"R0356","name":"Jagadambal Street","highway":"residential","osm_way":23163994,"width_m":6.0,"length_m":102.3,"surface_area":613.7,"catchment_m2":3682.1,"inlet_capacity_lps":23.4,"nearest_drain":"MH-110","from_node":"J1701464404","to_node":"J250364431"},"geometry":{"type":"LineString","coordinates":[[80.238789,13.043074],[80.239717,13.042903]]}},{"type":"Feature","properties":{"id":"R0357","name":"Janaki Ram Street","highway":"residential","osm_way":27189919,"width_m":6.0,"length_m":108.1,"surface_area":648.3,"catchment_m2":3890.0,"inlet_capacity_lps":31.2,"nearest_drain":"MH-103","from_node":"J277498287","to_node":"J298357981"},"geometry":{"type":"LineString","coordinates":[[80.229075,13.043181],[80.228093,13.043346]]}},{"type":"Feature","properties":{"id":"R0358","name":"Janaki Ram Street","highway":"residential","osm_way":27189919,"width_m":6.0,"length_m":38.9,"surface_area":233.2,"catchment_m2":1399.3,"inlet_capacity_lps":7.8,"nearest_drain":"MH-102","from_node":"J298357981","to_node":"J11594047068"},"geometry":{"type":"LineString","coordinates":[[80.228093,13.043346],[80.227829,13.043403],[80.227787,13.043411],[80.227745,13.04343]]}},{"type":"Feature","properties":{"id":"R0359","name":"Kamalabhai Street","highway":"residential","osm_way":23164012,"width_m":6.0,"length_m":30.1,"surface_area":180.9,"catchment_m2":1085.4,"inlet_capacity_lps":7.8,"nearest_drain":"MH-110","from_node":"J250364431","to_node":"J11606901617"},"geometry":{"type":"LineString","coordinates":[[80.239717,13.042903],[80.239741,13.043173]]}},{"type":"Feature","properties":{"id":"R0360","name":"Kamalabhai Street","highway":"residential","osm_way":23164012,"width_m":6.0,"length_m":18.8,"surface_area":112.7,"catchment_m2":676.3,"inlet_capacity_lps":7.8,"nearest_drain":"MH-122","from_node":"J11606901608","to_node":"J13737209085"},"geometry":{"type":"LineString","coordinates":[[80.239608,13.04379],[80.239524,13.043938]]}},{"type":"Feature","properties":{"id":"R0361","name":"Kamalabhai Street","highway":"residential","osm_way":23164012,"width_m":6.0,"length_m":21.2,"surface_area":127.4,"catchment_m2":764.5,"inlet_capacity_lps":7.8,"nearest_drain":"MH-110","from_node":"J11606901610","to_node":"J11606901608"},"geometry":{"type":"LineString","coordinates":[[80.239699,13.04362],[80.239608,13.04379]]}},{"type":"Feature","properties":{"id":"R0362","name":"Kamalabhai Street","highway":"residential","osm_way":23164012,"width_m":6.0,"length_m":14.4,"surface_area":86.2,"catchment_m2":517.5,"inlet_capacity_lps":7.8,"nearest_drain":"MH-110","from_node":"J11606901615","to_node":"J11606901610"},"geometry":{"type":"LineString","coordinates":[[80.239761,13.043506],[80.239699,13.04362]]}},{"type":"Feature","properties":{"id":"R0363","name":"Kamalabhai Street","highway":"residential","osm_way":23164012,"width_m":6.0,"length_m":37.4,"surface_area":224.2,"catchment_m2":1345.3,"inlet_capacity_lps":7.8,"nearest_drain":"MH-110","from_node":"J11606901617","to_node":"J11606901615"},"geometry":{"type":"LineString","coordinates":[[80.239741,13.043173],[80.23977,13.043489],[80.239761,13.043506]]}},{"type":"Feature","properties":{"id":"R0364","name":"Kamalabhai Street","highway":"residential","osm_way":23164012,"width_m":6.0,"length_m":61.5,"surface_area":368.8,"catchment_m2":2212.7,"inlet_capacity_lps":15.6,"nearest_drain":"MH-122","from_node":"J13737209085","to_node":"J308209331"},"geometry":{"type":"LineString","coordinates":[[80.239524,13.043938],[80.239498,13.043984],[80.239259,13.044427]]}},{"type":"Feature","properties":{"id":"R0365","name":"Kannadasan Salai","highway":"residential","osm_way":27171622,"width_m":6.0,"length_m":75.9,"surface_area":455.2,"catchment_m2":2731.4,"inlet_capacity_lps":23.4,"nearest_drain":"MH-040","from_node":"J248700636","to_node":"J3907625264"},"geometry":{"type":"LineString","coordinates":[[80.236149,13.036821],[80.236746,13.037178]]}},{"type":"Feature","properties":{"id":"R0366","name":"Kannadasan Salai","highway":"residential","osm_way":27171622,"width_m":6.0,"length_m":14.4,"surface_area":86.5,"catchment_m2":519.0,"inlet_capacity_lps":7.8,"nearest_drain":"MH-057","from_node":"J308448452","to_node":"J2216189489"},"geometry":{"type":"LineString","coordinates":[[80.237205,13.03788],[80.237191,13.037942],[80.237154,13.037997]]}},{"type":"Feature","properties":{"id":"R0367","name":"Kannadasan Salai","highway":"residential","osm_way":27171622,"width_m":6.0,"length_m":59.8,"surface_area":358.5,"catchment_m2":2151.1,"inlet_capacity_lps":15.6,"nearest_drain":"MH-056","from_node":"J2216189489","to_node":"J308448448"},"geometry":{"type":"LineString","coordinates":[[80.237154,13.037997],[80.237,13.038173],[80.236893,13.03825],[80.236799,13.038295],[80.236724,13.038308]]}},{"type":"Feature","properties":{"id":"R0368","name":"Kannadasan Salai","highway":"residential","osm_way":27171622,"width_m":6.0,"length_m":97.2,"surface_area":583.4,"catchment_m2":3500.6,"inlet_capacity_lps":23.4,"nearest_drain":"MH-050","from_node":"J3907625264","to_node":"J308448452"},"geometry":{"type":"LineString","coordinates":[[80.236746,13.037178],[80.236909,13.037292],[80.237054,13.037423],[80.237117,13.037513],[80.237142,13.037601],[80.23718,13.037741],[80.2372,13.037822],[80.237205,13.03788]]}},{"type":"Feature","properties":{"id":"R0369","name":"Krishna Rao Street","highway":"residential","osm_way":23161525,"width_m":6.0,"length_m":98.2,"surface_area":589.2,"catchment_m2":3535.1,"inlet_capacity_lps":23.4,"nearest_drain":"MH-059","from_node":"J250319302","to_node":"J250319292"},"geometry":{"type":"LineString","coordinates":[[80.24072,13.039321],[80.240589,13.039324],[80.240522,13.039315],[80.240497,13.03929],[80.240436,13.038639]]}},{"type":"Feature","properties":{"id":"R0370","name":"Krishna Swamy Street","highway":"residential","osm_way":23164018,"width_m":6.0,"length_m":86.9,"surface_area":521.4,"catchment_m2":3128.3,"inlet_capacity_lps":23.4,"nearest_drain":"MH-141","from_node":"J2197415684","to_node":"J2239156103"},"geometry":{"type":"LineString","coordinates":[[80.232728,13.046012],[80.231933,13.04612]]}},{"type":"Feature","properties":{"id":"R0371","name":"Krishnan Street","highway":"residential","osm_way":410614950,"width_m":6.0,"length_m":78.5,"surface_area":471.0,"catchment_m2":2826.0,"inlet_capacity_lps":23.4,"nearest_drain":"MH-142","from_node":"J250364576","to_node":"J2197415689"},"geometry":{"type":"LineString","coordinates":[[80.232118,13.046705],[80.232834,13.046595]]}},{"type":"Feature","properties":{"id":"R0372","name":"Krishnan Street","highway":"residential","osm_way":410614950,"width_m":6.0,"length_m":8.1,"surface_area":48.3,"catchment_m2":289.9,"inlet_capacity_lps":7.8,"nearest_drain":"MH-142","from_node":"J2197415689","to_node":"J250364290"},"geometry":{"type":"LineString","coordinates":[[80.232834,13.046595],[80.232908,13.046593]]}},{"type":"Feature","properties":{"id":"R0373","name":"Kuppusamy Street","highway":"residential","osm_way":29381606,"width_m":6.0,"length_m":5.2,"surface_area":31.3,"catchment_m2":187.7,"inlet_capacity_lps":7.8,"nearest_drain":"MH-134","from_node":"J250364454","to_node":"J11606705326"},"geometry":{"type":"LineString","coordinates":[[80.238741,13.045239],[80.238694,13.045249]]}},{"type":"Feature","properties":{"id":"R0374","name":"Kuppusamy Street","highway":"residential","osm_way":29381606,"width_m":6.0,"length_m":76.6,"surface_area":459.8,"catchment_m2":2758.5,"inlet_capacity_lps":23.4,"nearest_drain":"MH-134","from_node":"J308209326","to_node":"J11607008232"},"geometry":{"type":"LineString","coordinates":[[80.239128,13.044569],[80.238837,13.045073],[80.238781,13.045169]]}},{"type":"Feature","properties":{"id":"R0375","name":"Kuppusamy Street","highway":"residential","osm_way":29381606,"width_m":6.0,"length_m":7.0,"surface_area":41.7,"catchment_m2":250.3,"inlet_capacity_lps":7.8,"nearest_drain":"MH-134","from_node":"J11606705326","to_node":"J11606705334"},"geometry":{"type":"LineString","coordinates":[[80.238694,13.045249],[80.238631,13.045262]]}},{"type":"Feature","properties":{"id":"R0376","name":"Kuppusamy Street","highway":"residential","osm_way":29381606,"width_m":6.0,"length_m":70.0,"surface_area":420.0,"catchment_m2":2519.9,"inlet_capacity_lps":15.6,"nearest_drain":"MH-133","from_node":"J11606705334","to_node":"J250364477"},"geometry":{"type":"LineString","coordinates":[[80.238631,13.045262],[80.237999,13.045392]]}},{"type":"Feature","properties":{"id":"R0377","name":"Kuppusamy Street","highway":"residential","osm_way":29381606,"width_m":6.0,"length_m":8.9,"surface_area":53.7,"catchment_m2":322.0,"inlet_capacity_lps":7.8,"nearest_drain":"MH-134","from_node":"J11607008232","to_node":"J250364454"},"geometry":{"type":"LineString","coordinates":[[80.238781,13.045169],[80.238741,13.045239]]}},{"type":"Feature","properties":{"id":"R0378","name":"Lakshmanan Chetty Street","highway":"residential","osm_way":23163978,"width_m":6.0,"length_m":194.5,"surface_area":1166.8,"catchment_m2":7001.1,"inlet_capacity_lps":46.8,"nearest_drain":"MH-120","from_node":"J250364206","to_node":"J250364256"},"geometry":{"type":"LineString","coordinates":[[80.237216,13.04396],[80.235458,13.044316]]}},{"type":"Feature","properties":{"id":"R0379","name":"Lakshmi Narasimman Street","highway":"residential","osm_way":1524306988,"width_m":6.0,"length_m":5.9,"surface_area":35.6,"catchment_m2":213.8,"inlet_capacity_lps":7.8,"nearest_drain":"MH-072","from_node":"J250363934","to_node":"J2197415649"},"geometry":{"type":"LineString","coordinates":[[80.231038,13.040738],[80.23105,13.04079]]}},{"type":"Feature","properties":{"id":"R0380","name":"Lakshmi Narasimman Street","highway":"residential","osm_way":27173496,"width_m":6.0,"length_m":117.2,"surface_area":703.0,"catchment_m2":4217.8,"inlet_capacity_lps":31.2,"nearest_drain":"MH-072","from_node":"J2197415649","to_node":"J298153611"},"geometry":{"type":"LineString","coordinates":[[80.23105,13.04079],[80.231242,13.041827]]}},{"type":"Feature","properties":{"id":"R0381","name":"Laksmikandan Street","highway":"residential","osm_way":189504058,"width_m":6.0,"length_m":149.4,"surface_area":896.6,"catchment_m2":5379.7,"inlet_capacity_lps":39.0,"nearest_drain":"MH-077","from_node":"J2274237335","to_node":"J2068622257"},"geometry":{"type":"LineString","coordinates":[[80.238191,13.040205],[80.239559,13.040034]]}},{"type":"Feature","properties":{"id":"R0382","name":"Madley 1st Street","highway":"residential","osm_way":23163915,"width_m":6.0,"length_m":161.1,"surface_area":966.7,"catchment_m2":5800.5,"inlet_capacity_lps":39.0,"nearest_drain":"MH-003","from_node":"J250363692","to_node":"J250363698"},"geometry":{"type":"LineString","coordinates":[[80.22905,13.033947],[80.228421,13.034047],[80.227808,13.03418],[80.227617,13.034233],[80.227597,13.034246]]}},{"type":"Feature","properties":{"id":"R0383","name":"Madley 2nd Street","highway":"residential","osm_way":23163914,"width_m":6.0,"length_m":172.7,"surface_area":1036.5,"catchment_m2":6218.7,"inlet_capacity_lps":46.8,"nearest_drain":"MH-002","from_node":"J250363673","to_node":"J250363680"},"geometry":{"type":"LineString","coordinates":[[80.228973,13.033331],[80.228109,13.033478],[80.227439,13.033727]]}},{"type":"Feature","properties":{"id":"R0384","name":"Madley 2nd Street","highway":"residential","osm_way":23163914,"width_m":6.0,"length_m":73.3,"surface_area":439.6,"catchment_m2":2637.4,"inlet_capacity_lps":15.6,"nearest_drain":"MH-001","from_node":"J250363680","to_node":"J2216189473"},"geometry":{"type":"LineString","coordinates":[[80.227439,13.033727],[80.227259,13.033105],[80.227253,13.033093]]}},{"type":"Feature","properties":{"id":"R0385","name":"Madurai Veeran Street","highway":"residential","osm_way":24831763,"width_m":6.0,"length_m":75.9,"surface_area":455.6,"catchment_m2":2733.7,"inlet_capacity_lps":23.4,"nearest_drain":"MH-007","from_node":"J248700643","to_node":"J248700644"},"geometry":{"type":"LineString","coordinates":[[80.23411,13.033088],[80.234115,13.033771]]}},{"type":"Feature","properties":{"id":"R0386","name":"Mahalakshmi Street","highway":"residential","osm_way":23047839,"width_m":6.0,"length_m":333.0,"surface_area":1998.2,"catchment_m2":11989.3,"inlet_capacity_lps":85.8,"nearest_drain":"MH-027","from_node":"J2068622249","to_node":"J2197215508"},"geometry":{"type":"LineString","coordinates":[[80.233531,13.035165],[80.230583,13.036015]]}},{"type":"Feature","properties":{"id":"R0387","name":"Maharajapuram Santhanam Salai","highway":"residential","osm_way":23163951,"width_m":6.0,"length_m":16.5,"surface_area":98.8,"catchment_m2":592.7,"inlet_capacity_lps":7.8,"nearest_drain":"MH-095","from_node":"J245579175","to_node":"J6497080775"},"geometry":{"type":"LineString","coordinates":[[80.232266,13.042675],[80.232406,13.042619]]}},{"type":"Feature","properties":{"id":"R0388","name":"Maharajapuram Santhanam Salai","highway":"residential","osm_way":23163951,"width_m":6.0,"length_m":61.0,"surface_area":366.1,"catchment_m2":2196.7,"inlet_capacity_lps":15.6,"nearest_drain":"MH-103","from_node":"J250364033","to_node":"J250364184"},"geometry":{"type":"LineString","coordinates":[[80.229387,13.043041],[80.229943,13.042959]]}},{"type":"Feature","properties":{"id":"R0389","name":"Maharajapuram Santhanam Salai","highway":"residential","osm_way":23163951,"width_m":6.0,"length_m":175.9,"surface_area":1055.6,"catchment_m2":6333.9,"inlet_capacity_lps":46.8,"nearest_drain":"MH-095","from_node":"J250364178","to_node":"J245579175"},"geometry":{"type":"LineString","coordinates":[[80.230655,13.04288],[80.232266,13.042675]]}},{"type":"Feature","properties":{"id":"R0390","name":"Maharajapuram Santhanam Salai","highway":"residential","osm_way":23163951,"width_m":6.0,"length_m":77.6,"surface_area":465.7,"catchment_m2":2794.1,"inlet_capacity_lps":23.4,"nearest_drain":"MH-103","from_node":"J250364184","to_node":"J250364178"},"geometry":{"type":"LineString","coordinates":[[80.229943,13.042959],[80.230655,13.04288]]}},{"type":"Feature","properties":{"id":"R0391","name":"Mangesh Street","highway":"residential","osm_way":23163948,"width_m":6.0,"length_m":57.9,"surface_area":347.5,"catchment_m2":2085.1,"inlet_capacity_lps":15.6,"nearest_drain":"MH-070","from_node":"J250364032","to_node":"J11876709352"},"geometry":{"type":"LineString","coordinates":[[80.229116,13.040219],[80.228659,13.040346],[80.228601,13.040361]]}},{"type":"Feature","properties":{"id":"R0392","name":"Mangesh Street","highway":"residential","osm_way":23163948,"width_m":6.0,"length_m":269.6,"surface_area":1617.9,"catchment_m2":9707.3,"inlet_capacity_lps":70.2,"nearest_drain":"MH-061","from_node":"J2068622264","to_node":"J250364032"},"geometry":{"type":"LineString","coordinates":[[80.231566,13.039799],[80.230451,13.039993],[80.229976,13.040051],[80.229116,13.040219]]}},{"type":"Feature","properties":{"id":"R0393","name":"Mannar Street","highway":"residential","osm_way":23047855,"width_m":6.0,"length_m":283.8,"surface_area":1702.5,"catchment_m2":10215.0,"inlet_capacity_lps":70.2,"nearest_drain":"MH-016","from_node":"J248700659","to_node":"J2237592529"},"geometry":{"type":"LineString","coordinates":[[80.233069,13.0341],[80.232089,13.034181],[80.231521,13.034209],[80.23117,13.034238],[80.230455,13.034263]]}},{"type":"Feature","properties":{"id":"R0394","name":"Mannar Street","highway":"residential","osm_way":1530014499,"width_m":6.0,"length_m":9.4,"surface_area":56.1,"catchment_m2":336.9,"inlet_capacity_lps":7.8,"nearest_drain":"MH-015","from_node":"J2237592529","to_node":"J6497450229"},"geometry":{"type":"LineString","coordinates":[[80.230455,13.034263],[80.230369,13.034259]]}},{"type":"Feature","properties":{"id":"R0395","name":"Masilamani Street","highway":"residential","osm_way":189504056,"width_m":6.0,"length_m":37.3,"surface_area":223.9,"catchment_m2":1343.2,"inlet_capacity_lps":7.8,"nearest_drain":"MH-067","from_node":"J2068622272","to_node":"J2001077836"},"geometry":{"type":"LineString","coordinates":[[80.239438,13.039142],[80.239778,13.039094]]}},{"type":"Feature","properties":{"id":"R0396","name":"Masilamani Street","highway":"residential","osm_way":189504056,"width_m":6.0,"length_m":165.9,"surface_area":995.5,"catchment_m2":5973.1,"inlet_capacity_lps":46.8,"nearest_drain":"MH-066","from_node":"J11815824213","to_node":"J2068622272"},"geometry":{"type":"LineString","coordinates":[[80.237921,13.03935],[80.239438,13.039142]]}},{"type":"Feature","properties":{"id":"R0397","name":"Moosa Street","highway":"residential","osm_way":1392518386,"width_m":6.0,"length_m":80.8,"surface_area":484.9,"catchment_m2":2909.3,"inlet_capacity_lps":23.4,"nearest_drain":"MH-007","from_node":"J248700644","to_node":"J11786597962"},"geometry":{"type":"LineString","coordinates":[[80.234115,13.033771],[80.233371,13.033717]]}},{"type":"Feature","properties":{"id":"R0398","name":"Moosa Street","highway":"residential","osm_way":1201836530,"width_m":6.0,"length_m":192.6,"surface_area":1155.8,"catchment_m2":6934.6,"inlet_capacity_lps":46.8,"nearest_drain":"MH-008","from_node":"J248700645","to_node":"J2168721271"},"geometry":{"type":"LineString","coordinates":[[80.236985,13.033651],[80.235208,13.033716]]}},{"type":"Feature","properties":{"id":"R0399","name":"Moosa Street","highway":"residential","osm_way":1201836530,"width_m":6.0,"length_m":118.5,"surface_area":711.0,"catchment_m2":4265.9,"inlet_capacity_lps":31.2,"nearest_drain":"MH-007","from_node":"J2168721271","to_node":"J248700644"},"geometry":{"type":"LineString","coordinates":[[80.235208,13.033716],[80.234115,13.033771]]}},{"type":"Feature","properties":{"id":"R0400","name":"Moosa Street","highway":"residential","osm_way":1392518386,"width_m":6.0,"length_m":35.0,"surface_area":210.2,"catchment_m2":1261.1,"inlet_capacity_lps":7.8,"nearest_drain":"MH-006","from_node":"J11786597962","to_node":"J248700646"},"geometry":{"type":"LineString","coordinates":[[80.233371,13.033717],[80.233049,13.033694]]}},{"type":"Feature","properties":{"id":"R0401","name":"Mothilol street","highway":"residential","osm_way":189493198,"width_m":6.0,"length_m":327.7,"surface_area":1966.4,"catchment_m2":11798.6,"inlet_capacity_lps":85.8,"nearest_drain":"MH-037","from_node":"J2068622261","to_node":"J2197215512"},"geometry":{"type":"LineString","coordinates":[[80.233746,13.036058],[80.230846,13.036898]]}},{"type":"Feature","properties":{"id":"R0402","name":"Murugesan Street","highway":"residential","osm_way":189500786,"width_m":6.0,"length_m":313.5,"surface_area":1880.9,"catchment_m2":11285.6,"inlet_capacity_lps":78.0,"nearest_drain":"MH-119","from_node":"J2001025744","to_node":"J2197203133"},"geometry":{"type":"LineString","coordinates":[[80.235427,13.044106],[80.232572,13.044565]]}},{"type":"Feature","properties":{"id":"R0403","name":"Muthurangam Road","highway":"residential","osm_way":160274859,"width_m":6.0,"length_m":69.0,"surface_area":414.2,"catchment_m2":2485.3,"inlet_capacity_lps":15.6,"nearest_drain":"MH-003","from_node":"J250363673","to_node":"J250363692"},"geometry":{"type":"LineString","coordinates":[[80.228973,13.033331],[80.229028,13.033762],[80.22905,13.033947]]}},{"type":"Feature","properties":{"id":"R0404","name":"Muthurangam Road","highway":"residential","osm_way":160274859,"width_m":6.0,"length_m":139.7,"surface_area":838.3,"catchment_m2":5030.0,"inlet_capacity_lps":39.0,"nearest_drain":"MH-025","from_node":"J250363692","to_node":"J14070407309"},"geometry":{"type":"LineString","coordinates":[[80.22905,13.033947],[80.229056,13.034004],[80.22907,13.034133],[80.229106,13.034449],[80.22919,13.035196]]}},{"type":"Feature","properties":{"id":"R0405","name":"Muthurangam Road","highway":"residential","osm_way":160274859,"width_m":6.0,"length_m":7.9,"surface_area":47.2,"catchment_m2":283.0,"inlet_capacity_lps":7.8,"nearest_drain":"MH-025","from_node":"J14070407309","to_node":"J248700567"},"geometry":{"type":"LineString","coordinates":[[80.22919,13.035196],[80.229197,13.035267]]}},{"type":"Feature","properties":{"id":"R0406","name":"Mylai Ranganathan Street","highway":"residential","osm_way":23161534,"width_m":6.0,"length_m":301.4,"surface_area":1808.5,"catchment_m2":10851.1,"inlet_capacity_lps":78.0,"nearest_drain":"MH-042","from_node":"J3907625264","to_node":"J250319155"},"geometry":{"type":"LineString","coordinates":[[80.236746,13.037178],[80.239507,13.036845]]}},{"type":"Feature","properties":{"id":"R0407","name":"Nano Rao Road","highway":"residential","osm_way":189493196,"width_m":6.0,"length_m":213.2,"surface_area":1279.3,"catchment_m2":7675.9,"inlet_capacity_lps":54.6,"nearest_drain":"MH-076","from_node":"J3907623863","to_node":"J2001005478"},"geometry":{"type":"LineString","coordinates":[[80.235988,13.04012],[80.23468,13.040294],[80.234604,13.040305],[80.234527,13.040311],[80.234468,13.040303],[80.234078,13.040116]]}},{"type":"Feature","properties":{"id":"R0408","name":"Natesan Street","highway":"residential","osm_way":23163926,"width_m":6.0,"length_m":35.7,"surface_area":214.0,"catchment_m2":1283.7,"inlet_capacity_lps":7.8,"nearest_drain":"MH-035","from_node":"J250363731","to_node":"J250363751"},"geometry":{"type":"LineString","coordinates":[[80.227733,13.036902],[80.228046,13.036803]]}},{"type":"Feature","properties":{"id":"R0409","name":"Natesan Street","highway":"residential","osm_way":23163926,"width_m":6.0,"length_m":28.1,"surface_area":168.3,"catchment_m2":1010.1,"inlet_capacity_lps":7.8,"nearest_drain":"MH-035","from_node":"J250363751","to_node":"J250363755"},"geometry":{"type":"LineString","coordinates":[[80.228046,13.036803],[80.228283,13.036699]]}},{"type":"Feature","properties":{"id":"R0410","name":"Natesan Street","highway":"residential","osm_way":23163926,"width_m":6.0,"length_m":25.4,"surface_area":152.2,"catchment_m2":913.0,"inlet_capacity_lps":7.8,"nearest_drain":"MH-035","from_node":"J250363755","to_node":"J250363890"},"geometry":{"type":"LineString","coordinates":[[80.228283,13.036699],[80.228507,13.036634]]}},{"type":"Feature","properties":{"id":"R0411","name":"Natesan Street","highway":"residential","osm_way":23163926,"width_m":6.0,"length_m":68.0,"surface_area":407.8,"catchment_m2":2446.8,"inlet_capacity_lps":15.6,"nearest_drain":"MH-036","from_node":"J250363778","to_node":"J247074856"},"geometry":{"type":"LineString","coordinates":[[80.229871,13.036207],[80.230463,13.036006]]}},{"type":"Feature","properties":{"id":"R0412","name":"Natesan Street","highway":"residential","osm_way":23163926,"width_m":6.0,"length_m":155.2,"surface_area":931.0,"catchment_m2":5586.2,"inlet_capacity_lps":39.0,"nearest_drain":"MH-035","from_node":"J250363890","to_node":"J250363778"},"geometry":{"type":"LineString","coordinates":[[80.228507,13.036634],[80.229871,13.036207]]}},{"type":"Feature","properties":{"id":"R0413","name":"Nathamuni Street","highway":"residential","osm_way":189500794,"width_m":6.0,"length_m":363.0,"surface_area":2177.7,"catchment_m2":13066.3,"inlet_capacity_lps":93.6,"nearest_drain":"MH-105","from_node":"J2001025766","to_node":"J2197203130"},"geometry":{"type":"LineString","coordinates":[[80.235435,13.042513],[80.235214,13.04291],[80.235136,13.043001],[80.235061,13.043043],[80.234994,13.043065],[80.232431,13.043533]]}},{"type":"Feature","properties":{"id":"R0414","name":"Nehru Street","highway":"residential","osm_way":27173444,"width_m":6.0,"length_m":70.2,"surface_area":421.4,"catchment_m2":2528.6,"inlet_capacity_lps":15.6,"nearest_drain":"MH-104","from_node":"J250737686","to_node":"J9189087207"},"geometry":{"type":"LineString","coordinates":[[80.230746,13.043615],[80.230107,13.043724]]}},{"type":"Feature","properties":{"id":"R0415","name":"Nehru Street","highway":"residential","osm_way":27173444,"width_m":6.0,"length_m":57.2,"surface_area":343.2,"catchment_m2":2058.9,"inlet_capacity_lps":15.6,"nearest_drain":"MH-103","from_node":"J9189087207","to_node":"J250364068"},"geometry":{"type":"LineString","coordinates":[[80.230107,13.043724],[80.229598,13.043859]]}},{"type":"Feature","properties":{"id":"R0416","name":"Parangusapuram Street","highway":"residential","osm_way":26763955,"width_m":6.0,"length_m":51.7,"surface_area":310.2,"catchment_m2":1860.9,"inlet_capacity_lps":15.6,"nearest_drain":"MH-139","from_node":"J293552673","to_node":"J298357539"},"geometry":{"type":"LineString","coordinates":[[80.229712,13.046475],[80.229249,13.046589]]}},{"type":"Feature","properties":{"id":"R0417","name":"Parangusapuram Street","highway":"residential","osm_way":26763955,"width_m":6.0,"length_m":29.8,"surface_area":178.6,"catchment_m2":1071.4,"inlet_capacity_lps":7.8,"nearest_drain":"MH-139","from_node":"J298357539","to_node":"J11038476546"},"geometry":{"type":"LineString","coordinates":[[80.229249,13.046589],[80.228982,13.046648]]}},{"type":"Feature","properties":{"id":"R0418","name":"Parangusapuram Street","highway":"residential","osm_way":26763955,"width_m":6.0,"length_m":120.6,"surface_area":723.9,"catchment_m2":4343.2,"inlet_capacity_lps":31.2,"nearest_drain":"MH-150","from_node":"J11038476546","to_node":"J2241075497"},"geometry":{"type":"LineString","coordinates":[[80.228982,13.046648],[80.227902,13.046915]]}},{"type":"Feature","properties":{"id":"R0419","name":"Pinchal Subramanian Street","highway":"residential","osm_way":209513216,"width_m":6.0,"length_m":75.7,"surface_area":454.4,"catchment_m2":2726.5,"inlet_capacity_lps":23.4,"nearest_drain":"MH-062","from_node":"J10747978423","to_node":"J13240138282"},"geometry":{"type":"LineString","coordinates":[[80.234349,13.039176],[80.233658,13.039283]]}},{"type":"Feature","properties":{"id":"R0420","name":"Pinchal Subramanian Street","highway":"residential","osm_way":209513216,"width_m":6.0,"length_m":22.0,"surface_area":132.0,"catchment_m2":792.2,"inlet_capacity_lps":7.8,"nearest_drain":"MH-063","from_node":"J12253059947","to_node":"J10747978423"},"geometry":{"type":"LineString","coordinates":[[80.234472,13.039036],[80.234422,13.039145],[80.234349,13.039176]]}},{"type":"Feature","properties":{"id":"R0421","name":"Pinchal Subramanian Street","highway":"residential","osm_way":209513216,"width_m":6.0,"length_m":217.2,"surface_area":1303.0,"catchment_m2":7817.8,"inlet_capacity_lps":54.6,"nearest_drain":"MH-062","from_node":"J13240138282","to_node":"J2197215537"},"geometry":{"type":"LineString","coordinates":[[80.233658,13.039283],[80.233158,13.03936],[80.232344,13.039549],[80.231705,13.039715]]}},{"type":"Feature","properties":{"id":"R0422","name":"Police Quarters Road","highway":"residential","osm_way":23163919,"width_m":6.0,"length_m":156.9,"surface_area":941.2,"catchment_m2":5647.1,"inlet_capacity_lps":39.0,"nearest_drain":"MH-003","from_node":"J298358008","to_node":"J14070407310"},"geometry":{"type":"LineString","coordinates":[[80.229653,13.033698],[80.229674,13.034038],[80.229721,13.034278],[80.22983,13.035097]]}},{"type":"Feature","properties":{"id":"R0423","name":"Police Quarters Road","highway":"residential","osm_way":23163919,"width_m":6.0,"length_m":7.3,"surface_area":43.7,"catchment_m2":262.2,"inlet_capacity_lps":7.8,"nearest_drain":"MH-025","from_node":"J14070407310","to_node":"J248700565"},"geometry":{"type":"LineString","coordinates":[[80.22983,13.035097],[80.229835,13.035162]]}},{"type":"Feature","properties":{"id":"R0424","name":"Punjab Garden","highway":"residential","osm_way":27189922,"width_m":6.0,"length_m":36.0,"surface_area":216.2,"catchment_m2":1297.3,"inlet_capacity_lps":7.8,"nearest_drain":"MH-093","from_node":"J298357989","to_node":"J298358005"},"geometry":{"type":"LineString","coordinates":[[80.2289,13.042507],[80.228581,13.042597]]}},{"type":"Feature","properties":{"id":"R0425","name":"Punjab Garden","highway":"residential","osm_way":27189922,"width_m":6.0,"length_m":57.8,"surface_area":346.8,"catchment_m2":2080.8,"inlet_capacity_lps":15.6,"nearest_drain":"MH-093","from_node":"J298358004","to_node":"J298357990"},"geometry":{"type":"LineString","coordinates":[[80.228272,13.042697],[80.227742,13.042758]]}},{"type":"Feature","properties":{"id":"R0426","name":"Punjab Garden","highway":"residential","osm_way":27189922,"width_m":6.0,"length_m":35.2,"surface_area":211.5,"catchment_m2":1268.9,"inlet_capacity_lps":7.8,"nearest_drain":"MH-093","from_node":"J298358005","to_node":"J298358004"},"geometry":{"type":"LineString","coordinates":[[80.228581,13.042597],[80.228272,13.042697]]}},{"type":"Feature","properties":{"id":"R0427","name":"Radhakrishnan Street","highway":"residential","osm_way":189493185,"width_m":6.0,"length_m":166.5,"surface_area":999.3,"catchment_m2":5995.6,"inlet_capacity_lps":46.8,"nearest_drain":"MH-065","from_node":"J2001037447","to_node":"J2068622252"},"geometry":{"type":"LineString","coordinates":[[80.235504,13.039593],[80.23567,13.039282],[80.23571,13.039233],[80.235757,13.039204],[80.236802,13.039046]]}},{"type":"Feature","properties":{"id":"R0428","name":"Radhakrishnan Street","highway":"residential","osm_way":189493185,"width_m":6.0,"length_m":116.1,"surface_area":696.4,"catchment_m2":4178.7,"inlet_capacity_lps":31.2,"nearest_drain":"MH-065","from_node":"J2068622252","to_node":"J2068622246"},"geometry":{"type":"LineString","coordinates":[[80.236802,13.039046],[80.237861,13.038887]]}},{"type":"Feature","properties":{"id":"R0429","name":"Raja Badar Street","highway":"residential","osm_way":189500778,"width_m":6.0,"length_m":236.8,"surface_area":1421.1,"catchment_m2":8526.4,"inlet_capacity_lps":62.4,"nearest_drain":"MH-089","from_node":"J2001005510","to_node":"J2001025762"},"geometry":{"type":"LineString","coordinates":[[80.236158,13.041297],[80.237405,13.041185],[80.238335,13.041095]]}},{"type":"Feature","properties":{"id":"R0430","name":"Raja Badar Street","highway":"residential","osm_way":189500778,"width_m":6.0,"length_m":57.8,"surface_area":347.1,"catchment_m2":2082.5,"inlet_capacity_lps":15.6,"nearest_drain":"MH-089","from_node":"J2001025762","to_node":"J9544181111"},"geometry":{"type":"LineString","coordinates":[[80.238335,13.041095],[80.238862,13.041015]]}},{"type":"Feature","properties":{"id":"R0431","name":"Raja Badar Street","highway":"residential","osm_way":189500778,"width_m":6.0,"length_m":85.3,"surface_area":511.8,"catchment_m2":3071.0,"inlet_capacity_lps":23.4,"nearest_drain":"MH-090","from_node":"J9544181111","to_node":"J2001025761"},"geometry":{"type":"LineString","coordinates":[[80.238862,13.041015],[80.239588,13.040908],[80.239614,13.040905],[80.239641,13.040907]]}},{"type":"Feature","properties":{"id":"R0432","name":"Raja Char Street","highway":"residential","osm_way":23163984,"width_m":6.0,"length_m":60.6,"surface_area":363.8,"catchment_m2":2183.0,"inlet_capacity_lps":15.6,"nearest_drain":"MH-144","from_node":"J250364276","to_node":"J250364275"},"geometry":{"type":"LineString","coordinates":[[80.23529,13.046236],[80.235838,13.046123]]}},{"type":"Feature","properties":{"id":"R0433","name":"Raja Char Street","highway":"residential","osm_way":23163984,"width_m":6.0,"length_m":63.9,"surface_area":383.6,"catchment_m2":2301.5,"inlet_capacity_lps":15.6,"nearest_drain":"MH-143","from_node":"J250364290","to_node":"J250364291"},"geometry":{"type":"LineString","coordinates":[[80.232908,13.046593],[80.233357,13.046529],[80.233492,13.046509]]}},{"type":"Feature","properties":{"id":"R0434","name":"Raja Char Street","highway":"residential","osm_way":23163984,"width_m":6.0,"length_m":197.8,"surface_area":1186.6,"catchment_m2":7119.5,"inlet_capacity_lps":54.6,"nearest_drain":"MH-144","from_node":"J250364291","to_node":"J250364276"},"geometry":{"type":"LineString","coordinates":[[80.233492,13.046509],[80.235214,13.046279],[80.23529,13.046236]]}},{"type":"Feature","properties":{"id":"R0435","name":"Raja Mannar Street","highway":"residential","osm_way":189493184,"width_m":6.0,"length_m":24.3,"surface_area":145.6,"catchment_m2":873.7,"inlet_capacity_lps":7.8,"nearest_drain":"MH-109","from_node":"J1701464404","to_node":"J250364243"},"geometry":{"type":"LineString","coordinates":[[80.238789,13.043074],[80.238742,13.043288]]}},{"type":"Feature","properties":{"id":"R0436","name":"Raja Mannar Street","highway":"residential","osm_way":23163977,"width_m":6.0,"length_m":82.6,"surface_area":495.3,"catchment_m2":2972.0,"inlet_capacity_lps":23.4,"nearest_drain":"MH-109","from_node":"J1701464407","to_node":"J250364243"},"geometry":{"type":"LineString","coordinates":[[80.238391,13.043947],[80.238742,13.043288]]}},{"type":"Feature","properties":{"id":"R0437","name":"Raja Mannar Street","highway":"residential","osm_way":189493184,"width_m":6.0,"length_m":85.6,"surface_area":513.7,"catchment_m2":3082.1,"inlet_capacity_lps":23.4,"nearest_drain":"MH-099","from_node":"J2001005425","to_node":"J1701464404"},"geometry":{"type":"LineString","coordinates":[[80.238245,13.042598],[80.238401,13.042637],[80.238608,13.042737],[80.238716,13.042861],[80.238789,13.043074]]}},{"type":"Feature","properties":{"id":"R0438","name":"Raja Mannar Street","highway":"residential","osm_way":189493184,"width_m":6.0,"length_m":138.5,"surface_area":830.7,"catchment_m2":4984.3,"inlet_capacity_lps":39.0,"nearest_drain":"MH-099","from_node":"J2068622285","to_node":"J2001005425"},"geometry":{"type":"LineString","coordinates":[[80.237418,13.043429],[80.237762,13.042831],[80.237891,13.042674],[80.238,13.042623],[80.238245,13.042598]]}},{"type":"Feature","properties":{"id":"R0439","name":"Raja Street","highway":"residential","osm_way":1272437214,"width_m":6.0,"length_m":106.0,"surface_area":636.1,"catchment_m2":3816.7,"inlet_capacity_lps":31.2,"nearest_drain":"MH-064","from_node":"J2274237334","to_node":"J3907623864"},"geometry":{"type":"LineString","coordinates":[[80.23593,13.039914],[80.236889,13.039723]]}},{"type":"Feature","properties":{"id":"R0440","name":"Raja Street","highway":"residential","osm_way":1272437214,"width_m":6.0,"length_m":118.3,"surface_area":709.8,"catchment_m2":4258.7,"inlet_capacity_lps":31.2,"nearest_drain":"MH-065","from_node":"J3907623864","to_node":"J2001005529"},"geometry":{"type":"LineString","coordinates":[[80.236889,13.039723],[80.237963,13.039532]]}},{"type":"Feature","properties":{"id":"R0441","name":"Rajambal Street","highway":"residential","osm_way":28086965,"width_m":6.0,"length_m":57.1,"surface_area":342.3,"catchment_m2":2053.9,"inlet_capacity_lps":15.6,"nearest_drain":"MH-031","from_node":"J250319205","to_node":"J11836492808"},"geometry":{"type":"LineString","coordinates":[[80.23858,13.035079],[80.23832,13.035446],[80.23828,13.0355]]}},{"type":"Feature","properties":{"id":"R0442","name":"Rajambal Street","highway":"residential","osm_way":28086965,"width_m":6.0,"length_m":89.2,"surface_area":535.4,"catchment_m2":3212.5,"inlet_capacity_lps":23.4,"nearest_drain":"MH-041","from_node":"J11836492808","to_node":"J250319172"},"geometry":{"type":"LineString","coordinates":[[80.23828,13.0355],[80.238141,13.03569],[80.238038,13.035843],[80.237938,13.036217]]}},{"type":"Feature","properties":{"id":"R0443","name":"Rama Street","highway":"residential","osm_way":23163983,"width_m":6.0,"length_m":107.3,"surface_area":643.9,"catchment_m2":3863.3,"inlet_capacity_lps":31.2,"nearest_drain":"MH-131","from_node":"J250364273","to_node":"J250364276"},"geometry":{"type":"LineString","coordinates":[[80.235081,13.045293],[80.23529,13.046236]]}},{"type":"Feature","properties":{"id":"R0444","name":"Rama Street","highway":"residential","osm_way":23163983,"width_m":6.0,"length_m":65.1,"surface_area":390.4,"catchment_m2":2342.7,"inlet_capacity_lps":15.6,"nearest_drain":"MH-131","from_node":"J250364504","to_node":"J250364273"},"geometry":{"type":"LineString","coordinates":[[80.234966,13.044719],[80.235081,13.045293]]}},{"type":"Feature","properties":{"id":"R0445","name":"Ramachandran Street","highway":"residential","osm_way":23163967,"width_m":6.0,"length_m":7.6,"surface_area":45.6,"catchment_m2":273.3,"inlet_capacity_lps":7.8,"nearest_drain":"MH-127","from_node":"J250364175","to_node":"J11683495686"},"geometry":{"type":"LineString","coordinates":[[80.231005,13.044913],[80.230939,13.044937]]}},{"type":"Feature","properties":{"id":"R0446","name":"Ramachandran Street","highway":"residential","osm_way":23163967,"width_m":6.0,"length_m":46.9,"surface_area":281.6,"catchment_m2":1689.4,"inlet_capacity_lps":15.6,"nearest_drain":"MH-116","from_node":"J2239156098","to_node":"J250364175"},"geometry":{"type":"LineString","coordinates":[[80.231428,13.044822],[80.231005,13.044913]]}},{"type":"Feature","properties":{"id":"R0447","name":"Ramachandran Street","highway":"residential","osm_way":23163967,"width_m":6.0,"length_m":105.1,"surface_area":630.9,"catchment_m2":3785.3,"inlet_capacity_lps":31.2,"nearest_drain":"MH-126","from_node":"J11683495686","to_node":"J250364151"},"geometry":{"type":"LineString","coordinates":[[80.230939,13.044937],[80.229994,13.045151]]}},{"type":"Feature","properties":{"id":"R0448","name":"Ramachandran Street","highway":"residential","osm_way":23163967,"width_m":6.0,"length_m":36.4,"surface_area":218.6,"catchment_m2":1311.4,"inlet_capacity_lps":7.8,"nearest_drain":"MH-128","from_node":"J11813014783","to_node":"J2239156098"},"geometry":{"type":"LineString","coordinates":[[80.231534,13.0451],[80.231492,13.044859],[80.231477,13.044831],[80.231452,13.044817],[80.231428,13.044822]]}},{"type":"Feature","properties":{"id":"R0449","name":"Ramanathan Street","highway":"residential","osm_way":206665262,"width_m":6.0,"length_m":260.4,"surface_area":1562.4,"catchment_m2":9374.4,"inlet_capacity_lps":70.2,"nearest_drain":"MH-052","from_node":"J2167071720","to_node":"J2167071716"},"geometry":{"type":"LineString","coordinates":[[80.228641,13.03834],[80.230946,13.037674]]}},{"type":"Feature","properties":{"id":"R0450","name":"Ramanujam Street","highway":"residential","osm_way":1133123225,"width_m":6.0,"length_m":263.4,"surface_area":1580.1,"catchment_m2":9480.7,"inlet_capacity_lps":70.2,"nearest_drain":"MH-027","from_node":"J2068622274","to_node":"J11636197514"},"geometry":{"type":"LineString","coordinates":[[80.23361,13.03548],[80.236011,13.035107]]}},{"type":"Feature","properties":{"id":"R0451","name":"Ramanujam Street","highway":"residential","osm_way":1133123225,"width_m":6.0,"length_m":14.8,"surface_area":89.0,"catchment_m2":534.1,"inlet_capacity_lps":7.8,"nearest_drain":"MH-029","from_node":"J2197202947","to_node":"J10564932049"},"geometry":{"type":"LineString","coordinates":[[80.236957,13.035338],[80.237073,13.035409]]}},{"type":"Feature","properties":{"id":"R0452","name":"Ramanujam Street","highway":"residential","osm_way":1133123225,"width_m":6.0,"length_m":24.9,"surface_area":149.5,"catchment_m2":897.3,"inlet_capacity_lps":7.8,"nearest_drain":"MH-028","from_node":"J11636197514","to_node":"J14063333602"},"geometry":{"type":"LineString","coordinates":[[80.236011,13.035107],[80.236239,13.035077]]}},{"type":"Feature","properties":{"id":"R0453","name":"Ramanujam Street","highway":"residential","osm_way":1133123225,"width_m":6.0,"length_m":86.7,"surface_area":520.5,"catchment_m2":3122.8,"inlet_capacity_lps":23.4,"nearest_drain":"MH-029","from_node":"J14063333602","to_node":"J2197202947"},"geometry":{"type":"LineString","coordinates":[[80.236239,13.035077],[80.236428,13.035052],[80.236563,13.035091],[80.236957,13.035338]]}},{"type":"Feature","properties":{"id":"R0454","name":"Ramasamy Street","highway":"residential","osm_way":189493193,"width_m":6.0,"length_m":317.3,"surface_area":1904.0,"catchment_m2":11423.8,"inlet_capacity_lps":85.8,"nearest_drain":"MH-053","from_node":"J2068622265","to_node":"J2197215527"},"geometry":{"type":"LineString","coordinates":[[80.234068,13.037437],[80.231236,13.038166]]}},{"type":"Feature","properties":{"id":"R0455","name":"Rameswaram Street","highway":"residential","osm_way":23163935,"width_m":6.0,"length_m":68.7,"surface_area":412.3,"catchment_m2":2473.6,"inlet_capacity_lps":15.6,"nearest_drain":"MH-044","from_node":"J250363925","to_node":"J6538726451"},"geometry":{"type":"LineString","coordinates":[[80.228417,13.037457],[80.228568,13.038057]]}},{"type":"Feature","properties":{"id":"R0456","name":"Rameswaram Street","highway":"residential","osm_way":23163935,"width_m":6.0,"length_m":26.5,"surface_area":159.1,"catchment_m2":954.7,"inlet_capacity_lps":7.8,"nearest_drain":"MH-060","from_node":"J250363980","to_node":"J250363982"},"geometry":{"type":"LineString","coordinates":[[80.228826,13.039063],[80.228886,13.039295]]}},{"type":"Feature","properties":{"id":"R0457","name":"Rameswaram Street","highway":"residential","osm_way":23163935,"width_m":6.0,"length_m":47.5,"surface_area":284.8,"catchment_m2":1708.6,"inlet_capacity_lps":15.6,"nearest_drain":"MH-060","from_node":"J250363982","to_node":"J250737679"},"geometry":{"type":"LineString","coordinates":[[80.228886,13.039295],[80.228992,13.039709]]}},{"type":"Feature","properties":{"id":"R0458","name":"Rameswaram Street","highway":"residential","osm_way":1193903637,"width_m":6.0,"length_m":97.9,"surface_area":587.3,"catchment_m2":3523.9,"inlet_capacity_lps":23.4,"nearest_drain":"MH-082","from_node":"J250364032","to_node":"J250363968"},"geometry":{"type":"LineString","coordinates":[[80.229116,13.040219],[80.229346,13.04107]]}},{"type":"Feature","properties":{"id":"R0459","name":"Rameswaram Street","highway":"residential","osm_way":1193903637,"width_m":6.0,"length_m":58.3,"surface_area":349.9,"catchment_m2":2099.5,"inlet_capacity_lps":15.6,"nearest_drain":"MH-071","from_node":"J250737679","to_node":"J250364032"},"geometry":{"type":"LineString","coordinates":[[80.228992,13.039709],[80.228995,13.039725],[80.229116,13.040219]]}},{"type":"Feature","properties":{"id":"R0460","name":"Rameswaram Street","highway":"residential","osm_way":23163935,"width_m":6.0,"length_m":82.9,"surface_area":497.1,"catchment_m2":2982.7,"inlet_capacity_lps":23.4,"nearest_drain":"MH-052","from_node":"J2167071720","to_node":"J250363980"},"geometry":{"type":"LineString","coordinates":[[80.228641,13.03834],[80.228826,13.039063]]}},{"type":"Feature","properties":{"id":"R0461","name":"Rameswaram Street","highway":"residential","osm_way":23163935,"width_m":6.0,"length_m":32.5,"surface_area":195.0,"catchment_m2":1169.7,"inlet_capacity_lps":7.8,"nearest_drain":"MH-052","from_node":"J6538726451","to_node":"J2167071720"},"geometry":{"type":"LineString","coordinates":[[80.228568,13.038057],[80.228641,13.03834]]}},{"type":"Feature","properties":{"id":"R0462","name":"Rangan Street","highway":"residential","osm_way":206665267,"width_m":6.0,"length_m":265.8,"surface_area":1594.7,"catchment_m2":9568.2,"inlet_capacity_lps":70.2,"nearest_drain":"MH-060","from_node":"J250363982","to_node":"J2167071721"},"geometry":{"type":"LineString","coordinates":[[80.228886,13.039295],[80.230167,13.038975],[80.231265,13.03871]]}},{"type":"Feature","properties":{"id":"R0463","name":"Ranganathan Street","highway":"residential","osm_way":206824299,"width_m":6.0,"length_m":47.5,"surface_area":285.1,"catchment_m2":1710.6,"inlet_capacity_lps":15.6,"nearest_drain":"MH-043","from_node":"J250363925","to_node":"J250363738"},"geometry":{"type":"LineString","coordinates":[[80.228417,13.037457],[80.227998,13.037584]]}},{"type":"Feature","properties":{"id":"R0464","name":"Ranganathan Street","highway":"residential","osm_way":206824299,"width_m":6.0,"length_m":255.2,"surface_area":1530.9,"catchment_m2":9185.4,"inlet_capacity_lps":70.2,"nearest_drain":"MH-044","from_node":"J2168721295","to_node":"J250363925"},"geometry":{"type":"LineString","coordinates":[[80.230666,13.036775],[80.228417,13.037457]]}},{"type":"Feature","properties":{"id":"R0465","name":"Ranganathan Street","highway":"residential","osm_way":206824299,"width_m":6.0,"length_m":15.2,"surface_area":91.4,"catchment_m2":548.3,"inlet_capacity_lps":7.8,"nearest_drain":"MH-037","from_node":"J10246605657","to_node":"J2168721295"},"geometry":{"type":"LineString","coordinates":[[80.2308,13.036735],[80.230666,13.036775]]}},{"type":"Feature","properties":{"id":"R0466","name":"Rangarajapuram Main Road","highway":"residential","osm_way":1131526943,"width_m":6.0,"length_m":65.7,"surface_area":394.4,"catchment_m2":2366.7,"inlet_capacity_lps":15.6,"nearest_drain":"MH-126","from_node":"J277434834","to_node":"J10548419783"},"geometry":{"type":"LineString","coordinates":[[80.229595,13.045832],[80.229059,13.045961],[80.229005,13.045974]]}},{"type":"Feature","properties":{"id":"R0467","name":"Rangarajapuram Main Road","highway":"residential","osm_way":25459372,"width_m":6.0,"length_m":19.0,"surface_area":114.3,"catchment_m2":685.6,"inlet_capacity_lps":7.8,"nearest_drain":"MH-137","from_node":"J293552724","to_node":"J298357555"},"geometry":{"type":"LineString","coordinates":[[80.227745,13.046311],[80.227574,13.04635]]}},{"type":"Feature","properties":{"id":"R0468","name":"Rangarajapuram Main Road","highway":"residential","osm_way":25459372,"width_m":6.0,"length_m":63.9,"surface_area":383.6,"catchment_m2":2301.8,"inlet_capacity_lps":15.6,"nearest_drain":"MH-137","from_node":"J298357557","to_node":"J293552724"},"geometry":{"type":"LineString","coordinates":[[80.228313,13.046156],[80.227745,13.046311]]}},{"type":"Feature","properties":{"id":"R0469","name":"Rangarajapuram Main Road","highway":"residential","osm_way":1333243978,"width_m":6.0,"length_m":50.3,"surface_area":301.8,"catchment_m2":1810.5,"inlet_capacity_lps":15.6,"nearest_drain":"MH-127","from_node":"J10175058348","to_node":"J10175058350"},"geometry":{"type":"LineString","coordinates":[[80.230174,13.046219],[80.230135,13.046161],[80.230116,13.046073],[80.230069,13.045783]]}},{"type":"Feature","properties":{"id":"R0470","name":"Rangarajapuram Main Road","highway":"residential","osm_way":723477928,"width_m":6.0,"length_m":53.6,"surface_area":321.7,"catchment_m2":1930.4,"inlet_capacity_lps":15.6,"nearest_drain":"MH-127","from_node":"J10175058350","to_node":"J277434834"},"geometry":{"type":"LineString","coordinates":[[80.230069,13.045783],[80.230063,13.045767],[80.230053,13.045761],[80.230037,13.045758],[80.229898,13.045779],[80.229595,13.045832]]}},{"type":"Feature","properties":{"id":"R0471","name":"Rangarajapuram Main Road","highway":"residential","osm_way":25459372,"width_m":6.0,"length_m":77.7,"surface_area":466.0,"catchment_m2":2795.8,"inlet_capacity_lps":23.4,"nearest_drain":"MH-138","from_node":"J10548419783","to_node":"J298357557"},"geometry":{"type":"LineString","coordinates":[[80.229005,13.045974],[80.228313,13.046156]]}},{"type":"Feature","properties":{"id":"R0472","name":"Sambasivam Street","highway":"residential","osm_way":23163981,"width_m":6.0,"length_m":241.8,"surface_area":1451.0,"catchment_m2":8705.9,"inlet_capacity_lps":62.4,"nearest_drain":"MH-120","from_node":"J250364260","to_node":"J250364262"},"geometry":{"type":"LineString","coordinates":[[80.237829,13.044701],[80.235641,13.045135]]}},{"type":"Feature","properties":{"id":"R0473","name":"Saravanan Street","highway":"residential","osm_way":23161527,"width_m":6.0,"length_m":40.6,"surface_area":243.7,"catchment_m2":1462.0,"inlet_capacity_lps":7.8,"nearest_drain":"MH-058","from_node":"J250319281","to_node":"J13758010821"},"geometry":{"type":"LineString","coordinates":[[80.239674,13.03815],[80.240046,13.038108]]}},{"type":"Feature","properties":{"id":"R0474","name":"Sarojini Street","highway":"residential","osm_way":189493194,"width_m":6.0,"length_m":321.8,"surface_area":1930.8,"catchment_m2":11584.9,"inlet_capacity_lps":85.8,"nearest_drain":"MH-045","from_node":"J2068622248","to_node":"J2197215523"},"geometry":{"type":"LineString","coordinates":[[80.233876,13.036657],[80.23103,13.037487]]}},{"type":"Feature","properties":{"id":"R0475","name":"Singara Mudaliar Street","highway":"residential","osm_way":23164013,"width_m":6.0,"length_m":244.6,"surface_area":1467.8,"catchment_m2":8806.7,"inlet_capacity_lps":62.4,"nearest_drain":"MH-133","from_node":"J250364486","to_node":"J250364480"},"geometry":{"type":"LineString","coordinates":[[80.235761,13.045742],[80.237977,13.045319]]}},{"type":"Feature","properties":{"id":"R0476","name":"Singaravelu Street","highway":"residential","osm_way":1550805257,"width_m":6.0,"length_m":49.1,"surface_area":294.7,"catchment_m2":1768.1,"inlet_capacity_lps":15.6,"nearest_drain":"MH-078","from_node":"J2001005521","to_node":"J2068622257"},"geometry":{"type":"LineString","coordinates":[[80.239631,13.04047],[80.239621,13.040401],[80.239598,13.040264],[80.239559,13.040034]]}},{"type":"Feature","properties":{"id":"R0477","name":"Singaravelu Street","highway":"residential","osm_way":189493203,"width_m":6.0,"length_m":100.0,"surface_area":600.1,"catchment_m2":3600.5,"inlet_capacity_lps":23.4,"nearest_drain":"MH-078","from_node":"J2068622257","to_node":"J2068622272"},"geometry":{"type":"LineString","coordinates":[[80.239559,13.040034],[80.239438,13.039142]]}},{"type":"Feature","properties":{"id":"R0478","name":"Sivagnanam Street","highway":"residential","osm_way":189493204,"width_m":6.0,"length_m":52.6,"surface_area":315.5,"catchment_m2":1893.2,"inlet_capacity_lps":15.6,"nearest_drain":"MH-087","from_node":"J2001005457","to_node":"J2274237336"},"geometry":{"type":"LineString","coordinates":[[80.236112,13.040958],[80.236099,13.040888],[80.236031,13.040492]]}},{"type":"Feature","properties":{"id":"R0479","name":"Sivagnanam Street","highway":"residential","osm_way":1341284550,"width_m":6.0,"length_m":106.5,"surface_area":638.7,"catchment_m2":3832.2,"inlet_capacity_lps":31.2,"nearest_drain":"MH-063","from_node":"J2001037447","to_node":"J2001005468"},"geometry":{"type":"LineString","coordinates":[[80.235504,13.039593],[80.234723,13.039245],[80.234702,13.039225],[80.234667,13.039139]]}},{"type":"Feature","properties":{"id":"R0480","name":"Sivagnanam Street","highway":"residential","osm_way":189493204,"width_m":6.0,"length_m":59.7,"surface_area":358.2,"catchment_m2":2149.4,"inlet_capacity_lps":15.6,"nearest_drain":"MH-064","from_node":"J2274237334","to_node":"J2001037447"},"geometry":{"type":"LineString","coordinates":[[80.23593,13.039914],[80.235826,13.039767],[80.235504,13.039593]]}},{"type":"Feature","properties":{"id":"R0481","name":"Sivagnanam Street","highway":"residential","osm_way":189493204,"width_m":6.0,"length_m":41.6,"surface_area":249.6,"catchment_m2":1497.8,"inlet_capacity_lps":7.8,"nearest_drain":"MH-076","from_node":"J2274237336","to_node":"J3907623863"},"geometry":{"type":"LineString","coordinates":[[80.236031,13.040492],[80.235988,13.04012]]}},{"type":"Feature","properties":{"id":"R0482","name":"Sivagnanam Street","highway":"residential","osm_way":189493204,"width_m":6.0,"length_m":23.8,"surface_area":142.9,"catchment_m2":857.3,"inlet_capacity_lps":7.8,"nearest_drain":"MH-076","from_node":"J3907623863","to_node":"J2274237334"},"geometry":{"type":"LineString","coordinates":[[80.235988,13.04012],[80.23593,13.039914]]}},{"type":"Feature","properties":{"id":"R0483","name":"Sivaprakasam Street","highway":"residential","osm_way":189493190,"width_m":6.0,"length_m":85.4,"surface_area":512.4,"catchment_m2":3074.7,"inlet_capacity_lps":23.4,"nearest_drain":"MH-077","from_node":"J2274237335","to_node":"J2001005529"},"geometry":{"type":"LineString","coordinates":[[80.238191,13.040205],[80.238107,13.03965],[80.238099,13.03961],[80.238086,13.039576],[80.238055,13.039558],[80.238012,13.039557],[80.237963,13.039532]]}},{"type":"Feature","properties":{"id":"R0484","name":"Sivaprakasam Street","highway":"residential","osm_way":189493190,"width_m":6.0,"length_m":33.6,"surface_area":201.8,"catchment_m2":1211.0,"inlet_capacity_lps":7.8,"nearest_drain":"MH-077","from_node":"J10758106455","to_node":"J2274237335"},"geometry":{"type":"LineString","coordinates":[[80.238246,13.040502],[80.238191,13.040205]]}},{"type":"Feature","properties":{"id":"R0485","name":"Somasundaram Road","highway":"residential","osm_way":23163982,"width_m":6.0,"length_m":62.9,"surface_area":377.1,"catchment_m2":2262.8,"inlet_capacity_lps":15.6,"nearest_drain":"MH-131","from_node":"J250364269","to_node":"J250364273"},"geometry":{"type":"LineString","coordinates":[[80.235653,13.0452],[80.235081,13.045293]]}},{"type":"Feature","properties":{"id":"R0486","name":"Somasundaram Road","highway":"residential","osm_way":23163982,"width_m":6.0,"length_m":193.9,"surface_area":1163.6,"catchment_m2":6981.7,"inlet_capacity_lps":46.8,"nearest_drain":"MH-131","from_node":"J250364273","to_node":"J250364295"},"geometry":{"type":"LineString","coordinates":[[80.235081,13.045293],[80.233309,13.045539]]}},{"type":"Feature","properties":{"id":"R0487","name":"Somasundaram Road","highway":"residential","osm_way":23163982,"width_m":6.0,"length_m":64.1,"surface_area":384.7,"catchment_m2":2308.0,"inlet_capacity_lps":15.6,"nearest_drain":"MH-130","from_node":"J250364295","to_node":"J2197415682"},"geometry":{"type":"LineString","coordinates":[[80.233309,13.045539],[80.232728,13.04565]]}},{"type":"Feature","properties":{"id":"R0488","name":"Soundarajan Street","highway":"residential","osm_way":23047841,"width_m":6.0,"length_m":287.3,"surface_area":1723.6,"catchment_m2":10341.5,"inlet_capacity_lps":78.0,"nearest_drain":"MH-040","from_node":"J2068622280","to_node":"J2197202949"},"geometry":{"type":"LineString","coordinates":[[80.23385,13.036459],[80.235887,13.035999],[80.235983,13.036033],[80.236369,13.036275]]}},{"type":"Feature","properties":{"id":"R0489","name":"Sri Muthukrishnan Street","highway":"residential","osm_way":189504876,"width_m":6.0,"length_m":47.5,"surface_area":285.3,"catchment_m2":1711.5,"inlet_capacity_lps":15.6,"nearest_drain":"MH-077","from_node":"J2001005470","to_node":"J2001025762"},"geometry":{"type":"LineString","coordinates":[[80.238275,13.040671],[80.238288,13.040753],[80.238335,13.041095]]}},{"type":"Feature","properties":{"id":"R0490","name":"Sri Muthukrishnan Street","highway":"residential","osm_way":189504876,"width_m":6.0,"length_m":79.5,"surface_area":476.8,"catchment_m2":2860.9,"inlet_capacity_lps":23.4,"nearest_drain":"MH-089","from_node":"J2001025762","to_node":"J2001037450"},"geometry":{"type":"LineString","coordinates":[[80.238335,13.041095],[80.238414,13.041805]]}},{"type":"Feature","properties":{"id":"R0491","name":"Subramania Nagar 1st Street","highway":"residential","osm_way":27189835,"width_m":6.0,"length_m":87.2,"surface_area":523.1,"catchment_m2":3138.8,"inlet_capacity_lps":23.4,"nearest_drain":"MH-125","from_node":"J298357562","to_node":"J298357564"},"geometry":{"type":"LineString","coordinates":[[80.227286,13.045148],[80.228058,13.044927]]}},{"type":"Feature","properties":{"id":"R0492","name":"Subramania Nagar 1st Street","highway":"residential","osm_way":27189835,"width_m":6.0,"length_m":148.1,"surface_area":888.5,"catchment_m2":5330.7,"inlet_capacity_lps":39.0,"nearest_drain":"MH-114","from_node":"J298357564","to_node":"J298357563"},"geometry":{"type":"LineString","coordinates":[[80.228058,13.044927],[80.229365,13.044536]]}},{"type":"Feature","properties":{"id":"R0493","name":"Subramania Nagar 2nd Street","highway":"residential","osm_way":27189834,"width_m":6.0,"length_m":85.5,"surface_area":512.8,"catchment_m2":3076.7,"inlet_capacity_lps":23.4,"nearest_drain":"MH-124","from_node":"J298357559","to_node":"J298357561"},"geometry":{"type":"LineString","coordinates":[[80.227424,13.045759],[80.228185,13.045559]]}},{"type":"Feature","properties":{"id":"R0494","name":"Subramania Nagar 2nd Street","highway":"residential","osm_way":27189834,"width_m":6.0,"length_m":145.0,"surface_area":869.9,"catchment_m2":5219.2,"inlet_capacity_lps":39.0,"nearest_drain":"MH-126","from_node":"J298357561","to_node":"J6776936045"},"geometry":{"type":"LineString","coordinates":[[80.228185,13.045559],[80.229474,13.045208]]}},{"type":"Feature","properties":{"id":"R0495","name":"Tanjavur Street","highway":"residential","osm_way":23163970,"width_m":6.0,"length_m":205.1,"surface_area":1230.8,"catchment_m2":7384.8,"inlet_capacity_lps":54.6,"nearest_drain":"MH-082","from_node":"J250364184","to_node":"J250364181"},"geometry":{"type":"LineString","coordinates":[[80.229943,13.042959],[80.229492,13.041168]]}},{"type":"Feature","properties":{"id":"R0496","name":"Valliammal Thottam Main Road","highway":"residential","osm_way":27189832,"width_m":6.0,"length_m":67.7,"surface_area":406.4,"catchment_m2":2438.4,"inlet_capacity_lps":15.6,"nearest_drain":"MH-137","from_node":"J298357555","to_node":"J298357559"},"geometry":{"type":"LineString","coordinates":[[80.227574,13.04635],[80.227461,13.045908],[80.227424,13.045759]]}},{"type":"Feature","properties":{"id":"R0497","name":"Valliammal Thottam Main Road","highway":"residential","osm_way":27189832,"width_m":6.0,"length_m":69.6,"surface_area":417.5,"catchment_m2":2504.7,"inlet_capacity_lps":15.6,"nearest_drain":"MH-124","from_node":"J298357559","to_node":"J298357562"},"geometry":{"type":"LineString","coordinates":[[80.227424,13.045759],[80.227286,13.045148]]}},{"type":"Feature","properties":{"id":"R0498","name":"Valliammal Thottam Main Road","highway":"residential","osm_way":27189832,"width_m":6.0,"length_m":74.5,"surface_area":447.1,"catchment_m2":2682.5,"inlet_capacity_lps":15.6,"nearest_drain":"MH-124","from_node":"J298357562","to_node":"J298357556"},"geometry":{"type":"LineString","coordinates":[[80.227286,13.045148],[80.227245,13.044975],[80.227146,13.044492]]}},{"type":"Feature","properties":{"id":"R0499","name":"Valmiki Street","highway":"residential","osm_way":23164053,"width_m":6.0,"length_m":132.1,"surface_area":792.8,"catchment_m2":4756.9,"inlet_capacity_lps":31.2,"nearest_drain":"MH-148","from_node":"J1702258139","to_node":"J250364818"},"geometry":{"type":"LineString","coordinates":[[80.239674,13.046732],[80.240856,13.04644]]}},{"type":"Feature","properties":{"id":"R0500","name":"Vasan Street","highway":"residential","osm_way":23163952,"width_m":6.0,"length_m":167.3,"surface_area":1003.7,"catchment_m2":6022.2,"inlet_capacity_lps":46.8,"nearest_drain":"MH-105","from_node":"J250364066","to_node":"J250737686"},"geometry":{"type":"LineString","coordinates":[[80.23228,13.04344],[80.230746,13.043615]]}},{"type":"Feature","properties":{"id":"R0501","name":"Vasudevapuram Street","highway":"residential","osm_way":27189921,"width_m":6.0,"length_m":44.4,"surface_area":266.1,"catchment_m2":1596.7,"inlet_capacity_lps":7.8,"nearest_drain":"MH-102","from_node":"J298357986","to_node":"J11594047066"},"geometry":{"type":"LineString","coordinates":[[80.228221,13.043708],[80.227834,13.043838]]}},{"type":"Feature","properties":{"id":"R0502","name":"Venkatesan Street","highway":"residential","osm_way":189493200,"width_m":6.0,"length_m":314.0,"surface_area":1883.9,"catchment_m2":11303.2,"inlet_capacity_lps":78.0,"nearest_drain":"MH-055","from_node":"J2068622260","to_node":"J2197215529"},"geometry":{"type":"LineString","coordinates":[[80.234222,13.038036],[80.231391,13.038642]]}},{"type":"Feature","properties":{"id":"R0503","name":"Viyasar Street","highway":"residential","osm_way":23163974,"width_m":6.0,"length_m":61.3,"surface_area":367.8,"catchment_m2":2206.8,"inlet_capacity_lps":15.6,"nearest_drain":"MH-119","from_node":"J250364200","to_node":"J250364504"},"geometry":{"type":"LineString","coordinates":[[80.235523,13.044621],[80.234966,13.044719]]}},{"type":"Feature","properties":{"id":"R0504","name":"Viyasar Street","highway":"residential","osm_way":23163974,"width_m":6.0,"length_m":63.2,"surface_area":379.1,"catchment_m2":2274.3,"inlet_capacity_lps":15.6,"nearest_drain":"MH-129","from_node":"J250364293","to_node":"J2197203134"},"geometry":{"type":"LineString","coordinates":[[80.233203,13.044983],[80.232625,13.045056]]}},{"type":"Feature","properties":{"id":"R0505","name":"Viyasar Street","highway":"residential","osm_way":23163974,"width_m":6.0,"length_m":193.2,"surface_area":1159.1,"catchment_m2":6954.8,"inlet_capacity_lps":46.8,"nearest_drain":"MH-118","from_node":"J250364504","to_node":"J250364293"},"geometry":{"type":"LineString","coordinates":[[80.234966,13.044719],[80.233203,13.044983]]}},{"type":"Feature","properties":{"id":"R0506","name":"Yogambal Street","highway":"residential","osm_way":23164015,"width_m":6.0,"length_m":245.9,"surface_area":1475.7,"catchment_m2":8854.0,"inlet_capacity_lps":62.4,"nearest_drain":"MH-146","from_node":"J250364491","to_node":"J250364495"},"geometry":{"type":"LineString","coordinates":[[80.238104,13.045862],[80.235889,13.046348]]}},{"type":"Feature","properties":{"id":"R0507","name":"kannadsan street","highway":"residential","osm_way":189493197,"width_m":6.0,"length_m":144.6,"surface_area":867.6,"catchment_m2":5205.5,"inlet_capacity_lps":39.0,"nearest_drain":"MH-056","from_node":"J308448448","to_node":"J308448447"},"geometry":{"type":"LineString","coordinates":[[80.236724,13.038308],[80.236592,13.038317],[80.236465,13.038296],[80.235562,13.037729]]}},{"type":"Feature","properties":{"id":"R0508","name":"kannadsan street","highway":"residential","osm_way":23047845,"width_m":6.0,"length_m":136.4,"surface_area":818.2,"catchment_m2":4909.1,"inlet_capacity_lps":39.0,"nearest_drain":"MH-048","from_node":"J308448468","to_node":"J2068622276"},"geometry":{"type":"LineString","coordinates":[[80.235247,13.036961],[80.234013,13.037205]]}},{"type":"Feature","properties":{"id":"R0509","name":"kannadsan street","highway":"residential","osm_way":189493197,"width_m":6.0,"length_m":82.6,"surface_area":495.6,"catchment_m2":2973.4,"inlet_capacity_lps":23.4,"nearest_drain":"MH-056","from_node":"J2068622252","to_node":"J308448448"},"geometry":{"type":"LineString","coordinates":[[80.236802,13.039046],[80.236724,13.038308]]}},{"type":"Feature","properties":{"id":"R0510","name":"kannadsan street","highway":"residential","osm_way":189493197,"width_m":6.0,"length_m":75.8,"surface_area":454.7,"catchment_m2":2728.2,"inlet_capacity_lps":23.4,"nearest_drain":"MH-065","from_node":"J3907623864","to_node":"J2068622252"},"geometry":{"type":"LineString","coordinates":[[80.236889,13.039723],[80.236802,13.039046]]}},{"type":"Feature","properties":{"id":"R0511","name":null,"highway":"residential","osm_way":995110728,"width_m":6.0,"length_m":57.3,"surface_area":343.8,"catchment_m2":2062.9,"inlet_capacity_lps":15.6,"nearest_drain":"MH-041","from_node":"J250319184","to_node":"J9189120639"},"geometry":{"type":"LineString","coordinates":[[80.23757,13.036092],[80.237477,13.036238],[80.237294,13.036532]]}},{"type":"Feature","properties":{"id":"R0512","name":null,"highway":"residential","osm_way":23161554,"width_m":6.0,"length_m":69.0,"surface_area":413.8,"catchment_m2":2482.6,"inlet_capacity_lps":15.6,"nearest_drain":"MH-012","from_node":"J250319312","to_node":"J250319309"},"geometry":{"type":"LineString","coordinates":[[80.239037,13.033986],[80.239323,13.033432]]}},{"type":"Feature","properties":{"id":"R0513","name":null,"highway":"residential","osm_way":211634902,"width_m":6.0,"length_m":6.9,"surface_area":41.7,"catchment_m2":249.9,"inlet_capacity_lps":7.8,"nearest_drain":"MH-001","from_node":"J250363680","to_node":"J2216189475"},"geometry":{"type":"LineString","coordinates":[[80.227439,13.033727],[80.227454,13.033771],[80.227455,13.033775],[80.227455,13.033779],[80.227453,13.033783],[80.227451,13.033785]]}},{"type":"Feature","properties":{"id":"R0514","name":null,"highway":"residential","osm_way":23163943,"width_m":6.0,"length_m":47.1,"surface_area":282.5,"catchment_m2":1694.8,"inlet_capacity_lps":15.6,"nearest_drain":"MH-060","from_node":"J250363977","to_node":"J250363980"},"geometry":{"type":"LineString","coordinates":[[80.228404,13.039162],[80.228756,13.039079],[80.228826,13.039063]]}},{"type":"Feature","properties":{"id":"R0515","name":null,"highway":"residential","osm_way":1297327026,"width_m":6.0,"length_m":32.2,"surface_area":193.2,"catchment_m2":1159.1,"inlet_capacity_lps":7.8,"nearest_drain":"MH-103","from_node":"J250364184","to_node":"J12019984539"},"geometry":{"type":"LineString","coordinates":[[80.229943,13.042959],[80.229953,13.043006],[80.230004,13.043242]]}},{"type":"Feature","properties":{"id":"R0516","name":null,"highway":"residential","osm_way":27172991,"width_m":6.0,"length_m":88.5,"surface_area":531.0,"catchment_m2":3185.9,"inlet_capacity_lps":23.4,"nearest_drain":"MH-120","from_node":"J250364206","to_node":"J250364229"},"geometry":{"type":"LineString","coordinates":[[80.237216,13.04396],[80.237253,13.044122],[80.237338,13.044278],[80.237475,13.044401],[80.237749,13.044455]]}},{"type":"Feature","properties":{"id":"R0517","name":null,"highway":"residential","osm_way":27172991,"width_m":6.0,"length_m":76.0,"surface_area":455.9,"catchment_m2":2735.3,"inlet_capacity_lps":23.4,"nearest_drain":"MH-120","from_node":"J250364229","to_node":"J308209325"},"geometry":{"type":"LineString","coordinates":[[80.237749,13.044455],[80.238056,13.044353],[80.238213,13.044241],[80.238323,13.044099]]}},{"type":"Feature","properties":{"id":"R0518","name":null,"highway":"residential","osm_way":1248723489,"width_m":6.0,"length_m":148.0,"surface_area":888.1,"catchment_m2":5328.6,"inlet_capacity_lps":39.0,"nearest_drain":"MH-134","from_node":"J250364454","to_node":"J11607008232"},"geometry":{"type":"LineString","coordinates":[[80.238741,13.045239],[80.238788,13.0453],[80.239106,13.045684],[80.239113,13.045687],[80.239119,13.045685],[80.239224,13.045553],[80.239225,13.045546],[80.239221,13.04554],[80.238847,13.045215],[80.238781,13.045169]]}},{"type":"Feature","properties":{"id":"R0519","name":null,"highway":"residential","osm_way":23164017,"width_m":6.0,"length_m":74.0,"surface_area":444.2,"catchment_m2":2665.3,"inlet_capacity_lps":15.6,"nearest_drain":"MH-128","from_node":"J250364519","to_node":"J2239156100"},"geometry":{"type":"LineString","coordinates":[[80.232623,13.045432],[80.231947,13.045532]]}},{"type":"Feature","properties":{"id":"R0520","name":null,"highway":"residential","osm_way":27189920,"width_m":6.0,"length_m":42.6,"surface_area":255.6,"catchment_m2":1533.7,"inlet_capacity_lps":7.8,"nearest_drain":"MH-102","from_node":"J298357981","to_node":"J298357986"},"geometry":{"type":"LineString","coordinates":[[80.228093,13.043346],[80.228221,13.043708]]}},{"type":"Feature","properties":{"id":"R0521","name":null,"highway":"residential","osm_way":27189920,"width_m":6.0,"length_m":50.1,"surface_area":300.4,"catchment_m2":1802.2,"inlet_capacity_lps":15.6,"nearest_drain":"MH-102","from_node":"J298357986","to_node":"J298357985"},"geometry":{"type":"LineString","coordinates":[[80.228221,13.043708],[80.228363,13.044137]]}},{"type":"Feature","properties":{"id":"R0522","name":null,"highway":"residential","osm_way":27189924,"width_m":6.0,"length_m":40.5,"surface_area":243.0,"catchment_m2":1458.1,"inlet_capacity_lps":7.8,"nearest_drain":"MH-081","from_node":"J298357992","to_node":"J298358006"},"geometry":{"type":"LineString","coordinates":[[80.228713,13.041867],[80.228356,13.041977]]}},{"type":"Feature","properties":{"id":"R0523","name":null,"highway":"residential","osm_way":27189929,"width_m":6.0,"length_m":73.1,"surface_area":438.5,"catchment_m2":2631.0,"inlet_capacity_lps":15.6,"nearest_drain":"MH-093","from_node":"J298358005","to_node":"J298358006"},"geometry":{"type":"LineString","coordinates":[[80.228581,13.042597],[80.228356,13.041977]]}},{"type":"Feature","properties":{"id":"R0524","name":null,"highway":"residential","osm_way":27189924,"width_m":6.0,"length_m":34.3,"surface_area":205.9,"catchment_m2":1235.2,"inlet_capacity_lps":7.8,"nearest_drain":"MH-093","from_node":"J298358006","to_node":"J298490442"},"geometry":{"type":"LineString","coordinates":[[80.228356,13.041977],[80.228061,13.042087]]}},{"type":"Feature","properties":{"id":"R0525","name":null,"highway":"residential","osm_way":27189924,"width_m":6.0,"length_m":99.6,"surface_area":597.8,"catchment_m2":3586.7,"inlet_capacity_lps":23.4,"nearest_drain":"MH-092","from_node":"J298490442","to_node":"J298358003"},"geometry":{"type":"LineString","coordinates":[[80.228061,13.042087],[80.227191,13.042378]]}},{"type":"Feature","properties":{"id":"R0526","name":null,"highway":"residential","osm_way":157989493,"width_m":6.0,"length_m":39.6,"surface_area":237.3,"catchment_m2":1423.9,"inlet_capacity_lps":7.8,"nearest_drain":"MH-123","from_node":"J1702257557","to_node":"J1702257551"},"geometry":{"type":"LineString","coordinates":[[80.240989,13.044591],[80.240643,13.044475]]}},{"type":"Feature","properties":{"id":"R0527","name":null,"highway":"residential","osm_way":23164054,"width_m":6.0,"length_m":136.1,"surface_area":816.5,"catchment_m2":4899.1,"inlet_capacity_lps":39.0,"nearest_drain":"MH-136","from_node":"J1702257979","to_node":"J250364824"},"geometry":{"type":"LineString","coordinates":[[80.239682,13.045959],[80.240908,13.045692]]}},{"type":"Feature","properties":{"id":"R0528","name":null,"highway":"residential","osm_way":189493202,"width_m":6.0,"length_m":85.2,"surface_area":511.3,"catchment_m2":3068.0,"inlet_capacity_lps":23.4,"nearest_drain":"MH-099","from_node":"J2001005425","to_node":"J2068622282"},"geometry":{"type":"LineString","coordinates":[[80.238245,13.042598],[80.238197,13.041833]]}},{"type":"Feature","properties":{"id":"R0529","name":null,"highway":"residential","osm_way":189493187,"width_m":6.0,"length_m":28.5,"surface_area":171.1,"catchment_m2":1026.4,"inlet_capacity_lps":7.8,"nearest_drain":"MH-087","from_node":"J2001005430","to_node":"J2001005510"},"geometry":{"type":"LineString","coordinates":[[80.236125,13.041043],[80.236158,13.041297]]}},{"type":"Feature","properties":{"id":"R0530","name":null,"highway":"residential","osm_way":189493181,"width_m":6.0,"length_m":95.2,"surface_area":571.4,"catchment_m2":3428.3,"inlet_capacity_lps":23.4,"nearest_drain":"MH-057","from_node":"J2001005431","to_node":"J2216189489"},"geometry":{"type":"LineString","coordinates":[[80.237803,13.038575],[80.237154,13.037997]]}},{"type":"Feature","properties":{"id":"R0531","name":null,"highway":"residential","osm_way":189493182,"width_m":6.0,"length_m":206.0,"surface_area":1236.1,"catchment_m2":7416.5,"inlet_capacity_lps":54.6,"nearest_drain":"MH-058","from_node":"J2001005431","to_node":"J2068622263"},"geometry":{"type":"LineString","coordinates":[[80.237803,13.038575],[80.239689,13.03834]]}},{"type":"Feature","properties":{"id":"R0532","name":null,"highway":"residential","osm_way":189493187,"width_m":6.0,"length_m":76.7,"surface_area":460.5,"catchment_m2":2763.0,"inlet_capacity_lps":23.4,"nearest_drain":"MH-097","from_node":"J2001005502","to_node":"J12485887992"},"geometry":{"type":"LineString","coordinates":[[80.236259,13.042018],[80.235927,13.042628]]}},{"type":"Feature","properties":{"id":"R0533","name":null,"highway":"residential","osm_way":189493187,"width_m":6.0,"length_m":39.9,"surface_area":239.5,"catchment_m2":1436.9,"inlet_capacity_lps":7.8,"nearest_drain":"MH-088","from_node":"J2001005510","to_node":"J2001025752"},"geometry":{"type":"LineString","coordinates":[[80.236158,13.041297],[80.236211,13.041652]]}},{"type":"Feature","properties":{"id":"R0534","name":null,"highway":"residential","osm_way":189493181,"width_m":6.0,"length_m":20.7,"surface_area":124.2,"catchment_m2":745.2,"inlet_capacity_lps":7.8,"nearest_drain":"MH-066","from_node":"J2001005529","to_node":"J11815824213"},"geometry":{"type":"LineString","coordinates":[[80.237963,13.039532],[80.237921,13.03935]]}},{"type":"Feature","properties":{"id":"R0535","name":null,"highway":"residential","osm_way":189493187,"width_m":6.0,"length_m":41.0,"surface_area":246.0,"catchment_m2":1475.7,"inlet_capacity_lps":7.8,"nearest_drain":"MH-088","from_node":"J2001025752","to_node":"J2001005502"},"geometry":{"type":"LineString","coordinates":[[80.236211,13.041652],[80.236259,13.042018]]}},{"type":"Feature","properties":{"id":"R0536","name":null,"highway":"residential","osm_way":189500782,"width_m":6.0,"length_m":77.4,"surface_area":464.7,"catchment_m2":2788.0,"inlet_capacity_lps":23.4,"nearest_drain":"MH-088","from_node":"J2001025752","to_node":"J2001025770"},"geometry":{"type":"LineString","coordinates":[[80.236211,13.041652],[80.235503,13.04175]]}},{"type":"Feature","properties":{"id":"R0537","name":null,"highway":"residential","osm_way":189500790,"width_m":6.0,"length_m":50.5,"surface_area":302.8,"catchment_m2":1816.7,"inlet_capacity_lps":15.6,"nearest_drain":"MH-090","from_node":"J2001025761","to_node":"J11041628596"},"geometry":{"type":"LineString","coordinates":[[80.239641,13.040907],[80.239673,13.040921],[80.23972,13.040942],[80.239758,13.04095],[80.23981,13.040957],[80.240097,13.040927]]}},{"type":"Feature","properties":{"id":"R0538","name":null,"highway":"residential","osm_way":1324133090,"width_m":6.0,"length_m":7.1,"surface_area":42.6,"catchment_m2":255.8,"inlet_capacity_lps":7.8,"nearest_drain":"MH-063","from_node":"J2001037432","to_node":"J12253059947"},"geometry":{"type":"LineString","coordinates":[[80.234466,13.038972],[80.234472,13.039036]]}},{"type":"Feature","properties":{"id":"R0539","name":null,"highway":"residential","osm_way":189493181,"width_m":6.0,"length_m":35.3,"surface_area":211.7,"catchment_m2":1269.9,"inlet_capacity_lps":7.8,"nearest_drain":"MH-057","from_node":"J2068622246","to_node":"J2001005431"},"geometry":{"type":"LineString","coordinates":[[80.237861,13.038887],[80.237803,13.038575]]}},{"type":"Feature","properties":{"id":"R0540","name":null,"highway":"residential","osm_way":1503280101,"width_m":6.0,"length_m":61.2,"surface_area":367.0,"catchment_m2":2201.7,"inlet_capacity_lps":15.6,"nearest_drain":"MH-058","from_node":"J2068622263","to_node":"J13758010821"},"geometry":{"type":"LineString","coordinates":[[80.239689,13.03834],[80.239777,13.038332],[80.240035,13.038311],[80.240053,13.038294],[80.240062,13.038261],[80.240052,13.038174],[80.240046,13.038108]]}},{"type":"Feature","properties":{"id":"R0541","name":null,"highway":"residential","osm_way":1052594695,"width_m":6.0,"length_m":17.6,"surface_area":105.7,"catchment_m2":634.4,"inlet_capacity_lps":7.8,"nearest_drain":"MH-061","from_node":"J2068622264","to_node":"J2197215537"},"geometry":{"type":"LineString","coordinates":[[80.231566,13.039799],[80.231609,13.039775],[80.231705,13.039715]]}},{"type":"Feature","properties":{"id":"R0542","name":null,"highway":"residential","osm_way":1201836531,"width_m":6.0,"length_m":69.6,"surface_area":417.3,"catchment_m2":2503.9,"inlet_capacity_lps":15.6,"nearest_drain":"MH-008","from_node":"J2168721271","to_node":"J2168721267"},"geometry":{"type":"LineString","coordinates":[[80.235208,13.033716],[80.235224,13.033091]]}},{"type":"Feature","properties":{"id":"R0543","name":null,"highway":"residential","osm_way":1501280307,"width_m":6.0,"length_m":43.3,"surface_area":260.0,"catchment_m2":1559.8,"inlet_capacity_lps":7.8,"nearest_drain":"MH-084","from_node":"J2197215572","to_node":"J13744376716"},"geometry":{"type":"LineString","coordinates":[[80.231975,13.041018],[80.231894,13.041044],[80.231587,13.041108]]}},{"type":"Feature","properties":{"id":"R0544","name":null,"highway":"residential","osm_way":214356673,"width_m":6.0,"length_m":96.5,"surface_area":579.1,"catchment_m2":3474.4,"inlet_capacity_lps":23.4,"nearest_drain":"MH-116","from_node":"J2239156094","to_node":"J2239156098"},"geometry":{"type":"LineString","coordinates":[[80.231721,13.044119],[80.231373,13.04442],[80.231352,13.044457],[80.231428,13.044822]]}},{"type":"Feature","properties":{"id":"R0545","name":null,"highway":"residential","osm_way":214356663,"width_m":6.0,"length_m":23.5,"surface_area":140.9,"catchment_m2":845.6,"inlet_capacity_lps":7.8,"nearest_drain":"MH-128","from_node":"J2239156100","to_node":"J2239156101"},"geometry":{"type":"LineString","coordinates":[[80.231947,13.045532],[80.231907,13.045559],[80.231863,13.045577],[80.231748,13.045613]]}},{"type":"Feature","properties":{"id":"R0546","name":null,"highway":"residential","osm_way":214356663,"width_m":6.0,"length_m":29.7,"surface_area":177.9,"catchment_m2":1067.6,"inlet_capacity_lps":7.8,"nearest_drain":"MH-128","from_node":"J2239156101","to_node":"J11813014775"},"geometry":{"type":"LineString","coordinates":[[80.231748,13.045613],[80.231684,13.045697],[80.231652,13.045719],[80.231607,13.045735],[80.231529,13.045748]]}},{"type":"Feature","properties":{"id":"R0547","name":null,"highway":"residential","osm_way":995106101,"width_m":6.0,"length_m":27.1,"surface_area":162.5,"catchment_m2":974.9,"inlet_capacity_lps":7.8,"nearest_drain":"MH-141","from_node":"J2239156103","to_node":"J9189087206"},"geometry":{"type":"LineString","coordinates":[[80.231933,13.04612],[80.231686,13.046157]]}},{"type":"Feature","properties":{"id":"R0548","name":null,"highway":"residential","osm_way":214599101,"width_m":6.0,"length_m":73.1,"surface_area":438.8,"catchment_m2":2633.0,"inlet_capacity_lps":15.6,"nearest_drain":"MH-098","from_node":"J2241075474","to_node":"J2241075478"},"geometry":{"type":"LineString","coordinates":[[80.237235,13.042576],[80.236912,13.043154]]}},{"type":"Feature","properties":{"id":"R0549","name":null,"highway":"residential","osm_way":27172991,"width_m":6.0,"length_m":52.8,"surface_area":317.1,"catchment_m2":1902.4,"inlet_capacity_lps":15.6,"nearest_drain":"MH-120","from_node":"J2270331760","to_node":"J250364206"},"geometry":{"type":"LineString","coordinates":[[80.237375,13.043514],[80.237273,13.043715],[80.237216,13.04396]]}},{"type":"Feature","properties":{"id":"R0550","name":null,"highway":"residential","osm_way":696298764,"width_m":6.0,"length_m":18.8,"surface_area":112.5,"catchment_m2":675.2,"inlet_capacity_lps":7.8,"nearest_drain":"MH-052","from_node":"J6538726451","to_node":"J6538726444"},"geometry":{"type":"LineString","coordinates":[[80.228568,13.038057],[80.228538,13.038067],[80.228404,13.038109]]}},{"type":"Feature","properties":{"id":"R0551","name":null,"highway":"residential","osm_way":1256758434,"width_m":6.0,"length_m":17.7,"surface_area":106.2,"catchment_m2":637.3,"inlet_capacity_lps":7.8,"nearest_drain":"MH-127","from_node":"J6785638129","to_node":"J11813014794"},"geometry":{"type":"LineString","coordinates":[[80.230096,13.045703],[80.230254,13.045662]]}},{"type":"Feature","properties":{"id":"R0552","name":null,"highway":"residential","osm_way":604135769,"width_m":6.0,"length_m":41.9,"surface_area":251.5,"catchment_m2":1508.9,"inlet_capacity_lps":7.8,"nearest_drain":"MH-072","from_node":"J7104143570","to_node":"J5733272642"},"geometry":{"type":"LineString","coordinates":[[80.230665,13.040872],[80.230663,13.040892],[80.230719,13.041245]]}},{"type":"Feature","properties":{"id":"R0553","name":null,"highway":"residential","osm_way":1207749860,"width_m":6.0,"length_m":52.3,"surface_area":314.0,"catchment_m2":1884.1,"inlet_capacity_lps":15.6,"nearest_drain":"MH-011","from_node":"J9189073708","to_node":"J11190524911"},"geometry":{"type":"LineString","coordinates":[[80.23883,13.033857],[80.238771,13.033946],[80.238565,13.034251]]}},{"type":"Feature","properties":{"id":"R0554","name":null,"highway":"residential","osm_way":1035898647,"width_m":6.0,"length_m":96.6,"surface_area":579.4,"catchment_m2":3476.3,"inlet_capacity_lps":23.4,"nearest_drain":"MH-090","from_node":"J9544181109","to_node":"J11041628596"},"geometry":{"type":"LineString","coordinates":[[80.240629,13.041262],[80.240163,13.041317],[80.240151,13.041317],[80.240139,13.041312],[80.240135,13.041303],[80.240097,13.040927]]}},{"type":"Feature","properties":{"id":"R0555","name":null,"highway":"residential","osm_way":1035898648,"width_m":6.0,"length_m":47.7,"surface_area":286.1,"catchment_m2":1716.6,"inlet_capacity_lps":15.6,"nearest_drain":"MH-089","from_node":"J9544181111","to_node":"J9544181112"},"geometry":{"type":"LineString","coordinates":[[80.238862,13.041015],[80.238914,13.041441]]}},{"type":"Feature","properties":{"id":"R0556","name":null,"highway":"residential","osm_way":1190424705,"width_m":6.0,"length_m":14.9,"surface_area":89.7,"catchment_m2":538.2,"inlet_capacity_lps":7.8,"nearest_drain":"MH-053","from_node":"J10170940784","to_node":"J10170940785"},"geometry":{"type":"LineString","coordinates":[[80.231318,13.038884],[80.231452,13.038849]]}},{"type":"Feature","properties":{"id":"R0557","name":null,"highway":"residential","osm_way":1117023142,"width_m":6.0,"length_m":95.1,"surface_area":570.6,"catchment_m2":3423.9,"inlet_capacity_lps":23.4,"nearest_drain":"MH-140","from_node":"J10216123926","to_node":"J10216123927"},"geometry":{"type":"LineString","coordinates":[[80.230141,13.045977],[80.231011,13.045861]]}},{"type":"Feature","properties":{"id":"R0558","name":null,"highway":"residential","osm_way":1130561959,"width_m":6.0,"length_m":63.9,"surface_area":383.4,"catchment_m2":2300.6,"inlet_capacity_lps":15.6,"nearest_drain":"MH-021","from_node":"J10536378857","to_node":"J10536378859"},"geometry":{"type":"LineString","coordinates":[[80.239887,13.034286],[80.239939,13.034604],[80.239942,13.03462],[80.239947,13.034631],[80.23996,13.034636],[80.239972,13.034636],[80.240174,13.034603]]}},{"type":"Feature","properties":{"id":"R0559","name":null,"highway":"residential","osm_way":1130561960,"width_m":6.0,"length_m":62.8,"surface_area":376.9,"catchment_m2":2261.6,"inlet_capacity_lps":15.6,"nearest_drain":"MH-021","from_node":"J10536378857","to_node":"J10536378859"},"geometry":{"type":"LineString","coordinates":[[80.239887,13.034286],[80.240087,13.034261],[80.240104,13.034263],[80.240114,13.034268],[80.240121,13.034278],[80.240127,13.034297],[80.240174,13.034603]]}},{"type":"Feature","properties":{"id":"R0560","name":null,"highway":"residential","osm_way":1130561959,"width_m":6.0,"length_m":56.1,"surface_area":336.9,"catchment_m2":2021.2,"inlet_capacity_lps":15.6,"nearest_drain":"MH-021","from_node":"J10536378859","to_node":"J10536378856"},"geometry":{"type":"LineString","coordinates":[[80.240174,13.034603],[80.240684,13.034509]]}},{"type":"Feature","properties":{"id":"R0561","name":null,"highway":"residential","osm_way":1131526944,"width_m":6.0,"length_m":68.2,"surface_area":409.3,"catchment_m2":2456.0,"inlet_capacity_lps":15.6,"nearest_drain":"MH-139","from_node":"J10548419783","to_node":"J10548419782"},"geometry":{"type":"LineString","coordinates":[[80.229005,13.045974],[80.229089,13.045994],[80.229265,13.045948],[80.229619,13.045875]]}},{"type":"Feature","properties":{"id":"R0562","name":null,"highway":"residential","osm_way":1131526945,"width_m":6.0,"length_m":69.3,"surface_area":416.0,"catchment_m2":2495.8,"inlet_capacity_lps":15.6,"nearest_drain":"MH-126","from_node":"J10548419786","to_node":"J10548419783"},"geometry":{"type":"LineString","coordinates":[[80.2296,13.045777],[80.229241,13.045863],[80.229056,13.045917],[80.229005,13.045974]]}},{"type":"Feature","properties":{"id":"R0563","name":null,"highway":"residential","osm_way":189500790,"width_m":6.0,"length_m":52.0,"surface_area":311.7,"catchment_m2":1870.3,"inlet_capacity_lps":15.6,"nearest_drain":"MH-079","from_node":"J11041628596","to_node":"J2001025771"},"geometry":{"type":"LineString","coordinates":[[80.240097,13.040927],[80.240571,13.040861]]}},{"type":"Feature","properties":{"id":"R0564","name":null,"highway":"residential","osm_way":1207748058,"width_m":6.0,"length_m":85.4,"surface_area":512.7,"catchment_m2":3076.0,"inlet_capacity_lps":23.4,"nearest_drain":"MH-019","from_node":"J11190507709","to_node":"J11190507710"},"geometry":{"type":"LineString","coordinates":[[80.237966,13.034002],[80.237994,13.03402],[80.238622,13.034429]]}},{"type":"Feature","properties":{"id":"R0565","name":null,"highway":"residential","osm_way":1248723665,"width_m":6.0,"length_m":156.0,"surface_area":936.2,"catchment_m2":5617.4,"inlet_capacity_lps":39.0,"nearest_drain":"MH-134","from_node":"J11606705326","to_node":"J11606705334"},"geometry":{"type":"LineString","coordinates":[[80.238694,13.045249],[80.238754,13.045323],[80.239073,13.045712],[80.239072,13.045727],[80.23907,13.04574],[80.239066,13.045754],[80.238931,13.045802],[80.238917,13.045802],[80.238903,13.0458],[80.238893,13.045791],[80.238676,13.045353],[80.238631,13.045262]]}},{"type":"Feature","properties":{"id":"R0566","name":null,"highway":"residential","osm_way":1248725542,"width_m":6.0,"length_m":39.3,"surface_area":235.9,"catchment_m2":1415.3,"inlet_capacity_lps":7.8,"nearest_drain":"MH-110","from_node":"J11606901608","to_node":"J11606901609"},"geometry":{"type":"LineString","coordinates":[[80.239608,13.04379],[80.239279,13.043639]]}},{"type":"Feature","properties":{"id":"R0567","name":null,"highway":"residential","osm_way":1248725543,"width_m":6.0,"length_m":51.9,"surface_area":311.7,"catchment_m2":1870.0,"inlet_capacity_lps":15.6,"nearest_drain":"MH-110","from_node":"J11606901610","to_node":"J11606901614"},"geometry":{"type":"LineString","coordinates":[[80.239699,13.04362],[80.239473,13.043502],[80.239432,13.0435],[80.239402,13.0435],[80.239257,13.043455]]}},{"type":"Feature","properties":{"id":"R0568","name":null,"highway":"residential","osm_way":1248725544,"width_m":6.0,"length_m":60.8,"surface_area":364.7,"catchment_m2":2188.1,"inlet_capacity_lps":15.6,"nearest_drain":"MH-110","from_node":"J11606901615","to_node":"J11606901616"},"geometry":{"type":"LineString","coordinates":[[80.239761,13.043506],[80.240271,13.043733]]}},{"type":"Feature","properties":{"id":"R0569","name":null,"highway":"residential","osm_way":1248725545,"width_m":6.0,"length_m":58.8,"surface_area":353.1,"catchment_m2":2118.4,"inlet_capacity_lps":15.6,"nearest_drain":"MH-110","from_node":"J11606901617","to_node":"J11606901618"},"geometry":{"type":"LineString","coordinates":[[80.239741,13.043173],[80.240275,13.043275]]}},{"type":"Feature","properties":{"id":"R0570","name":null,"highway":"residential","osm_way":1248725248,"width_m":6.0,"length_m":142.3,"surface_area":853.9,"catchment_m2":5123.6,"inlet_capacity_lps":39.0,"nearest_drain":"MH-147","from_node":"J11606983238","to_node":"J11606983243"},"geometry":{"type":"LineString","coordinates":[[80.239151,13.046356],[80.239127,13.046257],[80.23903,13.045836],[80.239016,13.045817],[80.238847,13.04586],[80.238842,13.045888],[80.238949,13.046306],[80.238973,13.046396]]}},{"type":"Feature","properties":{"id":"R0571","name":null,"highway":"residential","osm_way":1546221706,"width_m":6.0,"length_m":44.9,"surface_area":269.4,"catchment_m2":1616.6,"inlet_capacity_lps":7.8,"nearest_drain":"MH-028","from_node":"J11636197514","to_node":"J14063333609"},"geometry":{"type":"LineString","coordinates":[[80.236011,13.035107],[80.236016,13.035138],[80.236081,13.035505]]}},{"type":"Feature","properties":{"id":"R0572","name":null,"highway":"residential","osm_way":1251841752,"width_m":6.0,"length_m":64.8,"surface_area":389.0,"catchment_m2":2334.3,"inlet_capacity_lps":15.6,"nearest_drain":"MH-030","from_node":"J11636197518","to_node":"J11636197517"},"geometry":{"type":"LineString","coordinates":[[80.237201,13.035207],[80.237229,13.035223],[80.237711,13.035513]]}},{"type":"Feature","properties":{"id":"R0573","name":null,"highway":"residential","osm_way":1256758433,"width_m":6.0,"length_m":31.1,"surface_area":186.8,"catchment_m2":1120.8,"inlet_capacity_lps":7.8,"nearest_drain":"MH-127","from_node":"J11683495686","to_node":"J11683495685"},"geometry":{"type":"LineString","coordinates":[[80.230939,13.044937],[80.230995,13.045211]]}},{"type":"Feature","properties":{"id":"R0574","name":null,"highway":"residential","osm_way":1269011901,"width_m":6.0,"length_m":45.6,"surface_area":273.6,"catchment_m2":1641.9,"inlet_capacity_lps":15.6,"nearest_drain":"MH-006","from_node":"J11786597962","to_node":"J11786597963"},"geometry":{"type":"LineString","coordinates":[[80.233371,13.033717],[80.233379,13.033645],[80.233414,13.033309]]}},{"type":"Feature","properties":{"id":"R0575","name":null,"highway":"residential","osm_way":1269027954,"width_m":6.0,"length_m":128.1,"surface_area":768.8,"catchment_m2":4612.9,"inlet_capacity_lps":31.2,"nearest_drain":"MH-032","from_node":"J11786773605","to_node":"J11786773612"},"geometry":{"type":"LineString","coordinates":[[80.239953,13.035248],[80.239962,13.035325],[80.240009,13.035739],[80.240017,13.035756],[80.240033,13.035765],[80.240124,13.03575],[80.24014,13.035738],[80.240143,13.035717],[80.240097,13.035316],[80.240087,13.035229]]}},{"type":"Feature","properties":{"id":"R0576","name":null,"highway":"residential","osm_way":1269034622,"width_m":6.0,"length_m":116.9,"surface_area":701.3,"catchment_m2":4207.7,"inlet_capacity_lps":31.2,"nearest_drain":"MH-033","from_node":"J11786778650","to_node":"J11786778649"},"geometry":{"type":"LineString","coordinates":[[80.240997,13.035017],[80.240945,13.034674],[80.240933,13.034649],[80.240913,13.034642],[80.240734,13.034664],[80.240716,13.034673],[80.240709,13.0347],[80.240769,13.035056],[80.24078,13.035127]]}},{"type":"Feature","properties":{"id":"R0577","name":null,"highway":"residential","osm_way":1269038258,"width_m":6.0,"length_m":152.2,"surface_area":913.3,"catchment_m2":5479.9,"inlet_capacity_lps":39.0,"nearest_drain":"MH-033","from_node":"J11786838068","to_node":"J11786860375"},"geometry":{"type":"LineString","coordinates":[[80.240742,13.035132],[80.240731,13.035068],[80.240652,13.034567],[80.240642,13.034548],[80.24062,13.034543],[80.240473,13.034567],[80.240458,13.03458],[80.240455,13.034606],[80.240535,13.035095],[80.240546,13.035161]]}},{"type":"Feature","properties":{"id":"R0578","name":null,"highway":"residential","osm_way":214356663,"width_m":6.0,"length_m":13.9,"surface_area":83.5,"catchment_m2":500.9,"inlet_capacity_lps":7.8,"nearest_drain":"MH-128","from_node":"J11813014775","to_node":"J11813014776"},"geometry":{"type":"LineString","coordinates":[[80.231529,13.045748],[80.231505,13.045751],[80.231471,13.045756],[80.231461,13.045757],[80.231448,13.045765],[80.231444,13.04578],[80.231448,13.045808]]}},{"type":"Feature","properties":{"id":"R0579","name":null,"highway":"residential","osm_way":1256758434,"width_m":6.0,"length_m":96.5,"surface_area":578.8,"catchment_m2":3472.6,"inlet_capacity_lps":23.4,"nearest_drain":"MH-128","from_node":"J11813014788","to_node":"J11683495687"},"geometry":{"type":"LineString","coordinates":[[80.230462,13.045679],[80.230752,13.045642],[80.230778,13.045643],[80.230784,13.045645],[80.230798,13.045653],[80.230808,13.045654],[80.230822,13.045649],[80.230849,13.045636],[80.230877,13.045603],[80.230915,13.045555],[80.230947,13.045514],[80.230999,13.04549],[80.231047,13.045478],[80.231149,13.045465],[80.231273,13.045448]]}},{"type":"Feature","properties":{"id":"R0580","name":null,"highway":"residential","osm_way":1256758434,"width_m":6.0,"length_m":24.2,"surface_area":145.4,"catchment_m2":872.6,"inlet_capacity_lps":7.8,"nearest_drain":"MH-127","from_node":"J11813014794","to_node":"J11813014788"},"geometry":{"type":"LineString","coordinates":[[80.230254,13.045662],[80.230318,13.045648],[80.230353,13.045645],[80.230363,13.045648],[80.230369,13.045659],[80.230373,13.045665],[80.230382,13.045671],[80.230396,13.045672],[80.230437,13.045682],[80.230462,13.045679]]}},{"type":"Feature","properties":{"id":"R0581","name":null,"highway":"residential","osm_way":189493181,"width_m":6.0,"length_m":51.9,"surface_area":311.2,"catchment_m2":1867.4,"inlet_capacity_lps":15.6,"nearest_drain":"MH-057","from_node":"J11815824213","to_node":"J2068622246"},"geometry":{"type":"LineString","coordinates":[[80.237921,13.03935],[80.237861,13.038887]]}},{"type":"Feature","properties":{"id":"R0582","name":null,"highway":"residential","osm_way":1274761188,"width_m":6.0,"length_m":151.6,"surface_area":909.4,"catchment_m2":5456.6,"inlet_capacity_lps":39.0,"nearest_drain":"MH-029","from_node":"J11836408275","to_node":"J11836377268"},"geometry":{"type":"LineString","coordinates":[[80.237177,13.035247],[80.237208,13.035265],[80.237668,13.035536],[80.237674,13.035568],[80.237669,13.035593],[80.237593,13.035716],[80.237559,13.03572],[80.237519,13.035707],[80.237086,13.035449],[80.237056,13.035431]]}},{"type":"Feature","properties":{"id":"R0583","name":null,"highway":"residential","osm_way":1274767264,"width_m":6.0,"length_m":11.7,"surface_area":70.2,"catchment_m2":421.2,"inlet_capacity_lps":7.8,"nearest_drain":"MH-031","from_node":"J11836481066","to_node":"J11836493875"},"geometry":{"type":"LineString","coordinates":[[80.238511,13.035035],[80.238481,13.035079],[80.238452,13.035123]]}},{"type":"Feature","properties":{"id":"R0584","name":null,"highway":"residential","osm_way":1274767264,"width_m":6.0,"length_m":47.3,"surface_area":283.8,"catchment_m2":1702.7,"inlet_capacity_lps":15.6,"nearest_drain":"MH-031","from_node":"J11836493875","to_node":"J11836493877"},"geometry":{"type":"LineString","coordinates":[[80.238452,13.035123],[80.238468,13.035135],[80.23842,13.035216],[80.238366,13.035305],[80.238271,13.035464],[80.238256,13.035484]]}},{"type":"Feature","properties":{"id":"R0585","name":null,"highway":"residential","osm_way":1274767264,"width_m":6.0,"length_m":71.3,"surface_area":428.0,"catchment_m2":2568.2,"inlet_capacity_lps":15.6,"nearest_drain":"MH-031","from_node":"J11836493877","to_node":"J11836493875"},"geometry":{"type":"LineString","coordinates":[[80.238256,13.035484],[80.238239,13.035488],[80.238148,13.035439],[80.238146,13.035421],[80.23834,13.035084],[80.238361,13.035081],[80.238452,13.035123]]}},{"type":"Feature","properties":{"id":"R0586","name":null,"highway":"residential","osm_way":995106102,"width_m":6.0,"length_m":42.9,"surface_area":257.2,"catchment_m2":1543.3,"inlet_capacity_lps":7.8,"nearest_drain":"MH-104","from_node":"J12019984538","to_node":"J9189087207"},"geometry":{"type":"LineString","coordinates":[[80.230041,13.043344],[80.230095,13.043653],[80.230107,13.043724]]}},{"type":"Feature","properties":{"id":"R0587","name":null,"highway":"residential","osm_way":1319814264,"width_m":6.0,"length_m":88.1,"surface_area":528.5,"catchment_m2":3170.7,"inlet_capacity_lps":23.4,"nearest_drain":"MH-033","from_node":"J12213569317","to_node":"J12213569321"},"geometry":{"type":"LineString","coordinates":[[80.240317,13.035195],[80.240349,13.035513],[80.24048,13.035498],[80.240513,13.035472],[80.240476,13.035171]]}},{"type":"Feature","properties":{"id":"R0588","name":null,"highway":"residential","osm_way":1319814265,"width_m":6.0,"length_m":162.3,"surface_area":973.9,"catchment_m2":5843.6,"inlet_capacity_lps":39.0,"nearest_drain":"MH-033","from_node":"J12213569322","to_node":"J12213569337"},"geometry":{"type":"LineString","coordinates":[[80.240497,13.035168],[80.240528,13.035496],[80.240541,13.035618],[80.240557,13.035687],[80.240621,13.035692],[80.240754,13.035681],[80.240861,13.03566],[80.240925,13.03561],[80.240943,13.035524],[80.240957,13.035491],[80.240978,13.035464],[80.240965,13.035348],[80.240955,13.035302],[80.240899,13.035267],[80.240847,13.035219],[80.240819,13.035121]]}},{"type":"Feature","properties":{"id":"R0589","name":null,"highway":"residential","osm_way":1442951267,"width_m":6.0,"length_m":47.4,"surface_area":284.2,"catchment_m2":1705.0,"inlet_capacity_lps":15.6,"nearest_drain":"MH-054","from_node":"J13240138282","to_node":"J13240138283"},"geometry":{"type":"LineString","coordinates":[[80.233658,13.039283],[80.233597,13.038861]]}},{"type":"Feature","properties":{"id":"R0590","name":null,"highway":"residential","osm_way":1130561959,"width_m":6.0,"length_m":23.8,"surface_area":143.0,"catchment_m2":858.1,"inlet_capacity_lps":7.8,"nearest_drain":"MH-021","from_node":"J13291559773","to_node":"J10536378857"},"geometry":{"type":"LineString","coordinates":[[80.239847,13.034076],[80.239887,13.034286]]}},{"type":"Feature","properties":{"id":"R0591","name":null,"highway":"residential","osm_way":1450186994,"width_m":6.0,"length_m":10.9,"surface_area":65.2,"catchment_m2":391.1,"inlet_capacity_lps":7.8,"nearest_drain":"MH-096","from_node":"J13310440483","to_node":"J13310440487"},"geometry":{"type":"LineString","coordinates":[[80.235557,13.042471],[80.235573,13.042424],[80.235589,13.042378]]}},{"type":"Feature","properties":{"id":"R0592","name":null,"highway":"residential","osm_way":1500210014,"width_m":6.0,"length_m":65.3,"surface_area":391.9,"catchment_m2":2351.4,"inlet_capacity_lps":15.6,"nearest_drain":"MH-122","from_node":"J13737209085","to_node":"J13737209086"},"geometry":{"type":"LineString","coordinates":[[80.239524,13.043938],[80.239561,13.043959],[80.240046,13.044232]]}},{"type":"Feature","properties":{"id":"R0593","name":null,"highway":"residential","osm_way":1529623267,"width_m":6.0,"length_m":7.0,"surface_area":42.1,"catchment_m2":252.9,"inlet_capacity_lps":7.8,"nearest_drain":"MH-129","from_node":"J13942085600","to_node":"J2197415682"},"geometry":{"type":"LineString","coordinates":[[80.232664,13.045662],[80.232728,13.04565]]}},{"type":"Feature","properties":{"id":"R0594","name":null,"highway":"residential","osm_way":1546221705,"width_m":6.0,"length_m":65.4,"surface_area":392.4,"catchment_m2":2354.1,"inlet_capacity_lps":15.6,"nearest_drain":"MH-028","from_node":"J14063333602","to_node":"J14063333607"},"geometry":{"type":"LineString","coordinates":[[80.236239,13.035077],[80.236242,13.035097],[80.236299,13.035463],[80.236295,13.035481],[80.236287,13.035495],[80.236275,13.035504],[80.236127,13.035537]]}},{"type":"Feature","properties":{"id":"R0595","name":"3rd Lane","highway":"living_street","osm_way":27189928,"width_m":4.0,"length_m":83.0,"surface_area":332.1,"catchment_m2":2324.7,"inlet_capacity_lps":23.4,"nearest_drain":"MH-092","from_node":"J298358002","to_node":"J298358003"},"geometry":{"type":"LineString","coordinates":[[80.227442,13.043083],[80.227191,13.042378]]}},{"type":"Feature","properties":{"id":"R0596","name":"Postal Colony","highway":"living_street","osm_way":23163930,"width_m":4.0,"length_m":108.3,"surface_area":433.2,"catchment_m2":3032.2,"inlet_capacity_lps":31.2,"nearest_drain":"MH-025","from_node":"J250363780","to_node":"J250363824"},"geometry":{"type":"LineString","coordinates":[[80.229694,13.035654],[80.229444,13.035709],[80.229247,13.035785],[80.228722,13.035865]]}},{"type":"Feature","properties":{"id":"R0597","name":"Thukkaram 1st Street","highway":"living_street","osm_way":23163927,"width_m":4.0,"length_m":171.8,"surface_area":687.2,"catchment_m2":4810.3,"inlet_capacity_lps":46.8,"nearest_drain":"MH-023","from_node":"J250363751","to_node":"J250363753"},"geometry":{"type":"LineString","coordinates":[[80.228046,13.036803],[80.227896,13.036186],[80.227766,13.035639],[80.22768,13.0353]]}},{"type":"Feature","properties":{"id":"R0598","name":"Thukkaram 2nd Street","highway":"living_street","osm_way":23163928,"width_m":4.0,"length_m":158.9,"surface_area":635.8,"catchment_m2":4450.5,"inlet_capacity_lps":39.0,"nearest_drain":"MH-024","from_node":"J250363755","to_node":"J298358057"},"geometry":{"type":"LineString","coordinates":[[80.228283,13.036699],[80.228221,13.036381],[80.22817,13.036021],[80.228088,13.035664],[80.228018,13.035294]]}},{"type":"Feature","properties":{"id":"R0599","name":"Thukkaram 3rd Street","highway":"living_street","osm_way":27189938,"width_m":4.0,"length_m":149.4,"surface_area":597.6,"catchment_m2":4183.5,"inlet_capacity_lps":39.0,"nearest_drain":"MH-024","from_node":"J6975371385","to_node":"J250363890"},"geometry":{"type":"LineString","coordinates":[[80.228286,13.03531],[80.228324,13.035477],[80.228438,13.036019],[80.228507,13.036634]]}},{"type":"Feature","properties":{"id":"R0600","name":null,"highway":"living_street","osm_way":1247128568,"width_m":4.0,"length_m":15.8,"surface_area":63.3,"catchment_m2":442.8,"inlet_capacity_lps":7.8,"nearest_drain":"MH-101","from_node":"J298358002","to_node":"J11594087064"},"geometry":{"type":"LineString","coordinates":[[80.227442,13.043083],[80.22758,13.043037]]}},{"type":"Feature","properties":{"id":"R0601","name":null,"highway":"living_street","osm_way":27200533,"width_m":4.0,"length_m":71.6,"surface_area":286.3,"catchment_m2":2004.1,"inlet_capacity_lps":15.6,"nearest_drain":"MH-093","from_node":"J298358004","to_node":"J298490442"},"geometry":{"type":"LineString","coordinates":[[80.228272,13.042697],[80.228198,13.042448],[80.228061,13.042087]]}},{"type":"Feature","properties":{"id":"R0602","name":null,"highway":"living_street","osm_way":27189940,"width_m":4.0,"length_m":108.3,"surface_area":433.0,"catchment_m2":3031.3,"inlet_capacity_lps":31.2,"nearest_drain":"MH-014","from_node":"J298358060","to_node":"J250363698"},"geometry":{"type":"LineString","coordinates":[[80.227886,13.035169],[80.227583,13.034284],[80.227597,13.034246]]}},{"type":"Feature","properties":{"id":"R0603","name":null,"highway":"living_street","osm_way":1272131512,"width_m":4.0,"length_m":38.5,"surface_area":154.1,"catchment_m2":1078.7,"inlet_capacity_lps":7.8,"nearest_drain":"MH-128","from_node":"J11813014775","to_node":"J2239156101"},"geometry":{"type":"LineString","coordinates":[[80.231529,13.045748],[80.231521,13.045686],[80.231518,13.04565],[80.231521,13.04564],[80.231527,13.045631],[80.231553,13.045616],[80.231678,13.045592],[80.231716,13.045595],[80.231748,13.045613]]}},{"type":"Feature","properties":{"id":"R0604","name":null,"highway":"living_street","osm_way":1272131513,"width_m":4.0,"length_m":14.3,"surface_area":57.0,"catchment_m2":399.1,"inlet_capacity_lps":7.8,"nearest_drain":"MH-127","from_node":"J11813014789","to_node":"J11813014788"},"geometry":{"type":"LineString","coordinates":[[80.230429,13.045554],[80.230462,13.045679]]}},{"type":"Feature","properties":{"id":"R0605","name":null,"highway":"living_street","osm_way":1272131514,"width_m":4.0,"length_m":13.0,"surface_area":52.1,"catchment_m2":364.9,"inlet_capacity_lps":7.8,"nearest_drain":"MH-127","from_node":"J11813014789","to_node":"J11813014790"},"geometry":{"type":"LineString","coordinates":[[80.230429,13.045554],[80.230547,13.04553]]}},{"type":"Feature","properties":{"id":"R0606","name":null,"highway":"living_street","osm_way":1272131514,"width_m":4.0,"length_m":23.6,"surface_area":94.5,"catchment_m2":661.8,"inlet_capacity_lps":7.8,"nearest_drain":"MH-127","from_node":"J11813014794","to_node":"J11813014789"},"geometry":{"type":"LineString","coordinates":[[80.230254,13.045662],[80.230295,13.045614],[80.230315,13.045593],[80.230342,13.045573],[80.230369,13.045561],[80.230407,13.045556],[80.230429,13.045554]]}}]}